PT1 Voltage,PT1 Pressure,PT1 Coefficient 0,PT1 Coefficient 1,PT1 Coefficient 2,PT1 Coefficient 3,PT2 Voltage,PT2 Pressure,PT2 Coefficient 0,PT2 Coefficient 1,PT2 Coefficient 2,PT2 Coefficient 3,PT3 Voltage,PT3 Pressure,PT3 Coefficient 0,PT3 Coefficient 1,PT3 Coefficient 2,PT3 Coefficient 3,PT4 Voltage,PT4 Pressure,PT4 Coefficient 0,PT4 Coefficient 1,PT4 Coefficient 2,PT4 Coefficient 3
0.3622688099035621,0.0,-4.1982822306945743e-10,7.609545796557021e-11,1.1034196036721628e-10,7.000006155329146e-11,1.3429320671701435,0.0,-8.25359543895785e-12,5.542962776368604e-12,2.9780436751600105e-11,7.000000415953105e-11,0.37300458189129837,0.0,-3.848512385520761e-10,7.180821797269662e-11,1.0718837759452863e-10,7.000002908410475e-11,0.3895279315808416,0.0,-3.381460315771593e-10,6.587428235092508e-11,1.0266398352114e-10,7.00000079092681e-11
