time_utc,station,altim_pa,t_station_c,dewp_c,p_pad_pa,t_pad_k,rho_pad
2025-07-01 00:55,KEDW,101016.0,34.9,-10.4,93696.2,308.52,1.05798
2025-07-01 01:55,KEDW,101016.0,33.3,-7.2,93696.2,306.92,1.06350
2025-07-01 02:55,KEDW,101016.0,30.4,-2.2,93696.2,304.02,1.07364
2025-07-01 03:55,KEDW,101049.8,27.4,1.0,93727.6,301.02,1.08471
2025-07-01 04:55,KEDW,101083.7,26.0,-1.0,93759.0,299.62,1.09014
2025-07-01 05:55,KEDW,101117.6,24.0,-2.6,93790.4,297.62,1.09784
2025-07-01 06:55,KEDW,101117.6,23.6,-3.7,93790.4,297.22,1.09931
2025-07-01 07:55,KEDW,101117.6,22.0,-3.4,93790.4,295.62,1.10526
2025-07-01 08:55,KEDW,101083.7,18.9,-3.9,93759.0,292.52,1.11660
2025-07-01 09:55,KEDW,101083.7,19.6,-3.3,93759.0,293.22,1.11394
2025-07-01 10:55,KEDW,101117.6,20.7,-1.8,93790.4,294.32,1.11014
2025-07-01 11:55,KEDW,101117.6,19.9,-1.9,93790.4,293.52,1.11317
2025-07-01 12:55,KEDW,101151.4,17.6,-2.7,93821.8,291.22,1.12234
2025-07-01 13:55,KEDW,101219.2,20.5,-3.2,93884.6,294.12,1.11202
2025-07-01 14:55,KEDW,101253.0,24.1,-0.3,93916.0,297.72,1.09894
2025-07-01 15:55,KEDW,101253.0,27.1,0.7,93916.0,300.72,1.08797
2025-07-01 16:55,KEDW,101219.2,30.4,0.8,93884.6,304.02,1.07580
2025-07-01 17:55,KEDW,101219.2,32.2,-2.0,93884.6,305.82,1.06947
2025-07-01 18:55,KEDW,101151.4,33.7,-11.2,93821.8,307.32,1.06354
2025-07-01 19:55,KEDW,101117.6,36.1,-9.5,93790.4,309.72,1.05495
2025-07-01 20:55,KEDW,101083.7,35.9,-9.7,93759.0,309.52,1.05527
2025-07-01 21:55,KEDW,100948.3,37.0,-15.3,93633.4,310.62,1.05013
2025-07-01 22:55,KEDW,100914.4,37.4,-11.4,93601.9,311.02,1.04842
2025-07-01 23:55,KEDW,100880.5,36.5,-12.1,93570.5,310.12,1.05111
2025-07-02 00:55,KEDW,100846.7,36.3,-20.5,93539.1,309.92,1.05144
2025-07-02 01:55,KEDW,100812.8,34.0,-4.9,93507.7,307.62,1.05895
2025-07-02 02:55,KEDW,100880.5,30.5,-3.3,93570.5,304.12,1.07185
2025-07-02 03:55,KEDW,100880.5,27.8,-4.2,93570.5,301.42,1.08145
2025-07-02 04:55,KEDW,100948.3,26.3,-5.4,93633.4,299.92,1.08759
2025-07-02 05:55,KEDW,100948.3,24.7,-5.6,93633.4,298.32,1.09343
2025-07-02 06:55,KEDW,100982.1,23.2,-4.0,93664.8,296.82,1.09932
2025-07-02 07:55,KEDW,100982.1,22.6,-5.4,93664.8,296.22,1.10155
2025-07-02 08:55,KEDW,100948.3,22.1,0.6,93633.4,295.72,1.10304
2025-07-02 09:55,KEDW,100948.3,21.2,1.4,93633.4,294.82,1.10641
2025-07-02 10:55,KEDW,100948.3,20.4,2.7,93633.4,294.02,1.10942
2025-07-02 11:55,KEDW,100982.1,20.3,3.1,93664.8,293.92,1.11017
2025-07-02 12:55,KEDW,101016.0,19.5,2.8,93696.2,293.12,1.11357
2025-07-02 13:55,KEDW,101049.8,20.0,2.3,93727.6,293.62,1.11205
2025-07-02 14:55,KEDW,101083.7,24.2,3.5,93759.0,297.82,1.09673
2025-07-02 15:55,KEDW,101117.6,28.3,3.9,93790.4,301.92,1.08220
2025-07-02 16:55,KEDW,101117.6,30.7,2.8,93790.4,304.32,1.07366
2025-07-02 17:55,KEDW,101117.6,31.9,1.1,93790.4,305.52,1.06945
2025-07-02 18:55,KEDW,101083.7,33.6,-3.7,93759.0,307.22,1.06317
2025-07-02 19:55,KEDW,101016.0,35.2,-5.8,93696.2,308.82,1.05696
2025-07-02 20:55,KEDW,100948.3,35.9,-7.3,93633.4,309.52,1.05386
2025-07-02 22:55,KEDW,100812.8,36.7,-6.8,93507.7,310.32,1.04973
2025-07-02 23:55,KEDW,100745.1,37.4,-8.6,93444.9,311.02,1.04667
2025-07-03 00:38,KEDW,100711.2,36.8,-9.0,93413.5,310.42,1.04834
2025-07-03 01:55,KEDW,100778.9,34.8,-6.1,93476.3,308.42,1.05584
2025-07-03 02:55,KEDW,100846.7,32.7,-9.6,93539.1,306.32,1.06380
2025-07-03 03:55,KEDW,100914.4,30.8,-9.0,93601.9,304.42,1.07116
2025-07-03 04:55,KEDW,100948.3,27.2,1.6,93633.4,300.82,1.08434
2025-07-03 05:55,KEDW,101016.0,25.1,3.1,93696.2,298.72,1.09269
2025-07-03 06:55,KEDW,101016.0,23.9,4.3,93696.2,297.52,1.09710
2025-07-03 07:55,KEDW,101049.8,21.8,5.6,93727.6,295.42,1.10527
2025-07-03 08:55,KEDW,101049.8,21.2,5.9,93727.6,294.82,1.10752
2025-07-03 09:55,KEDW,101049.8,20.4,6.0,93727.6,294.02,1.11053
2025-07-03 11:55,KEDW,101083.7,19.5,4.8,93759.0,293.12,1.11432
2025-07-03 12:55,KEDW,101117.6,19.4,4.3,93790.4,293.02,1.11507
2025-07-03 13:55,KEDW,101219.2,21.9,3.5,93884.6,295.52,1.10675
2025-07-03 14:55,KEDW,101253.0,23.3,2.7,93916.0,296.92,1.10190
2025-07-03 15:55,KEDW,101286.9,25.2,2.6,93947.5,298.82,1.09526
2025-07-03 16:55,KEDW,101253.0,29.1,2.3,93916.0,302.72,1.08079
2025-07-03 17:55,KEDW,101253.0,31.9,2.0,93916.0,305.52,1.07088
2025-07-03 18:55,KEDW,101219.2,33.4,1.2,93884.6,307.02,1.06529
2025-07-03 19:55,KEDW,101151.4,35.4,1.6,93821.8,309.02,1.05769
2025-07-03 20:55,KEDW,101083.7,36.4,-0.1,93759.0,310.02,1.05357
2025-07-03 21:55,KEDW,101049.8,37.5,-2.4,93727.6,311.12,1.04949
2025-07-03 22:55,KEDW,100982.1,37.4,-2.4,93664.8,311.02,1.04913
2025-07-03 23:55,KEDW,100948.3,36.7,2.6,93633.4,310.32,1.05114
2025-07-04 00:55,KEDW,100982.1,35.2,1.5,93664.8,308.82,1.05660
2025-07-04 01:55,KEDW,101049.8,32.3,-0.8,93727.6,305.92,1.06733
2025-07-04 02:55,KEDW,101083.7,30.4,-1.1,93759.0,304.02,1.07436
2025-07-04 03:55,KEDW,101151.4,28.4,5.3,93821.8,302.02,1.08220
2025-07-04 04:55,KEDW,101253.0,27.4,7.3,93916.0,301.02,1.08689
2025-07-04 05:55,KEDW,101286.9,25.9,7.0,93947.5,299.52,1.09270
2025-07-04 06:55,KEDW,101320.8,25.3,4.4,93978.9,298.92,1.09526
2025-07-04 07:55,KEDW,101320.8,24.7,3.3,93978.9,298.32,1.09746
2025-07-04 08:55,KEDW,101320.8,23.6,1.8,93978.9,297.22,1.10152
2025-07-04 09:55,KEDW,101320.8,22.2,4.3,93978.9,295.82,1.10673
2025-07-04 10:55,KEDW,101354.6,21.2,7.8,94010.3,294.82,1.11086
2025-07-04 11:55,KEDW,101388.5,20.2,8.5,94041.7,293.82,1.11501
2025-07-04 12:55,KEDW,101422.4,19.2,8.5,94073.1,292.82,1.11919
2025-07-04 13:55,KEDW,101523.9,20.4,8.7,94167.3,294.02,1.11574
2025-07-04 14:55,KEDW,101557.8,23.7,6.5,94198.7,297.32,1.10373
2025-07-04 15:55,KEDW,101591.7,26.8,2.6,94230.1,300.42,1.09270
2025-07-04 16:55,KEDW,101591.7,29.6,-0.7,94230.1,303.22,1.08261
2025-07-04 17:55,KEDW,101557.8,31.8,-1.1,94198.7,305.42,1.07446
2025-07-04 18:55,KEDW,101523.9,33.1,-4.0,94167.3,306.72,1.06954
2025-07-04 19:55,KEDW,101523.9,34.3,-4.7,94167.3,307.92,1.06538
2025-07-04 20:55,KEDW,101490.1,34.8,-10.4,94135.9,308.42,1.06329
2025-07-04 21:55,KEDW,101523.9,35.1,-13.0,94167.3,308.72,1.06262
2025-07-04 22:55,KEDW,101490.1,34.4,-6.4,94135.9,308.02,1.06468
2025-07-04 23:55,KEDW,101490.1,34.2,-3.2,94135.9,307.82,1.06537
2025-07-05 00:55,KEDW,101456.2,33.0,2.9,94104.5,306.62,1.06918
2025-07-05 01:55,KEDW,101490.1,31.4,2.5,94135.9,305.02,1.07515
2025-07-05 02:55,KEDW,101523.9,29.1,3.8,94167.3,302.72,1.08368
2025-07-05 03:55,KEDW,101625.5,26.7,6.1,94261.6,300.32,1.09343
2025-07-05 04:55,KEDW,101693.3,24.5,8.4,94324.4,298.12,1.10223
2025-07-05 05:55,KEDW,101727.1,23.2,6.0,94355.8,296.82,1.10743
2025-07-05 06:55,KEDW,101727.1,21.9,6.1,94355.8,295.52,1.11230
2025-07-05 07:55,KEDW,101693.3,21.8,6.8,94324.4,295.42,1.11231
2025-07-05 08:55,KEDW,101693.3,20.6,5.8,94324.4,294.22,1.11684
2025-07-05 09:55,KEDW,101659.4,19.5,5.2,94293.0,293.12,1.12066
2025-07-05 10:55,KEDW,101659.4,18.8,3.8,94293.0,292.42,1.12334
2025-07-05 11:55,KEDW,101693.3,18.1,3.9,94324.4,291.72,1.12642
2025-07-05 12:55,KEDW,101727.1,17.8,4.0,94355.8,291.42,1.12795
2025-07-05 13:55,KEDW,101794.9,18.2,4.0,94418.6,291.82,1.12715
2025-07-05 14:55,KEDW,101828.7,21.8,3.9,94450.0,295.42,1.11379
2025-07-05 15:55,KEDW,101828.7,25.3,3.3,94450.0,298.92,1.10075
2025-07-05 16:55,KEDW,101828.7,29.3,-2.0,94450.0,302.92,1.08621
2025-07-05 17:55,KEDW,101828.7,31.4,-15.5,94450.0,305.02,1.07873
2025-07-05 18:55,KEDW,101761.0,32.7,-18.1,94387.2,306.32,1.07344
2025-07-05 19:55,KEDW,101727.1,34.0,-22.0,94355.8,307.62,1.06855
2025-07-05 20:55,KEDW,101659.4,34.6,-21.6,94293.0,308.22,1.06576
2025-07-05 21:55,KEDW,101591.7,35.4,-21.1,94230.1,309.02,1.06229
2025-07-05 22:55,KEDW,101523.9,35.7,-20.9,94167.3,309.32,1.06055
2025-07-05 23:55,KEDW,101490.1,35.5,-28.7,94135.9,309.12,1.06089
2025-07-06 00:55,KEDW,101456.2,34.3,-10.8,94104.5,307.92,1.06467
2025-07-06 01:55,KEDW,101490.1,32.3,-9.9,94135.9,305.92,1.07198
2025-07-06 02:55,KEDW,101490.1,29.6,-14.1,94135.9,303.22,1.08153
2025-07-06 03:55,KEDW,101523.9,26.7,1.1,94167.3,300.32,1.09234
2025-07-06 04:55,KEDW,101591.7,25.1,5.3,94230.1,298.72,1.09892
2025-07-06 05:55,KEDW,101557.8,25.0,4.1,94198.7,298.62,1.09892
2025-07-06 06:55,KEDW,101591.7,24.4,3.6,94230.1,298.02,1.10150
2025-07-06 07:55,KEDW,101591.7,22.0,3.6,94230.1,295.62,1.11044
2025-07-06 08:55,KEDW,101523.9,20.5,2.8,94167.3,294.12,1.11536
2025-07-06 09:55,KEDW,101490.1,18.3,-0.5,94135.9,291.92,1.12339
2025-07-06 10:55,KEDW,101490.1,18.5,0.1,94135.9,292.12,1.12263
2025-07-06 11:55,KEDW,101490.1,17.8,1.7,94135.9,291.42,1.12532
2025-07-06 12:55,KEDW,101523.9,16.2,1.5,94167.3,289.82,1.13191
2025-07-06 13:55,KEDW,101557.8,17.6,1.1,94198.7,291.22,1.12685
2025-07-06 14:55,KEDW,101591.7,22.1,1.1,94230.1,295.72,1.11007
2025-07-06 15:55,KEDW,101591.7,25.8,0.4,94230.1,299.42,1.09635
2025-07-06 16:55,KEDW,101557.8,28.9,-0.3,94198.7,302.52,1.08476
2025-07-06 17:55,KEDW,101523.9,31.1,-13.0,94167.3,304.72,1.07656
2025-07-06 18:55,KEDW,101456.2,32.0,-23.2,94104.5,305.62,1.07268
2025-07-06 19:55,KEDW,101388.5,33.6,-17.5,94041.7,307.22,1.06638
2025-07-06 20:55,KEDW,101354.6,35.0,-29.0,94010.3,308.62,1.06119
2025-07-06 21:55,KEDW,101253.0,36.2,-20.6,93916.0,309.82,1.05602
2025-07-06 22:55,KEDW,101185.3,37.6,-27.5,93853.2,311.22,1.05056
2025-07-06 23:55,KEDW,101117.6,37.5,-19.7,93790.4,311.12,1.05020
2025-07-07 00:55,KEDW,101117.6,36.1,-15.8,93790.4,309.72,1.05495
2025-07-07 01:55,KEDW,101117.6,33.7,-29.8,93790.4,307.32,1.06318
2025-07-07 02:55,KEDW,101151.4,30.6,-19.5,93821.8,304.22,1.07438
2025-07-07 03:55,KEDW,101185.3,27.4,-8.3,93853.2,301.02,1.08616
2025-07-07 04:55,KEDW,101219.2,27.5,-9.7,93884.6,301.12,1.08616
2025-07-07 05:55,KEDW,101253.0,28.3,-17.7,93916.0,301.92,1.08365
2025-07-07 06:55,KEDW,101320.8,21.8,-11.2,93978.9,295.42,1.10823
2025-07-07 07:55,KEDW,101286.9,21.1,-14.5,93947.5,294.72,1.11049
2025-07-07 08:55,KEDW,101286.9,20.7,-7.8,93947.5,294.32,1.11200
2025-07-07 09:55,KEDW,101286.9,20.3,-5.6,93947.5,293.92,1.11352
2025-07-07 10:55,KEDW,101286.9,17.2,-6.0,93947.5,290.82,1.12539
2025-07-07 11:55,KEDW,101320.8,15.6,-6.7,93978.9,289.22,1.13199
2025-07-07 12:55,KEDW,101354.6,14.6,-5.8,94010.3,288.22,1.13630
2025-07-07 13:55,KEDW,101388.5,19.4,-5.5,94041.7,293.02,1.11806
2025-07-07 14:55,KEDW,101456.2,22.6,-6.3,94104.5,296.22,1.10672
2025-07-07 15:55,KEDW,101490.1,25.8,-11.0,94135.9,299.42,1.09526
2025-07-07 16:55,KEDW,101490.1,29.2,-12.1,94135.9,302.82,1.08296
2025-07-07 17:55,KEDW,101490.1,31.4,-15.5,94135.9,305.02,1.07515
2025-07-07 18:55,KEDW,101456.2,33.2,-17.8,94104.5,306.82,1.06848
2025-07-07 19:55,KEDW,101422.4,35.2,-28.9,94073.1,308.82,1.06121
2025-07-07 20:55,KEDW,101388.5,36.5,-28.1,94041.7,310.12,1.05641
2025-07-07 21:55,KEDW,101320.8,37.7,-27.4,93978.9,311.32,1.05163
2025-07-07 22:55,KEDW,101320.8,37.7,-11.2,93978.9,311.32,1.05163
2025-07-07 23:55,KEDW,101320.8,37.3,-15.1,93978.9,310.92,1.05299
2025-07-08 00:55,KEDW,101320.8,35.6,-20.9,93978.9,309.22,1.05877
2025-07-08 01:55,KEDW,101354.6,33.7,-22.1,94010.3,307.32,1.06568
2025-07-08 02:55,KEDW,101388.5,31.4,-12.8,94041.7,305.02,1.07407
2025-07-08 03:55,KEDW,101456.2,29.5,-6.7,94104.5,303.12,1.08153
2025-07-08 04:55,KEDW,101557.8,28.3,-17.7,94198.7,301.92,1.08691
2025-07-08 05:55,KEDW,101591.7,27.5,-18.2,94230.1,301.12,1.09016
2025-07-08 06:55,KEDW,101625.5,25.4,-14.8,94261.6,299.02,1.09818
2025-07-08 07:55,KEDW,101659.4,22.9,-8.0,94293.0,296.52,1.10781
2025-07-08 08:55,KEDW,101591.7,22.0,-7.7,94230.1,295.62,1.11044
2025-07-08 09:55,KEDW,101625.5,21.5,-5.4,94261.6,295.12,1.11270
2025-07-08 10:55,KEDW,101625.5,18.3,-4.4,94261.6,291.92,1.12489
2025-07-08 11:55,KEDW,101659.4,18.7,-4.1,94293.0,292.32,1.12373
2025-07-08 12:55,KEDW,101727.1,16.5,-6.6,94355.8,290.12,1.13300
2025-07-08 13:55,KEDW,101794.9,20.4,-6.3,94418.6,294.02,1.11872
2025-07-08 14:55,KEDW,101862.6,25.0,-7.5,94481.4,298.62,1.10222
2025-07-08 15:55,KEDW,101896.4,27.7,-9.6,94512.8,301.32,1.09271
2025-07-08 16:55,KEDW,101896.4,30.6,-11.1,94512.8,304.22,1.08229
2025-07-08 17:55,KEDW,101896.4,33.3,-17.7,94512.8,306.92,1.07277
2025-07-08 18:55,KEDW,101896.4,35.8,-20.8,94512.8,309.42,1.06410
2025-07-08 19:55,KEDW,101828.7,36.4,-20.4,94450.0,310.02,1.06134
2025-07-08 20:55,KEDW,101727.1,38.0,-27.2,94355.8,311.62,1.05483
2025-07-08 21:55,KEDW,101693.3,38.7,-19.0,94324.4,312.32,1.05212
2025-07-08 22:55,KEDW,101659.4,38.6,-10.6,94293.0,312.22,1.05211
2025-07-08 23:55,KEDW,101591.7,38.0,-3.8,94230.1,311.62,1.05343
2025-07-09 00:55,KEDW,101591.7,36.9,-2.8,94230.1,310.52,1.05716
2025-07-09 01:55,KEDW,101625.5,34.7,-1.4,94261.6,308.32,1.06506
2025-07-09 02:55,KEDW,101625.5,33.3,-5.4,94261.6,306.92,1.06992
2025-07-09 03:55,KEDW,101693.3,30.5,-4.6,94324.4,304.12,1.08049
2025-07-09 04:55,KEDW,101761.0,29.0,-2.2,94387.2,302.62,1.08657
2025-07-09 05:55,KEDW,101761.0,28.0,2.9,94387.2,301.62,1.09017
2025-07-09 06:55,KEDW,101761.0,25.7,2.4,94387.2,299.32,1.09855
2025-07-09 07:55,KEDW,101761.0,25.4,3.3,94387.2,299.02,1.09965
2025-07-09 08:55,KEDW,101693.3,23.6,3.0,94324.4,297.22,1.10557
2025-07-09 09:55,KEDW,101693.3,23.6,3.5,94324.4,297.22,1.10557
2025-07-09 10:55,KEDW,101693.3,22.8,3.8,94324.4,296.42,1.10856
2025-07-09 11:55,KEDW,101727.1,22.7,2.2,94355.8,296.32,1.10930
2025-07-09 12:55,KEDW,101727.1,22.6,1.0,94355.8,296.22,1.10967
2025-07-09 13:55,KEDW,101761.0,23.6,1.2,94387.2,297.22,1.10631
2025-07-09 14:55,KEDW,101794.9,26.8,1.9,94418.6,300.42,1.09489
2025-07-09 15:55,KEDW,101794.9,31.2,-1.6,94418.6,304.82,1.07908
2025-07-09 16:55,KEDW,101761.0,33.0,-2.7,94387.2,306.62,1.07239
2025-07-09 17:55,KEDW,101727.1,35.6,-5.5,94355.8,309.22,1.06302
2025-07-09 18:55,KEDW,101659.4,37.6,-14.9,94293.0,311.22,1.05549
2025-07-09 19:55,KEDW,101591.7,39.1,-13.9,94230.1,312.72,1.04972
2025-07-09 20:55,KEDW,101523.9,40.5,-17.9,94167.3,314.12,1.04435
2025-07-09 21:55,KEDW,101490.1,40.8,-12.8,94135.9,314.42,1.04300
2025-07-09 22:55,KEDW,101456.2,39.8,-9.8,94104.5,313.42,1.04598
2025-07-09 23:55,KEDW,101422.4,39.2,-7.4,94073.1,312.82,1.04764
2025-07-10 00:55,KEDW,101388.5,38.2,-8.1,94041.7,311.82,1.05065
2025-07-10 01:55,KEDW,101388.5,35.3,-4.0,94041.7,308.92,1.06051
2025-07-10 02:55,KEDW,101456.2,32.5,0.5,94104.5,306.12,1.07093
2025-07-10 03:55,KEDW,101523.9,29.9,3.8,94167.3,303.52,1.08082
2025-07-10 04:55,KEDW,101523.9,28.3,4.5,94167.3,301.92,1.08655
2025-07-10 05:55,KEDW,101523.9,27.4,3.1,94167.3,301.02,1.08980
2025-07-10 06:55,KEDW,101523.9,27.0,2.8,94167.3,300.62,1.09125
2025-07-10 07:55,KEDW,101490.1,26.6,1.8,94135.9,300.22,1.09234
2025-07-10 08:55,KEDW,101490.1,25.1,-0.2,94135.9,298.72,1.09782
2025-07-10 09:55,KEDW,101422.4,24.9,1.1,94073.1,298.52,1.09782
2025-07-10 10:55,KEDW,101456.2,23.3,2.2,94104.5,296.92,1.10411
2025-07-10 11:55,KEDW,101490.1,21.0,4.9,94135.9,294.62,1.11310
2025-07-10 12:55,KEDW,101523.9,20.3,3.9,94167.3,293.92,1.11612
2025-07-10 13:55,KEDW,101523.9,21.4,3.6,94167.3,295.02,1.11196
2025-07-10 14:55,KEDW,101591.7,24.9,1.7,94230.1,298.52,1.09966
2025-07-10 15:55,KEDW,101591.7,28.2,0.8,94230.1,301.82,1.08763
2025-07-10 16:55,KEDW,101591.7,30.9,-1.8,94230.1,304.52,1.07799
2025-07-10 17:55,KEDW,101557.8,32.6,-4.4,94198.7,306.22,1.07165
2025-07-10 18:55,KEDW,101490.1,35.1,-5.9,94135.9,308.72,1.06226
2025-07-10 19:55,KEDW,101422.4,36.5,-9.2,94073.1,310.12,1.05676
2025-07-10 20:55,KEDW,101354.6,37.7,-14.8,94010.3,311.32,1.05198
2025-07-10 21:55,KEDW,101286.9,38.9,-18.9,93947.5,312.52,1.04724
2025-07-10 22:55,KEDW,101185.3,40.0,-18.2,93853.2,313.62,1.04252
2025-07-10 23:55,KEDW,101117.6,40.9,-17.6,93790.4,314.52,1.03885
2025-07-11 00:55,KEDW,101083.7,39.7,-13.5,93759.0,313.32,1.04247
2025-07-11 01:55,KEDW,101117.6,36.6,-4.8,93790.4,310.22,1.05324
2025-07-11 02:55,KEDW,101151.4,33.6,-3.7,93821.8,307.22,1.06389
2025-07-11 03:55,KEDW,101151.4,31.2,-1.6,93821.8,304.82,1.07226
2025-07-11 04:55,KEDW,101253.0,28.6,-1.5,93916.0,302.22,1.08257
2025-07-11 05:55,KEDW,101219.2,27.4,-4.5,93884.6,301.02,1.08653
2025-07-11 06:55,KEDW,101219.2,25.1,-0.9,93884.6,298.72,1.09489
2025-07-11 07:55,KEDW,101185.3,25.1,-6.3,93853.2,298.72,1.09453
2025-07-11 08:55,KEDW,101185.3,23.8,-7.3,93853.2,297.42,1.09931
2025-07-11 09:55,KEDW,101185.3,22.3,-7.5,93853.2,295.92,1.10488
2025-07-11 10:55,KEDW,101151.4,22.3,-4.8,93821.8,295.92,1.10451
2025-07-11 11:55,KEDW,101185.3,22.6,-2.9,93853.2,296.22,1.10376
2025-07-11 12:55,KEDW,101219.2,22.6,-2.2,93884.6,296.22,1.10413
2025-07-11 13:55,KEDW,101253.0,24.3,-1.6,93916.0,297.92,1.09820
2025-07-11 14:55,KEDW,101286.9,28.3,0.1,93947.5,301.92,1.08401
2025-07-11 15:55,KEDW,101320.8,31.3,-0.4,93978.9,304.92,1.07371
2025-07-11 16:55,KEDW,101286.9,33.7,-2.2,93947.5,307.32,1.06496
2025-07-11 17:55,KEDW,101253.0,35.9,-3.5,93916.0,309.52,1.05704
2025-07-11 18:55,KEDW,101219.2,38.2,-5.7,93884.6,311.82,1.04889
2025-07-11 19:55,KEDW,101185.3,39.2,-7.4,93853.2,312.82,1.04519
2025-07-11 20:55,KEDW,101117.6,40.8,-12.8,93790.4,314.42,1.03918
2025-07-11 21:55,KEDW,101083.7,41.9,-12.0,93759.0,315.52,1.03521
2025-07-11 22:55,KEDW,101049.8,41.8,-5.6,93727.6,315.42,1.03519
2025-07-11 23:55,KEDW,101016.0,39.9,-0.6,93696.2,313.52,1.04111
2025-07-12 00:55,KEDW,101016.0,37.6,3.7,93696.2,311.22,1.04881
2025-07-12 01:55,KEDW,101016.0,35.1,4.3,93696.2,308.72,1.05730
2025-07-12 02:55,KEDW,101185.3,32.3,9.8,93853.2,305.92,1.06876
2025-07-12 03:55,KEDW,101253.0,29.2,8.8,93916.0,302.82,1.08043
2025-07-12 04:55,KEDW,101286.9,27.8,7.2,93947.5,301.42,1.08581
2025-07-12 15:55,KEDW,101388.5,31.3,3.3,94041.7,304.92,1.07442
2025-07-12 16:55,KEDW,101422.4,33.5,3.3,94073.1,307.12,1.06708
2025-07-12 17:55,KEDW,101422.4,35.6,1.8,94073.1,309.22,1.05984
2025-07-12 18:55,KEDW,101388.5,36.6,0.0,94041.7,310.22,1.05607
2025-07-12 19:55,KEDW,101354.6,38.3,-1.8,94010.3,311.92,1.04996
2025-07-12 20:55,KEDW,101320.8,39.1,-1.2,93978.9,312.72,1.04692
2025-07-12 21:55,KEDW,101253.0,39.6,0.8,93916.0,313.22,1.04455
2025-07-12 22:55,KEDW,101219.2,39.3,-1.0,93884.6,312.92,1.04521
2025-07-12 23:55,KEDW,101219.2,38.9,1.7,93884.6,312.52,1.04654
2025-07-13 00:55,KEDW,101185.3,37.2,3.0,93853.2,310.82,1.05192
2025-07-13 01:55,KEDW,101219.2,35.3,4.7,93884.6,308.92,1.05874
2025-07-13 02:55,KEDW,101286.9,32.6,6.7,93947.5,306.22,1.06879
2025-07-13 03:55,KEDW,101320.8,29.6,8.0,93978.9,303.22,1.07972
2025-07-13 04:55,KEDW,101388.5,27.8,8.1,94041.7,301.42,1.08690
2025-07-13 05:55,KEDW,101388.5,26.8,7.3,94041.7,300.42,1.09052
2025-07-13 06:55,KEDW,101388.5,25.6,7.2,94041.7,299.22,1.09489
2025-07-13 07:55,KEDW,101388.5,24.7,7.8,94041.7,298.32,1.09819
2025-07-13 08:55,KEDW,101354.6,24.2,8.2,94010.3,297.82,1.09967
2025-07-13 09:55,KEDW,101320.8,23.9,7.5,93978.9,297.52,1.10041
2025-07-13 10:55,KEDW,101320.8,22.8,8.1,93978.9,296.42,1.10449
2025-07-13 11:55,KEDW,101354.6,23.0,7.5,94010.3,296.62,1.10412
2025-07-13 12:55,KEDW,101422.4,22.1,7.5,94073.1,295.72,1.10822
2025-07-13 13:55,KEDW,101456.2,22.4,7.8,94104.5,296.02,1.10747
2025-07-13 14:55,KEDW,101490.1,26.0,7.5,94135.9,299.62,1.09452
2025-07-13 15:55,KEDW,101523.9,29.6,7.5,94167.3,303.22,1.08189
2025-07-13 16:55,KEDW,101523.9,31.5,6.5,94167.3,305.12,1.07515
2025-07-13 17:55,KEDW,101490.1,34.3,3.9,94135.9,307.92,1.06502
2025-07-13 18:55,KEDW,101456.2,35.5,3.9,94104.5,309.12,1.06053
2025-07-13 19:55,KEDW,101422.4,37.1,0.4,94073.1,310.72,1.05472
2025-07-13 20:55,KEDW,101354.6,39.2,-1.1,94010.3,312.82,1.04694
2025-07-13 21:55,KEDW,101320.8,40.2,-0.4,93978.9,313.82,1.04325
2025-07-13 22:55,KEDW,101253.0,41.0,-1.6,93916.0,314.62,1.03991
2025-07-13 23:55,KEDW,101185.3,40.7,-3.9,93853.2,314.32,1.04020
2025-07-14 00:55,KEDW,101185.3,39.8,-0.7,93853.2,313.42,1.04319
2025-07-14 01:55,KEDW,101219.2,37.1,5.1,93884.6,310.72,1.05261
2025-07-14 02:55,KEDW,101253.0,34.5,6.7,93916.0,308.12,1.06184
2025-07-14 03:55,KEDW,101286.9,31.6,7.9,93947.5,305.22,1.07229
2025-07-14 04:55,KEDW,101354.6,30.0,7.2,94010.3,303.62,1.07866
2025-07-14 05:55,KEDW,101354.6,28.7,7.3,94010.3,302.32,1.08330
2025-07-14 06:55,KEDW,101354.6,27.3,8.2,94010.3,300.92,1.08834
2025-07-14 07:55,KEDW,101354.6,27.3,7.2,94010.3,300.92,1.08834
2025-07-14 08:55,KEDW,101354.6,26.6,6.6,94010.3,300.22,1.09088
2025-07-14 09:55,KEDW,101320.8,25.2,5.9,93978.9,298.82,1.09562
2025-07-14 10:55,KEDW,101320.8,23.3,6.1,93978.9,296.92,1.10263
2025-07-14 11:55,KEDW,101320.8,23.3,6.1,93978.9,296.92,1.10263
2025-07-14 12:55,KEDW,101320.8,22.8,5.7,93978.9,296.42,1.10449
2025-07-14 13:55,KEDW,101388.5,23.1,5.5,94041.7,296.72,1.10412
2025-07-14 14:55,KEDW,101422.4,27.0,7.4,94073.1,300.62,1.09016
2025-07-14 15:55,KEDW,101456.2,30.8,7.3,94104.5,304.42,1.07691
2025-07-14 16:55,KEDW,101422.4,33.9,6.2,94073.1,307.52,1.06569
2025-07-14 17:55,KEDW,101388.5,36.2,2.3,94041.7,309.82,1.05743
2025-07-14 18:55,KEDW,101354.6,37.7,0.8,94010.3,311.32,1.05198
2025-07-14 19:55,KEDW,101286.9,38.8,0.2,93947.5,312.42,1.04758
2025-07-14 20:55,KEDW,101219.2,40.9,1.8,93884.6,314.52,1.03989
2025-07-14 21:55,KEDW,101117.6,41.2,2.0,93790.4,314.82,1.03786
2025-07-14 22:55,KEDW,101049.8,41.5,2.2,93727.6,315.12,1.03617
2025-07-14 23:55,KEDW,101016.0,40.7,3.1,93696.2,314.32,1.03846
2025-07-15 00:55,KEDW,100982.1,39.5,2.2,93664.8,313.12,1.04209
2025-07-15 01:55,KEDW,100982.1,36.8,3.8,93664.8,310.42,1.05116
2025-07-15 02:55,KEDW,101016.0,33.2,5.7,93696.2,306.82,1.06385
2025-07-15 03:55,KEDW,101083.7,31.0,5.4,93759.0,304.62,1.07225
2025-07-15 04:55,KEDW,101151.4,29.4,6.7,93821.8,303.02,1.07863
2025-07-15 05:55,KEDW,101185.3,28.6,6.6,93853.2,302.22,1.08185
2025-07-15 06:55,KEDW,101185.3,27.9,7.7,93853.2,301.52,1.08436
2025-07-15 07:55,KEDW,101185.3,27.0,8.4,93853.2,300.62,1.08761
2025-07-15 08:55,KEDW,101151.4,25.5,8.0,93821.8,299.12,1.09270
2025-07-15 09:55,KEDW,101151.4,23.8,7.4,93821.8,297.42,1.09894
2025-07-15 10:55,KEDW,101117.6,24.1,7.7,93790.4,297.72,1.09747
2025-07-15 11:55,KEDW,101151.4,23.6,8.0,93821.8,297.22,1.09968
2025-07-15 12:55,KEDW,101185.3,22.8,8.8,93853.2,296.42,1.10302
2025-07-15 13:55,KEDW,101185.3,23.8,8.6,93853.2,297.42,1.09931
2025-07-15 14:55,KEDW,101219.2,29.0,7.0,93884.6,302.62,1.08078
2025-07-15 15:55,KEDW,101253.0,31.1,6.2,93916.0,304.72,1.07369
2025-07-15 16:55,KEDW,101253.0,33.3,5.7,93916.0,306.92,1.06600
2025-07-15 17:55,KEDW,101219.2,34.9,5.3,93884.6,308.52,1.06011
2025-07-15 18:55,KEDW,101185.3,36.8,3.8,93853.2,310.42,1.05327
2025-07-15 19:55,KEDW,101151.4,37.1,2.9,93821.8,310.72,1.05190
2025-07-15 20:55,KEDW,101117.6,37.5,2.0,93790.4,311.12,1.05020
2025-07-15 21:55,KEDW,101083.7,37.9,-0.5,93759.0,311.52,1.04850
2025-07-15 22:55,KEDW,101016.0,36.7,-2.9,93696.2,310.32,1.05185
2025-07-15 23:55,KEDW,100982.1,35.9,-7.3,93664.8,309.52,1.05421
2025-07-16 00:55,KEDW,100982.1,34.5,-8.3,93664.8,308.12,1.05900
2025-07-16 01:55,KEDW,100982.1,32.6,-6.0,93664.8,306.22,1.06557
2025-07-16 02:55,KEDW,101016.0,30.4,-4.7,93696.2,304.02,1.07364
2025-07-16 03:55,KEDW,101049.8,27.4,0.2,93727.6,301.02,1.08471
2025-07-16 04:55,KEDW,101117.6,25.8,-0.3,93790.4,299.42,1.09124
2025-07-16 05:55,KEDW,101151.4,25.3,-5.1,93821.8,298.92,1.09343
2025-07-16 06:55,KEDW,101151.4,24.6,-3.8,93821.8,298.22,1.09599
2025-07-16 07:55,KEDW,101117.6,24.2,-7.0,93790.4,297.82,1.09710
2025-07-16 08:55,KEDW,101151.4,23.7,-2.8,93821.8,297.32,1.09931
2025-07-16 09:55,KEDW,101151.4,22.8,0.0,93821.8,296.42,1.10265
2025-07-16 10:55,KEDW,101151.4,23.4,-0.9,93821.8,297.02,1.10042
2025-07-16 11:55,KEDW,101185.3,22.5,6.3,93853.2,296.12,1.10414
2025-07-16 12:55,KEDW,101253.0,21.2,8.5,93916.0,294.82,1.10975
2025-07-16 13:55,KEDW,101286.9,20.2,7.9,93947.5,293.82,1.11390
2025-07-16 14:55,KEDW,101354.6,22.8,7.7,94010.3,296.42,1.10486
2025-07-16 15:55,KEDW,101354.6,26.6,7.1,94010.3,300.22,1.09088
2025-07-16 16:55,KEDW,101320.8,29.6,4.2,93978.9,303.22,1.07972
2025-07-16 17:55,KEDW,101320.8,31.9,2.9,93978.9,305.52,1.07160
2025-07-16 18:55,KEDW,101286.9,33.8,-5.1,93947.5,307.42,1.06462
2025-07-16 19:55,KEDW,101219.2,36.2,-7.1,93884.6,309.82,1.05566
2025-07-16 20:55,KEDW,101151.4,36.7,-4.7,93821.8,310.32,1.05326
2025-07-16 21:55,KEDW,101117.6,36.8,-2.9,93790.4,310.42,1.05257
2025-07-16 22:55,KEDW,101049.8,36.8,-6.7,93727.6,310.42,1.05186
2025-07-16 23:55,KEDW,101016.0,36.3,-15.7,93696.2,309.92,1.05321
2025-07-17 00:55,KEDW,100982.1,34.3,-4.7,93664.8,307.92,1.05969
2025-07-17 01:55,KEDW,101016.0,32.2,-6.3,93696.2,305.82,1.06733
2025-07-17 02:55,KEDW,101083.7,28.9,-4.5,93759.0,302.52,1.07969
2025-07-17 03:55,KEDW,101151.4,26.2,-0.8,93821.8,299.82,1.09014
2025-07-17 04:55,KEDW,101253.0,25.3,0.0,93916.0,298.92,1.09452
2025-07-17 05:55,KEDW,101219.2,25.2,-3.3,93884.6,298.82,1.09452
2025-07-17 06:55,KEDW,101253.0,25.1,-5.3,93916.0,298.72,1.09526
2025-07-17 07:55,KEDW,101219.2,25.5,-5.0,93884.6,299.12,1.09343
2025-07-17 08:55,KEDW,101219.2,22.9,-0.6,93884.6,296.52,1.10301
2025-07-17 09:55,KEDW,101253.0,20.7,3.0,93916.0,294.32,1.11163
2025-07-17 10:55,KEDW,101219.2,20.9,2.7,93884.6,294.52,1.11051
2025-07-17 11:55,KEDW,101219.2,20.0,4.1,93884.6,293.62,1.11391
2025-07-17 12:55,KEDW,101320.8,19.9,5.2,93978.9,293.52,1.11541
2025-07-17 13:55,KEDW,101388.5,21.3,5.2,94041.7,294.92,1.11085
2025-07-17 14:55,KEDW,101422.4,22.9,4.4,94073.1,296.52,1.10523
2025-07-17 15:55,KEDW,101422.4,25.8,2.5,94073.1,299.42,1.09452
2025-07-17 16:55,KEDW,101388.5,29.7,0.3,94041.7,303.32,1.08009
2025-07-17 17:55,KEDW,101388.5,31.3,-0.4,94041.7,304.92,1.07442
2025-07-17 18:55,KEDW,101320.8,33.6,-2.2,93978.9,307.22,1.06567
2025-07-17 19:55,KEDW,101320.8,35.8,-5.4,93978.9,309.42,1.05809
2025-07-17 20:55,KEDW,101253.0,36.2,1.0,93916.0,309.82,1.05602
2025-07-17 21:55,KEDW,101185.3,36.6,1.3,93853.2,310.22,1.05395
2025-07-17 22:55,KEDW,101117.6,36.2,2.3,93790.4,309.82,1.05460
2025-07-17 23:55,KEDW,101083.7,36.0,3.0,93759.0,309.62,1.05493
2025-07-18 00:55,KEDW,101049.8,34.4,3.0,93727.6,308.02,1.06006
2025-07-18 01:55,KEDW,101049.8,32.7,2.7,93727.6,306.32,1.06594
2025-07-18 02:55,KEDW,101117.6,30.5,5.7,93790.4,304.12,1.07437
2025-07-18 03:55,KEDW,101185.3,28.5,4.7,93853.2,302.12,1.08221
2025-07-18 04:55,KEDW,101253.0,27.2,4.9,93916.0,300.82,1.08761
2025-07-18 05:55,KEDW,101286.9,26.0,5.5,93947.5,299.62,1.09233
2025-07-18 06:55,KEDW,101320.8,24.9,6.6,93978.9,298.52,1.09672
2025-07-18 07:55,KEDW,101320.8,24.3,4.6,93978.9,297.92,1.09893
2025-07-18 08:55,KEDW,101286.9,24.0,2.7,93947.5,297.62,1.09967
2025-07-18 09:55,KEDW,101253.0,23.5,3.9,93916.0,297.12,1.10116
2025-07-18 10:55,KEDW,101320.8,23.8,4.7,93978.9,297.42,1.10078
2025-07-18 11:55,KEDW,101388.5,21.6,0.7,94041.7,295.22,1.10973
2025-07-18 12:55,KEDW,101388.5,21.5,2.2,94041.7,295.12,1.11010
2025-07-18 13:55,KEDW,101490.1,21.4,4.5,94135.9,295.02,1.11159
2025-07-18 14:55,KEDW,101557.8,25.3,7.4,94198.7,298.92,1.09782
2025-07-18 15:55,KEDW,101557.8,28.7,6.7,94198.7,302.32,1.08547
2025-07-18 16:55,KEDW,101557.8,31.3,5.6,94198.7,304.92,1.07622
2025-07-18 17:55,KEDW,101523.9,33.3,4.9,94167.3,306.92,1.06885
2025-07-18 18:55,KEDW,101490.1,34.6,3.2,94135.9,308.22,1.06398
2025-07-18 19:55,KEDW,101422.4,36.3,-0.2,94073.1,309.92,1.05744
2025-07-18 20:55,KEDW,101388.5,36.7,0.1,94041.7,310.32,1.05573
2025-07-18 21:55,KEDW,101320.8,37.4,0.6,93978.9,311.02,1.05265
2025-07-18 22:55,KEDW,101253.0,36.8,1.5,93916.0,310.42,1.05398
2025-07-18 23:55,KEDW,101219.2,37.1,5.1,93884.6,310.72,1.05261
2025-07-19 00:55,KEDW,101219.2,35.0,7.9,93884.6,308.62,1.05977
2025-07-19 01:55,KEDW,101219.2,34.9,6.2,93884.6,308.52,1.06011
2025-07-19 02:55,KEDW,101253.0,32.1,7.0,93916.0,305.72,1.07018
2025-07-19 03:55,KEDW,101320.8,30.1,7.3,93978.9,303.72,1.07795
2025-07-19 04:55,KEDW,101388.5,28.6,7.7,94041.7,302.22,1.08402
2025-07-19 05:55,KEDW,101422.4,27.2,7.6,94073.1,300.82,1.08943
2025-07-19 06:55,KEDW,101456.2,26.4,7.9,94104.5,300.02,1.09270
2025-07-19 07:55,KEDW,101422.4,26.8,8.7,94073.1,300.42,1.09088
2025-07-19 08:55,KEDW,101422.4,25.7,8.6,94073.1,299.32,1.09489
2025-07-19 09:55,KEDW,101422.4,25.7,8.6,94073.1,299.32,1.09489
2025-07-19 10:55,KEDW,101422.4,24.4,9.1,94073.1,298.02,1.09967
2025-07-19 11:55,KEDW,101422.4,23.0,9.0,94073.1,296.62,1.10486
2025-07-19 12:55,KEDW,101456.2,21.9,8.4,94104.5,295.52,1.10934
2025-07-19 13:55,KEDW,101523.9,23.3,8.9,94167.3,296.92,1.10485
2025-07-19 14:55,KEDW,101557.8,25.6,9.0,94198.7,299.22,1.09672
2025-07-19 15:55,KEDW,101591.7,28.7,7.8,94230.1,302.32,1.08583
2025-07-19 16:55,KEDW,101591.7,31.3,5.6,94230.1,304.92,1.07658
2025-07-19 17:55,KEDW,101557.8,32.8,3.7,94198.7,306.42,1.07095
2025-07-19 18:55,KEDW,101523.9,33.7,1.4,94167.3,307.32,1.06746
2025-07-19 19:55,KEDW,101490.1,36.0,2.1,94135.9,309.62,1.05917
2025-07-19 20:55,KEDW,101388.5,37.6,0.8,94041.7,311.22,1.05267
2025-07-19 21:55,KEDW,101320.8,38.4,-5.5,93978.9,312.02,1.04927
2025-07-19 22:55,KEDW,101253.0,38.2,-5.7,93916.0,311.82,1.04924
2025-07-19 23:55,KEDW,101185.3,39.3,-4.9,93853.2,312.92,1.04486
2025-07-20 00:55,KEDW,101151.4,37.8,4.6,93821.8,311.42,1.04954
2025-07-20 01:55,KEDW,101185.3,34.9,8.6,93853.2,308.52,1.05976
2025-07-20 02:55,KEDW,101253.0,31.9,8.8,93916.0,305.52,1.07088
2025-07-20 03:55,KEDW,101320.8,29.0,9.6,93978.9,302.62,1.08187
2025-07-20 04:55,KEDW,101354.6,27.5,10.2,94010.3,301.12,1.08762
2025-07-20 05:55,KEDW,101388.5,26.5,9.8,94041.7,300.12,1.09161
2025-07-20 06:55,KEDW,101354.6,25.6,8.6,94010.3,299.22,1.09452
2025-07-20 07:55,KEDW,101388.5,24.4,10.3,94041.7,298.02,1.09930
2025-07-20 08:55,KEDW,101354.6,24.1,9.6,94010.3,297.72,1.10004
2025-07-20 09:55,KEDW,101286.9,22.7,10.1,93947.5,296.32,1.10450
2025-07-20 10:55,KEDW,101286.9,22.2,10.0,93947.5,295.82,1.10636
2025-07-20 11:55,KEDW,101320.8,22.1,9.6,93978.9,295.72,1.10711
2025-07-20 12:55,KEDW,101354.6,20.7,9.6,94010.3,294.32,1.11275
2025-07-20 13:55,KEDW,101354.6,22.9,9.6,94010.3,296.52,1.10449
2025-07-20 14:55,KEDW,101388.5,26.1,9.4,94041.7,299.72,1.09306
2025-07-20 15:55,KEDW,101422.4,28.6,8.8,94073.1,302.22,1.08438
2025-07-20 16:55,KEDW,101388.5,30.7,7.8,94041.7,304.32,1.07654
2025-07-20 17:55,KEDW,101354.6,32.8,6.1,94010.3,306.42,1.06881
2025-07-20 18:55,KEDW,101320.8,35.4,4.8,93978.9,309.02,1.05946
2025-07-20 19:55,KEDW,101253.0,36.7,2.6,93916.0,310.32,1.05432
2025-07-20 20:55,KEDW,101185.3,37.6,2.1,93853.2,311.22,1.05056
2025-07-20 21:55,KEDW,101117.6,38.3,1.3,93790.4,311.92,1.04750
2025-07-20 22:55,KEDW,101083.7,38.4,-0.1,93759.0,312.02,1.04682
2025-07-20 23:55,KEDW,101049.8,35.9,5.2,93727.6,309.52,1.05492
2025-07-21 00:55,KEDW,101049.8,34.6,6.8,93727.6,308.22,1.05937
2025-07-21 01:55,KEDW,101083.7,32.6,6.0,93759.0,306.22,1.06665
2025-07-21 02:55,KEDW,101117.6,29.6,8.0,93790.4,303.22,1.07756
2025-07-21 03:55,KEDW,101151.4,27.3,10.5,93821.8,300.92,1.08616
2025-07-21 04:55,KEDW,101253.0,26.1,9.0,93916.0,299.72,1.09160
2025-07-21 05:55,KEDW,101253.0,25.4,9.2,93916.0,299.02,1.09416
2025-07-21 06:55,KEDW,101286.9,24.2,10.1,93947.5,297.82,1.09893
2025-07-21 07:55,KEDW,101286.9,23.6,9.9,93947.5,297.22,1.10115
2025-07-21 08:55,KEDW,101253.0,22.6,10.7,93916.0,296.22,1.10450
2025-07-21 09:55,KEDW,101219.2,22.1,10.2,93884.6,295.72,1.10600
2025-07-21 10:55,KEDW,101219.2,21.9,8.7,93884.6,295.52,1.10675
2025-07-21 11:55,KEDW,101253.0,21.0,6.5,93916.0,294.62,1.11050
2025-07-21 12:55,KEDW,101253.0,19.5,8.5,93916.0,293.12,1.11618
2025-07-21 13:55,KEDW,101286.9,20.8,8.1,93947.5,294.42,1.11163
2025-07-21 14:55,KEDW,101320.8,23.3,5.2,93978.9,296.92,1.10263
2025-07-21 15:55,KEDW,101320.8,26.9,3.4,93978.9,300.52,1.08943
2025-07-21 16:55,KEDW,101320.8,30.1,3.9,93978.9,303.72,1.07795
2025-07-21 17:55,KEDW,101286.9,31.8,2.9,93947.5,305.42,1.07159
2025-07-21 18:55,KEDW,101253.0,33.5,-1.0,93916.0,307.12,1.06530
2025-07-21 19:55,KEDW,101185.3,34.4,-3.1,93853.2,308.02,1.06148
2025-07-21 20:55,KEDW,101151.4,35.3,-4.0,93821.8,308.92,1.05803
2025-07-21 21:55,KEDW,101083.7,35.1,-4.1,93759.0,308.72,1.05801
2025-07-21 22:55,KEDW,101049.8,34.4,0.9,93727.6,308.02,1.06006
2025-07-21 23:55,KEDW,101016.0,33.2,5.7,93696.2,306.82,1.06385
2025-07-22 00:55,KEDW,101016.0,31.7,6.0,93696.2,305.32,1.06907
2025-07-22 01:55,KEDW,101049.8,30.1,7.3,93727.6,303.72,1.07507
2025-07-22 02:55,KEDW,101049.8,27.6,7.9,93727.6,301.22,1.08399
2025-07-22 03:55,KEDW,101151.4,25.7,6.8,93821.8,299.32,1.09197
2025-07-22 04:55,KEDW,101219.2,23.6,8.8,93884.6,297.22,1.10042
2025-07-22 05:55,KEDW,101219.2,22.4,10.2,93884.6,296.02,1.10488
2025-07-22 06:55,KEDW,101253.0,21.7,10.2,93916.0,295.32,1.10787
2025-07-22 07:55,KEDW,101219.2,21.0,9.9,93884.6,294.62,1.11013
2025-07-22 08:55,KEDW,101151.4,19.9,9.7,93821.8,293.52,1.11354
2025-07-22 09:55,KEDW,101185.3,20.0,9.0,93853.2,293.62,1.11354
2025-07-22 10:55,KEDW,101151.4,19.8,9.4,93821.8,293.42,1.11392
2025-07-22 11:55,KEDW,101185.3,18.1,10.5,93853.2,291.72,1.12079
2025-07-22 12:55,KEDW,101219.2,17.4,10.7,93884.6,291.02,1.12386
2025-07-22 13:55,KEDW,101253.0,18.4,10.7,93916.0,292.02,1.12039
2025-07-22 14:55,KEDW,101320.8,21.6,10.4,93978.9,295.22,1.10898
2025-07-22 15:55,KEDW,101354.6,24.7,9.4,94010.3,298.32,1.09783
2025-07-22 16:55,KEDW,101354.6,27.0,7.9,94010.3,300.62,1.08943
2025-07-22 17:55,KEDW,101354.6,29.1,7.0,94010.3,302.72,1.08187
2025-07-22 18:55,KEDW,101320.8,29.6,4.9,93978.9,303.22,1.07972
2025-07-22 19:55,KEDW,101253.0,31.5,4.3,93916.0,305.12,1.07228
2025-07-22 20:55,KEDW,101185.3,33.4,2.2,93853.2,307.02,1.06494
2025-07-22 21:55,KEDW,101151.4,33.5,2.3,93821.8,307.12,1.06423
2025-07-22 22:55,KEDW,101117.6,33.2,4.0,93790.4,306.82,1.06492
2025-07-22 23:55,KEDW,101117.6,31.9,4.6,93790.4,305.52,1.06945
2025-07-23 00:55,KEDW,101117.6,30.4,6.3,93790.4,304.02,1.07472
2025-07-23 01:55,KEDW,101151.4,28.7,8.4,93821.8,302.32,1.08113
2025-07-23 02:55,KEDW,101185.3,26.2,10.3,93853.2,299.82,1.09051
2025-07-23 03:55,KEDW,101286.9,24.2,10.5,93947.5,297.82,1.09893
2025-07-23 04:55,KEDW,101388.5,22.9,10.0,94041.7,296.52,1.10486
2025-07-23 05:55,KEDW,101422.4,21.5,10.0,94073.1,295.12,1.11047
2025-07-23 06:55,KEDW,101422.4,20.7,9.6,94073.1,294.32,1.11349
2025-07-23 07:55,KEDW,101422.4,19.8,9.1,94073.1,293.42,1.11691
2025-07-23 08:55,KEDW,101422.4,19.2,9.4,94073.1,292.82,1.11919
2025-07-23 09:55,KEDW,101422.4,18.3,9.4,94073.1,291.92,1.12265
2025-07-23 10:55,KEDW,101456.2,17.8,9.7,94104.5,291.42,1.12495
2025-07-23 11:55,KEDW,101456.2,17.4,10.5,94104.5,291.02,1.12649
2025-07-23 12:55,KEDW,101490.1,17.3,10.9,94135.9,290.92,1.12726
2025-07-23 13:55,KEDW,101523.9,17.7,11.3,94167.3,291.32,1.12608
2025-07-23 14:55,KEDW,101625.5,20.9,9.5,94261.6,294.52,1.11496
2025-07-23 15:55,KEDW,101625.5,23.7,8.5,94261.6,297.32,1.10446
2025-07-23 16:55,KEDW,101625.5,26.2,6.7,94261.6,299.82,1.09525
2025-07-23 17:55,KEDW,101625.5,29.8,-3.8,94261.6,303.42,1.08226
2025-07-23 18:55,KEDW,101591.7,30.9,-7.2,94230.1,304.52,1.07799
2025-07-23 19:55,KEDW,101557.8,32.2,-15.0,94198.7,305.82,1.07305
2025-07-23 20:55,KEDW,101523.9,33.0,-11.7,94167.3,306.62,1.06989
2025-07-23 21:55,KEDW,101490.1,33.3,-14.2,94135.9,306.92,1.06849
2025-07-23 22:55,KEDW,101490.1,33.1,-17.8,94135.9,306.72,1.06919
2025-07-23 23:55,KEDW,101490.1,32.2,-15.0,94135.9,305.82,1.07233
2025-07-24 00:55,KEDW,101490.1,30.9,-5.7,94135.9,304.52,1.07691
2025-07-24 01:55,KEDW,101523.9,29.1,0.7,94167.3,302.72,1.08368
2025-07-24 02:55,KEDW,101557.8,26.5,4.3,94198.7,300.12,1.09343
2025-07-24 03:55,KEDW,101659.4,23.4,6.6,94293.0,297.02,1.10595
2025-07-24 04:55,KEDW,101727.1,21.8,6.5,94355.8,295.42,1.11268
2025-07-24 05:55,KEDW,101727.1,20.3,6.2,94355.8,293.92,1.11836
2025-07-24 06:55,KEDW,101761.0,19.4,5.8,94387.2,293.02,1.12216
2025-07-24 07:55,KEDW,101727.1,19.2,4.5,94355.8,292.82,1.12256
2025-07-24 08:55,KEDW,101727.1,18.9,2.7,94355.8,292.52,1.12371
2025-07-24 09:55,KEDW,101693.3,19.2,2.5,94324.4,292.82,1.12218
2025-07-24 10:55,KEDW,101727.1,17.4,3.3,94355.8,291.02,1.12950
2025-07-24 11:55,KEDW,101761.0,14.9,2.8,94387.2,288.52,1.13967
2025-07-24 12:55,KEDW,101794.9,13.9,3.1,94418.6,287.52,1.14401
2025-07-24 13:55,KEDW,101828.7,15.4,3.5,94450.0,289.02,1.13845
2025-07-24 14:55,KEDW,101828.7,22.6,4.6,94450.0,296.22,1.11078
2025-07-24 15:55,KEDW,101862.6,25.4,1.5,94481.4,299.02,1.10075
2025-07-24 16:55,KEDW,101862.6,27.2,-2.6,94481.4,300.82,1.09416
2025-07-24 17:55,KEDW,101828.7,29.5,-14.1,94450.0,303.12,1.08550
2025-07-24 18:55,KEDW,101794.9,30.6,-11.1,94418.6,304.22,1.08121
2025-07-24 19:55,KEDW,101727.1,32.1,-15.1,94355.8,305.72,1.07519
2025-07-24 20:55,KEDW,101693.3,33.5,-17.6,94324.4,307.12,1.06993
2025-07-24 21:55,KEDW,101625.5,33.2,-17.8,94261.6,306.82,1.07027
2025-07-24 22:55,KEDW,101591.7,33.3,-11.5,94230.1,306.92,1.06956
2025-07-24 23:55,KEDW,101557.8,32.8,-14.6,94198.7,306.42,1.07095
2025-07-25 00:55,KEDW,101523.9,31.5,-8.5,94167.3,305.12,1.07515
2025-07-25 01:55,KEDW,101523.9,29.5,-4.1,94167.3,303.12,1.08225
2025-07-25 02:55,KEDW,101523.9,26.9,4.0,94167.3,300.52,1.09161
2025-07-25 03:55,KEDW,101557.8,24.6,4.9,94198.7,298.22,1.10040
2025-07-25 04:55,KEDW,101625.5,23.3,3.8,94261.6,296.92,1.10595
2025-07-25 05:55,KEDW,101591.7,22.1,0.0,94230.1,295.72,1.11007
2025-07-25 06:55,KEDW,101625.5,21.1,-6.6,94261.6,294.72,1.11421
2025-07-25 07:55,KEDW,101591.7,21.8,-5.2,94230.1,295.42,1.11120
2025-07-25 08:55,KEDW,101557.8,20.9,4.9,94198.7,294.52,1.11422
2025-07-25 09:55,KEDW,101557.8,19.3,1.7,94198.7,292.92,1.12031
2025-07-25 10:55,KEDW,101523.9,17.0,-2.1,94167.3,290.62,1.12880
2025-07-25 11:55,KEDW,101490.1,15.6,-2.9,94135.9,289.22,1.13388
2025-07-25 12:55,KEDW,101523.9,15.1,-1.9,94167.3,288.72,1.13622
2025-07-25 13:55,KEDW,101523.9,18.0,-0.8,94167.3,291.62,1.12493
2025-07-25 14:55,KEDW,101557.8,20.4,0.2,94198.7,294.02,1.11612
2025-07-25 15:55,KEDW,101591.7,22.5,0.9,94230.1,296.12,1.10857
2025-07-25 16:55,KEDW,101557.8,26.8,0.5,94198.7,300.42,1.09234
2025-07-25 17:55,KEDW,101490.1,29.0,-7.1,94135.9,302.62,1.08367
2025-07-25 18:55,KEDW,101456.2,30.2,-11.4,94104.5,303.82,1.07903
2025-07-25 19:55,KEDW,101422.4,31.3,-12.9,94073.1,304.92,1.07478
2025-07-25 20:55,KEDW,101354.6,31.8,-15.3,94010.3,305.42,1.07231
2025-07-25 21:55,KEDW,101320.8,32.0,-18.6,93978.9,305.62,1.07125
2025-07-25 22:55,KEDW,101253.0,32.0,-10.1,93916.0,305.62,1.07053
2025-07-25 23:55,KEDW,101219.2,30.7,-7.4,93884.6,304.32,1.07474
2025-07-26 00:55,KEDW,101219.2,29.5,-4.1,93884.6,303.12,1.07900
2025-07-26 01:55,KEDW,101219.2,27.8,-2.2,93884.6,301.42,1.08508
2025-07-26 02:55,KEDW,101219.2,25.4,2.1,93884.6,299.02,1.09379
2025-07-26 03:55,KEDW,101286.9,23.1,4.1,93947.5,296.72,1.10301
2025-07-26 04:55,KEDW,101354.6,21.6,4.6,94010.3,295.22,1.10935
2025-07-26 05:55,KEDW,101388.5,20.8,3.9,94041.7,294.42,1.11274
2025-07-26 06:55,KEDW,101388.5,19.4,2.7,94041.7,293.02,1.11806
2025-07-26 07:55,KEDW,101388.5,19.1,2.4,94041.7,292.72,1.11920
2025-07-26 08:55,KEDW,101320.8,18.6,1.6,93978.9,292.22,1.12037
2025-07-26 09:55,KEDW,101286.9,17.8,2.9,93947.5,291.42,1.12307
2025-07-26 10:55,KEDW,101286.9,17.0,2.9,93947.5,290.62,1.12616
2025-07-26 11:55,KEDW,101286.9,16.2,1.5,93947.5,289.82,1.12927
2025-07-26 12:55,KEDW,101320.8,16.2,1.9,93978.9,289.82,1.12965
2025-07-26 13:55,KEDW,101354.6,18.4,3.8,94010.3,292.02,1.12151
2025-07-26 14:55,KEDW,101354.6,21.2,7.8,94010.3,294.82,1.11086
2025-07-26 15:55,KEDW,101354.6,24.7,8.6,94010.3,298.32,1.09783
2025-07-26 16:55,KEDW,101354.6,27.1,7.0,94010.3,300.72,1.08906
2025-07-26 17:55,KEDW,101320.8,28.3,3.9,93978.9,301.92,1.08437
2025-07-26 18:55,KEDW,101320.8,29.8,5.1,93978.9,303.42,1.07901
2025-07-26 19:55,KEDW,101286.9,31.4,4.2,93947.5,305.02,1.07299
2025-07-26 20:58,KEDW,101286.9,32.0,4.0,93947.5,305.62,1.07089
2025-07-26 21:55,KEDW,101219.2,32.1,4.0,93884.6,305.72,1.06982
2025-07-26 22:55,KEDW,101185.3,31.7,3.6,93853.2,305.32,1.07086
2025-07-26 23:55,KEDW,101185.3,31.4,6.4,93853.2,305.02,1.07192
2025-07-27 00:55,KEDW,101151.4,29.4,7.3,93821.8,303.02,1.07863
2025-07-27 01:55,KEDW,101219.2,26.9,8.8,93884.6,300.52,1.08833
2025-07-27 02:55,KEDW,101253.0,24.5,8.4,93916.0,298.12,1.09746
2025-07-27 03:55,KEDW,101320.8,23.1,6.4,93978.9,296.72,1.10338
2025-07-27 04:55,KEDW,101388.5,22.1,5.9,94041.7,295.72,1.10785
2025-07-27 05:55,KEDW,101388.5,21.5,6.2,94041.7,295.12,1.11010
2025-07-27 06:55,KEDW,101354.6,21.1,6.6,94010.3,294.72,1.11124
2025-07-27 07:55,KEDW,101354.6,20.5,6.8,94010.3,294.12,1.11350
2025-07-27 08:55,KEDW,101320.8,18.9,6.0,93978.9,292.52,1.11922
2025-07-27 09:55,KEDW,101354.6,18.6,5.4,94010.3,292.22,1.12074
2025-07-27 10:55,KEDW,101354.6,18.1,6.0,94010.3,291.72,1.12266
2025-07-27 11:55,KEDW,101388.5,17.7,7.1,94041.7,291.32,1.12458
2025-07-27 12:55,KEDW,101388.5,17.9,7.9,94041.7,291.52,1.12381
2025-07-27 13:55,KEDW,101422.4,18.3,6.8,94073.1,291.92,1.12265
2025-07-27 14:55,KEDW,101456.2,21.2,8.1,94104.5,294.82,1.11197
2025-07-27 15:55,KEDW,101523.9,24.2,8.6,94167.3,297.82,1.10151
2025-07-27 16:55,KEDW,101523.9,26.5,7.5,94167.3,300.12,1.09307
2025-07-27 17:55,KEDW,101490.1,28.8,5.6,94135.9,302.42,1.08439
2025-07-27 18:55,KEDW,101456.2,30.7,4.4,94104.5,304.32,1.07726
2025-07-27 19:55,KEDW,101422.4,31.5,1.7,94073.1,305.12,1.07408
2025-07-27 20:55,KEDW,101354.6,33.6,-3.7,94010.3,307.22,1.06602
2025-07-27 21:55,KEDW,101320.8,34.8,-4.3,93978.9,308.42,1.06152
2025-07-27 22:55,KEDW,101286.9,35.0,-2.6,93947.5,308.62,1.06048
2025-07-27 23:55,KEDW,101253.0,35.6,-3.8,93916.0,309.22,1.05807
2025-07-28 00:55,KEDW,101253.0,34.2,-6.5,93916.0,307.82,1.06288
2025-07-28 01:55,KEDW,101253.0,31.9,-1.1,93916.0,305.52,1.07088
2025-07-28 02:55,KEDW,101320.8,28.4,3.3,93978.9,302.02,1.08401
2025-07-28 03:55,KEDW,101388.5,25.8,5.4,94041.7,299.42,1.09416
2025-07-28 04:55,KEDW,101456.2,24.0,5.8,94104.5,297.62,1.10151
2025-07-28 05:55,KEDW,101456.2,22.6,5.9,94104.5,296.22,1.10672
2025-07-28 06:55,KEDW,101523.9,21.9,5.3,94167.3,295.52,1.11008
2025-07-28 07:55,KEDW,101490.1,21.6,6.7,94135.9,295.22,1.11084
2025-07-28 08:55,KEDW,101523.9,20.3,6.6,94167.3,293.92,1.11612
2025-07-28 09:55,KEDW,101523.9,18.3,6.5,94167.3,291.92,1.12377
2025-07-28 10:55,KEDW,101490.1,19.1,6.2,94135.9,292.72,1.12032
2025-07-28 11:55,KEDW,101490.1,17.3,5.6,94135.9,290.92,1.12726
2025-07-28 12:55,KEDW,101557.8,17.5,6.4,94198.7,291.12,1.12723
2025-07-28 13:55,KEDW,101625.5,18.5,7.3,94261.6,292.12,1.12412
2025-07-28 14:55,KEDW,101659.4,21.7,7.9,94293.0,295.32,1.11231
2025-07-28 15:55,KEDW,101693.3,24.6,8.1,94324.4,298.22,1.10186
2025-07-28 16:55,KEDW,101693.3,26.9,6.8,94324.4,300.52,1.09343
2025-07-28 17:55,KEDW,101659.4,29.4,4.8,94293.0,303.02,1.08405
2025-07-28 18:55,KEDW,101625.5,32.0,-3.4,94261.6,305.62,1.07447
2025-07-28 19:55,KEDW,101557.8,34.1,-4.9,94198.7,307.72,1.06642
2025-07-28 20:55,KEDW,101523.9,35.7,-12.6,94167.3,309.32,1.06055
2025-07-28 21:55,KEDW,101456.2,36.4,-7.0,94104.5,310.02,1.05745
2025-07-28 22:55,KEDW,101422.4,36.9,-6.6,94073.1,310.52,1.05540
2025-07-28 23:55,KEDW,101388.5,36.7,-6.8,94041.7,310.32,1.05573
2025-07-29 00:55,KEDW,101388.5,34.6,-2.9,94041.7,308.22,1.06292
2025-07-29 01:55,KEDW,101388.5,32.2,3.2,94041.7,305.82,1.07126
2025-07-29 02:55,KEDW,101456.2,28.8,6.2,94104.5,302.42,1.08403
2025-07-29 03:55,KEDW,101557.8,26.3,7.8,94198.7,299.92,1.09416
2025-07-29 04:55,KEDW,101625.5,24.5,8.4,94261.6,298.12,1.10150
2025-07-29 05:55,KEDW,101625.5,23.7,6.9,94261.6,297.32,1.10446
2025-07-29 06:55,KEDW,101591.7,22.5,5.4,94230.1,296.12,1.10857
2025-07-29 07:55,KEDW,101625.5,21.9,4.9,94261.6,295.52,1.11119
2025-07-29 08:55,KEDW,101625.5,21.6,3.3,94261.6,295.22,1.11232
2025-07-29 09:55,KEDW,101625.5,21.5,3.2,94261.6,295.12,1.11270
2025-07-29 10:55,KEDW,101625.5,20.2,4.2,94261.6,293.82,1.11762
2025-07-29 11:55,KEDW,101625.5,19.5,5.9,94261.6,293.12,1.12029
2025-07-29 12:55,KEDW,101693.3,18.9,6.4,94324.4,292.52,1.12333
2025-07-29 13:55,KEDW,101727.1,19.6,6.3,94355.8,293.22,1.12103
2025-07-29 14:55,KEDW,101761.0,22.9,7.8,94387.2,296.52,1.10892
2025-07-29 15:55,KEDW,101761.0,26.8,7.3,94387.2,300.42,1.09452
2025-07-29 16:55,KEDW,101761.0,30.0,4.6,94387.2,303.62,1.08299
2025-07-29 17:55,KEDW,101727.1,32.0,3.0,94355.8,305.62,1.07554
2025-07-29 18:55,KEDW,101693.3,33.4,2.2,94324.4,307.02,1.07028
2025-07-29 19:55,KEDW,101625.5,34.9,-1.3,94261.6,308.52,1.06437
2025-07-29 20:55,KEDW,101557.8,36.9,-2.8,94198.7,310.52,1.05681
2025-07-29 21:55,KEDW,101523.9,37.2,-6.4,94167.3,310.82,1.05544
2025-07-29 22:59,KEDW,101422.4,37.0,0.0,94073.1,310.62,1.05506
2025-07-29 23:55,KEDW,101422.4,35.7,5.0,94073.1,309.32,1.05949
2025-07-30 00:55,KEDW,101422.4,33.5,5.1,94073.1,307.12,1.06708
2025-07-30 01:55,KEDW,101456.2,32.3,4.9,94104.5,305.92,1.07163
2025-07-30 02:55,KEDW,101490.1,30.1,4.7,94135.9,303.72,1.07975
2025-07-30 03:55,KEDW,101557.8,28.0,4.9,94198.7,301.62,1.08799
2025-07-30 04:55,KEDW,101591.7,26.2,5.7,94230.1,299.82,1.09489
2025-07-30 05:55,KEDW,101557.8,24.5,5.8,94198.7,298.12,1.10077
2025-07-30 06:55,KEDW,101557.8,24.1,5.4,94198.7,297.72,1.10224
2025-07-30 07:55,KEDW,101523.9,22.0,5.0,94167.3,295.62,1.10970
2025-07-30 08:55,KEDW,101490.1,21.9,4.9,94135.9,295.52,1.10971
2025-07-30 09:55,KEDW,101490.1,21.1,5.0,94135.9,294.72,1.11272
2025-07-30 10:55,KEDW,101490.1,21.8,5.2,94135.9,295.42,1.11009
2025-07-30 11:55,KEDW,101490.1,21.1,7.0,94135.9,294.72,1.11272
2025-07-30 12:55,KEDW,101523.9,20.6,6.5,94167.3,294.22,1.11498
2025-07-30 13:55,KEDW,101557.8,21.2,6.3,94198.7,294.82,1.11309
2025-07-30 14:55,KEDW,101591.7,24.7,6.9,94230.1,298.32,1.10039
2025-07-30 15:55,KEDW,101591.7,28.2,5.7,94230.1,301.82,1.08763
2025-07-30 16:55,KEDW,101591.7,30.7,4.4,94230.1,304.32,1.07870
2025-07-30 17:55,KEDW,101591.7,31.8,1.9,94230.1,305.42,1.07481
2025-07-30 18:55,KEDW,101523.9,33.5,0.2,94167.3,307.12,1.06815
2025-07-30 19:55,KEDW,101456.2,34.8,-4.3,94104.5,308.42,1.06294
2025-07-30 20:55,KEDW,101388.5,36.5,-6.9,94041.7,310.12,1.05641
2025-07-30 21:55,KEDW,101354.6,36.5,-3.1,94010.3,310.12,1.05605
2025-07-30 22:55,KEDW,101320.8,36.4,-4.9,93978.9,310.02,1.05604
2025-07-30 23:55,KEDW,101286.9,35.9,-3.5,93947.5,309.52,1.05739
2025-07-31 00:55,KEDW,101286.9,35.0,-4.2,93947.5,308.62,1.06048
2025-07-31 01:55,KEDW,101320.8,33.0,-4.1,93978.9,306.62,1.06775
2025-07-31 02:55,KEDW,101320.8,30.9,-0.7,93978.9,304.52,1.07512
2025-07-31 03:55,KEDW,101388.5,29.2,-0.1,94041.7,302.82,1.08187
2025-07-31 04:55,KEDW,101422.4,26.3,4.7,94073.1,299.92,1.09270
2025-07-31 05:55,KEDW,101422.4,25.0,4.7,94073.1,298.62,1.09746
2025-07-31 06:55,KEDW,101422.4,23.3,3.8,94073.1,296.92,1.10374
2025-07-31 07:55,KEDW,101422.4,23.2,2.6,94073.1,296.82,1.10411
2025-07-31 08:55,KEDW,101422.4,22.0,2.1,94073.1,295.62,1.10859
2025-07-31 09:55,KEDW,101422.4,20.7,3.0,94073.1,294.32,1.11349
2025-07-31 10:55,KEDW,101456.2,20.3,3.1,94104.5,293.92,1.11538
2025-07-31 11:55,KEDW,101456.2,18.4,3.1,94104.5,292.02,1.12264
2025-07-31 12:55,KEDW,101490.1,18.5,3.1,94135.9,292.12,1.12263
2025-07-31 13:55,KEDW,101557.8,19.0,3.6,94198.7,292.62,1.12146
2025-07-31 14:55,KEDW,101625.5,23.2,3.2,94261.6,296.82,1.10632
2025-07-31 15:55,KEDW,101625.5,27.6,1.9,94261.6,301.22,1.09016
2025-07-31 16:55,KEDW,101659.4,29.4,0.0,94293.0,303.02,1.08405
2025-07-31 17:55,KEDW,101625.5,31.4,-3.9,94261.6,305.02,1.07658
2025-07-31 18:55,KEDW,101591.7,33.0,-5.7,94230.1,306.62,1.07061
2025-07-31 19:55,KEDW,101557.8,35.1,-7.9,94198.7,308.72,1.06297
2025-07-31 20:55,KEDW,101490.1,36.1,-15.8,94135.9,309.72,1.05883
2025-07-31 21:55,KEDW,101422.4,37.1,-20.0,94073.1,310.72,1.05472
2025-07-31 22:55,KEDW,101354.6,38.2,-8.1,94010.3,311.82,1.05030
2025-07-31 23:55,KEDW,101354.6,37.4,-2.4,94010.3,311.02,1.05300
2025-08-01 00:55,KEDW,101354.6,35.7,-0.7,94010.3,309.32,1.05879
2025-08-01 01:55,KEDW,101388.5,33.6,1.4,94041.7,307.22,1.06638
2025-08-01 02:55,KEDW,101422.4,30.6,2.7,94073.1,304.22,1.07725
2025-08-01 03:55,KEDW,101523.9,28.0,2.9,94167.3,301.62,1.08763
2025-08-01 04:55,KEDW,101591.7,26.1,2.7,94230.1,299.72,1.09525
2025-08-01 05:55,KEDW,101625.5,24.7,2.8,94261.6,298.32,1.10076
2025-08-01 06:55,KEDW,101625.5,24.2,2.3,94261.6,297.82,1.10261
2025-08-01 07:55,KEDW,101625.5,22.2,2.8,94261.6,295.82,1.11006
2025-08-01 08:55,KEDW,101625.5,21.2,2.0,94261.6,294.82,1.11383
2025-08-01 09:55,KEDW,101591.7,21.5,1.7,94230.1,295.12,1.11233
2025-08-01 10:55,KEDW,101625.5,19.3,1.7,94261.6,292.92,1.12105
2025-08-01 11:55,KEDW,101625.5,20.5,1.4,94261.6,294.12,1.11648
2025-08-01 12:55,KEDW,101659.4,20.2,1.1,94293.0,293.82,1.11799
2025-08-01 13:55,KEDW,101727.1,19.6,1.1,94355.8,293.22,1.12103
2025-08-01 14:55,KEDW,101794.9,24.1,1.7,94418.6,297.72,1.10482
2025-08-01 15:55,KEDW,101828.7,27.9,2.1,94450.0,301.52,1.09126
2025-08-01 16:55,KEDW,101828.7,30.9,-0.7,94450.0,304.52,1.08051
2025-08-01 17:55,KEDW,101828.7,32.7,-4.3,94450.0,306.32,1.07416
2025-08-01 18:55,KEDW,101794.9,34.4,-3.1,94418.6,308.02,1.06787
2025-08-01 19:55,KEDW,101727.1,35.8,-7.4,94355.8,309.42,1.06233
2025-08-01 20:55,KEDW,101727.1,37.2,-11.6,94355.8,310.82,1.05755
2025-08-01 21:55,KEDW,101625.5,37.7,-11.2,94261.6,311.32,1.05480
2025-08-01 22:55,KEDW,101591.7,37.8,-8.3,94230.1,311.42,1.05411
2025-08-01 23:55,KEDW,101591.7,36.8,-1.3,94230.1,310.42,1.05750
2025-08-02 00:55,KEDW,101591.7,34.9,3.4,94230.1,308.52,1.06401
2025-08-02 01:55,KEDW,101659.4,32.9,3.7,94293.0,306.52,1.07167
2025-08-02 02:55,KEDW,101693.3,30.1,5.4,94324.4,303.72,1.08191
2025-08-02 03:55,KEDW,101761.0,28.2,6.9,94387.2,301.82,1.08945
2025-08-02 04:55,KEDW,101828.7,26.8,5.7,94450.0,300.42,1.09525
2025-08-02 05:55,KEDW,101862.6,25.9,4.9,94481.4,299.52,1.09891
2025-08-02 06:55,KEDW,101862.6,24.4,5.2,94481.4,298.02,1.10444
2025-08-02 07:55,KEDW,101862.6,23.5,7.1,94481.4,297.12,1.10778
2025-08-02 08:55,KEDW,101828.7,23.3,5.7,94450.0,296.92,1.10816
2025-08-02 09:55,KEDW,101828.7,22.7,6.0,94450.0,296.32,1.11041
2025-08-02 10:55,KEDW,101828.7,21.1,4.6,94450.0,294.72,1.11643
2025-08-02 11:55,KEDW,101862.6,19.4,4.3,94481.4,293.02,1.12329
2025-08-02 12:55,KEDW,101862.6,18.4,4.6,94481.4,292.02,1.12713
2025-08-02 13:55,KEDW,101896.4,20.0,5.2,94512.8,293.62,1.12136
2025-08-02 14:55,KEDW,101930.3,23.3,7.0,94544.2,296.92,1.10927
2025-08-02 15:55,KEDW,101896.4,28.4,6.5,94512.8,302.02,1.09017
2025-08-02 16:55,KEDW,101896.4,31.9,2.0,94512.8,305.52,1.07769
2025-08-02 17:55,KEDW,101896.4,33.4,-1.1,94512.8,307.02,1.07242
2025-08-02 18:55,KEDW,101862.6,35.3,-4.0,94481.4,308.92,1.06547
2025-08-02 19:55,KEDW,101794.9,36.6,-4.8,94418.6,310.22,1.06030
2025-08-02 20:55,KEDW,101727.1,37.3,-4.3,94355.8,310.92,1.05721
2025-08-02 21:55,KEDW,101659.4,38.1,-3.7,94293.0,311.72,1.05379
2025-08-02 22:55,KEDW,101591.7,39.2,-7.4,94230.1,312.82,1.04939
2025-08-02 23:55,KEDW,101557.8,38.0,-8.2,94198.7,311.62,1.05308
2025-08-03 00:55,KEDW,101523.9,36.5,-6.9,94167.3,310.12,1.05782
2025-08-03 01:55,KEDW,101523.9,34.2,-1.8,94167.3,307.82,1.06572
2025-08-03 02:55,KEDW,101557.8,31.4,-0.4,94198.7,305.02,1.07586
2025-08-03 03:55,KEDW,101659.4,29.6,1.1,94293.0,303.22,1.08333
2025-08-03 04:55,KEDW,101693.3,26.8,3.9,94324.4,300.42,1.09379
2025-08-03 05:55,KEDW,101693.3,25.1,4.2,94324.4,298.72,1.10002
2025-08-03 06:55,KEDW,101693.3,24.3,4.6,94324.4,297.92,1.10297
2025-08-03 07:55,KEDW,101659.4,23.6,4.0,94293.0,297.22,1.10520
2025-08-03 08:55,KEDW,101625.5,23.0,4.5,94261.6,296.62,1.10707
2025-08-03 09:55,KEDW,101625.5,22.4,5.8,94261.6,296.02,1.10931
2025-08-03 10:55,KEDW,101591.7,21.6,4.6,94230.1,295.22,1.11195
2025-08-03 11:55,KEDW,101591.7,21.1,7.0,94230.1,294.72,1.11384
2025-08-03 12:55,KEDW,101625.5,20.7,5.9,94261.6,294.32,1.11572
2025-08-03 13:55,KEDW,101625.5,21.0,5.3,94261.6,294.62,1.11459
2025-08-03 14:55,KEDW,101659.4,24.8,6.0,94293.0,298.42,1.10076
2025-08-03 15:55,KEDW,101625.5,28.8,4.3,94261.6,302.42,1.08584
2025-08-03 16:55,KEDW,101625.5,31.9,-1.1,94261.6,305.52,1.07482
2025-08-03 17:55,KEDW,101557.8,33.7,-2.2,94198.7,307.32,1.06781
2025-08-03 18:55,KEDW,101523.9,35.4,-5.7,94167.3,309.02,1.06158
2025-08-03 19:55,KEDW,101490.1,36.8,-4.7,94135.9,310.42,1.05644
2025-08-03 20:55,KEDW,101388.5,38.3,-8.0,94041.7,311.92,1.05031
2025-08-03 21:55,KEDW,101320.8,39.2,-13.8,93978.9,312.82,1.04659
2025-08-03 22:55,KEDW,101253.0,38.9,-18.9,93916.0,312.52,1.04689
2025-08-03 23:55,KEDW,101253.0,37.7,-8.4,93916.0,311.32,1.05093
2025-08-04 00:55,KEDW,101253.0,35.7,-7.5,93916.0,309.32,1.05772
2025-08-04 01:55,KEDW,101253.0,34.2,-6.5,93916.0,307.82,1.06288
2025-08-04 02:55,KEDW,101320.8,31.3,-5.4,93978.9,304.92,1.07371
2025-08-04 03:55,KEDW,101354.6,29.1,-3.2,94010.3,302.72,1.08187
2025-08-04 04:55,KEDW,101354.6,26.6,-1.3,94010.3,300.22,1.09088
2025-08-04 05:55,KEDW,101354.6,26.2,-1.6,94010.3,299.82,1.09233
2025-08-04 06:55,KEDW,101354.6,24.2,-1.6,94010.3,297.82,1.09967
2025-08-04 07:55,KEDW,101354.6,22.6,-0.8,94010.3,296.22,1.10561
2025-08-04 08:55,KEDW,101320.8,23.6,-0.7,93978.9,297.22,1.10152
2025-08-04 09:55,KEDW,101320.8,21.7,1.9,93978.9,295.32,1.10861
2025-08-04 10:55,KEDW,101286.9,21.6,5.5,93947.5,295.22,1.10861
2025-08-04 11:55,KEDW,101320.8,21.2,4.3,93978.9,294.82,1.11049
2025-08-04 12:55,KEDW,101354.6,20.3,4.7,94010.3,293.92,1.11426
2025-08-04 13:55,KEDW,101388.5,21.7,3.8,94041.7,295.32,1.10935
2025-08-04 14:55,KEDW,101422.4,24.4,1.3,94073.1,298.02,1.09967
2025-08-04 15:55,KEDW,101422.4,27.9,-0.3,94073.1,301.52,1.08690
2025-08-04 16:55,KEDW,101388.5,30.9,-3.0,94041.7,304.52,1.07583
2025-08-04 17:55,KEDW,101354.6,32.4,-4.6,94010.3,306.02,1.07020
2025-08-04 18:55,KEDW,101354.6,33.7,-3.6,94010.3,307.32,1.06568
2025-08-04 19:55,KEDW,101320.8,34.6,-4.5,93978.9,308.22,1.06221
2025-08-04 20:55,KEDW,101286.9,34.9,-6.0,93947.5,308.52,1.06082
2025-08-04 21:55,KEDW,101219.2,34.6,-6.2,93884.6,308.22,1.06114
2025-08-04 22:55,KEDW,101185.3,34.4,-6.4,93853.2,308.02,1.06148
2025-08-04 23:55,KEDW,101185.3,33.4,-2.4,93853.2,307.02,1.06494
2025-08-05 00:55,KEDW,101185.3,31.7,-5.1,93853.2,305.32,1.07086
2025-08-05 01:55,KEDW,101219.2,30.5,-3.3,93884.6,304.12,1.07545
2025-08-05 02:55,KEDW,101253.0,28.3,-1.8,93916.0,301.92,1.08365
2025-08-05 03:55,KEDW,101320.8,26.9,-1.1,93978.9,300.52,1.08943
2025-08-05 04:55,KEDW,101354.6,25.6,-0.5,94010.3,299.22,1.09452
2025-08-05 05:55,KEDW,101388.5,24.2,-0.9,94041.7,297.82,1.10004
2025-08-05 06:55,KEDW,101388.5,22.9,0.0,94041.7,296.52,1.10486
2025-08-05 07:55,KEDW,101354.6,22.2,0.1,94010.3,295.82,1.10710
2025-08-05 08:55,KEDW,101354.6,21.3,1.0,94010.3,294.92,1.11048
2025-08-05 09:55,KEDW,101388.5,20.6,0.9,94041.7,294.22,1.11350
2025-08-05 10:55,KEDW,101388.5,20.9,2.2,94041.7,294.52,1.11236
2025-08-05 11:55,KEDW,101422.4,20.7,4.3,94073.1,294.32,1.11349
2025-08-05 12:55,KEDW,101456.2,19.4,5.1,94104.5,293.02,1.11880
2025-08-05 14:55,KEDW,101591.7,22.9,5.3,94230.1,296.52,1.10707
2025-08-05 15:55,KEDW,101625.5,26.8,3.9,94261.6,300.42,1.09307
2025-08-05 16:55,KEDW,101625.5,29.4,1.8,94261.6,303.02,1.08369
2025-08-05 17:55,KEDW,101625.5,31.7,-0.1,94261.6,305.32,1.07552
2025-08-05 18:55,KEDW,101557.8,34.1,-1.9,94198.7,307.72,1.06642
2025-08-05 19:55,KEDW,101523.9,35.9,-3.5,94167.3,309.52,1.05987
2025-08-05 20:55,KEDW,101456.2,36.8,-4.7,94104.5,310.42,1.05609
2025-08-05 21:55,KEDW,101388.5,37.6,-4.1,94041.7,311.22,1.05267
2025-08-05 22:55,KEDW,101354.6,37.6,-2.3,94010.3,311.22,1.05232
2025-08-05 23:55,KEDW,101354.6,37.0,0.3,94010.3,310.62,1.05435
2025-08-06 00:55,KEDW,101354.6,35.3,3.7,94010.3,308.92,1.06016
2025-08-06 01:55,KEDW,101388.5,33.2,4.0,94041.7,306.82,1.06777
2025-08-06 02:55,KEDW,101456.2,30.6,5.8,94104.5,304.22,1.07761
2025-08-06 03:55,KEDW,101557.8,28.6,4.1,94198.7,302.22,1.08583
2025-08-06 04:55,KEDW,101659.4,26.6,2.5,94293.0,300.22,1.09416
2025-08-06 05:55,KEDW,101659.4,25.5,3.4,94293.0,299.12,1.09818
2025-08-06 06:55,KEDW,101659.4,25.2,3.2,94293.0,298.82,1.09929
2025-08-06 07:55,KEDW,101659.4,24.2,1.7,94293.0,297.82,1.10298
2025-08-06 08:55,KEDW,101625.5,21.7,3.4,94261.6,295.32,1.11194
2025-08-06 09:55,KEDW,101659.4,20.7,2.5,94293.0,294.32,1.11609
2025-08-06 10:55,KEDW,101659.4,18.9,2.3,94293.0,292.52,1.12296
2025-08-06 11:55,KEDW,101659.4,19.4,0.4,94293.0,293.02,1.12104
2025-08-06 12:55,KEDW,101727.1,18.9,0.9,94355.8,292.52,1.12371
2025-08-06 13:55,KEDW,101761.0,20.8,2.1,94387.2,294.42,1.11683
2025-08-06 14:55,KEDW,101794.9,23.7,2.5,94418.6,297.32,1.10630
2025-08-06 15:55,KEDW,101794.9,27.6,1.1,94418.6,301.22,1.09198
2025-08-06 16:55,KEDW,101794.9,31.5,-1.4,94418.6,305.12,1.07802
2025-08-06 19:55,KEDW,101727.1,37.5,-8.5,94355.8,311.12,1.05653
2025-08-06 20:55,KEDW,101659.4,38.1,-14.5,94293.0,311.72,1.05379
2025-08-06 21:55,KEDW,101591.7,39.5,-18.5,94230.1,313.12,1.04838
2025-08-06 22:55,KEDW,101523.9,39.3,-13.7,94167.3,312.92,1.04835
2025-08-06 23:55,KEDW,101490.1,38.4,-7.9,94135.9,312.02,1.05103
2025-08-07 00:55,KEDW,101490.1,36.9,-4.6,94135.9,310.52,1.05610
2025-08-07 01:55,KEDW,101388.5,30.6,2.7,94041.7,304.22,1.07690
2025-08-07 03:55,KEDW,101422.4,29.5,7.6,94073.1,303.12,1.08116
2025-08-07 04:55,KEDW,101456.2,28.3,5.1,94104.5,301.92,1.08582
2025-08-07 05:55,KEDW,101659.4,27.2,1.6,94293.0,300.82,1.09198
2025-08-07 06:55,KEDW,101659.4,26.5,3.0,94293.0,300.12,1.09452
2025-08-07 07:55,KEDW,101659.4,25.9,4.4,94293.0,299.52,1.09672
2025-08-07 08:55,KEDW,101625.5,25.6,3.5,94261.6,299.22,1.09745
2025-08-07 09:55,KEDW,101625.5,23.4,3.3,94261.6,297.02,1.10558
2025-08-07 10:55,KEDW,101625.5,21.6,2.3,94261.6,295.22,1.11232
2025-08-07 11:55,KEDW,101625.5,21.7,1.9,94261.6,295.32,1.11194
2025-08-07 12:55,KEDW,101625.5,20.5,1.4,94261.6,294.12,1.11648
2025-08-07 13:55,KEDW,101659.4,20.7,1.5,94293.0,294.32,1.11609
2025-08-07 14:55,KEDW,101693.3,25.7,2.4,94324.4,299.32,1.09781
2025-08-07 15:55,KEDW,101693.3,30.3,2.5,94324.4,303.92,1.08120
2025-08-07 16:55,KEDW,101659.4,32.4,2.4,94293.0,306.02,1.07342
2025-08-07 17:55,KEDW,101659.4,34.4,-1.6,94293.0,308.02,1.06645
2025-08-07 18:55,KEDW,101625.5,37.0,-6.5,94261.6,310.62,1.05717
2025-08-07 19:55,KEDW,101557.8,39.0,-26.6,94198.7,312.62,1.04971
2025-08-07 20:55,KEDW,101490.1,39.6,-26.3,94135.9,313.22,1.04700
2025-08-07 21:55,KEDW,101422.4,40.1,-26.0,94073.1,313.72,1.04463
2025-08-07 22:55,KEDW,101456.2,,,94104.5,,
2025-08-07 23:55,KEDW,101286.9,39.8,-13.4,93947.5,313.42,1.04424
2025-08-08 00:55,KEDW,101286.9,38.2,-5.7,93947.5,311.82,1.04959
2025-08-08 01:55,KEDW,101286.9,35.2,-1.0,93947.5,308.82,1.05979
2025-08-08 02:55,KEDW,101320.8,32.4,0.4,93978.9,306.02,1.06985
2025-08-08 03:55,KEDW,101388.5,30.0,-0.4,94041.7,303.62,1.07902
2025-08-08 04:55,KEDW,101456.2,28.6,-0.6,94104.5,302.22,1.08475
2025-08-08 05:55,KEDW,101422.4,28.3,0.1,94073.1,301.92,1.08546
2025-08-08 06:55,KEDW,101422.4,26.5,-0.6,94073.1,300.12,1.09197
2025-08-08 07:55,KEDW,101388.5,25.2,-2.4,94041.7,298.82,1.09636
2025-08-08 08:55,KEDW,101388.5,23.8,-1.2,94041.7,297.42,1.10152
2025-08-08 09:55,KEDW,101354.6,22.1,-0.6,94010.3,295.72,1.10748
2025-08-08 10:55,KEDW,101354.6,22.1,-1.3,94010.3,295.72,1.10748
2025-08-08 11:55,KEDW,101320.8,21.6,-1.0,93978.9,295.22,1.10898
2025-08-08 12:55,KEDW,101354.6,19.5,-2.2,94010.3,293.12,1.11730
2025-08-08 13:55,KEDW,101388.5,21.0,1.8,94041.7,294.62,1.11199
2025-08-08 14:55,KEDW,101422.4,24.3,1.8,94073.1,297.92,1.10004
2025-08-08 15:55,KEDW,101422.4,29.6,2.7,94073.1,303.22,1.08081
2025-08-08 16:55,KEDW,101388.5,33.2,2.1,94041.7,306.82,1.06777
2025-08-08 17:55,KEDW,101388.5,35.5,-0.8,94041.7,309.12,1.05982
2025-08-08 18:55,KEDW,101354.6,38.2,-10.9,94010.3,311.82,1.05030
2025-08-08 19:55,KEDW,101286.9,39.0,-18.8,93947.5,312.62,1.04691
2025-08-08 20:55,KEDW,101253.0,39.9,-26.1,93916.0,313.52,1.04355
2025-08-08 21:55,KEDW,101219.2,39.8,-18.3,93884.6,313.42,1.04354
2025-08-08 22:55,KEDW,101185.3,39.0,-10.4,93853.2,312.62,1.04586
2025-08-08 23:55,KEDW,101151.4,38.4,-5.5,93821.8,312.02,1.04752
2025-08-09 00:55,KEDW,101117.6,37.4,-6.3,93790.4,311.02,1.05054
2025-08-09 01:55,KEDW,101151.4,35.5,-5.6,93821.8,309.12,1.05735
2025-08-09 02:55,KEDW,101219.2,32.6,-3.0,93884.6,306.22,1.06807
2025-08-09 03:55,KEDW,101253.0,30.3,2.5,93916.0,303.92,1.07652
2025-08-09 04:55,KEDW,101320.8,28.8,4.3,93978.9,302.42,1.08258
2025-08-09 05:55,KEDW,101354.6,27.6,6.4,94010.3,301.22,1.08726
2025-08-09 06:55,KEDW,101354.6,26.6,5.5,94010.3,300.22,1.09088
2025-08-09 07:55,KEDW,101354.6,25.1,5.3,94010.3,298.72,1.09636
2025-08-09 08:55,KEDW,101320.8,25.2,4.3,93978.9,298.82,1.09562
2025-08-09 09:55,KEDW,101320.8,24.2,4.5,93978.9,297.82,1.09930
2025-08-09 10:55,KEDW,101286.9,22.1,4.2,93947.5,295.72,1.10674
2025-08-09 11:55,KEDW,101320.8,20.5,3.7,93978.9,294.12,1.11313
2025-08-09 12:55,KEDW,101354.6,18.3,3.0,94010.3,291.92,1.12190
2025-08-09 13:55,KEDW,101388.5,22.4,4.4,94041.7,296.02,1.10673
2025-08-09 14:55,KEDW,101456.2,26.4,4.8,94104.5,300.02,1.09270
2025-08-09 15:55,KEDW,101456.2,29.3,4.7,94104.5,302.92,1.08224
2025-08-09 16:55,KEDW,101422.4,33.6,3.4,94073.1,307.22,1.06674
2025-08-09 17:55,KEDW,101422.4,35.3,-2.4,94073.1,308.92,1.06086
2025-08-09 18:55,KEDW,101388.5,37.0,-6.5,94041.7,310.62,1.05471
2025-08-09 19:55,KEDW,101320.8,39.4,-10.1,93978.9,313.02,1.04592
2025-08-09 20:55,KEDW,101219.2,40.7,-6.3,93884.6,314.32,1.04055
2025-08-09 21:55,KEDW,101185.3,41.2,-3.6,93853.2,314.82,1.03855
2025-08-09 22:55,KEDW,101117.6,40.9,-1.7,93790.4,314.52,1.03885
2025-08-09 23:55,KEDW,101083.7,40.4,-2.1,93759.0,314.02,1.04015
2025-08-10 00:55,KEDW,101049.8,39.1,-1.2,93727.6,312.72,1.04412
2025-08-10 01:55,KEDW,101083.7,36.7,-1.4,93759.0,310.32,1.05255
2025-08-10 02:55,KEDW,101151.4,33.6,-0.9,93821.8,307.22,1.06389
2025-08-10 03:55,KEDW,101219.2,31.1,0.4,93884.6,304.72,1.07333
2025-08-10 04:55,KEDW,101286.9,29.1,0.7,93947.5,302.72,1.08115
2025-08-10 05:55,KEDW,101320.8,27.9,0.6,93978.9,301.52,1.08581
2025-08-10 06:55,KEDW,101320.8,27.1,0.7,93978.9,300.72,1.08870
2025-08-10 07:55,KEDW,101320.8,26.5,2.4,93978.9,300.12,1.09088
2025-08-10 08:55,KEDW,101354.6,26.2,2.8,94010.3,299.82,1.09233
2025-08-10 09:55,KEDW,101354.6,24.0,2.7,94010.3,297.62,1.10041
2025-08-10 10:55,KEDW,101354.6,23.6,3.0,94010.3,297.22,1.10189
2025-08-10 11:55,KEDW,101388.5,24.8,4.0,94041.7,298.42,1.09783
2025-08-10 12:55,KEDW,101422.4,23.2,3.2,94073.1,296.82,1.10411
2025-08-10 13:55,KEDW,101490.1,21.8,2.5,94135.9,295.42,1.11009
2025-08-10 14:55,KEDW,101523.9,26.4,3.6,94167.3,300.02,1.09343
2025-08-10 15:55,KEDW,101523.9,31.2,2.4,94167.3,304.82,1.07621
2025-08-10 16:55,KEDW,101523.9,34.4,0.9,94167.3,308.02,1.06503
2025-08-10 17:55,KEDW,101523.9,37.8,-3.9,94167.3,311.42,1.05340
2025-08-10 18:55,KEDW,101490.1,39.9,-4.5,94135.9,313.52,1.04600
2025-08-10 19:55,KEDW,101422.4,41.2,-1.5,94073.1,314.82,1.04098
2025-08-10 20:55,KEDW,101354.6,41.5,-1.3,94010.3,315.12,1.03930
2025-08-10 21:55,KEDW,101320.8,42.0,-3.0,93978.9,315.62,1.03730
2025-08-10 22:55,KEDW,101219.2,42.1,-2.9,93884.6,315.72,1.03594
2025-08-10 23:55,KEDW,101185.3,41.2,-3.6,93853.2,314.82,1.03855
2025-08-11 00:55,KEDW,101219.2,39.6,-2.6,93884.6,313.22,1.04420
2025-08-11 01:55,KEDW,101253.0,37.7,-2.2,93916.0,311.32,1.05093
2025-08-11 02:55,KEDW,101286.9,35.6,0.6,93947.5,309.22,1.05842
2025-08-11 03:55,KEDW,101354.6,32.7,0.7,94010.3,306.32,1.06916
2025-08-11 04:55,KEDW,101422.4,30.3,0.8,94073.1,303.92,1.07832
2025-08-11 05:55,KEDW,101422.4,28.5,1.9,94073.1,302.12,1.08474
2025-08-11 06:55,KEDW,101456.2,27.4,3.8,94104.5,301.02,1.08907
2025-08-11 07:55,KEDW,101456.2,26.8,5.1,94104.5,300.42,1.09125
2025-08-11 08:55,KEDW,101422.4,25.7,5.8,94073.1,299.32,1.09489
2025-08-11 09:55,KEDW,101422.4,26.0,5.0,94073.1,299.62,1.09379
2025-08-11 10:55,KEDW,101422.4,24.1,6.4,94073.1,297.72,1.10077
2025-08-11 11:55,KEDW,101422.4,25.3,5.5,94073.1,298.92,1.09636
2025-08-11 12:55,KEDW,101456.2,24.2,5.0,94104.5,297.82,1.10077
2025-08-11 13:55,KEDW,101490.1,23.4,5.8,94135.9,297.02,1.10411
2025-08-11 14:55,KEDW,101523.9,27.0,7.4,94167.3,300.62,1.09125
2025-08-11 15:55,KEDW,101523.9,31.6,7.3,94167.3,305.22,1.07480
2025-08-11 16:55,KEDW,101523.9,35.3,4.7,94167.3,308.92,1.06193
2025-08-11 17:55,KEDW,101490.1,36.2,2.3,94135.9,309.82,1.05849
2025-08-11 18:55,KEDW,101456.2,38.8,-1.4,94104.5,312.42,1.04933
2025-08-11 19:55,KEDW,101388.5,39.3,-7.3,94041.7,312.92,1.04695
2025-08-11 20:55,KEDW,101320.8,40.8,-9.1,93978.9,314.42,1.04126
2025-08-11 21:55,KEDW,101253.0,41.8,-12.1,93916.0,315.42,1.03727
2025-08-11 22:55,KEDW,101151.4,41.8,-12.1,93821.8,315.42,1.03623
2025-08-11 23:55,KEDW,101117.6,41.9,-3.1,93790.4,315.52,1.03555
2025-08-12 00:55,KEDW,101083.7,39.9,1.0,93759.0,313.52,1.04181
2025-08-12 01:55,KEDW,101117.6,36.9,2.8,93790.4,310.52,1.05223
2025-08-12 02:55,KEDW,101151.4,34.5,4.1,93821.8,308.12,1.06078
2025-08-12 03:55,KEDW,101219.2,33.1,4.8,93884.6,306.72,1.06633
2025-08-12 04:55,KEDW,101253.0,32.1,4.8,93916.0,305.72,1.07018
2025-08-12 05:55,KEDW,101253.0,30.2,2.4,93916.0,303.82,1.07687
2025-08-12 06:55,KEDW,101286.9,29.0,1.5,93947.5,302.62,1.08150
2025-08-12 07:55,KEDW,101286.9,28.3,3.2,93947.5,301.92,1.08401
2025-08-12 08:55,KEDW,101253.0,26.3,2.9,93916.0,299.92,1.09088
2025-08-12 09:55,KEDW,101219.2,27.5,5.1,93884.6,301.12,1.08616
2025-08-12 10:55,KEDW,101185.3,25.4,4.5,93853.2,299.02,1.09343
2025-08-12 11:55,KEDW,101219.2,25.4,5.6,93884.6,299.02,1.09379
2025-08-12 12:55,KEDW,101253.0,23.0,5.9,93916.0,296.62,1.10301
2025-08-12 13:55,KEDW,101286.9,23.5,5.8,93947.5,297.12,1.10152
2025-08-12 14:55,KEDW,101320.8,26.9,5.2,93978.9,300.52,1.08943
2025-08-12 15:55,KEDW,101320.8,31.3,4.1,93978.9,304.92,1.07371
2025-08-12 16:55,KEDW,101320.8,35.0,2.4,93978.9,308.62,1.06083
2025-08-12 17:55,KEDW,101320.8,37.7,-0.6,93978.9,311.32,1.05163
2025-08-12 18:55,KEDW,101286.9,39.4,-2.8,93947.5,313.02,1.04557
2025-08-12 19:55,KEDW,101219.2,40.1,-2.3,93884.6,313.72,1.04254
2025-08-12 20:58,KEDW,101185.3,41.0,-6.0,93853.2,314.62,1.03921
2025-08-12 21:55,KEDW,101117.6,41.9,-8.4,93790.4,315.52,1.03555
2025-08-12 22:55,KEDW,101083.7,41.4,-5.8,93759.0,315.02,1.03685
2025-08-12 23:55,KEDW,101049.8,40.8,-3.8,93727.6,314.42,1.03848
2025-08-13 00:55,KEDW,101049.8,39.2,-1.1,93727.6,312.82,1.04379
2025-08-13 01:55,KEDW,101049.8,37.2,0.5,93727.6,310.82,1.05051
2025-08-13 02:55,KEDW,101117.6,34.3,0.8,93790.4,307.92,1.06111
2025-08-13 03:55,KEDW,101185.3,32.0,1.1,93853.2,305.62,1.06981
2025-08-13 04:55,KEDW,101219.2,29.9,-0.5,93884.6,303.52,1.07758
2025-08-13 05:55,KEDW,101219.2,29.0,1.5,93884.6,302.62,1.08078
2025-08-13 06:55,KEDW,101219.2,27.6,4.6,93884.6,301.22,1.08580
2025-08-13 07:55,KEDW,101253.0,27.4,3.8,93916.0,301.02,1.08689
2025-08-13 08:55,KEDW,101219.2,26.3,2.2,93884.6,299.92,1.09051
2025-08-13 09:55,KEDW,101219.2,25.7,4.2,93884.6,299.32,1.09270
2025-08-13 10:55,KEDW,101219.2,24.8,5.0,93884.6,298.42,1.09599
2025-08-13 11:55,KEDW,101219.2,24.4,5.7,93884.6,298.02,1.09746
2025-08-13 12:55,KEDW,101253.0,23.8,6.1,93916.0,297.42,1.10004
2025-08-13 13:55,KEDW,101286.9,23.8,6.1,93947.5,297.42,1.10041
2025-08-13 14:55,KEDW,101320.8,27.7,5.9,93978.9,301.32,1.08653
2025-08-13 15:55,KEDW,101320.8,31.6,4.4,93978.9,305.22,1.07265
2025-08-13 16:55,KEDW,101320.8,34.4,3.0,93978.9,308.02,1.06290
2025-08-13 17:55,KEDW,101286.9,35.9,3.1,93947.5,309.52,1.05739
2025-08-13 18:55,KEDW,101253.0,37.4,0.6,93916.0,311.02,1.05194
2025-08-13 19:55,KEDW,101219.2,38.2,-1.8,93884.6,311.82,1.04889
2025-08-13 20:55,KEDW,101151.4,38.8,-3.2,93821.8,312.42,1.04618
2025-08-13 21:55,KEDW,101117.6,38.9,-3.1,93790.4,312.52,1.04549
2025-08-13 22:55,KEDW,101049.8,39.3,-13.7,93727.6,312.92,1.04346
2025-08-13 23:55,KEDW,101016.0,38.3,-14.4,93696.2,311.92,1.04645
2025-08-14 00:55,KEDW,101016.0,37.2,-19.9,93696.2,310.82,1.05016
2025-08-14 01:55,KEDW,101016.0,35.5,-9.9,93696.2,309.12,1.05593
2025-08-14 02:55,KEDW,101083.7,32.8,-9.5,93759.0,306.42,1.06595
2025-08-14 03:55,KEDW,101151.4,31.6,-10.4,93821.8,305.22,1.07086
2025-08-14 04:55,KEDW,101185.3,30.2,-9.4,93853.2,303.82,1.07615
2025-08-14 05:55,KEDW,101219.2,30.3,-2.3,93884.6,303.92,1.07616
2025-08-14 06:55,KEDW,101219.2,27.8,-1.2,93884.6,301.42,1.08508
2025-08-14 07:55,KEDW,101185.3,26.3,-1.5,93853.2,299.92,1.09015
2025-08-14 08:55,KEDW,101185.3,25.2,-0.8,93853.2,298.82,1.09416
2025-08-14 09:55,KEDW,101151.4,25.0,2.4,93821.8,298.62,1.09453
2025-08-14 10:55,KEDW,101151.4,24.9,4.1,93821.8,298.52,1.09489
2025-08-14 11:55,KEDW,101151.4,24.1,3.4,93821.8,297.72,1.09783
2025-08-14 12:55,KEDW,101185.3,23.3,4.3,93853.2,296.92,1.10116
2025-08-14 13:55,KEDW,101219.2,23.9,5.3,93884.6,297.52,1.09931
2025-08-14 14:55,KEDW,101253.0,26.9,4.6,93916.0,300.52,1.08870
2025-08-14 15:58,KEDW,101219.2,31.0,0.0,93884.6,304.62,1.07368
2025-08-14 16:55,KEDW,101219.2,32.8,-0.4,93884.6,306.42,1.06738
2025-08-14 17:55,KEDW,101185.3,34.9,-6.0,93853.2,308.52,1.05976
2025-08-14 18:55,KEDW,101151.4,36.3,-3.2,93821.8,309.92,1.05462
2025-08-14 19:55,KEDW,101083.7,37.6,-6.1,93759.0,311.22,1.04951
2025-08-14 20:55,KEDW,100982.1,38.9,-7.6,93664.8,312.52,1.04409
2025-08-14 21:55,KEDW,100948.3,39.2,-10.2,93633.4,312.82,1.04274
2025-08-14 22:55,KEDW,100914.4,38.1,-11.0,93601.9,311.72,1.04607
2025-08-14 23:55,KEDW,100914.4,37.7,-11.2,93601.9,311.32,1.04741
2025-08-15 00:55,KEDW,100880.5,36.0,-15.9,93570.5,309.62,1.05281
2025-08-15 01:55,KEDW,100914.4,33.8,-8.8,93601.9,307.42,1.06070
2025-08-15 02:55,KEDW,100982.1,31.3,-2.7,93664.8,304.92,1.07012
2025-08-15 03:55,KEDW,101016.0,28.3,6.9,93696.2,301.92,1.08111
2025-08-15 04:55,KEDW,101016.0,26.6,8.5,93696.2,300.22,1.08723
2025-08-15 05:55,KEDW,101049.8,25.9,5.5,93727.6,299.52,1.09014
2025-08-15 06:55,KEDW,101083.7,26.6,1.8,93759.0,300.22,1.08796
2025-08-15 07:55,KEDW,101083.7,25.0,4.1,93759.0,298.62,1.09379
2025-08-15 08:55,KEDW,101049.8,24.3,4.1,93727.6,297.92,1.09600
2025-08-15 09:55,KEDW,101083.7,22.9,6.2,93759.0,296.52,1.10154
2025-08-15 10:55,KEDW,101049.8,21.4,6.5,93727.6,295.02,1.10677
2025-08-15 11:55,KEDW,101083.7,20.7,7.0,93759.0,294.32,1.10977
2025-08-15 12:55,KEDW,101151.4,21.3,6.4,93821.8,294.92,1.10826
2025-08-15 13:55,KEDW,101151.4,21.2,8.5,93821.8,294.82,1.10863
2025-08-15 14:55,KEDW,101219.2,24.3,7.8,93884.6,297.92,1.09783
2025-08-15 15:55,KEDW,101253.0,27.4,7.3,93916.0,301.02,1.08689
2025-08-15 16:55,KEDW,101286.9,29.8,5.8,93947.5,303.42,1.07865
2025-08-15 17:55,KEDW,101320.8,30.0,3.8,93978.9,303.62,1.07830
2025-08-15 18:55,KEDW,101320.8,31.9,2.0,93978.9,305.52,1.07160
2025-08-15 19:55,KEDW,101286.9,33.8,1.5,93947.5,307.42,1.06462
2025-08-15 20:55,KEDW,101253.0,35.2,-1.0,93916.0,308.82,1.05944
2025-08-15 21:55,KEDW,101151.4,34.9,-1.3,93821.8,308.52,1.05940
2025-08-15 22:55,KEDW,101117.6,36.1,-0.4,93790.4,309.72,1.05495
2025-08-15 23:55,KEDW,101117.6,35.2,0.3,93790.4,308.82,1.05802
2025-08-16 00:55,KEDW,101117.6,33.4,1.2,93790.4,307.02,1.06422
2025-08-16 01:55,KEDW,101151.4,30.9,3.0,93821.8,304.52,1.07332
2025-08-16 02:55,KEDW,101185.3,27.9,7.2,93853.2,301.52,1.08436
2025-08-16 03:55,KEDW,101253.0,25.9,7.9,93916.0,299.52,1.09233
2025-08-16 04:55,KEDW,101354.6,24.9,7.9,94010.3,298.52,1.09709
2025-08-16 05:55,KEDW,101354.6,23.4,7.5,94010.3,297.02,1.10263
2025-08-16 06:55,KEDW,101354.6,22.4,8.8,94010.3,296.02,1.10636
2025-08-16 07:55,KEDW,101354.6,21.9,8.0,94010.3,295.52,1.10823
2025-08-16 08:55,KEDW,101354.6,20.7,7.3,94010.3,294.32,1.11275
2025-08-16 09:55,KEDW,101354.6,20.4,7.0,94010.3,294.02,1.11388
2025-08-16 10:55,KEDW,101354.6,19.8,8.5,94010.3,293.42,1.11616
2025-08-16 11:55,KEDW,101388.5,19.7,9.0,94041.7,293.32,1.11691
2025-08-16 12:55,KEDW,101422.4,19.8,9.7,94073.1,293.42,1.11691
2025-08-16 13:55,KEDW,101456.2,19.8,10.2,94104.5,293.42,1.11728
2025-08-16 14:55,KEDW,101523.9,22.2,9.7,94167.3,295.82,1.10895
2025-08-16 15:55,KEDW,101557.8,26.3,7.8,94198.7,299.92,1.09416
2025-08-16 16:55,KEDW,101557.8,29.2,6.5,94198.7,302.82,1.08368
2025-08-16 17:55,KEDW,101557.8,31.2,5.6,94198.7,304.82,1.07657
2025-08-16 18:55,KEDW,101523.9,32.8,4.5,94167.3,306.42,1.07059
2025-08-16 19:55,KEDW,101456.2,33.9,2.6,94104.5,307.52,1.06605
2025-08-16 20:55,KEDW,101388.5,35.2,2.6,94041.7,308.82,1.06085
2025-08-16 21:55,KEDW,101354.6,35.7,3.0,94010.3,309.32,1.05879
2025-08-16 22:55,KEDW,101320.8,35.1,4.6,93978.9,308.72,1.06049
2025-08-16 23:55,KEDW,101286.9,34.4,5.8,93947.5,308.02,1.06254
2025-08-17 00:55,KEDW,101286.9,32.9,6.9,93947.5,306.52,1.06774
2025-08-17 01:55,KEDW,101320.8,30.7,7.8,93978.9,304.32,1.07582
2025-08-17 02:55,KEDW,101354.6,27.9,10.1,94010.3,301.52,1.08618
2025-08-17 03:55,KEDW,101456.2,26.3,10.4,94104.5,299.92,1.09306
2025-08-17 05:55,KEDW,101490.1,23.9,10.9,94135.9,297.52,1.10225
2025-08-17 06:55,KEDW,101490.1,22.9,10.7,94135.9,296.52,1.10597
2025-08-17 07:55,KEDW,101456.2,22.7,10.8,94104.5,296.32,1.10634
2025-08-17 08:55,KEDW,101456.2,22.3,11.1,94104.5,295.92,1.10784
2025-08-17 09:55,KEDW,101456.2,21.4,13.0,94104.5,295.02,1.11122
2025-08-17 10:55,KEDW,101456.2,20.5,13.0,94104.5,294.12,1.11462
2025-08-17 11:55,KEDW,101456.2,19.8,13.0,94104.5,293.42,1.11728
2025-08-17 12:55,KEDW,101490.1,19.4,13.1,94135.9,293.02,1.11918
2025-08-17 13:55,KEDW,101523.9,19.6,12.6,94167.3,293.22,1.11879
2025-08-17 14:55,KEDW,101591.7,21.9,13.0,94230.1,295.52,1.11082
2025-08-17 15:55,KEDW,101557.8,25.2,12.7,94198.7,298.82,1.09819
2025-08-17 16:55,KEDW,101557.8,27.6,12.0,94198.7,301.22,1.08944
2025-08-17 17:55,KEDW,101523.9,29.9,10.4,94167.3,303.52,1.08082
2025-08-17 18:55,KEDW,101456.2,31.6,9.1,94104.5,305.22,1.07408
2025-08-17 19:55,KEDW,101388.5,33.1,4.8,94041.7,306.72,1.06812
2025-08-17 20:55,KEDW,101354.6,34.8,6.1,94010.3,308.42,1.06188
2025-08-17 21:55,KEDW,101253.0,35.5,-0.8,93916.0,309.12,1.05841
2025-08-17 22:55,KEDW,101219.2,35.3,0.4,93884.6,308.92,1.05874
2025-08-17 23:55,KEDW,101185.3,35.0,3.5,93853.2,308.62,1.05941
2025-08-18 00:55,KEDW,101185.3,33.0,7.0,93853.2,306.62,1.06632
2025-08-18 01:55,KEDW,101219.2,30.7,8.4,93884.6,304.32,1.07474
2025-08-18 02:55,KEDW,101286.9,28.1,8.9,93947.5,301.72,1.08473
2025-08-18 03:55,KEDW,101320.8,26.6,9.9,93978.9,300.22,1.09051
2025-08-18 04:55,KEDW,101388.5,25.8,10.4,94041.7,299.42,1.09416
2025-08-18 05:55,KEDW,101388.5,24.0,10.6,94041.7,297.62,1.10078
2025-08-18 06:55,KEDW,101388.5,23.2,10.9,94041.7,296.82,1.10374
2025-08-18 07:55,KEDW,101388.5,22.5,10.9,94041.7,296.12,1.10635
2025-08-18 08:55,KEDW,101388.5,21.7,10.2,94041.7,295.32,1.10935
2025-08-18 09:55,KEDW,101388.5,20.2,10.6,94041.7,293.82,1.11501
2025-08-18 10:55,KEDW,101388.5,19.3,10.6,94041.7,292.92,1.11844
2025-08-18 11:55,KEDW,101422.4,18.7,10.8,94073.1,292.32,1.12111
2025-08-18 12:55,KEDW,101456.2,18.3,10.1,94104.5,291.92,1.12302
2025-08-18 13:55,KEDW,101557.8,18.3,9.6,94198.7,291.92,1.12414
2025-08-18 14:55,KEDW,101591.7,21.7,9.9,94230.1,295.32,1.11157
2025-08-18 15:55,KEDW,101625.5,24.8,9.9,94261.6,298.42,1.10039
2025-08-18 16:55,KEDW,101591.7,27.7,10.4,94230.1,301.32,1.08944
2025-08-18 17:55,KEDW,101557.8,30.5,5.7,94198.7,304.12,1.07905
2025-08-18 18:55,KEDW,101523.9,32.2,-0.8,94167.3,305.82,1.07269
2025-08-18 19:55,KEDW,101490.1,33.1,-5.6,94135.9,306.72,1.06919
2025-08-18 20:55,KEDW,101456.2,34.9,-4.3,94104.5,308.52,1.06260
2025-08-18 21:55,KEDW,101354.6,35.8,-2.0,94010.3,309.42,1.05844
2025-08-18 22:55,KEDW,101320.8,36.6,-1.4,93978.9,310.22,1.05536
2025-08-18 23:55,KEDW,101253.0,36.9,-2.8,93916.0,310.52,1.05364
2025-08-19 00:55,KEDW,101253.0,35.8,0.7,93916.0,309.42,1.05738
2025-08-19 01:55,KEDW,101286.9,33.1,3.0,93947.5,306.72,1.06705
2025-08-19 02:55,KEDW,101354.6,30.4,6.3,94010.3,304.02,1.07724
2025-08-19 03:55,KEDW,101422.4,29.0,6.4,94073.1,302.62,1.08295
2025-08-19 04:55,KEDW,101456.2,26.8,6.2,94104.5,300.42,1.09125
2025-08-19 05:55,KEDW,101523.9,24.4,7.5,94167.3,298.02,1.10077
2025-08-19 06:55,KEDW,101557.8,23.3,8.6,94198.7,296.92,1.10521
2025-08-19 07:55,KEDW,101557.8,21.4,8.3,94198.7,295.02,1.11233
2025-08-19 08:55,KEDW,101557.8,21.3,7.9,94198.7,294.92,1.11271
2025-08-19 09:55,KEDW,101557.8,20.0,8.0,94198.7,293.62,1.11764
2025-08-19 10:55,KEDW,101591.7,20.4,7.4,94230.1,294.02,1.11649
2025-08-19 11:55,KEDW,101591.7,18.3,7.1,94230.1,291.92,1.12452
2025-08-19 12:55,KEDW,101659.4,16.9,7.3,94293.0,290.52,1.13069
2025-08-19 13:55,KEDW,101727.1,17.3,6.5,94355.8,290.92,1.12989
2025-08-19 14:55,KEDW,101794.9,20.3,7.0,94418.6,293.92,1.11910
2025-08-19 15:55,KEDW,101794.9,23.9,6.2,94418.6,297.52,1.10556
2025-08-19 16:55,KEDW,101794.9,26.9,5.2,94418.6,300.52,1.09452
2025-08-19 17:55,KEDW,101761.0,30.7,-0.9,94387.2,304.32,1.08050
2025-08-19 18:55,KEDW,101727.1,33.2,-11.5,94355.8,306.82,1.07134
2025-08-19 19:55,KEDW,101693.3,33.9,-13.8,94324.4,307.52,1.06854
2025-08-19 20:55,KEDW,101625.5,35.3,-12.9,94261.6,308.92,1.06299
2025-08-19 21:55,KEDW,101523.9,35.7,-12.6,94167.3,309.32,1.06055
2025-08-19 22:55,KEDW,101456.2,37.0,-11.7,94104.5,310.62,1.05541
2025-08-19 23:55,KEDW,101422.4,36.6,-9.2,94073.1,310.22,1.05642
2025-08-20 00:55,KEDW,101456.2,35.5,-5.6,94104.5,309.12,1.06053
2025-08-20 01:55,KEDW,101456.2,33.4,-11.4,94104.5,307.02,1.06779
2025-08-20 02:55,KEDW,101523.9,30.4,2.6,94167.3,304.02,1.07904
2025-08-20 03:55,KEDW,101591.7,29.0,4.4,94230.1,302.62,1.08476
2025-08-20 04:55,KEDW,101659.4,27.3,4.9,94293.0,300.92,1.09161
2025-08-20 05:55,KEDW,101659.4,25.3,5.5,94293.0,298.92,1.09892
2025-08-20 06:55,KEDW,101659.4,24.3,5.6,94293.0,297.92,1.10261
2025-08-20 07:55,KEDW,101625.5,22.7,6.0,94261.6,296.32,1.10819
2025-08-20 08:55,KEDW,101625.5,21.9,6.1,94261.6,295.52,1.11119
2025-08-20 09:55,KEDW,101591.7,21.6,6.3,94230.1,295.22,1.11195
2025-08-20 10:55,KEDW,101591.7,21.4,6.5,94230.1,295.02,1.11270
2025-08-20 11:55,KEDW,101625.5,20.3,6.6,94261.6,293.92,1.11724
2025-08-20 12:55,KEDW,101625.5,19.5,6.6,94261.6,293.12,1.12029
2025-08-20 13:55,KEDW,101659.4,19.6,8.0,94293.0,293.22,1.12028
2025-08-20 14:55,KEDW,101693.3,22.6,7.9,94324.4,296.22,1.10930
2025-08-20 15:55,KEDW,101727.1,26.2,7.2,94355.8,299.82,1.09635
2025-08-20 16:55,KEDW,101727.1,28.4,5.9,94355.8,302.02,1.08836
2025-08-20 17:55,KEDW,101693.3,30.6,5.1,94324.4,304.22,1.08013
2025-08-20 18:55,KEDW,101659.4,32.1,3.1,94293.0,305.72,1.07447
2025-08-20 19:55,KEDW,101557.8,34.0,1.7,94198.7,307.62,1.06677
2025-08-20 20:55,KEDW,101490.1,35.5,-0.8,94135.9,309.12,1.06089
2025-08-20 21:55,KEDW,101388.5,37.3,-2.5,94041.7,310.92,1.05369
2025-08-20 22:55,KEDW,101320.8,38.5,-7.9,93978.9,312.12,1.04894
2025-08-20 23:55,KEDW,101253.0,38.9,-7.6,93916.0,312.52,1.04689
2025-08-21 00:55,KEDW,101219.2,39.0,-5.1,93884.6,312.62,1.04621
2025-08-21 01:58,KEDW,101219.2,36.5,2.5,93884.6,310.12,1.05464
2025-08-21 02:55,KEDW,101286.9,32.5,4.3,93947.5,306.12,1.06914
2025-08-21 03:55,KEDW,101354.6,30.8,4.5,94010.3,304.42,1.07583
2025-08-21 04:55,KEDW,101456.2,29.1,3.8,94104.5,302.72,1.08295
2025-08-21 05:55,KEDW,101456.2,26.6,3.8,94104.5,300.22,1.09197
2025-08-21 06:55,KEDW,101456.2,24.5,3.7,94104.5,298.12,1.09966
2025-08-21 07:55,KEDW,101456.2,24.1,3.4,94104.5,297.72,1.10114
2025-08-21 08:55,KEDW,101422.4,24.2,4.0,94073.1,297.82,1.10040
2025-08-21 09:55,KEDW,101422.4,23.6,4.0,94073.1,297.22,1.10263
2025-08-21 10:55,KEDW,101422.4,22.2,3.8,94073.1,295.82,1.10784
2025-08-21 11:55,KEDW,101422.4,21.7,3.4,94073.1,295.32,1.10972
2025-08-21 12:55,KEDW,101422.4,20.4,3.1,94073.1,294.02,1.11463
2025-08-21 13:55,KEDW,101490.1,20.7,2.5,94135.9,294.32,1.11423
2025-08-21 14:55,KEDW,101523.9,21.7,1.9,94167.3,295.32,1.11083
2025-08-21 15:55,KEDW,101523.9,26.3,3.5,94167.3,299.92,1.09379
2025-08-21 16:55,KEDW,101523.9,28.6,3.4,94167.3,302.22,1.08547
2025-08-21 17:55,KEDW,101490.1,31.8,3.7,94135.9,305.42,1.07374
2025-08-21 18:55,KEDW,101422.4,35.0,-1.2,94073.1,308.62,1.06190
2025-08-21 19:55,KEDW,101354.6,37.1,2.9,94010.3,310.72,1.05402
2025-08-21 20:55,KEDW,101286.9,38.3,1.3,93947.5,311.92,1.04926
2025-08-21 21:55,KEDW,101185.3,38.9,1.7,93853.2,312.52,1.04619
2025-08-21 22:55,KEDW,101117.6,40.6,1.5,93790.4,314.22,1.03984
2025-08-21 23:55,KEDW,101049.8,40.1,1.2,93727.6,313.72,1.04080
2025-08-22 00:55,KEDW,101016.0,39.6,2.3,93696.2,313.22,1.04211
2025-08-22 01:55,KEDW,101016.0,38.5,4.0,93696.2,312.12,1.04578
2025-08-22 02:55,KEDW,101049.8,36.3,4.5,93727.6,309.92,1.05356
2025-08-22 03:55,KEDW,101117.6,34.1,5.6,93790.4,307.72,1.06180
2025-08-22 04:55,KEDW,101219.2,31.9,6.1,93884.6,305.52,1.07052
2025-08-22 05:55,KEDW,101219.2,29.7,6.3,93884.6,303.32,1.07829
2025-08-22 06:55,KEDW,101253.0,30.5,5.7,93916.0,304.12,1.07581
2025-08-22 07:55,KEDW,101253.0,29.0,5.8,93916.0,302.62,1.08114
2025-08-22 08:55,KEDW,101219.2,26.3,5.8,93884.6,299.92,1.09051
2025-08-22 09:55,KEDW,101219.2,25.3,4.4,93884.6,298.92,1.09416
2025-08-22 10:55,KEDW,101219.2,24.4,4.2,93884.6,298.02,1.09746
2025-08-22 11:55,KEDW,101219.2,23.1,4.1,93884.6,296.72,1.10227
2025-08-22 12:55,KEDW,101253.0,22.1,2.7,93916.0,295.72,1.10637
2025-08-22 13:55,KEDW,101320.8,23.2,3.2,93978.9,296.82,1.10301
2025-08-22 14:55,KEDW,101354.6,26.2,3.4,94010.3,299.82,1.09233
2025-08-22 15:55,KEDW,101354.6,29.3,4.0,94010.3,302.92,1.08116
2025-08-22 16:55,KEDW,101388.5,33.8,3.5,94041.7,307.42,1.06569
2025-08-22 17:55,KEDW,101354.6,36.7,3.8,94010.3,310.32,1.05537
2025-08-22 18:55,KEDW,101320.8,38.6,4.1,93978.9,312.22,1.04860
2025-08-22 19:55,KEDW,101253.0,39.8,3.8,93916.0,313.42,1.04389
2025-08-22 20:55,KEDW,101185.3,40.0,5.2,93853.2,313.62,1.04252
2025-08-22 21:55,KEDW,101083.7,41.7,3.8,93759.0,315.32,1.03586
2025-08-22 22:55,KEDW,101016.0,41.9,4.0,93696.2,315.52,1.03451
2025-08-22 23:55,KEDW,100982.1,43.0,5.0,93664.8,316.62,1.03057
2025-08-23 00:55,KEDW,101083.7,37.8,8.5,93759.0,311.42,1.04883
2025-08-23 01:55,KEDW,101083.7,38.4,6.2,93759.0,312.02,1.04682
2025-08-23 02:55,KEDW,101151.4,36.3,5.5,93821.8,309.92,1.05462
2025-08-23 03:55,KEDW,101219.2,34.3,6.5,93884.6,307.92,1.06218
2025-08-23 04:55,KEDW,101286.9,33.2,6.4,93947.5,306.82,1.06670
2025-08-23 05:55,KEDW,101320.8,31.7,6.0,93978.9,305.32,1.07230
2025-08-23 06:55,KEDW,101320.8,30.2,5.4,93978.9,303.82,1.07759
2025-08-23 07:55,KEDW,101320.8,29.2,5.9,93978.9,302.82,1.08115
2025-08-23 08:55,KEDW,101286.9,29.1,5.8,93947.5,302.72,1.08115
2025-08-23 09:55,KEDW,101286.9,27.5,5.7,93947.5,301.12,1.08689
2025-08-23 10:55,KEDW,101286.9,27.1,5.4,93947.5,300.72,1.08834
2025-08-23 11:55,KEDW,101286.9,25.4,6.1,93947.5,299.02,1.09452
2025-08-23 12:55,KEDW,101354.6,26.6,5.5,94010.3,300.22,1.09088
2025-08-23 13:55,KEDW,101388.5,25.9,4.9,94041.7,299.52,1.09379
2025-08-23 14:55,KEDW,101422.4,26.9,5.2,94073.1,300.52,1.09052
2025-08-23 15:55,KEDW,101422.4,31.0,6.8,94073.1,304.62,1.07584
2025-08-23 16:55,KEDW,101456.2,34.7,6.9,94104.5,308.32,1.06328
2025-08-23 17:55,KEDW,101456.2,36.5,5.7,94104.5,310.12,1.05711
2025-08-23 18:55,KEDW,101557.8,33.7,9.7,94198.7,307.32,1.06781
2025-08-23 19:55,KEDW,101523.9,34.7,9.1,94167.3,308.32,1.06399
2025-08-23 20:55,KEDW,101490.1,35.4,8.2,94135.9,309.02,1.06123
2025-08-23 21:55,KEDW,101388.5,35.4,9.0,94041.7,309.02,1.06017
2025-08-23 22:55,KEDW,101320.8,35.0,8.7,93978.9,308.62,1.06083
2025-08-23 23:55,KEDW,101253.0,36.5,7.5,93916.0,310.12,1.05500
2025-08-24 00:55,KEDW,101185.3,36.6,5.7,93853.2,310.22,1.05395
2025-08-24 01:55,KEDW,101185.3,36.5,6.6,93853.2,310.12,1.05429
2025-08-24 02:55,KEDW,101253.0,34.6,8.3,93916.0,308.22,1.06150
2025-08-24 03:55,KEDW,101320.8,32.9,9.0,93978.9,306.52,1.06810
2025-08-24 04:59,KEDW,101320.8,32.0,9.0,93978.9,305.62,1.07125
2025-08-24 05:55,KEDW,101354.6,30.0,9.5,94010.3,303.62,1.07866
2025-08-24 06:55,KEDW,101388.5,28.6,9.3,94041.7,302.22,1.08402
2025-08-24 07:55,KEDW,101388.5,27.6,9.4,94041.7,301.22,1.08762
2025-08-24 08:55,KEDW,101388.5,26.5,8.9,94041.7,300.12,1.09161
2025-08-24 09:55,KEDW,101388.5,26.6,8.5,94041.7,300.22,1.09124
2025-08-24 10:55,KEDW,101354.6,26.0,8.9,94010.3,299.62,1.09306
2025-08-24 11:55,KEDW,101388.5,24.2,9.0,94041.7,297.82,1.10004
2025-08-24 12:55,KEDW,101422.4,22.6,8.3,94073.1,296.22,1.10635
2025-08-24 13:55,KEDW,101456.2,23.8,9.0,94104.5,297.42,1.10225
2025-08-24 14:55,KEDW,101456.2,27.1,9.4,94104.5,300.72,1.09016
2025-08-24 15:55,KEDW,101490.1,30.2,9.1,94135.9,303.82,1.07939
2025-08-24 16:55,KEDW,101490.1,31.3,8.9,94135.9,304.92,1.07550
2025-08-24 17:55,KEDW,101456.2,33.7,9.0,94104.5,307.32,1.06674
2025-08-24 18:55,KEDW,101422.4,35.5,8.3,94073.1,309.12,1.06018
2025-08-24 19:55,KEDW,101320.8,37.5,6.4,93978.9,311.12,1.05231
2025-08-24 20:55,KEDW,101253.0,38.4,6.2,93916.0,312.02,1.04857
2025-08-24 21:55,KEDW,101151.4,39.7,6.1,93821.8,313.32,1.04317
2025-08-24 22:55,KEDW,101083.7,39.7,4.9,93759.0,313.32,1.04247
2025-08-24 23:55,KEDW,101049.8,39.4,6.9,93727.6,313.02,1.04312
2025-08-25 00:55,KEDW,101083.7,38.1,7.9,93759.0,311.72,1.04783
2025-08-25 01:55,KEDW,101117.6,36.1,8.8,93790.4,309.72,1.05495
2025-08-25 02:55,KEDW,101151.4,33.6,8.9,93821.8,307.22,1.06389
2025-08-25 03:55,KEDW,101185.3,31.8,8.7,93853.2,305.42,1.07051
2025-08-25 04:55,KEDW,101253.0,30.3,8.6,93916.0,303.92,1.07652
2025-08-25 05:55,KEDW,101253.0,28.7,8.4,93916.0,302.32,1.08222
2025-08-25 06:55,KEDW,101286.9,28.3,7.5,93947.5,301.92,1.08401
2025-08-25 07:55,KEDW,101286.9,28.4,7.6,93947.5,302.02,1.08365
2025-08-25 08:55,KEDW,101253.0,26.6,7.6,93916.0,300.22,1.08979
2025-08-25 09:55,KEDW,101253.0,25.9,7.0,93916.0,299.52,1.09233
2025-08-25 10:55,KEDW,101253.0,24.3,7.4,93916.0,297.92,1.09820
2025-08-25 11:55,KEDW,101253.0,23.9,7.1,93916.0,297.52,1.09968
2025-08-25 12:55,KEDW,101286.9,23.2,7.3,93947.5,296.82,1.10264
2025-08-25 13:55,KEDW,101320.8,22.7,6.8,93978.9,296.32,1.10487
2025-08-25 14:55,KEDW,101354.6,26.0,7.5,94010.3,299.62,1.09306
2025-08-25 15:55,KEDW,101388.5,28.8,7.9,94041.7,302.42,1.08330
2025-08-25 16:55,KEDW,101388.5,31.3,8.9,94041.7,304.92,1.07442
2025-08-25 17:55,KEDW,101388.5,33.5,10.1,94041.7,307.12,1.06673
2025-08-25 18:55,KEDW,101354.6,35.5,8.3,94010.3,309.12,1.05947
2025-08-25 19:55,KEDW,101286.9,36.5,6.6,93947.5,310.12,1.05535
2025-08-25 20:55,KEDW,101185.3,38.1,5.9,93853.2,311.72,1.04888
2025-08-25 21:55,KEDW,101083.7,37.3,6.3,93759.0,310.92,1.05052
2025-08-25 22:55,KEDW,101083.7,29.4,12.7,93759.0,303.02,1.07791
2025-08-25 23:55,KEDW,101049.8,33.0,12.6,93727.6,306.62,1.06490
2025-08-26 00:55,KEDW,101185.3,27.4,16.6,93853.2,301.02,1.08616
2025-08-26 01:55,KEDW,101286.9,29.5,12.8,93947.5,303.12,1.07972
2025-08-26 02:55,KEDW,101422.4,26.8,15.5,94073.1,300.42,1.09088
2025-08-26 03:55,KEDW,101422.4,25.3,15.6,94073.1,298.92,1.09636
2025-08-26 04:55,KEDW,101456.2,24.4,15.6,94104.5,298.02,1.10003
2025-08-26 05:55,KEDW,101456.2,23.6,16.9,94104.5,297.22,1.10299
2025-08-26 06:55,KEDW,101490.1,23.1,16.1,94135.9,296.72,1.10522
2025-08-26 07:55,KEDW,101490.1,23.0,16.3,94135.9,296.62,1.10559
2025-08-26 08:55,KEDW,101490.1,22.8,14.9,94135.9,296.42,1.10634
2025-08-26 09:55,KEDW,101490.1,21.6,15.7,94135.9,295.22,1.11084
2025-08-26 10:55,KEDW,101490.1,22.4,15.5,94135.9,296.02,1.10784
2025-08-26 11:55,KEDW,101490.1,20.8,15.3,94135.9,294.42,1.11386
2025-08-26 12:55,KEDW,101523.9,19.9,14.9,94167.3,293.52,1.11764
2025-08-26 13:55,KEDW,101591.7,19.4,15.8,94230.1,293.02,1.12030
2025-08-26 14:55,KEDW,101625.5,22.2,14.6,94261.6,295.82,1.11006
2025-08-26 15:55,KEDW,101659.4,24.6,13.8,94293.0,298.22,1.10150
2025-08-26 16:55,KEDW,101693.3,26.5,13.6,94324.4,300.12,1.09489
2025-08-26 17:55,KEDW,101659.4,28.2,13.7,94293.0,301.82,1.08836
2025-08-26 18:55,KEDW,101625.5,30.3,12.7,94261.6,303.92,1.08048
2025-08-26 19:55,KEDW,101557.8,31.7,12.5,94198.7,305.32,1.07481
2025-08-26 20:55,KEDW,101490.1,33.5,11.3,94135.9,307.12,1.06780
2025-08-26 21:55,KEDW,101354.6,35.4,10.4,94010.3,309.02,1.05981
2025-08-26 22:55,KEDW,101354.6,35.0,10.1,94010.3,308.62,1.06119
2025-08-26 23:55,KEDW,101320.8,34.8,6.9,93978.9,308.42,1.06152
2025-08-27 00:55,KEDW,101456.2,28.7,14.9,94104.5,302.32,1.08439
2025-08-27 01:55,KEDW,101456.2,28.7,12.5,94104.5,302.32,1.08439
2025-08-27 02:55,KEDW,101557.8,26.5,12.5,94198.7,300.12,1.09343
2025-08-27 03:55,KEDW,101625.5,25.6,11.7,94261.6,299.22,1.09745
2025-08-27 04:55,KEDW,101659.4,24.8,12.0,94293.0,298.42,1.10076
2025-08-27 05:55,KEDW,101693.3,22.8,13.0,94324.4,296.42,1.10856
2025-08-27 06:55,KEDW,101727.1,21.7,12.8,94355.8,295.32,1.11305
2025-08-27 07:55,KEDW,101693.3,21.1,10.0,94324.4,294.72,1.11495
2025-08-27 08:55,KEDW,101693.3,19.3,8.6,94324.4,292.92,1.12180
2025-08-27 09:55,KEDW,101693.3,18.6,9.1,94324.4,292.22,1.12449
2025-08-27 10:55,KEDW,101727.1,17.1,9.8,94355.8,290.72,1.13067
2025-08-27 11:55,KEDW,101727.1,16.2,9.6,94355.8,289.82,1.13418
2025-08-27 12:55,KEDW,101761.0,15.6,9.3,94387.2,289.22,1.13691
2025-08-27 13:55,KEDW,101828.7,16.9,9.8,94450.0,290.52,1.13257
2025-08-27 14:55,KEDW,101896.4,21.6,8.8,94512.8,295.22,1.11528
2025-08-27 15:55,KEDW,101930.3,23.5,7.1,94544.2,297.12,1.10852
2025-08-27 16:55,KEDW,101896.4,26.9,7.3,94512.8,300.52,1.09562
2025-08-27 17:55,KEDW,101862.6,29.5,5.5,94481.4,303.12,1.08586
2025-08-27 18:55,KEDW,101828.7,32.0,5.5,94450.0,305.62,1.07662
2025-08-27 19:55,KEDW,101727.1,33.9,5.4,94355.8,307.52,1.06890
2025-08-27 20:55,KEDW,101693.3,35.6,0.6,94324.4,309.22,1.06267
2025-08-27 21:55,KEDW,101591.7,36.1,-3.4,94230.1,309.72,1.05989
2025-08-27 22:55,KEDW,101523.9,36.2,-7.1,94167.3,309.82,1.05884
2025-08-27 23:55,KEDW,101490.1,36.5,-4.9,94135.9,310.12,1.05747
2025-08-28 00:55,KEDW,101490.1,35.5,-0.8,94135.9,309.12,1.06089
2025-08-28 01:55,KEDW,101523.9,32.6,6.0,94167.3,306.22,1.07129
2025-08-28 02:55,KEDW,101625.5,29.6,6.9,94261.6,303.22,1.08297
2025-08-28 03:55,KEDW,101727.1,27.7,5.3,94355.8,301.32,1.09089
2025-08-28 05:55,KEDW,101794.9,25.3,2.0,94418.6,298.92,1.10038
2025-08-28 06:55,KEDW,101761.0,24.2,1.1,94387.2,297.82,1.10408
2025-08-28 07:55,KEDW,101727.1,23.4,1.7,94355.8,297.02,1.10668
2025-08-28 08:55,KEDW,101727.1,23.4,3.8,94355.8,297.02,1.10668
2025-08-28 09:55,KEDW,101727.1,22.7,2.7,94355.8,296.32,1.10930
2025-08-28 10:55,KEDW,101727.1,22.2,1.8,94355.8,295.82,1.11117
2025-08-28 11:55,KEDW,101761.0,20.9,2.7,94387.2,294.52,1.11645
2025-08-28 12:55,KEDW,101794.9,19.8,3.5,94418.6,293.42,1.12101
2025-08-28 13:55,KEDW,101828.7,20.1,3.3,94450.0,293.72,1.12024
2025-08-28 14:55,KEDW,101828.7,21.3,3.9,94450.0,294.92,1.11568
2025-08-28 15:55,KEDW,101862.6,22.8,2.8,94481.4,296.42,1.11040
2025-08-28 16:55,KEDW,101862.6,25.5,2.8,94481.4,299.12,1.10038
2025-08-28 17:55,KEDW,101828.7,28.2,3.1,94450.0,301.82,1.09017
2025-08-28 18:55,KEDW,101761.0,30.6,4.3,94387.2,304.22,1.08085
2025-08-28 19:55,KEDW,101727.1,32.3,3.3,94355.8,305.92,1.07449
2025-08-28 20:55,KEDW,101659.4,33.4,3.2,94293.0,307.02,1.06993
2025-08-28 21:55,KEDW,101557.8,33.5,2.3,94198.7,307.12,1.06851
2025-08-28 22:55,KEDW,101523.9,33.3,-1.2,94167.3,306.92,1.06885
2025-08-28 23:55,KEDW,101523.9,33.2,-0.1,94167.3,306.82,1.06920
2025-08-29 00:55,KEDW,101523.9,32.0,1.1,94167.3,305.62,1.07339
2025-08-29 01:55,KEDW,101523.9,30.3,1.7,94167.3,303.92,1.07940
2025-08-29 02:55,KEDW,101591.7,27.6,2.6,94230.1,301.22,1.08980
2025-08-29 03:55,KEDW,101693.3,25.7,3.0,94324.4,299.32,1.09781
2025-08-29 04:55,KEDW,101761.0,24.7,5.9,94387.2,298.32,1.10223
2025-08-29 05:55,KEDW,101761.0,23.0,5.9,94387.2,296.62,1.10855
2025-08-29 06:55,KEDW,101761.0,22.5,5.8,94387.2,296.12,1.11042
2025-08-29 07:55,KEDW,101794.9,22.0,7.4,94418.6,295.62,1.11267
2025-08-29 08:55,KEDW,101761.0,21.9,5.7,94387.2,295.52,1.11267
2025-08-29 09:55,KEDW,101761.0,19.0,7.4,94387.2,292.62,1.12370
2025-08-29 10:55,KEDW,101727.1,18.3,6.2,94355.8,291.92,1.12602
2025-08-29 11:55,KEDW,101761.0,17.6,7.3,94387.2,291.22,1.12910
2025-08-29 12:55,KEDW,101794.9,16.5,7.7,94418.6,290.12,1.13376
2025-08-29 13:55,KEDW,101828.7,17.7,5.6,94450.0,291.32,1.12946
2025-08-29 14:55,KEDW,101862.6,20.4,4.4,94481.4,294.02,1.11946
2025-08-29 15:55,KEDW,101896.4,23.7,4.6,94512.8,297.32,1.10741
2025-08-29 16:55,KEDW,101930.3,26.4,7.9,94544.2,300.02,1.09781
2025-08-29 17:55,KEDW,101930.3,27.8,7.1,94544.2,301.42,1.09271
2025-08-29 18:55,KEDW,101862.6,29.5,6.2,94481.4,303.12,1.08586
2025-08-29 19:55,KEDW,101794.9,31.5,6.5,94418.6,305.12,1.07802
2025-08-29 20:55,KEDW,101693.3,32.5,6.6,94324.4,306.12,1.07343
2025-08-29 21:55,KEDW,101625.5,34.4,5.8,94261.6,308.02,1.06610
2025-08-29 22:55,KEDW,101523.9,34.6,5.1,94167.3,308.22,1.06434
2025-09-03 02:55,KEDW,101591.7,29.0,7.5,94230.1,302.62,1.08476
2025-09-03 03:55,KEDW,101659.4,27.0,7.9,94293.0,300.62,1.09270
2025-09-03 04:55,KEDW,101659.4,25.3,7.9,94293.0,298.92,1.09892
2025-09-03 05:55,KEDW,101693.3,24.5,8.4,94324.4,298.12,1.10223
2025-09-03 06:55,KEDW,101727.1,24.5,8.4,94355.8,298.12,1.10260
2025-09-03 07:55,KEDW,101693.3,23.8,8.2,94324.4,297.42,1.10483
2025-09-03 08:55,KEDW,101693.3,23.4,8.3,94324.4,297.02,1.10632
2025-09-03 10:55,KEDW,101659.4,21.1,8.7,94293.0,294.72,1.11458
2025-09-03 11:55,KEDW,101659.4,19.6,8.0,94293.0,293.22,1.12028
2025-09-03 12:55,KEDW,101693.3,19.8,8.2,94324.4,293.42,1.11989
2025-09-03 16:55,KEDW,101794.9,27.7,10.4,94418.6,301.32,1.09162
2025-09-03 17:55,KEDW,101761.0,29.4,11.9,94387.2,303.02,1.08513
2025-09-03 18:55,KEDW,101693.3,31.3,11.6,94324.4,304.92,1.07765
2025-09-03 19:55,KEDW,101591.7,32.8,11.3,94230.1,306.42,1.07131
2025-09-03 20:55,KEDW,101523.9,33.7,10.3,94167.3,307.32,1.06746
2025-09-03 21:55,KEDW,101422.4,34.3,9.5,94073.1,307.92,1.06431
2025-09-03 22:55,KEDW,101354.6,34.4,8.9,94010.3,308.02,1.06325
2025-09-03 23:55,KEDW,101286.9,35.0,8.7,93947.5,308.62,1.06048
2025-09-04 00:55,KEDW,101253.0,35.3,8.1,93916.0,308.92,1.05909
2025-09-04 01:55,KEDW,101253.0,34.7,8.4,93916.0,308.32,1.06115
2025-09-04 02:55,KEDW,101320.8,31.6,11.9,93978.9,305.22,1.07265
2025-09-04 03:55,KEDW,101388.5,29.6,11.1,94041.7,303.22,1.08045
2025-09-04 04:55,KEDW,101422.4,28.3,10.5,94073.1,301.92,1.08546
2025-09-04 05:55,KEDW,101456.2,27.5,10.2,94104.5,301.12,1.08871
2025-09-04 06:55,KEDW,101422.4,26.3,10.4,94073.1,299.92,1.09270
2025-09-04 07:55,KEDW,101422.4,25.4,10.4,94073.1,299.02,1.09599
2025-09-04 08:55,KEDW,101422.4,24.8,11.0,94073.1,298.42,1.09819
2025-09-04 09:55,KEDW,101388.5,23.5,10.2,94041.7,297.12,1.10263
2025-09-04 10:55,KEDW,101388.5,23.7,10.0,94041.7,297.32,1.10189
2025-09-04 11:55,KEDW,101354.6,21.9,9.7,94010.3,295.52,1.10823
2025-09-04 12:55,KEDW,101388.5,21.3,9.8,94041.7,294.92,1.11085
2025-09-04 13:55,KEDW,101388.5,20.9,9.8,94041.7,294.52,1.11236
2025-09-04 14:55,KEDW,101422.4,24.9,9.6,94073.1,298.52,1.09782
2025-09-04 15:55,KEDW,101422.4,28.0,9.3,94073.1,301.62,1.08654
2025-09-04 16:55,KEDW,101422.4,30.8,8.5,94073.1,304.42,1.07655
2025-09-04 17:55,KEDW,101388.5,32.4,8.6,94041.7,306.02,1.07056
2025-09-04 20:55,KEDW,101117.6,36.6,5.7,93790.4,310.22,1.05324
2025-09-04 21:55,KEDW,100982.1,37.3,3.1,93664.8,310.92,1.04947
2025-09-04 22:55,KEDW,100914.4,37.5,3.2,93601.9,311.12,1.04809
2025-09-04 23:55,KEDW,100880.5,37.1,5.1,93570.5,310.72,1.04908
2025-09-05 00:55,KEDW,100880.5,35.8,3.1,93570.5,309.42,1.05349
2025-09-05 01:55,KEDW,100914.4,33.2,-4.0,93601.9,306.82,1.06278
2025-09-05 02:55,KEDW,100982.1,30.8,-3.1,93664.8,304.42,1.07187
2025-09-05 03:55,KEDW,101049.8,28.9,2.2,93727.6,302.52,1.07933
2025-09-05 04:55,KEDW,101117.6,27.7,2.0,93790.4,301.32,1.08435
2025-09-05 05:55,KEDW,101117.6,26.1,2.7,93790.4,299.72,1.09014
2025-09-05 06:55,KEDW,101117.6,25.8,3.1,93790.4,299.42,1.09124
2025-09-05 07:55,KEDW,101083.7,25.2,4.3,93759.0,298.82,1.09306
2025-09-05 08:55,KEDW,101083.7,24.7,5.5,93759.0,298.32,1.09489
2025-09-05 09:55,KEDW,101049.8,23.3,5.7,93727.6,296.92,1.09969
2025-09-05 10:55,KEDW,101049.8,22.2,6.4,93727.6,295.82,1.10378
2025-09-05 11:55,KEDW,101049.8,22.7,5.6,93727.6,296.32,1.10191
2025-09-05 12:55,KEDW,101117.6,22.8,4.3,93790.4,296.42,1.10228
2025-09-05 13:55,KEDW,101117.6,21.4,1.6,93790.4,295.02,1.10751
2025-09-05 14:55,KEDW,101185.3,23.9,2.7,93853.2,297.52,1.09894
2025-09-05 15:55,KEDW,101219.2,27.1,7.0,93884.6,300.72,1.08761
2025-09-05 16:55,KEDW,101219.2,30.3,4.1,93884.6,303.92,1.07616
2025-09-05 17:55,KEDW,101219.2,33.2,-2.5,93884.6,306.82,1.06599
2025-09-05 18:55,KEDW,101151.4,34.5,-6.3,93821.8,308.12,1.06078
2025-09-05 19:55,KEDW,101083.7,36.0,-9.6,93759.0,309.62,1.05493
2025-09-05 20:55,KEDW,101016.0,36.2,-12.3,93696.2,309.82,1.05355
2025-09-05 21:55,KEDW,100948.3,36.5,-12.1,93633.4,310.12,1.05182
2025-09-05 22:55,KEDW,100914.4,37.1,-11.6,93601.9,310.72,1.04944
2025-09-06 00:55,KEDW,100914.4,33.9,-11.1,93601.9,307.52,1.06036
2025-09-06 01:55,KEDW,100982.1,31.6,-0.2,93664.8,305.22,1.06906
2025-09-06 02:55,KEDW,101049.8,29.1,1.5,93727.6,302.72,1.07862
2025-09-06 03:55,KEDW,101151.4,27.1,1.5,93821.8,300.72,1.08688
2025-09-06 04:55,KEDW,101219.2,25.2,-3.3,93884.6,298.82,1.09452
2025-09-06 05:55,KEDW,101253.0,24.0,-5.2,93916.0,297.62,1.09931
2025-09-06 06:55,KEDW,101253.0,23.8,-5.3,93916.0,297.42,1.10004
2025-09-06 07:55,KEDW,101253.0,22.4,-7.4,93916.0,296.02,1.10525
2025-09-06 08:55,KEDW,101286.9,21.3,-4.0,93947.5,294.92,1.10974
2025-09-06 09:55,KEDW,101286.9,19.4,-3.5,93947.5,293.02,1.11694
2025-09-06 10:55,KEDW,101320.8,15.5,-4.5,93978.9,289.12,1.13238
2025-09-06 12:55,KEDW,101456.2,15.2,-4.7,94104.5,288.82,1.13507
2025-09-06 13:55,KEDW,101523.9,15.2,-4.2,94167.3,288.82,1.13583
2025-09-06 14:55,KEDW,101591.7,17.9,-4.8,94230.1,291.52,1.12606
2025-09-06 15:55,KEDW,101625.5,20.9,-4.3,94261.6,294.52,1.11496
2025-09-06 16:55,KEDW,101659.4,24.8,-3.6,94293.0,298.42,1.10076
2025-09-06 17:55,KEDW,101693.3,28.3,-5.0,94324.4,301.92,1.08836
2025-09-06 18:55,KEDW,101659.4,30.9,-5.7,94293.0,304.52,1.07871
2025-09-06 19:55,KEDW,101557.8,33.7,-5.1,94198.7,307.32,1.06781
2025-09-06 20:55,KEDW,101523.9,34.8,-6.1,94167.3,308.42,1.06365
2025-09-06 21:55,KEDW,101422.4,36.2,-3.3,94073.1,309.82,1.05778
2025-09-06 22:55,KEDW,101422.4,35.8,-2.0,94073.1,309.42,1.05915
2025-09-06 23:55,KEDW,101388.5,34.7,-1.4,94041.7,308.32,1.06257
2025-09-07 00:55,KEDW,101422.4,33.5,-1.0,94073.1,307.12,1.06708
2025-09-07 01:55,KEDW,101456.2,31.6,-3.8,94104.5,305.22,1.07408
2025-09-07 02:55,KEDW,101523.9,29.1,-8.5,94167.3,302.72,1.08368
2025-09-07 03:55,KEDW,101591.7,27.1,-11.7,94230.1,300.72,1.09161
2025-09-07 04:55,KEDW,101659.4,26.3,-10.6,94293.0,299.92,1.09525
2025-09-07 05:55,KEDW,101693.3,26.2,-10.7,94324.4,299.82,1.09598
2025-09-07 06:55,KEDW,101693.3,25.1,-8.7,94324.4,298.72,1.10002
2025-09-07 07:55,KEDW,101727.1,21.2,-6.5,94355.8,294.82,1.11494
2025-09-07 08:55,KEDW,101727.1,19.6,-4.7,94355.8,293.22,1.12103
2025-09-07 09:55,KEDW,101693.3,19.2,-5.0,94324.4,292.82,1.12218
2025-09-07 10:55,KEDW,101727.1,18.9,-4.6,94355.8,292.52,1.12371
2025-09-07 11:55,KEDW,101727.1,17.5,-3.9,94355.8,291.12,1.12911
2025-09-07 12:55,KEDW,101761.0,17.7,-1.5,94387.2,291.32,1.12871
2025-09-07 14:55,KEDW,101896.4,21.5,-2.4,94512.8,295.12,1.11566
2025-09-07 15:55,KEDW,101930.3,24.8,-4.5,94544.2,298.42,1.10369
2025-09-07 16:55,KEDW,101930.3,28.8,-8.8,94544.2,302.42,1.08909
2025-09-07 17:55,KEDW,101930.3,31.3,-10.6,94544.2,304.92,1.08016
2025-09-07 18:55,KEDW,101896.4,33.8,-0.8,94512.8,307.42,1.07102
2025-09-07 19:55,KEDW,101794.9,34.7,2.2,94418.6,308.32,1.06683
2025-09-07 20:55,KEDW,101727.1,35.4,1.6,94355.8,309.02,1.06371
2025-09-07 21:55,KEDW,101659.4,35.8,0.7,94293.0,309.42,1.06163
2025-09-07 22:55,KEDW,101625.5,35.3,3.7,94261.6,308.92,1.06299
2025-09-07 23:55,KEDW,101591.7,34.3,8.1,94230.1,307.92,1.06609
2025-09-08 00:55,KEDW,101625.5,33.3,4.1,94261.6,306.92,1.06992
2025-09-08 01:55,KEDW,101625.5,31.5,0.8,94261.6,305.12,1.07623
2025-09-08 03:55,KEDW,101761.0,27.2,0.8,94387.2,300.82,1.09307
2025-09-08 04:55,KEDW,101794.9,26.3,-5.4,94418.6,299.92,1.09671
2025-09-08 05:55,KEDW,101828.7,25.8,-9.5,94450.0,299.42,1.09891
2025-09-08 06:55,KEDW,101828.7,24.1,-1.7,94450.0,297.72,1.10518
2025-09-08 07:55,KEDW,101828.7,23.5,-2.2,94450.0,297.12,1.10742
2025-09-08 08:55,KEDW,101828.7,19.9,-1.9,94450.0,293.52,1.12100
2025-09-08 09:55,KEDW,101794.9,17.5,-1.2,94418.6,291.12,1.12986
2025-09-08 10:55,KEDW,101761.0,18.2,-0.1,94387.2,291.82,1.12678
2025-09-08 11:55,KEDW,101761.0,16.7,-1.4,94387.2,290.32,1.13260
2025-09-08 12:55,KEDW,101794.9,17.2,-2.5,94418.6,290.82,1.13103
2025-09-08 13:55,KEDW,101828.7,17.2,-2.0,94450.0,290.82,1.13141
2025-09-08 14:55,KEDW,101828.7,21.1,-2.1,94450.0,294.72,1.11643
2025-09-08 15:55,KEDW,101862.6,25.1,-3.4,94481.4,298.72,1.10185
2025-09-08 16:55,KEDW,101862.6,28.4,-6.2,94481.4,302.02,1.08981
2025-09-08 17:33,KEDW,101828.7,31.0,-6.0,94450.0,304.62,1.08015
2025-09-08 18:55,KEDW,101727.1,32.4,-9.8,94355.8,306.02,1.07414
2025-09-08 19:55,KEDW,101659.4,33.3,-14.2,94293.0,306.92,1.07027
2025-09-08 20:55,KEDW,101557.8,33.8,-17.4,94198.7,307.42,1.06747
2025-09-09 00:55,KEDW,101354.6,31.9,0.0,94010.3,305.52,1.07195
2025-09-09 01:55,KEDW,101354.6,29.3,0.9,94010.3,302.92,1.08116
2025-09-09 02:55,KEDW,101422.4,26.3,3.5,94073.1,299.92,1.09270
2025-09-09 03:55,KEDW,101490.1,24.3,4.6,94135.9,297.92,1.10077
2025-09-09 04:55,KEDW,101490.1,23.3,4.3,94135.9,296.92,1.10448
2025-09-09 07:55,KEDW,101456.2,21.8,0.3,94104.5,295.42,1.10971
2025-09-09 08:55,KEDW,101422.4,21.5,1.7,94073.1,295.12,1.11047
2025-09-09 09:55,KEDW,101388.5,19.8,2.6,94041.7,293.42,1.11653
2025-09-09 10:55,KEDW,101354.6,20.6,4.6,94010.3,294.22,1.11313
2025-09-09 11:55,KEDW,101320.8,19.8,5.1,93978.9,293.42,1.11579
2025-09-09 12:55,KEDW,101320.8,18.4,5.9,93978.9,292.02,1.12114
2025-09-09 13:55,KEDW,101354.6,17.8,6.6,94010.3,291.42,1.12382
2025-09-09 14:55,KEDW,101354.6,20.4,9.0,94010.3,294.02,1.11388
2025-09-09 15:55,KEDW,101354.6,23.0,8.7,94010.3,296.62,1.10412
2025-09-09 16:55,KEDW,101354.6,25.2,7.8,94010.3,298.82,1.09599
2025-09-09 17:55,KEDW,101320.8,27.3,6.6,93978.9,300.92,1.08798
2025-09-09 18:55,KEDW,101219.2,29.3,4.7,93884.6,302.92,1.07971
2025-09-09 19:55,KEDW,101117.6,30.9,3.0,93790.4,304.52,1.07296
2025-09-09 20:55,KEDW,101049.8,31.2,2.4,93727.6,304.82,1.07119
2025-09-09 21:55,KEDW,101016.0,31.0,3.9,93696.2,304.62,1.07153
2025-09-09 22:55,KEDW,100948.3,30.6,5.1,93633.4,304.22,1.07222
2025-09-09 23:55,KEDW,100914.4,30.0,6.6,93601.9,303.62,1.07398
2025-09-10 00:55,KEDW,100914.4,28.3,8.5,93601.9,301.92,1.08002
2025-09-10 01:55,KEDW,100948.3,25.7,8.6,93633.4,299.32,1.08977
2025-09-10 02:55,KEDW,101049.8,23.2,10.3,93727.6,296.82,1.10006
2025-09-10 03:55,KEDW,101083.7,21.7,11.4,93759.0,295.32,1.10601
2025-09-10 04:55,KEDW,101117.6,21.0,11.9,93790.4,294.62,1.10901
2025-09-10 05:55,KEDW,101083.7,20.0,11.2,93759.0,293.62,1.11242
2025-09-10 06:55,KEDW,101049.8,19.7,11.5,93727.6,293.32,1.11318
2025-09-10 07:55,KEDW,101016.0,19.2,11.5,93696.2,292.82,1.11471
2025-09-10 08:55,KEDW,101016.0,18.7,11.3,93696.2,292.32,1.11662
2025-09-10 09:55,KEDW,101016.0,18.3,10.4,93696.2,291.92,1.11815
2025-09-10 10:55,KEDW,100982.1,18.5,9.6,93664.8,292.12,1.11701
2025-09-10 11:55,KEDW,101016.0,18.0,9.9,93696.2,291.62,1.11930
2025-09-10 12:55,KEDW,101049.8,17.1,10.0,93727.6,290.72,1.12314
2025-09-10 13:55,KEDW,101117.6,16.2,11.3,93790.4,289.82,1.12738
2025-09-10 14:55,KEDW,101151.4,18.0,10.8,93821.8,291.62,1.12080
2025-09-10 15:59,KEDW,101185.3,22.0,10.0,93853.2,295.62,1.10600
2025-09-10 16:55,KEDW,101185.3,22.8,9.6,93853.2,296.42,1.10302
2025-09-10 17:55,KEDW,101219.2,24.1,9.3,93884.6,297.72,1.09857
2025-09-10 18:55,KEDW,101185.3,25.3,9.5,93853.2,298.92,1.09379
2025-09-10 19:55,KEDW,101185.3,26.4,8.8,93853.2,300.02,1.08978
2025-09-10 20:55,KEDW,101117.6,27.5,7.9,93790.4,301.12,1.08507
2025-09-10 21:55,KEDW,101083.7,27.7,8.0,93759.0,301.32,1.08399
2025-09-10 22:55,KEDW,101016.0,27.3,8.2,93696.2,300.92,1.08470
2025-09-10 23:55,KEDW,101016.0,26.2,9.1,93696.2,299.82,1.08868
2025-09-11 00:55,KEDW,101049.8,25.1,10.2,93727.6,298.72,1.09306
2025-09-11 01:55,KEDW,101083.7,23.0,10.7,93759.0,296.62,1.10117
2025-09-11 02:55,KEDW,101117.6,21.2,11.8,93790.4,294.82,1.10826
2025-09-11 03:55,KEDW,101185.3,19.7,11.7,93853.2,293.32,1.11468
2025-09-11 04:55,KEDW,101219.2,18.9,11.5,93884.6,292.52,1.11810
2025-09-11 05:55,KEDW,101253.0,18.6,11.2,93916.0,292.22,1.11962
2025-09-11 06:55,KEDW,101286.9,17.9,11.7,93947.5,291.52,1.12268
2025-09-11 07:55,KEDW,101354.6,17.1,11.4,94010.3,290.72,1.12653
2025-09-11 08:55,KEDW,101354.6,16.5,11.4,94010.3,290.12,1.12886
2025-09-11 09:55,KEDW,101354.6,16.2,11.6,94010.3,289.82,1.13002
2025-09-11 10:55,KEDW,101354.6,15.8,10.5,94010.3,289.42,1.13159
2025-09-11 11:55,KEDW,101354.6,15.1,10.5,94010.3,288.72,1.13433
2025-09-11 12:55,KEDW,101354.6,14.8,10.4,94010.3,288.42,1.13551
2025-09-11 13:55,KEDW,101354.6,14.8,10.2,94010.3,288.42,1.13551
2025-09-11 14:55,KEDW,101388.5,17.0,9.9,94041.7,290.62,1.12729
2025-09-11 15:55,KEDW,101422.4,19.7,10.1,94073.1,293.32,1.11729
2025-09-11 17:55,KEDW,101422.4,24.2,7.3,94073.1,297.82,1.10040
2025-09-11 18:55,KEDW,101388.5,25.4,6.6,94041.7,299.02,1.09562
2025-09-11 19:55,KEDW,101320.8,27.6,5.8,93978.9,301.22,1.08689
2025-09-11 20:55,KEDW,101286.9,28.1,5.6,93947.5,301.72,1.08473
2025-09-11 21:55,KEDW,101185.3,28.6,5.4,93853.2,302.22,1.08185
2025-09-11 22:55,KEDW,101151.4,29.3,6.6,93821.8,302.92,1.07899
2025-09-12 03:55,KEDW,101253.0,21.2,9.7,93916.0,294.82,1.10975
2025-09-12 05:55,KEDW,101320.8,18.8,11.4,93978.9,292.42,1.11960
2025-09-12 06:55,KEDW,101286.9,18.3,10.6,93947.5,291.92,1.12115
2025-09-12 07:55,KEDW,101286.9,17.9,10.3,93947.5,291.52,1.12268
2025-09-12 08:55,KEDW,101286.9,17.3,9.7,93947.5,290.92,1.12500
2025-09-12 09:55,KEDW,101253.0,16.7,9.6,93916.0,290.32,1.12695
2025-09-12 10:55,KEDW,101253.0,16.5,9.7,93916.0,290.12,1.12772
2025-09-12 11:55,KEDW,101286.9,15.3,9.4,93947.5,288.92,1.13279
2025-09-12 12:55,KEDW,101320.8,14.8,9.6,93978.9,288.42,1.13513
2025-09-12 13:55,KEDW,101354.6,15.3,9.9,94010.3,288.92,1.13354
2025-09-12 14:55,KEDW,101388.5,17.0,10.4,94041.7,290.62,1.12729
2025-09-12 15:55,KEDW,101422.4,20.2,10.6,94073.1,293.82,1.11539
2025-09-12 16:55,KEDW,101422.4,23.1,9.5,94073.1,296.72,1.10448
2025-09-12 17:55,KEDW,101388.5,25.3,9.1,94041.7,298.92,1.09599
2025-09-12 18:55,KEDW,101320.8,26.9,7.3,93978.9,300.52,1.08943
2025-09-12 19:55,KEDW,101253.0,27.4,6.2,93916.0,301.02,1.08689
2025-09-12 20:55,KEDW,101151.4,28.6,7.2,93821.8,302.22,1.08149
2025-09-12 21:55,KEDW,101083.7,29.5,5.5,93759.0,303.12,1.07755
2025-09-12 22:55,KEDW,101049.8,30.0,4.6,93727.6,303.62,1.07542
2025-09-12 23:55,KEDW,101016.0,29.6,6.3,93696.2,303.22,1.07648
2025-09-13 00:55,KEDW,101049.8,28.7,7.3,93727.6,302.32,1.08004
2025-09-13 01:55,KEDW,101117.6,26.2,8.6,93790.4,299.82,1.08978
2025-09-13 02:55,KEDW,101117.6,24.3,9.8,93790.4,297.92,1.09673
2025-09-13 03:55,KEDW,101219.2,22.5,9.6,93884.6,296.12,1.10450
2025-09-13 04:55,KEDW,101219.2,21.0,10.5,93884.6,294.62,1.11013
2025-09-13 05:55,KEDW,101253.0,20.1,10.8,93916.0,293.72,1.11390
2025-09-13 07:55,KEDW,101253.0,18.6,10.4,93916.0,292.22,1.11962
2025-09-13 08:55,KEDW,101253.0,17.7,10.6,93916.0,291.32,1.12308
2025-09-13 09:55,KEDW,101253.0,17.3,10.4,93916.0,290.92,1.12462
2025-09-13 10:55,KEDW,101253.0,16.6,10.7,93916.0,290.22,1.12734
2025-09-13 11:55,KEDW,101286.9,16.3,10.4,93947.5,289.92,1.12888
2025-09-13 12:55,KEDW,101320.8,16.3,9.9,93978.9,289.92,1.12926
2025-09-13 13:55,KEDW,101320.8,15.5,8.7,93978.9,289.12,1.13238
2025-09-13 14:55,KEDW,101388.5,18.6,8.8,94041.7,292.22,1.12112
2025-09-13 15:55,KEDW,101388.5,21.8,9.7,94041.7,295.42,1.10897
2025-09-13 16:55,KEDW,101422.4,24.5,9.6,94073.1,298.12,1.09930
2025-09-13 17:55,KEDW,101388.5,26.4,8.4,94041.7,300.02,1.09197
2025-09-13 18:55,KEDW,101354.6,28.8,6.8,94010.3,302.42,1.08294
2025-09-13 19:55,KEDW,101286.9,29.2,4.6,93947.5,302.82,1.08079
2025-09-13 20:55,KEDW,101185.3,31.1,1.4,93853.2,304.72,1.07297
2025-09-13 21:55,KEDW,101117.6,31.2,-2.8,93790.4,304.82,1.07190
2025-09-13 22:55,KEDW,101083.7,32.3,-3.2,93759.0,305.92,1.06769
2025-09-13 23:55,KEDW,101049.8,33.3,-2.5,93727.6,306.92,1.06386
2025-09-14 00:55,KEDW,101016.0,32.6,-3.0,93696.2,306.22,1.06593
2025-09-14 01:55,KEDW,101016.0,30.7,-3.2,93696.2,304.32,1.07259
2025-09-14 02:55,KEDW,101049.8,27.2,11.2,93727.6,300.82,1.08543
2025-09-14 03:55,KEDW,101151.4,25.7,8.2,93821.8,299.32,1.09197
2025-09-14 04:55,KEDW,101185.3,23.6,9.2,93853.2,297.22,1.10005
2025-09-14 05:55,KEDW,101219.2,22.6,9.4,93884.6,296.22,1.10413
2025-09-14 06:55,KEDW,101219.2,22.0,9.8,93884.6,295.62,1.10637
2025-09-14 08:55,KEDW,101219.2,19.4,9.3,93884.6,293.02,1.11619
2025-09-14 09:55,KEDW,101185.3,19.2,9.7,93853.2,292.82,1.11658
2025-09-14 10:55,KEDW,101185.3,18.9,9.4,93853.2,292.52,1.11772
2025-09-14 11:55,KEDW,101219.2,17.8,8.6,93884.6,291.42,1.12232
2025-09-14 12:55,KEDW,101253.0,16.1,7.6,93916.0,289.72,1.12928
2025-09-14 13:55,KEDW,101253.0,16.1,7.6,93916.0,289.72,1.12928
2025-09-14 14:55,KEDW,101320.8,17.5,7.2,93978.9,291.12,1.12460
2025-09-14 15:55,KEDW,101320.8,22.0,8.1,93978.9,295.62,1.10748
2025-09-14 16:55,KEDW,101320.8,24.8,8.7,93978.9,298.42,1.09709
2025-09-14 17:55,KEDW,101286.9,27.6,7.4,93947.5,301.22,1.08653
2025-09-14 18:55,KEDW,101253.0,29.9,7.1,93916.0,303.52,1.07794
2025-09-14 19:55,KEDW,101185.3,31.9,4.6,93853.2,305.52,1.07016
2025-09-14 20:55,KEDW,101117.6,32.7,1.7,93790.4,306.32,1.06665
2025-09-14 21:55,KEDW,101016.0,34.2,0.7,93696.2,307.82,1.06039
2025-09-14 22:55,KEDW,100982.1,34.6,-0.2,93664.8,308.22,1.05866
2025-09-14 23:55,KEDW,100914.4,34.9,0.0,93601.9,308.52,1.05692
2025-09-15 00:55,KEDW,100948.3,33.5,3.3,93633.4,307.12,1.06209
2025-09-15 01:55,KEDW,100948.3,30.7,5.1,93633.4,304.32,1.07187
2025-09-15 02:55,KEDW,101016.0,28.2,6.3,93696.2,301.82,1.08147
2025-09-15 03:55,KEDW,101083.7,26.1,8.1,93759.0,299.72,1.08978
2025-09-15 04:55,KEDW,101151.4,23.8,7.8,93821.8,297.42,1.09894
2025-09-15 05:55,KEDW,101185.3,21.6,7.8,93853.2,295.22,1.10750
2025-09-15 06:55,KEDW,101219.2,22.1,7.9,93884.6,295.72,1.10600
2025-09-15 07:55,KEDW,101219.2,21.1,7.7,93884.6,294.72,1.10975
2025-09-15 09:55,KEDW,101219.2,17.9,7.3,93884.6,291.52,1.12193
2025-09-15 10:55,KEDW,101219.2,16.8,6.0,93884.6,290.42,1.12618
2025-09-15 11:55,KEDW,101219.2,16.6,6.4,93884.6,290.22,1.12696
2025-09-15 12:55,KEDW,101286.9,15.0,5.8,93947.5,288.62,1.13396
2025-09-15 13:55,KEDW,101354.6,14.3,4.6,94010.3,287.92,1.13748
2025-09-15 14:55,KEDW,101422.4,18.3,6.2,94073.1,291.92,1.12265
2025-09-15 18:55,KEDW,101422.4,29.4,4.8,94073.1,303.02,1.08152
2025-09-15 19:55,KEDW,101354.6,32.2,0.3,94010.3,305.82,1.07090
2025-09-15 21:55,KEDW,101219.2,34.0,-0.6,93884.6,307.62,1.06321
2025-09-15 22:55,KEDW,101151.4,34.1,-0.6,93821.8,307.72,1.06216
2025-09-15 23:55,KEDW,101151.4,34.3,-0.4,93821.8,307.92,1.06147
2025-09-16 00:55,KEDW,101117.6,34.0,-0.6,93790.4,307.62,1.06215
2025-09-16 01:55,KEDW,101151.4,31.5,2.6,93821.8,305.12,1.07121
2025-09-16 02:55,KEDW,101219.2,29.3,3.3,93884.6,302.92,1.07971
2025-09-16 03:55,KEDW,101286.9,27.7,7.0,93947.5,301.32,1.08617
2025-09-16 04:55,KEDW,101354.6,25.8,8.3,94010.3,299.42,1.09379
2025-09-16 05:55,KEDW,101354.6,23.7,7.7,94010.3,297.32,1.10152
2025-09-16 06:55,KEDW,101388.5,21.3,7.1,94041.7,294.92,1.11085
2025-09-16 07:55,KEDW,101422.4,20.4,7.4,94073.1,294.02,1.11463
2025-09-16 08:55,KEDW,101422.4,20.4,7.4,94073.1,294.02,1.11463
2025-09-16 10:55,KEDW,101422.4,17.1,5.4,94073.1,290.72,1.12728
2025-09-16 11:55,KEDW,101456.2,17.5,5.1,94104.5,291.12,1.12611
2025-09-16 12:55,KEDW,101523.9,15.9,4.0,94167.3,289.52,1.13309
2025-09-16 13:55,KEDW,101591.7,14.9,3.7,94230.1,288.52,1.13777
2025-09-16 14:55,KEDW,101659.4,19.6,4.1,94293.0,293.22,1.12028
2025-09-16 15:55,KEDW,101693.3,23.6,3.5,94324.4,297.22,1.10557
2025-09-16 16:55,KEDW,101727.1,27.2,3.0,94355.8,300.82,1.09270
2025-09-16 17:55,KEDW,101693.3,29.6,1.9,94324.4,303.22,1.08369
2025-09-16 18:55,KEDW,101659.4,31.7,1.9,94293.0,305.32,1.07588
2025-09-16 19:55,KEDW,101591.7,32.7,0.7,94230.1,306.32,1.07166
2025-09-16 20:55,KEDW,101523.9,33.7,5.2,94167.3,307.32,1.06746
2025-09-16 21:55,KEDW,101456.2,35.2,6.4,94104.5,308.82,1.06156
2025-09-16 22:55,KEDW,101354.6,35.8,6.0,94010.3,309.42,1.05844
2025-09-16 23:55,KEDW,101320.8,35.7,8.5,93978.9,309.32,1.05843
2025-09-17 00:55,KEDW,101320.8,34.7,10.5,93978.9,308.32,1.06186
2025-09-17 02:55,KEDW,101354.6,30.8,11.7,94010.3,304.42,1.07583
2025-09-17 03:55,KEDW,101422.4,29.3,11.8,94073.1,302.92,1.08188
2025-09-17 04:55,KEDW,101490.1,27.9,11.4,94135.9,301.52,1.08763
2025-09-17 05:55,KEDW,101557.8,26.7,10.0,94198.7,300.32,1.09270
2025-09-17 06:55,KEDW,101523.9,25.3,11.1,94167.3,298.92,1.09745
2025-09-17 07:55,KEDW,101490.1,24.3,10.6,94135.9,297.92,1.10077
2025-09-17 08:55,KEDW,101490.1,23.8,12.4,94135.9,297.42,1.10262
2025-09-17 09:55,KEDW,101456.2,22.2,11.9,94104.5,295.82,1.10821
2025-09-17 10:55,KEDW,101456.2,20.9,11.0,94104.5,294.52,1.11311
2025-09-17 11:55,KEDW,101456.2,20.4,10.8,94104.5,294.02,1.11500
2025-09-17 12:55,KEDW,101490.1,19.6,10.3,94135.9,293.22,1.11841
2025-09-17 13:55,KEDW,101557.8,19.0,9.0,94198.7,292.62,1.12146
2025-09-17 14:55,KEDW,101557.8,22.4,8.5,94198.7,296.02,1.10857
2025-09-17 15:55,KEDW,101591.7,25.8,8.3,94230.1,299.42,1.09635
2025-09-17 16:55,KEDW,101591.7,27.6,8.4,94230.1,301.22,1.08980
2025-09-17 17:55,KEDW,101557.8,30.1,5.4,94198.7,303.72,1.08047
2025-09-17 18:55,KEDW,101456.2,32.6,4.4,94104.5,306.22,1.07058
2025-09-17 19:55,KEDW,101354.6,34.2,7.3,94010.3,307.82,1.06395
2025-09-17 21:55,KEDW,101185.3,36.0,7.1,93853.2,309.62,1.05599
2025-09-17 22:55,KEDW,101117.6,36.4,3.5,93790.4,310.02,1.05392
2025-09-17 23:55,KEDW,101083.7,35.8,7.8,93759.0,309.42,1.05561
2025-09-18 00:55,KEDW,101049.8,34.3,8.8,93727.6,307.92,1.06040
2025-09-18 01:55,KEDW,101049.8,32.1,6.3,93727.6,305.72,1.06803
2025-09-18 02:55,KEDW,101049.8,30.8,6.6,93727.6,304.42,1.07259
2025-09-18 03:55,KEDW,101151.4,28.1,12.8,93821.8,301.72,1.08328
2025-09-18 04:55,KEDW,101117.6,27.1,11.9,93790.4,300.72,1.08652
2025-09-18 05:55,KEDW,101117.6,26.3,12.0,93790.4,299.92,1.08942
2025-09-18 06:55,KEDW,101083.7,25.4,12.6,93759.0,299.02,1.09233
2025-09-18 07:55,KEDW,101049.8,25.0,11.9,93727.6,298.62,1.09343
2025-09-18 08:55,KEDW,101016.0,24.7,12.3,93696.2,298.32,1.09416
2025-09-18 09:55,KEDW,101016.0,24.4,10.6,93696.2,298.02,1.09526
2025-09-18 10:55,KEDW,101083.7,25.0,10.8,93759.0,298.62,1.09379
2025-09-18 11:59,KEDW,101049.8,24.0,12.0,93727.6,297.62,1.09710
2025-09-18 12:55,KEDW,101219.2,21.7,15.5,93884.6,295.32,1.10750
2025-09-18 13:55,KEDW,101219.2,21.7,16.4,93884.6,295.32,1.10750
2025-09-18 14:55,KEDW,101253.0,21.6,17.0,93916.0,295.22,1.10824
2025-09-18 15:55,KEDW,101286.9,23.0,15.6,93947.5,296.62,1.10338
2025-09-18 16:56,KEDW,101320.8,23.5,16.8,93978.9,297.12,1.10189
2025-09-18 17:55,KEDW,101286.9,24.7,16.1,93947.5,298.32,1.09709
2025-09-18 18:55,KEDW,101219.2,27.2,15.8,93884.6,300.82,1.08725
2025-09-18 19:55,KEDW,101117.6,28.4,15.6,93790.4,302.02,1.08184
2025-09-18 21:58,KEDW,100948.3,27.0,17.0,93633.4,300.62,1.08506
2025-09-18 22:55,KEDW,100982.1,22.6,19.0,93664.8,296.22,1.10155
2025-09-18 23:55,KEDW,101083.7,22.0,18.0,93759.0,295.62,1.10489
2025-09-19 00:55,KEDW,101049.8,21.1,19.2,93727.6,294.72,1.10790
2025-09-19 01:55,KEDW,101083.7,21.3,18.7,93759.0,294.92,1.10751
2025-09-19 02:55,KEDW,101151.4,20.6,18.2,93821.8,294.22,1.11089
2025-09-19 03:55,KEDW,101219.2,19.9,18.2,93884.6,293.52,1.11429
2025-09-19 04:55,KEDW,101253.0,20.0,17.4,93916.0,293.62,1.11428
2025-09-19 05:56,KEDW,101253.0,20.0,17.0,93916.0,293.62,1.11428
2025-09-19 06:55,KEDW,101286.9,19.9,17.5,93947.5,293.52,1.11503
2025-09-19 07:55,KEDW,101286.9,19.8,17.0,93947.5,293.42,1.11541
2025-09-19 08:55,KEDW,101286.9,19.9,17.1,93947.5,293.52,1.11503
2025-09-19 09:55,KEDW,101253.0,20.0,17.2,93916.0,293.62,1.11428
2025-09-19 10:55,KEDW,101253.0,20.2,17.6,93916.0,293.82,1.11352
2025-09-19 11:55,KEDW,101286.9,19.6,17.2,93947.5,293.22,1.11618
2025-09-19 12:55,KEDW,101286.9,19.5,17.3,93947.5,293.12,1.11656
2025-09-19 13:55,KEDW,101388.5,19.7,16.9,94041.7,293.32,1.11691
2025-09-19 14:55,KEDW,101422.4,20.1,16.9,94073.1,293.72,1.11577
2025-09-19 15:55,KEDW,101456.2,21.1,17.3,94104.5,294.72,1.11235
2025-09-19 16:55,KEDW,101490.1,21.9,17.5,94135.9,295.52,1.10971
2025-09-19 17:55,KEDW,101490.1,23.9,17.8,94135.9,297.52,1.10225
2025-09-19 18:55,KEDW,101422.4,24.4,17.1,94073.1,298.02,1.09967
2025-09-19 19:55,KEDW,101388.5,25.2,16.9,94041.7,298.82,1.09636
2025-09-19 21:55,KEDW,101320.8,26.3,17.1,93978.9,299.92,1.09161
2025-09-19 22:55,KEDW,101286.9,26.5,16.7,93947.5,300.12,1.09051
2025-09-19 23:55,KEDW,101286.9,27.2,14.6,93947.5,300.82,1.08798
2025-09-20 00:55,KEDW,101286.9,27.4,15.1,93947.5,301.02,1.08725
2025-09-20 01:55,KEDW,101286.9,26.3,15.3,93947.5,299.92,1.09124
2025-09-20 02:55,KEDW,101320.8,24.8,14.6,93978.9,298.42,1.09709
2025-09-20 03:55,KEDW,101388.5,23.6,14.6,94041.7,297.22,1.10226
2025-09-20 04:55,KEDW,101422.4,22.3,14.7,94073.1,295.92,1.10747
2025-09-20 12:55,KEDW,101862.6,17.0,13.0,94481.4,290.62,1.13256
2025-09-20 13:55,KEDW,101862.6,17.0,13.0,94481.4,290.62,1.13256
2025-09-20 14:55,KEDW,101896.4,21.0,15.0,94512.8,294.62,1.11756
2025-09-20 15:55,KEDW,101964.2,20.0,16.0,94575.7,293.62,1.12211
2025-09-20 16:55,KEDW,102031.9,25.0,17.0,94638.5,298.62,1.10405
2025-09-20 17:55,KEDW,101998.0,27.0,18.0,94607.1,300.62,1.09634
2025-09-20 18:55,KEDW,101930.3,29.0,19.0,94544.2,302.62,1.08837
2025-09-20 19:55,KEDW,101930.3,29.0,18.0,94544.2,302.62,1.08837
2025-09-20 21:55,KEDW,101828.7,29.0,10.0,94450.0,302.62,1.08729
2025-09-22 14:55,KEDW,101354.6,17.8,10.4,94010.3,291.42,1.12382
2025-09-22 15:55,KEDW,101388.5,19.3,11.3,94041.7,292.92,1.11844
2025-09-22 16:55,KEDW,101422.4,23.3,11.3,94073.1,296.92,1.10374
2025-09-22 17:55,KEDW,101388.5,25.3,11.1,94041.7,298.92,1.09599
2025-09-22 18:55,KEDW,101354.6,26.7,9.5,94010.3,300.32,1.09052
2025-09-22 19:55,KEDW,101253.0,28.7,9.4,93916.0,302.32,1.08222
2025-09-22 21:55,KEDW,101083.7,32.4,2.4,93759.0,306.02,1.06734
2025-09-22 22:55,KEDW,101049.8,32.5,-0.6,93727.6,306.12,1.06664
2025-09-22 23:55,KEDW,100982.1,32.7,-0.4,93664.8,306.32,1.06523
2025-09-23 00:55,KEDW,100982.1,32.0,1.1,93664.8,305.62,1.06767
2025-09-23 01:55,KEDW,100982.1,29.2,3.2,93664.8,302.82,1.07754
2025-09-23 02:55,KEDW,101049.8,28.3,4.5,93727.6,301.92,1.08147
2025-09-23 03:55,KEDW,101117.6,23.9,6.2,93790.4,297.52,1.09820
2025-09-23 04:55,KEDW,101185.3,23.9,10.5,93853.2,297.52,1.09894
2025-09-23 05:55,KEDW,101219.2,21.5,10.0,93884.6,295.12,1.10825
2025-09-23 06:55,KEDW,101219.2,20.7,10.2,93884.6,294.32,1.11126
2025-09-23 07:55,KEDW,101253.0,19.3,10.3,93916.0,292.92,1.11694
2025-09-23 08:55,KEDW,101253.0,19.4,10.7,93916.0,293.02,1.11656
2025-09-23 09:55,KEDW,101219.2,19.1,10.9,93884.6,292.72,1.11733
2025-09-23 10:55,KEDW,101253.0,16.8,10.2,93916.0,290.42,1.12656
2025-09-23 11:55,KEDW,101253.0,15.9,9.8,93916.0,289.52,1.13006
2025-09-23 12:55,KEDW,101286.9,16.2,9.4,93947.5,289.82,1.12927
2025-09-23 13:55,KEDW,101354.6,16.3,9.2,94010.3,289.92,1.12963
2025-09-23 14:55,KEDW,101456.2,17.7,9.6,94104.5,291.32,1.12533
2025-09-23 15:55,KEDW,101490.1,20.4,9.6,94135.9,294.02,1.11537
2025-09-23 16:55,KEDW,101490.1,23.4,10.4,94135.9,297.02,1.10411
2025-09-23 17:55,KEDW,101456.2,27.1,10.3,94104.5,300.72,1.09016
2025-09-23 18:55,KEDW,101388.5,31.2,6.9,94041.7,304.82,1.07478
2025-09-23 19:55,KEDW,101320.8,34.3,2.9,93978.9,307.92,1.06324
2025-09-23 21:55,KEDW,101151.4,35.1,2.5,93821.8,308.72,1.05872
2025-09-23 22:55,KEDW,101117.6,34.9,4.4,93790.4,308.52,1.05905
2025-09-23 23:55,KEDW,101117.6,34.8,6.1,93790.4,308.42,1.05939
2025-09-24 00:55,KEDW,101117.6,33.8,5.3,93790.4,307.42,1.06284
2025-09-24 01:55,KEDW,101151.4,32.3,5.7,93821.8,305.92,1.06841
2025-09-24 03:55,KEDW,101286.9,28.8,6.8,93947.5,302.42,1.08222
2025-09-24 04:55,KEDW,101354.6,27.2,11.2,94010.3,300.82,1.08870
2025-09-24 05:55,KEDW,101422.4,25.6,12.4,94073.1,299.22,1.09526
2025-09-24 06:55,KEDW,101422.4,24.2,12.5,94073.1,297.82,1.10040
2025-09-24 07:55,KEDW,101422.4,22.3,12.5,94073.1,295.92,1.10747
2025-09-24 08:55,KEDW,101422.4,22.7,12.6,94073.1,296.32,1.10597
2025-09-24 09:55,KEDW,101422.4,22.9,12.8,94073.1,296.52,1.10523
2025-09-24 10:55,KEDW,101456.2,22.9,13.1,94104.5,296.52,1.10560
2025-09-24 11:55,KEDW,101490.1,22.5,12.7,94135.9,296.12,1.10746
2025-09-24 12:55,KEDW,101490.1,21.1,13.0,94135.9,294.72,1.11272
2025-09-24 13:55,KEDW,101523.9,20.5,12.7,94167.3,294.12,1.11536
2025-09-24 14:55,KEDW,101591.7,22.9,12.5,94230.1,296.52,1.10707
2025-09-24 15:55,KEDW,101625.5,24.0,12.9,94261.6,297.62,1.10335
2025-09-24 16:55,KEDW,101625.5,26.5,12.9,94261.6,300.12,1.09416
2025-09-24 17:55,KEDW,101591.7,29.1,12.9,94230.1,302.72,1.08440
2025-09-24 18:55,KEDW,101523.9,31.1,10.9,94167.3,304.72,1.07656
2025-09-24 19:55,KEDW,101456.2,33.4,6.6,94104.5,307.02,1.06779
2025-09-24 21:55,KEDW,101320.8,34.9,10.7,93978.9,308.52,1.06118
2025-09-24 22:55,KEDW,101286.9,34.3,11.4,93947.5,307.92,1.06289
2025-09-24 23:55,KEDW,101320.8,33.5,11.9,93978.9,307.12,1.06601
2025-09-25 00:55,KEDW,101320.8,32.5,12.1,93978.9,306.12,1.06950
2025-09-25 01:55,KEDW,101354.6,29.8,12.7,94010.3,303.42,1.07937
2025-09-25 02:55,KEDW,101422.4,28.0,12.7,94073.1,301.62,1.08654
2025-09-25 03:55,KEDW,101456.2,26.7,13.1,94104.5,300.32,1.09161
2025-09-25 04:55,KEDW,101456.2,25.6,13.1,94104.5,299.22,1.09562
2025-09-25 05:55,KEDW,101523.9,23.9,13.4,94167.3,297.52,1.10262
2025-09-25 06:55,KEDW,101523.9,22.5,13.3,94167.3,296.12,1.10783
2025-09-25 07:55,KEDW,101523.9,21.8,13.4,94167.3,295.42,1.11046
2025-09-25 08:55,KEDW,101523.9,21.4,13.0,94167.3,295.02,1.11196
2025-09-25 09:55,KEDW,101523.9,19.6,12.6,94167.3,293.22,1.11879
2025-09-25 10:55,KEDW,101490.1,20.0,12.7,94135.9,293.62,1.11689
2025-09-25 11:55,KEDW,101490.1,19.0,12.5,94135.9,292.62,1.12071
2025-09-25 12:55,KEDW,101523.9,17.4,12.1,94167.3,291.02,1.12724
2025-09-25 13:55,KEDW,101523.9,18.5,12.5,94167.3,292.12,1.12300
2025-09-25 14:55,KEDW,101557.8,20.5,13.0,94198.7,294.12,1.11574
2025-09-25 15:55,KEDW,101591.7,23.3,12.6,94230.1,296.92,1.10558
2025-09-25 16:55,KEDW,101557.8,25.8,11.5,94198.7,299.42,1.09599
2025-09-25 17:55,KEDW,101557.8,27.2,10.0,94198.7,300.82,1.09089
2025-09-25 18:55,KEDW,101490.1,28.4,8.1,94135.9,302.02,1.08583
2025-09-25 19:55,KEDW,101388.5,29.5,8.0,94041.7,303.12,1.08080
2025-09-25 20:55,KEDW,101286.9,30.4,8.1,93947.5,304.02,1.07652
2025-09-25 21:55,KEDW,101253.0,30.1,7.3,93916.0,303.72,1.07723
2025-09-25 22:55,KEDW,101185.3,29.6,8.0,93853.2,303.22,1.07828
2025-09-25 23:55,KEDW,101151.4,28.9,7.5,93821.8,302.52,1.08041
2025-09-26 00:55,KEDW,101151.4,27.1,8.0,93821.8,300.72,1.08688
2025-09-26 01:55,KEDW,101185.3,25.0,10.1,93853.2,298.62,1.09489
2025-09-26 02:55,KEDW,101219.2,24.0,9.9,93884.6,297.62,1.09894
2025-09-26 03:55,KEDW,101219.2,22.7,10.5,93884.6,296.32,1.10376
2025-09-26 04:55,KEDW,101185.3,21.8,10.6,93853.2,295.42,1.10675
2025-09-26 05:55,KEDW,101151.4,21.7,10.8,93821.8,295.32,1.10676
2025-09-26 06:55,KEDW,101151.4,21.8,10.6,93821.8,295.42,1.10638
2025-09-26 07:55,KEDW,101117.6,22.7,10.8,93790.4,296.32,1.10265
2025-09-26 08:55,KEDW,101117.6,22.6,10.4,93790.4,296.22,1.10302
2025-09-26 09:55,KEDW,101083.7,22.7,10.1,93759.0,296.32,1.10228
2025-09-26 10:55,KEDW,101049.8,21.9,10.1,93727.6,295.52,1.10490
2025-09-26 11:55,KEDW,101016.0,20.1,9.6,93696.2,293.72,1.11129
2025-09-26 12:55,KEDW,101083.7,19.1,10.1,93759.0,292.72,1.11584
2025-09-26 13:55,KEDW,101117.6,18.3,9.9,93790.4,291.92,1.11927
2025-09-26 14:55,KEDW,101117.6,19.9,10.9,93790.4,293.52,1.11317
2025-09-26 15:55,KEDW,101185.3,23.5,10.9,93853.2,297.12,1.10042
2025-09-26 16:55,KEDW,101151.4,26.1,9.8,93821.8,299.72,1.09051
2025-09-26 17:55,KEDW,101117.6,27.5,8.8,93790.4,301.12,1.08507
2025-09-26 18:55,KEDW,101117.6,28.8,7.4,93790.4,302.42,1.08041
2025-09-26 19:55,KEDW,101049.8,29.5,8.0,93727.6,303.12,1.07719
2025-09-26 21:55,KEDW,100846.7,32.0,4.7,93539.1,305.62,1.06623
2025-09-26 22:55,KEDW,100778.9,33.0,2.9,93476.3,306.62,1.06204
2025-09-26 23:55,KEDW,100778.9,32.8,1.8,93476.3,306.42,1.06274
2025-09-27 00:55,KEDW,100812.8,31.4,1.6,93507.7,305.02,1.06797
2025-09-27 01:55,KEDW,100812.8,29.1,2.3,93507.7,302.72,1.07609
2025-09-27 02:55,KEDW,100914.4,26.6,11.1,93601.9,300.22,1.08614
2025-09-27 03:55,KEDW,101151.4,24.4,9.1,93821.8,298.02,1.09673
2025-09-27 04:55,KEDW,101185.3,23.9,8.7,93853.2,297.52,1.09894
2025-09-27 05:55,KEDW,101320.8,23.5,9.8,93978.9,297.12,1.10189
2025-09-27 06:55,KEDW,101117.6,19.8,14.8,93790.4,293.42,1.11355
2025-09-27 07:55,KEDW,101151.4,20.1,15.7,93821.8,293.72,1.11278
2025-09-27 08:55,KEDW,101185.3,18.7,14.6,93853.2,292.32,1.11849
2025-09-27 09:55,KEDW,101117.6,19.1,15.4,93790.4,292.72,1.11621
2025-09-27 10:55,KEDW,101117.6,17.2,14.8,93790.4,290.82,1.12351
2025-09-27 11:55,KEDW,101117.6,17.3,14.6,93790.4,290.92,1.12312
2025-09-27 12:55,KEDW,101151.4,17.2,13.9,93821.8,290.82,1.12388
2025-09-27 13:55,KEDW,101219.2,15.9,13.4,93884.6,289.52,1.12968
2025-09-27 14:55,KEDW,101286.9,16.5,13.0,93947.5,290.12,1.12810
2025-09-27 15:55,KEDW,101320.8,18.5,13.8,93978.9,292.12,1.12075
2025-09-27 16:55,KEDW,101320.8,21.5,13.9,93978.9,295.12,1.10936
2025-09-27 17:55,KEDW,101320.8,22.5,13.0,93978.9,296.12,1.10561
2025-09-27 18:55,KEDW,101253.0,24.5,12.1,93916.0,298.12,1.09746
2025-09-27 19:55,KEDW,101185.3,26.9,10.5,93853.2,300.52,1.08797
2025-09-27 21:55,KEDW,100982.1,30.2,8.0,93664.8,303.82,1.07399
2025-09-27 22:55,KEDW,100948.3,29.7,7.6,93633.4,303.32,1.07540
2025-09-27 23:55,KEDW,100948.3,29.6,8.0,93633.4,303.22,1.07576
2025-09-28 00:55,KEDW,100982.1,27.1,7.5,93664.8,300.72,1.08506
2025-09-28 01:55,KEDW,101083.7,25.3,10.7,93759.0,298.92,1.09269
2025-09-28 02:55,KEDW,101185.3,22.8,12.1,93853.2,296.42,1.10302
2025-09-28 03:55,KEDW,101219.2,21.5,12.6,93884.6,295.12,1.10825
2025-09-28 04:55,KEDW,101253.0,20.5,13.0,93916.0,294.12,1.11239
2025-09-28 05:55,KEDW,101320.8,19.7,12.4,93978.9,293.32,1.11617
2025-09-28 06:55,KEDW,101320.8,19.3,12.5,93978.9,292.92,1.11769
2025-09-28 07:55,KEDW,101320.8,18.9,13.1,93978.9,292.52,1.11922
2025-09-28 08:55,KEDW,101286.9,19.3,13.2,93947.5,292.92,1.11732
2025-09-28 09:55,KEDW,101286.9,19.6,13.1,93947.5,293.22,1.11618
2025-09-28 10:55,KEDW,101320.8,18.9,13.3,93978.9,292.52,1.11922
2025-09-28 11:55,KEDW,101354.6,17.6,12.7,94010.3,291.22,1.12459
2025-09-28 12:55,KEDW,101422.4,16.6,12.5,94073.1,290.22,1.12922
2025-09-28 13:55,KEDW,101490.1,16.1,12.8,94135.9,289.72,1.13193
2025-09-28 14:55,KEDW,101557.8,17.6,12.9,94198.7,291.22,1.12685
2025-09-28 15:55,KEDW,101625.5,19.5,12.7,94261.6,293.12,1.12029
2025-09-28 16:55,KEDW,101659.4,21.6,12.4,94293.0,295.22,1.11269
2025-09-28 17:55,KEDW,101625.5,22.8,12.4,94261.6,296.42,1.10782
2025-09-28 18:55,KEDW,101591.7,25.2,11.7,94230.1,298.82,1.09855
2025-09-28 19:55,KEDW,101557.8,26.8,11.7,94198.7,300.42,1.09234
2025-09-28 21:55,KEDW,101388.5,29.2,10.8,94041.7,302.82,1.08187
2025-09-28 22:55,KEDW,101354.6,29.9,10.4,94010.3,303.52,1.07902
2025-09-28 23:55,KEDW,101320.8,29.7,10.7,93978.9,303.32,1.07937
2025-09-29 00:55,KEDW,101320.8,28.6,10.7,93978.9,302.22,1.08330
2025-09-29 01:55,KEDW,101354.6,25.8,11.5,94010.3,299.42,1.09379
2025-09-29 02:55,KEDW,101422.4,23.9,12.2,94073.1,297.52,1.10151
2025-09-29 03:55,KEDW,101456.2,22.6,12.5,94104.5,296.22,1.10672
2025-09-29 04:55,KEDW,101523.9,21.8,12.6,94167.3,295.42,1.11046
2025-09-29 05:55,KEDW,101523.9,21.0,12.7,94167.3,294.62,1.11347
2025-09-29 06:55,KEDW,101523.9,20.1,12.6,94167.3,293.72,1.11688
2025-09-29 07:55,KEDW,101490.1,20.0,12.0,94135.9,293.62,1.11689
2025-09-29 08:55,KEDW,101490.1,19.0,11.8,94135.9,292.62,1.12071
2025-09-29 09:55,KEDW,101490.1,17.7,11.5,94135.9,291.32,1.12571
2025-09-29 10:55,KEDW,101490.1,17.7,11.7,94135.9,291.32,1.12571
2025-09-29 11:55,KEDW,101490.1,16.8,11.1,94135.9,290.42,1.12920
2025-09-29 12:55,KEDW,101523.9,16.2,10.7,94167.3,289.82,1.13191
2025-09-29 13:55,KEDW,101557.8,15.4,10.2,94198.7,289.02,1.13542
2025-09-29 14:55,KEDW,101625.5,18.3,11.6,94261.6,291.92,1.12489
2025-09-29 16:55,KEDW,101625.5,23.1,10.8,94261.6,296.72,1.10670
2025-09-29 17:55,KEDW,101591.7,24.4,11.0,94230.1,298.02,1.10150
2025-09-29 18:55,KEDW,101523.9,26.2,10.3,94167.3,299.82,1.09416
2025-09-29 19:55,KEDW,101422.4,27.3,10.5,94073.1,300.92,1.08907
2025-09-29 21:55,KEDW,101253.0,30.1,9.0,93916.0,303.72,1.07723
2025-09-29 22:55,KEDW,101219.2,30.0,10.0,93884.6,303.62,1.07722
2025-09-29 23:55,KEDW,101185.3,29.2,8.3,93853.2,302.82,1.07971
2025-09-30 01:55,KEDW,101185.3,24.9,7.9,93853.2,298.52,1.09526
2025-09-30 02:55,KEDW,101185.3,23.2,8.5,93853.2,296.82,1.10153
2025-09-30 03:55,KEDW,101253.0,21.6,10.4,93916.0,295.22,1.10824
2025-09-30 04:55,KEDW,101286.9,21.2,10.4,93947.5,294.82,1.11012
2025-09-30 05:55,KEDW,101253.0,21.0,10.5,93916.0,294.62,1.11050
2025-09-30 06:55,KEDW,101253.0,20.6,10.1,93916.0,294.22,1.11201
2025-09-30 07:55,KEDW,101286.9,20.2,9.7,93947.5,293.82,1.11390
2025-09-30 08:55,KEDW,101354.6,19.8,10.2,94010.3,293.42,1.11616
2025-09-30 09:55,KEDW,101320.8,18.6,10.2,93978.9,292.22,1.12037
2025-09-30 10:55,KEDW,101354.6,17.5,10.1,94010.3,291.12,1.12498
2025-09-30 11:55,KEDW,101422.4,16.4,9.6,94073.1,290.02,1.13000
2025-09-30 12:55,KEDW,101422.4,15.4,9.1,94073.1,289.02,1.13391
2025-09-30 13:55,KEDW,101456.2,14.8,8.9,94104.5,288.42,1.13665
2025-09-30 14:55,KEDW,101523.9,16.1,9.0,94167.3,289.72,1.13230
2025-09-30 15:55,KEDW,101557.8,18.4,8.9,94198.7,292.02,1.12376
2025-09-30 16:55,KEDW,101591.7,21.3,9.5,94230.1,294.92,1.11308
2025-09-30 17:55,KEDW,101591.7,22.9,8.9,94230.1,296.52,1.10707
2025-09-30 18:55,KEDW,101523.9,24.8,7.4,94167.3,298.42,1.09929
2025-09-30 19:55,KEDW,101456.2,26.7,7.2,94104.5,300.32,1.09161
2025-09-30 21:59,KEDW,101320.8,29.0,4.0,93978.9,302.62,1.08187
2025-09-30 22:55,KEDW,101354.6,27.9,2.8,94010.3,301.52,1.08618
2025-09-30 23:55,KEDW,101354.6,27.0,3.5,94010.3,300.62,1.08943
2025-10-01 00:55,KEDW,101388.5,25.4,5.0,94041.7,299.02,1.09562
2025-10-01 01:55,KEDW,101456.2,23.4,6.6,94104.5,297.02,1.10374
2025-10-01 02:55,KEDW,101490.1,21.6,9.8,94135.9,295.22,1.11084
2025-10-01 03:55,KEDW,101523.9,20.5,10.0,94167.3,294.12,1.11536
2025-10-01 04:55,KEDW,101523.9,18.8,9.8,94167.3,292.42,1.12185
2025-10-01 05:55,KEDW,101523.9,18.6,9.9,94167.3,292.22,1.12262
2025-10-01 06:55,KEDW,101523.9,18.0,10.1,94167.3,291.62,1.12493
2025-10-01 09:55,KEDW,101490.1,16.2,10.3,94135.9,289.82,1.13153
2025-10-01 10:55,KEDW,101523.9,15.5,9.6,94167.3,289.12,1.13465
2025-10-01 11:57,KEDW,101557.8,15.8,8.7,94198.7,289.42,1.13385
2025-10-01 12:55,KEDW,101557.8,14.9,9.3,94198.7,288.52,1.13739
2025-10-01 13:55,KEDW,101591.7,14.6,9.0,94230.1,288.22,1.13896
2025-10-01 14:55,KEDW,101625.5,15.8,9.7,94261.6,289.42,1.13461
2025-10-01 15:55,KEDW,101659.4,19.4,9.6,94293.0,293.02,1.12104
2025-10-01 16:55,KEDW,101659.4,21.8,8.7,94293.0,295.42,1.11194
2025-10-01 17:55,KEDW,101659.4,23.2,8.1,94293.0,296.82,1.10669
2025-10-01 18:55,KEDW,101625.5,24.7,7.3,94261.6,298.32,1.10076
2025-10-01 19:55,KEDW,101523.9,26.8,6.2,94167.3,300.42,1.09197
2025-10-01 21:55,KEDW,101388.5,28.6,2.7,94041.7,302.22,1.08402
2025-10-01 22:55,KEDW,101354.6,30.3,3.3,94010.3,303.92,1.07760
2025-10-01 23:55,KEDW,101354.6,30.1,5.4,94010.3,303.72,1.07831
2025-10-02 00:55,KEDW,101354.6,28.4,7.6,94010.3,302.02,1.08438
2025-10-02 01:55,KEDW,101388.5,25.7,9.1,94041.7,299.32,1.09452
2025-10-02 02:55,KEDW,101422.4,23.3,10.3,94073.1,296.92,1.10374
2025-10-02 03:55,KEDW,101490.1,21.2,10.9,94135.9,294.82,1.11234
2025-10-02 04:55,KEDW,101523.9,20.5,10.9,94167.3,294.12,1.11536
2025-10-02 05:55,KEDW,101557.8,20.3,10.7,94198.7,293.92,1.11650
2025-10-02 06:55,KEDW,101557.8,19.9,9.5,94198.7,293.52,1.11802
2025-10-02 07:55,KEDW,101557.8,17.3,10.4,94198.7,290.92,1.12801
2025-10-02 08:55,KEDW,101557.8,17.8,8.6,94198.7,291.42,1.12607
2025-10-02 09:55,KEDW,101523.9,16.2,8.4,94167.3,289.82,1.13191
2025-10-02 10:55,KEDW,101490.1,16.1,7.3,94135.9,289.72,1.13193
2025-10-02 11:55,KEDW,101490.1,16.8,6.9,94135.9,290.42,1.12920
2025-10-02 12:55,KEDW,101557.8,15.5,7.8,94198.7,289.12,1.13503
2025-10-02 13:55,KEDW,101591.7,14.9,8.1,94230.1,288.52,1.13777
2025-10-02 14:55,KEDW,101659.4,17.1,8.2,94293.0,290.72,1.12991
2025-10-02 15:55,KEDW,101659.4,20.7,7.7,94293.0,294.32,1.11609
2025-10-02 16:55,KEDW,101659.4,23.7,5.6,94293.0,297.32,1.10483
2025-10-02 17:55,KEDW,101625.5,25.5,3.4,94261.6,299.12,1.09782
2025-10-02 18:55,KEDW,101591.7,27.4,1.0,94230.1,301.02,1.09052
2025-10-02 19:55,KEDW,101490.1,28.5,0.2,94135.9,302.12,1.08547
2025-10-02 21:55,KEDW,101320.8,31.7,-0.1,93978.9,305.32,1.07230
2025-10-02 22:55,KEDW,101320.8,29.8,2.9,93978.9,303.42,1.07901
2025-10-02 23:55,KEDW,101286.9,28.2,4.4,93947.5,301.82,1.08437
2025-10-03 00:55,KEDW,101286.9,26.5,4.9,93947.5,300.12,1.09051
2025-10-03 01:55,KEDW,101320.8,24.3,8.7,93978.9,297.92,1.09893
2025-10-03 02:55,KEDW,101320.8,22.7,10.1,93978.9,296.32,1.10487
2025-10-03 03:55,KEDW,101388.5,21.3,10.4,94041.7,294.92,1.11085
2025-10-03 04:55,KEDW,101422.4,20.7,10.5,94073.1,294.32,1.11349
2025-10-03 05:55,KEDW,101456.2,19.7,9.8,94104.5,293.32,1.11766
2025-10-03 06:55,KEDW,101456.2,19.2,11.2,94104.5,292.82,1.11957
2025-10-03 07:55,KEDW,101456.2,19.5,11.0,94104.5,293.12,1.11842
2025-10-03 08:55,KEDW,101422.4,18.4,11.0,94073.1,292.02,1.12226
2025-10-03 09:55,KEDW,101422.4,18.3,10.9,94073.1,291.92,1.12265
2025-10-03 10:55,KEDW,101422.4,17.6,11.4,94073.1,291.22,1.12534
2025-10-03 11:55,KEDW,101388.5,17.1,11.4,94041.7,290.72,1.12690
2025-10-03 12:55,KEDW,101422.4,16.4,11.7,94073.1,290.02,1.13000
2025-10-03 13:55,KEDW,101456.2,15.6,11.8,94104.5,289.22,1.13350
2025-10-03 14:55,KEDW,101490.1,16.5,10.3,94135.9,290.12,1.13036
2025-10-03 15:55,KEDW,101523.9,18.1,10.2,94167.3,291.72,1.12454
2025-10-03 16:55,KEDW,101523.9,20.3,9.2,94167.3,293.92,1.11612
2025-10-03 17:55,KEDW,101490.1,20.8,7.8,94135.9,294.42,1.11386
2025-10-03 18:55,KEDW,101456.2,22.6,5.9,94104.5,296.22,1.10672
2025-10-03 19:55,KEDW,101422.4,23.2,4.7,94073.1,296.82,1.10411
2025-10-03 21:55,KEDW,101286.9,22.0,0.5,93947.5,295.62,1.10711
2025-10-03 22:55,KEDW,101253.0,21.7,1.9,93916.0,295.32,1.10787
2025-10-03 23:55,KEDW,101219.2,21.4,-2.5,93884.6,295.02,1.10862
2025-10-04 00:55,KEDW,101253.0,20.0,1.9,93916.0,293.62,1.11428
2025-10-04 01:55,KEDW,101320.8,18.4,3.8,93978.9,292.02,1.12114
2025-10-04 02:55,KEDW,101320.8,17.6,5.2,93978.9,291.22,1.12422
2025-10-04 03:55,KEDW,101354.6,16.9,4.6,94010.3,290.52,1.12730
2025-10-04 04:55,KEDW,101354.6,16.5,3.9,94010.3,290.12,1.12886
2025-10-04 05:55,KEDW,101388.5,15.4,2.2,94041.7,289.02,1.13353
2025-10-04 06:55,KEDW,101388.5,15.3,2.5,94041.7,288.92,1.13392
2025-10-04 07:55,KEDW,101354.6,14.6,2.8,94010.3,288.22,1.13630
2025-10-04 08:55,KEDW,101422.4,14.0,2.6,94073.1,287.62,1.13943
2025-10-04 09:55,KEDW,101388.5,12.8,3.2,94041.7,286.42,1.14382
2025-10-04 10:55,KEDW,101354.6,11.9,3.6,94010.3,285.52,1.14704
2025-10-04 11:55,KEDW,101354.6,11.0,3.8,94010.3,284.62,1.15067
2025-10-04 12:55,KEDW,101422.4,10.6,4.3,94073.1,284.22,1.15306
2025-10-04 13:55,KEDW,101422.4,10.2,3.9,94073.1,283.82,1.15468
2025-10-04 14:55,KEDW,101456.2,11.9,4.1,94104.5,285.52,1.14819
2025-10-04 15:55,KEDW,101490.1,15.2,5.7,94135.9,288.82,1.13545
2025-10-04 16:55,KEDW,101490.1,17.9,5.1,94135.9,291.52,1.12494
2025-10-04 17:55,KEDW,101490.1,19.6,4.1,94135.9,293.22,1.11841
2025-10-04 18:55,KEDW,101422.4,20.8,1.6,94073.1,294.42,1.11311
2025-10-04 19:55,KEDW,101354.6,22.5,2.0,94010.3,296.12,1.10598
2025-10-04 21:55,KEDW,101185.3,23.8,0.1,93853.2,297.42,1.09931
2025-10-04 22:55,KEDW,101083.7,24.8,-0.4,93759.0,298.42,1.09453
2025-10-04 23:55,KEDW,101049.8,24.8,-0.4,93727.6,298.42,1.09416
2025-10-05 00:55,KEDW,100982.1,24.2,-0.9,93664.8,297.82,1.09563
2025-10-05 01:55,KEDW,100982.1,22.0,-0.7,93664.8,295.62,1.10378
2025-10-05 02:55,KEDW,101016.0,20.4,4.8,93696.2,294.02,1.11016
2025-10-05 03:55,KEDW,101016.0,18.9,5.0,93696.2,292.52,1.11585
2025-10-05 04:55,KEDW,101083.7,16.0,3.4,93759.0,289.62,1.12778
2025-10-05 05:55,KEDW,101117.6,14.8,3.9,93790.4,288.42,1.13285
2025-10-05 06:55,KEDW,101117.6,14.1,4.1,93790.4,287.72,1.13561
2025-10-05 07:55,KEDW,101117.6,13.3,3.9,93790.4,286.92,1.13878
2025-10-05 08:55,KEDW,101117.6,11.3,3.1,93790.4,284.92,1.14677
2025-10-05 09:55,KEDW,101083.7,10.7,2.3,93759.0,284.32,1.14881
2025-10-05 10:55,KEDW,101083.7,10.1,1.7,93759.0,283.72,1.15123
2025-10-05 11:55,KEDW,101049.8,9.4,1.8,93727.6,283.02,1.15370
2025-10-05 12:55,KEDW,101049.8,9.4,2.7,93727.6,283.02,1.15370
2025-10-05 13:55,KEDW,101083.7,8.2,1.8,93759.0,281.82,1.15900
2025-10-05 14:55,KEDW,101151.4,10.9,2.2,93821.8,284.52,1.14877
2025-10-05 15:55,KEDW,101185.3,12.8,2.6,93853.2,286.42,1.14153
2025-10-05 16:55,KEDW,101219.2,15.8,3.6,93884.6,289.42,1.13007
2025-10-05 17:55,KEDW,101185.3,18.4,4.9,93853.2,292.02,1.11964
2025-10-05 18:55,KEDW,101151.4,21.6,3.7,93821.8,295.22,1.10713
2025-10-05 19:55,KEDW,101016.0,25.4,0.8,93696.2,299.02,1.09160
2025-10-05 21:55,KEDW,100846.7,26.9,-1.9,93539.1,300.52,1.08433
2025-10-05 22:55,KEDW,100812.8,27.4,-1.5,93507.7,301.02,1.08216
2025-10-05 23:55,KEDW,100812.8,27.0,-1.9,93507.7,300.62,1.08360
2025-10-06 00:55,KEDW,100778.9,26.6,-2.2,93476.3,300.22,1.08468
2025-10-06 01:55,KEDW,100812.8,24.4,-2.2,93507.7,298.02,1.09306
2025-10-06 02:55,KEDW,100846.7,22.2,-1.8,93539.1,295.82,1.10156
2025-10-06 03:55,KEDW,100914.4,19.8,-1.4,93601.9,293.42,1.11131
2025-10-06 04:55,KEDW,100982.1,18.9,3.1,93664.8,292.52,1.11548
2025-10-06 05:55,KEDW,101016.0,15.9,3.7,93696.2,289.52,1.12742
2025-10-06 06:55,KEDW,101016.0,14.8,1.0,93696.2,288.42,1.13172
2025-10-06 07:55,KEDW,101016.0,14.2,1.1,93696.2,287.82,1.13408
2025-10-06 08:55,KEDW,101049.8,13.6,1.3,93727.6,287.22,1.13683
2025-10-06 09:55,KEDW,101016.0,12.9,0.0,93696.2,286.52,1.13922
2025-10-06 10:55,KEDW,101016.0,11.1,1.6,93696.2,284.72,1.14642
2025-10-06 11:55,KEDW,101049.8,10.1,0.1,93727.6,283.72,1.15085
2025-10-06 12:55,KEDW,101083.7,9.8,-0.7,93759.0,283.42,1.15245
2025-10-06 13:55,KEDW,101117.6,9.7,0.8,93790.4,283.32,1.15325
2025-10-06 14:55,KEDW,101185.3,13.0,1.6,93853.2,286.62,1.14073
2025-10-06 15:55,KEDW,101253.0,15.4,2.2,93916.0,289.02,1.13202
2025-10-06 16:55,KEDW,101286.9,18.1,2.4,93947.5,291.72,1.12191
2025-10-06 17:55,KEDW,101286.9,21.8,0.9,93947.5,295.42,1.10786
2025-10-06 18:55,KEDW,101253.0,25.6,1.0,93916.0,299.22,1.09343
2025-10-06 19:55,KEDW,101151.4,28.7,-1.5,93821.8,302.32,1.08113
2025-10-06 21:55,KEDW,101016.0,29.7,-3.9,93696.2,303.32,1.07612
2025-10-06 22:55,KEDW,101016.0,29.8,-3.8,93696.2,303.42,1.07577
2025-10-06 23:55,KEDW,101016.0,29.2,-5.6,93696.2,302.82,1.07790
2025-10-07 00:55,KEDW,101016.0,28.0,-5.2,93696.2,301.62,1.08219
2025-10-07 01:55,KEDW,101049.8,24.9,-4.5,93727.6,298.52,1.09379
2025-10-07 02:55,KEDW,101117.6,22.0,-4.2,93790.4,295.62,1.10526
2025-10-07 03:55,KEDW,101185.3,20.2,-3.5,93853.2,293.82,1.11278
2025-10-07 04:55,KEDW,101185.3,20.3,-2.8,93853.2,293.92,1.11240
2025-10-07 05:55,KEDW,101219.2,18.2,-2.7,93884.6,291.82,1.12078
2025-10-07 06:55,KEDW,101219.2,17.5,-2.2,93884.6,291.12,1.12347
2025-10-07 07:55,KEDW,101253.0,16.1,-2.0,93916.0,289.72,1.12928
2025-10-07 08:55,KEDW,101253.0,15.4,-1.2,93916.0,289.02,1.13202
2025-10-07 09:55,KEDW,101253.0,12.1,-2.2,93916.0,285.72,1.14509
2025-10-07 10:55,KEDW,101253.0,12.6,-2.9,93916.0,286.22,1.14309
2025-10-07 11:55,KEDW,101286.9,11.2,-3.0,93947.5,284.82,1.14909
2025-10-07 12:55,KEDW,101320.8,10.8,-2.6,93978.9,284.42,1.15109
2025-10-07 13:55,KEDW,101320.8,10.0,-2.3,93978.9,283.62,1.15434
2025-10-07 14:55,KEDW,101388.5,13.4,-1.8,94041.7,287.02,1.14143
2025-10-07 17:55,KEDW,101422.4,22.4,-1.7,94073.1,296.02,1.10710
2025-10-07 19:55,KEDW,101320.8,29.5,-5.3,93978.9,303.12,1.08008
2025-10-07 22:55,KEDW,101117.6,31.1,-7.1,93790.4,304.72,1.07226
2025-10-07 23:55,KEDW,101117.6,30.3,-6.1,93790.4,303.92,1.07508
2025-10-08 00:55,KEDW,101117.6,29.0,-5.7,93790.4,302.62,1.07970
2025-10-08 01:55,KEDW,101117.6,25.2,-5.2,93790.4,298.82,1.09343
2025-10-08 02:55,KEDW,101151.4,22.4,-5.5,93821.8,296.02,1.10414
2025-10-08 03:55,KEDW,101185.3,20.7,-5.2,93853.2,294.32,1.11089
2025-10-08 04:55,KEDW,101219.2,21.2,-4.1,93884.6,294.82,1.10938
2025-10-08 05:55,KEDW,101219.2,18.9,-3.3,93884.6,292.52,1.11810
2025-10-08 06:55,KEDW,101253.0,16.8,-2.8,93916.0,290.42,1.12656
2025-10-08 07:55,KEDW,101253.0,16.8,-3.4,93916.0,290.42,1.12656
2025-10-08 08:55,KEDW,101286.9,14.0,-2.0,93947.5,287.62,1.13791
2025-10-08 09:55,KEDW,101253.0,12.9,-1.1,93916.0,286.52,1.14189
2025-10-08 10:55,KEDW,101219.2,11.9,-3.5,93884.6,285.52,1.14551
2025-10-08 11:55,KEDW,101219.2,11.4,-2.8,93884.6,285.02,1.14752
2025-10-08 12:55,KEDW,101253.0,9.9,-2.4,93916.0,283.52,1.15398
2025-10-08 13:55,KEDW,101320.8,8.2,-3.6,93978.9,281.82,1.16171
2025-10-08 14:55,KEDW,101354.6,11.9,-2.7,94010.3,285.52,1.14704
2025-10-08 15:55,KEDW,101388.5,15.0,-2.4,94041.7,288.62,1.13510
2025-10-08 16:55,KEDW,101422.4,18.1,-0.7,94073.1,291.72,1.12341
2025-10-08 17:55,KEDW,101388.5,21.2,-0.2,94041.7,294.82,1.11123
2025-10-08 18:55,KEDW,101320.8,23.9,-1.9,93978.9,297.52,1.10041
2025-10-08 19:55,KEDW,101219.2,26.6,-1.3,93884.6,300.22,1.08942
2025-10-08 21:55,KEDW,101049.8,31.5,-6.8,93727.6,305.12,1.07013
2025-10-08 22:55,KEDW,101016.0,31.1,-8.8,93696.2,304.72,1.07118
2025-10-08 23:55,KEDW,100982.1,31.0,-4.2,93664.8,304.62,1.07117
2025-10-09 00:55,KEDW,100982.1,28.5,1.9,93664.8,302.12,1.08003
2025-10-09 01:55,KEDW,101049.8,24.8,2.8,93727.6,298.42,1.09416
2025-10-09 02:55,KEDW,101151.4,22.8,1.7,93821.8,296.42,1.10265
2025-10-09 03:55,KEDW,101151.4,20.9,4.9,93821.8,294.52,1.10976
2025-10-09 04:55,KEDW,101219.2,19.6,4.5,93884.6,293.22,1.11543
2025-10-09 05:55,KEDW,101253.0,17.0,4.0,93916.0,290.62,1.12578
2025-10-09 06:55,KEDW,101253.0,16.2,1.9,93916.0,289.82,1.12889
2025-10-09 07:55,KEDW,101286.9,14.4,2.0,93947.5,288.02,1.13633
2025-10-09 08:55,KEDW,101286.9,12.9,4.6,93947.5,286.52,1.14228
2025-10-09 09:55,KEDW,101286.9,13.0,6.1,93947.5,286.62,1.14188
2025-10-09 10:55,KEDW,101320.8,11.8,5.7,93978.9,285.42,1.14706
2025-10-09 11:55,KEDW,101320.8,11.7,6.2,93978.9,285.32,1.14746
2025-10-09 12:55,KEDW,101354.6,10.8,5.8,94010.3,284.42,1.15148
2025-10-09 13:55,KEDW,101422.4,11.0,5.5,94073.1,284.62,1.15144
2025-10-09 17:55,KEDW,101490.1,20.8,3.5,94135.9,294.42,1.11386
2025-10-09 18:55,KEDW,101456.2,23.7,-2.0,94104.5,297.32,1.10262
2025-10-09 19:55,KEDW,101354.6,26.2,-3.4,94010.3,299.82,1.09233
2025-10-09 21:55,KEDW,101185.3,29.7,-0.7,93853.2,303.32,1.07793
2025-10-09 22:55,KEDW,101117.6,31.8,1.9,93790.4,305.42,1.06980
2025-10-09 23:55,KEDW,101117.6,31.7,1.9,93790.4,305.32,1.07015
2025-10-10 00:55,KEDW,101117.6,30.7,2.0,93790.4,304.32,1.07366
2025-10-10 01:55,KEDW,101151.4,28.4,-3.8,93821.8,302.02,1.08220
2025-10-10 02:55,KEDW,101253.0,25.6,-8.3,93916.0,299.22,1.09343
2025-10-10 03:55,KEDW,101320.8,24.0,-7.2,93978.9,297.62,1.10004
2025-10-10 04:55,KEDW,101354.6,21.6,-5.3,94010.3,295.22,1.10935
2025-10-10 05:55,KEDW,101388.5,21.1,-4.2,94041.7,294.72,1.11161
2025-10-10 06:55,KEDW,101388.5,19.9,-1.9,94041.7,293.52,1.11615
2025-10-10 07:55,KEDW,101422.4,19.6,-2.7,94073.1,293.22,1.11767
2025-10-10 08:55,KEDW,101388.5,17.8,-2.5,94041.7,291.42,1.12420
2025-10-10 09:55,KEDW,101354.6,18.0,-3.5,94010.3,291.62,1.12305
2025-10-10 10:55,KEDW,101354.6,15.8,-2.7,94010.3,289.42,1.13159
2025-10-10 11:55,KEDW,101354.6,16.1,-2.4,94010.3,289.72,1.13041
2025-10-10 12:55,KEDW,101388.5,15.1,-3.3,94041.7,288.72,1.13471
2025-10-10 13:55,KEDW,101388.5,15.1,-1.9,94041.7,288.72,1.13471
2025-10-10 14:55,KEDW,101388.5,17.5,-1.7,94041.7,291.12,1.12535
2025-10-10 15:55,KEDW,101456.2,20.0,0.9,94104.5,293.62,1.11652
2025-10-10 16:55,KEDW,101456.2,22.0,6.6,94104.5,295.62,1.10896
2025-10-10 17:55,KEDW,101388.5,24.8,12.0,94041.7,298.42,1.09783
2025-10-10 18:55,KEDW,101354.6,27.0,11.8,94010.3,300.62,1.08943
2025-10-10 19:55,KEDW,101253.0,28.9,11.4,93916.0,302.52,1.08150
2025-10-10 21:55,KEDW,101049.8,32.0,10.1,93727.6,305.62,1.06838
2025-10-10 22:55,KEDW,100982.1,32.6,10.0,93664.8,306.22,1.06557
2025-10-10 23:55,KEDW,100914.4,32.3,10.3,93601.9,305.92,1.06590
2025-10-11 00:55,KEDW,100914.4,30.0,10.5,93601.9,303.62,1.07398
2025-10-11 01:55,KEDW,100948.3,27.9,11.4,93633.4,301.52,1.08182
2025-10-11 02:55,KEDW,101016.0,26.1,11.0,93696.2,299.72,1.08905
2025-10-11 03:55,KEDW,101083.7,25.1,10.5,93759.0,298.72,1.09343
2025-10-11 04:55,KEDW,101049.8,23.6,9.2,93727.6,297.22,1.09858
2025-10-11 05:55,KEDW,101083.7,21.1,7.7,93759.0,294.72,1.10827
2025-10-11 06:55,KEDW,101049.8,21.0,7.9,93727.6,294.62,1.10827
2025-10-11 07:55,KEDW,101049.8,17.9,6.4,93727.6,291.52,1.12006
2025-10-11 08:55,KEDW,101016.0,17.1,7.7,93696.2,290.72,1.12276
2025-10-11 09:55,KEDW,101016.0,16.4,7.1,93696.2,290.02,1.12547
2025-10-11 10:55,KEDW,100948.3,15.3,7.3,93633.4,288.92,1.12900
2025-10-11 11:55,KEDW,100948.3,14.2,7.5,93633.4,287.82,1.13331
2025-10-11 12:55,KEDW,100948.3,13.3,7.1,93633.4,286.92,1.13687
2025-10-11 13:55,KEDW,100948.3,12.8,6.6,93633.4,286.42,1.13885
2025-10-11 14:55,KEDW,101016.0,14.0,6.1,93696.2,287.62,1.13486
2025-10-11 15:55,KEDW,101049.8,17.7,5.9,93727.6,291.32,1.12083
2025-10-11 16:55,KEDW,101049.8,19.8,6.2,93727.6,293.42,1.11280
2025-10-11 17:55,KEDW,101016.0,22.3,3.9,93696.2,295.92,1.10303
2025-10-11 18:55,KEDW,101016.0,23.4,2.8,93696.2,297.02,1.09895
2025-10-11 19:55,KEDW,100982.1,23.3,3.2,93664.8,296.92,1.09895
2025-10-11 21:55,KEDW,100846.7,22.9,3.9,93539.1,296.52,1.09896
2025-10-11 22:55,KEDW,100846.7,23.1,0.8,93539.1,296.72,1.09821
2025-10-11 23:55,KEDW,100812.8,22.0,4.1,93507.7,295.62,1.10193
2025-10-12 00:55,KEDW,100880.5,19.2,4.9,93570.5,292.82,1.11322
2025-10-12 01:55,KEDW,100914.4,17.0,6.2,93601.9,290.62,1.12202
2025-10-12 02:55,KEDW,100982.1,16.6,5.5,93664.8,290.22,1.12432
2025-10-12 03:55,KEDW,101016.0,16.0,5.9,93696.2,289.62,1.12703
2025-10-12 04:55,KEDW,101016.0,16.1,6.0,93696.2,289.72,1.12664
2025-10-12 05:55,KEDW,101016.0,15.4,5.6,93696.2,289.02,1.12937
2025-10-12 06:55,KEDW,101016.0,15.1,4.5,93696.2,288.72,1.13054
2025-10-12 07:55,KEDW,101016.0,14.5,5.0,93696.2,288.12,1.13289
2025-10-12 08:55,KEDW,101016.0,14.1,4.1,93696.2,287.72,1.13447
2025-10-12 09:55,KEDW,101016.0,11.8,3.3,93696.2,285.42,1.14361
2025-10-12 10:55,KEDW,101016.0,9.7,2.1,93696.2,283.32,1.15209
2025-10-12 11:55,KEDW,101049.8,9.4,1.6,93727.6,283.02,1.15370
2025-10-12 12:55,KEDW,101117.6,8.9,1.6,93790.4,282.52,1.15651
2025-10-12 13:55,KEDW,101117.6,7.8,1.0,93790.4,281.42,1.16103
2025-10-12 14:55,KEDW,101151.4,9.4,0.6,93821.8,283.02,1.15486
2025-10-12 15:55,KEDW,101219.2,13.2,1.5,93884.6,286.82,1.14032
2025-10-12 16:55,KEDW,101185.3,15.4,2.2,93853.2,289.02,1.13126
2025-10-12 17:55,KEDW,101117.6,16.9,2.1,93790.4,290.52,1.12467
2025-10-12 18:55,KEDW,101049.8,19.7,0.7,93727.6,293.32,1.11318
2025-10-12 19:55,KEDW,100914.4,21.8,-1.5,93601.9,295.42,1.10379
2025-10-12 21:55,KEDW,100711.2,24.6,-5.7,93413.5,298.22,1.09122
2025-10-12 22:55,KEDW,100643.5,24.7,-6.6,93350.7,298.32,1.09012
2025-10-12 23:55,KEDW,100609.6,24.8,-7.7,93319.3,298.42,1.08939
2025-10-13 00:55,KEDW,100575.8,24.2,-7.0,93287.8,297.82,1.09122
2025-10-13 01:55,KEDW,100541.9,21.7,-7.0,93256.4,295.32,1.10009
2025-10-13 02:55,KEDW,100541.9,19.4,-0.6,93256.4,293.02,1.10872
2025-10-13 03:55,KEDW,100541.9,17.9,1.8,93256.4,291.52,1.11443
2025-10-13 04:55,KEDW,100609.6,14.1,-1.9,93319.3,287.72,1.12991
2025-10-13 05:55,KEDW,100575.8,13.0,1.0,93287.8,286.62,1.13386
2025-10-13 06:55,KEDW,100575.8,12.0,1.0,93287.8,285.62,1.13783
2025-10-13 07:55,KEDW,100541.9,10.7,1.0,93256.4,284.32,1.14265
2025-10-13 08:55,KEDW,100541.9,9.6,0.7,93256.4,283.22,1.14709
2025-10-13 09:55,KEDW,100541.9,10.2,1.3,93256.4,283.82,1.14466
2025-10-13 10:55,KEDW,100508.0,9.2,0.6,93225.0,282.82,1.14832
2025-10-13 11:55,KEDW,100508.0,8.3,0.3,93225.0,281.92,1.15199
2025-10-13 12:55,KEDW,100541.9,8.9,-0.4,93256.4,282.52,1.14993
2025-10-13 13:55,KEDW,100541.9,11.3,1.0,93256.4,284.92,1.14024
2025-10-13 14:55,KEDW,100575.8,11.6,4.3,93287.8,285.22,1.13943
2025-10-13 15:55,KEDW,100609.6,15.7,7.2,93319.3,289.32,1.12366
2025-10-13 16:55,KEDW,100609.6,18.3,5.8,93319.3,291.92,1.11365
2025-10-13 17:55,KEDW,100609.6,19.3,5.7,93319.3,292.92,1.10985
2025-10-13 18:55,KEDW,100541.9,20.4,5.2,93256.4,294.02,1.10495
2025-10-13 19:55,KEDW,100474.2,20.8,3.9,93193.6,294.42,1.10271
2025-10-14 12:55,KEDW,100677.3,12.6,6.2,93382.1,286.22,1.13659
2025-10-14 13:55,KEDW,100643.5,12.8,6.2,93350.7,286.42,1.13542
2025-10-14 14:55,KEDW,100677.3,13.8,6.6,93382.1,287.42,1.13185
2025-10-14 15:55,KEDW,100745.1,14.4,8.8,93444.9,288.02,1.13025
2025-10-14 16:55,KEDW,100745.1,14.3,9.1,93444.9,287.92,1.13064
2025-10-14 17:55,KEDW,100880.5,11.4,9.3,93570.5,285.02,1.14368
2025-10-14 18:55,KEDW,101016.0,10.9,8.3,93696.2,284.52,1.14723
2025-10-14 19:55,KEDW,101049.8,10.8,8.4,93727.6,284.42,1.14802
2025-10-14 20:55,KEDW,101016.0,11.3,8.2,93696.2,284.92,1.14562
2025-10-14 21:55,KEDW,101049.8,13.7,7.9,93727.6,287.32,1.13643
2025-10-14 22:55,KEDW,101083.7,12.7,6.5,93759.0,286.32,1.14078
2025-10-14 23:55,KEDW,101083.7,12.8,7.0,93759.0,286.42,1.14038
2025-10-15 00:55,KEDW,101151.4,11.9,6.2,93821.8,285.52,1.14474
2025-10-15 01:55,KEDW,101219.2,11.3,6.0,93884.6,284.92,1.14792
2025-10-15 02:55,KEDW,101320.8,10.4,6.5,93978.9,284.02,1.15272
2025-10-15 03:55,KEDW,101354.6,9.9,6.6,94010.3,283.52,1.15513
2025-10-15 04:55,KEDW,101388.5,9.3,5.7,94041.7,282.92,1.15797
2025-10-15 05:55,KEDW,101388.5,9.7,5.3,94041.7,283.32,1.15634
2025-10-15 06:55,KEDW,101422.4,9.7,5.7,94073.1,283.32,1.15672
2025-10-15 07:55,KEDW,101456.2,10.1,6.1,94104.5,283.72,1.15548
2025-10-15 08:55,KEDW,101456.2,9.2,5.9,94104.5,282.82,1.15915
2025-10-15 09:55,KEDW,101388.5,8.5,5.4,94041.7,282.12,1.16125
2025-10-15 10:55,KEDW,101422.4,8.6,5.0,94073.1,282.22,1.16123
2025-10-15 11:55,KEDW,101456.2,7.3,4.3,94104.5,280.92,1.16699
2025-10-15 12:55,KEDW,101456.2,7.1,3.9,94104.5,280.72,1.16783
2025-10-15 13:55,KEDW,101490.1,7.2,3.6,94135.9,280.82,1.16780
2025-10-15 14:55,KEDW,101523.9,8.7,3.9,94167.3,282.32,1.16198
2025-10-15 15:55,KEDW,101591.7,10.0,4.6,94230.1,283.62,1.15743
2025-10-15 16:55,KEDW,101625.5,12.1,4.6,94261.6,285.72,1.14930
2025-10-15 17:55,KEDW,101625.5,13.9,3.1,94261.6,287.52,1.14211
2025-10-15 18:55,KEDW,101591.7,15.5,3.3,94230.1,289.12,1.13541
2025-10-15 19:55,KEDW,101557.8,16.2,3.3,94198.7,289.82,1.13229
2025-10-15 21:55,KEDW,101490.1,16.6,2.6,94135.9,290.22,1.12998
2025-10-15 22:55,KEDW,101490.1,16.8,2.0,94135.9,290.42,1.12920
2025-10-15 23:55,KEDW,101490.1,17.4,2.9,94135.9,291.02,1.12687
2025-10-16 00:55,KEDW,101490.1,15.8,3.6,94135.9,289.42,1.13310
2025-10-16 01:55,KEDW,101523.9,13.9,3.6,94167.3,287.52,1.14097
2025-10-16 02:55,KEDW,101523.9,13.0,3.4,94167.3,286.62,1.14455
2025-10-16 03:55,KEDW,101591.7,11.4,4.1,94230.1,285.02,1.15174
2025-10-16 04:55,KEDW,101659.4,9.5,4.9,94293.0,283.12,1.16025
2025-10-16 05:55,KEDW,101693.3,8.4,5.1,94324.4,282.02,1.16516
2025-10-16 06:55,KEDW,101659.4,7.9,4.5,94293.0,281.52,1.16684
2025-10-16 07:55,KEDW,101693.3,7.4,4.4,94324.4,281.02,1.16930
2025-10-16 08:55,KEDW,101693.3,6.3,4.0,94324.4,279.92,1.17390
2025-10-16 09:55,KEDW,101693.3,5.7,3.5,94324.4,279.32,1.17642
2025-10-16 10:55,KEDW,101625.5,4.7,2.7,94261.6,278.32,1.17986
2025-10-16 11:55,KEDW,101625.5,4.7,3.0,94261.6,278.32,1.17986
2025-10-16 12:55,KEDW,101625.5,4.6,2.8,94261.6,278.22,1.18029
2025-10-16 13:55,KEDW,101659.4,4.2,2.4,94293.0,277.82,1.18238
2025-10-16 14:55,KEDW,101727.1,6.4,3.9,94355.8,280.02,1.17387
2025-10-16 15:55,KEDW,101761.0,8.8,3.8,94387.2,282.42,1.16428
2025-10-16 16:55,KEDW,101761.0,11.6,4.3,94387.2,285.22,1.15285
2025-10-16 17:55,KEDW,101727.1,13.8,4.4,94355.8,287.42,1.14365
2025-10-16 18:55,KEDW,101693.3,15.8,4.8,94324.4,289.42,1.13537
2025-10-16 19:55,KEDW,101591.7,17.3,3.2,94230.1,290.92,1.12838
2025-10-16 21:55,KEDW,101456.2,20.2,3.0,94104.5,293.82,1.11576
2025-10-16 22:55,KEDW,101388.5,20.5,2.8,94041.7,294.12,1.11388
2025-10-16 23:55,KEDW,101354.6,21.6,2.3,94010.3,295.22,1.10935
2025-10-17 00:55,KEDW,101320.8,21.0,-0.9,93978.9,294.62,1.11124
2025-10-17 01:55,KEDW,101354.6,18.3,1.3,94010.3,291.92,1.12190
2025-10-17 02:55,KEDW,101422.4,15.6,2.7,94073.1,289.22,1.13313
2025-10-17 03:55,KEDW,101422.4,15.3,1.8,94073.1,288.92,1.13430
2025-10-17 04:55,KEDW,101456.2,13.7,2.6,94104.5,287.32,1.14100
2025-10-17 05:55,KEDW,101456.2,12.6,4.6,94104.5,286.22,1.14538
2025-10-17 06:55,KEDW,101490.1,10.2,4.8,94135.9,283.82,1.15546
2025-10-17 07:55,KEDW,101456.2,10.2,3.9,94104.5,283.82,1.15507
2025-10-17 08:55,KEDW,101490.1,8.8,4.8,94135.9,282.42,1.16118
2025-10-17 09:55,KEDW,101490.1,8.4,5.3,94135.9,282.02,1.16283
2025-10-17 10:55,KEDW,101523.9,6.8,3.8,94167.3,280.42,1.16986
2025-10-17 11:55,KEDW,101523.9,6.2,3.9,94167.3,279.82,1.17236
2025-10-17 12:55,KEDW,101591.7,6.1,3.8,94230.1,279.72,1.17357
2025-10-17 13:55,KEDW,101659.4,5.5,3.3,94293.0,279.12,1.17687
2025-10-17 14:55,KEDW,101693.3,8.2,4.6,94324.4,281.82,1.16599
2025-10-17 15:55,KEDW,101727.1,11.9,4.8,94355.8,285.52,1.15126
2025-10-17 16:55,KEDW,101761.0,15.7,3.5,94387.2,289.32,1.13652
2025-10-17 17:55,KEDW,101727.1,18.2,0.8,94355.8,291.82,1.12640
2025-10-17 18:55,KEDW,101693.3,20.2,0.1,94324.4,293.82,1.11836
2025-10-17 19:55,KEDW,101625.5,21.7,-0.3,94261.6,295.32,1.11194
2025-10-17 21:55,KEDW,101456.2,24.5,-5.7,94104.5,298.12,1.09966
2025-10-17 22:55,KEDW,101422.4,24.6,-5.7,94073.1,298.22,1.09893
2025-10-17 23:55,KEDW,101388.5,24.1,-4.2,94041.7,297.72,1.10041
2025-10-18 00:55,KEDW,101388.5,23.0,-3.4,94041.7,296.62,1.10449
2025-10-18 01:55,KEDW,101388.5,20.6,-0.7,94041.7,294.22,1.11350
2025-10-18 02:55,KEDW,101456.2,20.0,0.4,94104.5,293.62,1.11652
2025-10-18 03:55,KEDW,101523.9,19.0,2.4,94167.3,292.62,1.12108
2025-10-18 04:55,KEDW,101625.5,14.6,2.2,94261.6,288.22,1.13933
2025-10-18 05:55,KEDW,101659.4,13.7,2.6,94293.0,287.32,1.14328
2025-10-18 06:55,KEDW,101659.4,11.8,2.5,94293.0,285.42,1.15090
2025-10-18 07:55,KEDW,101659.4,10.1,3.1,94293.0,283.72,1.15779
2025-10-18 08:55,KEDW,101693.3,9.2,3.0,94324.4,282.82,1.16186
2025-10-18 09:55,KEDW,101693.3,9.2,3.8,94324.4,282.82,1.16186
2025-10-18 10:55,KEDW,101693.3,9.1,4.1,94324.4,282.72,1.16227
2025-10-18 11:55,KEDW,101693.3,6.3,2.0,94324.4,279.92,1.17390
2025-10-18 12:55,KEDW,101761.0,6.8,3.1,94387.2,280.42,1.17259
2025-10-18 13:55,KEDW,101794.9,6.5,2.9,94418.6,280.12,1.17423
2025-10-18 14:55,KEDW,101862.6,7.5,2.6,94481.4,281.12,1.17083
2025-10-18 15:55,KEDW,101964.2,10.4,3.0,94575.7,284.02,1.16004
2025-10-18 16:55,KEDW,101998.0,13.5,3.6,94607.1,287.12,1.14789
2025-10-18 17:55,KEDW,101964.2,16.9,3.6,94575.7,290.52,1.13408
2025-10-18 18:55,KEDW,101930.3,19.5,2.4,94544.2,293.12,1.12365
2025-10-18 19:55,KEDW,101862.6,22.2,0.7,94481.4,295.82,1.11265
2025-10-18 21:55,KEDW,101727.1,25.5,-2.2,94355.8,299.12,1.09891
2025-10-18 22:55,KEDW,101693.3,26.0,-3.6,94324.4,299.62,1.09672
2025-10-18 23:55,KEDW,101659.4,26.1,-3.5,94293.0,299.72,1.09598
2025-10-19 00:55,KEDW,101659.4,24.4,-1.5,94293.0,298.02,1.10224
2025-10-19 01:55,KEDW,101693.3,20.7,1.0,94324.4,294.32,1.11646
2025-10-19 02:55,KEDW,101727.1,19.6,1.1,94355.8,293.22,1.12103
2025-10-19 03:55,KEDW,101794.9,15.6,3.4,94418.6,289.22,1.13729
2025-10-19 04:55,KEDW,101828.7,15.9,4.0,94450.0,289.52,1.13649
2025-10-19 05:55,KEDW,101862.6,14.1,3.0,94481.4,287.72,1.14398
2025-10-19 06:55,KEDW,101828.7,12.3,2.4,94450.0,285.92,1.15080
2025-10-19 07:55,KEDW,101828.7,10.0,2.8,94450.0,283.62,1.16013
2025-10-19 08:55,KEDW,101828.7,9.6,2.7,94450.0,283.22,1.16177
2025-10-19 09:55,KEDW,101828.7,10.1,2.7,94450.0,283.72,1.15972
2025-10-19 10:55,KEDW,101761.0,7.5,2.4,94387.2,281.12,1.16967
2025-10-19 11:55,KEDW,101794.9,7.5,3.2,94418.6,281.12,1.17006
2025-10-19 12:55,KEDW,101828.7,8.3,3.4,94450.0,281.92,1.16712
2025-10-19 13:55,KEDW,101862.6,6.5,1.8,94481.4,280.12,1.17501
2025-10-19 14:55,KEDW,101896.4,9.2,3.0,94512.8,282.82,1.16418
2025-10-19 15:55,KEDW,101930.3,10.3,2.4,94544.2,283.92,1.16006
2025-10-19 16:55,KEDW,101964.2,13.6,2.2,94575.7,287.22,1.14711
2025-10-19 17:55,KEDW,101930.3,17.3,2.1,94544.2,290.92,1.13215
2025-10-19 18:55,KEDW,101862.6,21.5,-0.5,94481.4,295.12,1.11529
2025-10-19 19:55,KEDW,101761.0,25.5,-2.2,94387.2,299.12,1.09928
2025-10-19 21:55,KEDW,101557.8,28.8,-5.9,94198.7,302.42,1.08511
2025-10-19 22:55,KEDW,101523.9,29.2,-5.6,94167.3,302.82,1.08332
2025-10-19 23:55,KEDW,101490.1,27.8,-4.2,94135.9,301.42,1.08799
2025-10-20 00:55,KEDW,101456.2,25.9,-1.0,94104.5,299.52,1.09452
2025-10-20 01:55,KEDW,101523.9,22.9,0.7,94167.3,296.52,1.10634
2025-10-20 02:55,KEDW,101591.7,21.0,-1.5,94230.1,294.62,1.11421
2025-10-20 03:55,KEDW,101659.4,20.1,-0.6,94293.0,293.72,1.11837
2025-10-20 04:55,KEDW,101693.3,18.4,0.0,94324.4,292.02,1.12526
2025-10-20 05:55,KEDW,101659.4,17.3,0.0,94293.0,290.92,1.12914
2025-10-20 06:55,KEDW,101659.4,17.1,-0.6,94293.0,290.72,1.12991
2025-10-20 07:55,KEDW,101659.4,15.5,0.1,94293.0,289.12,1.13617
2025-10-20 08:55,KEDW,101693.3,15.3,-1.3,94324.4,288.92,1.13733
2025-10-20 09:55,KEDW,101693.3,13.0,-0.3,94324.4,286.62,1.14646
2025-10-20 10:55,KEDW,101693.3,12.0,-0.2,94324.4,285.62,1.15047
2025-10-20 11:55,KEDW,101727.1,10.5,0.2,94355.8,284.12,1.15693
2025-10-20 12:55,KEDW,101794.9,9.5,0.4,94418.6,283.12,1.16179
2025-10-20 13:55,KEDW,101828.7,9.0,0.2,94450.0,282.62,1.16423
2025-10-20 14:55,KEDW,101930.3,10.4,1.0,94544.2,284.02,1.15965
2025-10-20 16:55,KEDW,102065.8,15.7,0.7,94669.9,289.32,1.13992
2025-10-20 17:55,KEDW,102031.9,18.9,0.5,94638.5,292.52,1.12708
2025-10-20 19:55,KEDW,101896.4,24.4,-0.7,94512.8,298.02,1.10481
2025-10-21 00:55,KEDW,101761.0,25.8,0.4,94387.2,299.42,1.09818
2025-10-21 03:55,KEDW,101930.3,17.6,3.5,94544.2,291.22,1.13098
2025-10-21 04:55,KEDW,101964.2,17.3,3.2,94575.7,290.92,1.13252
2025-10-21 05:55,KEDW,101998.0,15.1,2.6,94607.1,288.72,1.14153
2025-10-21 08:55,KEDW,101998.0,11.3,2.8,94607.1,284.92,1.15676
2025-10-21 09:55,KEDW,101998.0,9.3,3.1,94607.1,282.92,1.16493
2025-10-21 14:55,KEDW,102031.9,8.6,1.3,94638.5,282.22,1.16821
2025-10-21 15:55,KEDW,102065.8,13.3,1.6,94669.9,286.92,1.14945
2025-10-21 17:55,KEDW,102031.9,19.9,-0.2,94638.5,293.52,1.12324
2025-10-21 18:55,KEDW,101964.2,22.7,-0.1,94575.7,296.32,1.11188
2025-10-21 22:55,KEDW,101523.9,28.4,-4.9,94167.3,302.02,1.08619
2025-10-21 23:55,KEDW,101490.1,28.9,-5.8,94135.9,302.52,1.08403
2025-10-22 00:55,KEDW,101456.2,25.9,-2.7,94104.5,299.52,1.09452
2025-10-22 02:55,KEDW,101523.9,19.7,1.2,94167.3,293.32,1.11841
2025-10-22 03:55,KEDW,101523.9,18.6,2.0,94167.3,292.22,1.12262
2025-10-22 04:55,KEDW,101523.9,17.4,2.6,94167.3,291.02,1.12724
2025-10-22 05:55,KEDW,101557.8,21.7,-1.0,94198.7,295.32,1.11120
2025-10-22 06:55,KEDW,101456.2,17.4,4.0,94104.5,291.02,1.12649
2025-10-22 07:55,KEDW,101456.2,17.1,2.7,94104.5,290.72,1.12766
2025-10-22 08:55,KEDW,101456.2,16.6,2.6,94104.5,290.22,1.12960
2025-10-22 09:55,KEDW,101490.1,15.2,3.3,94135.9,288.82,1.13545
2025-10-22 10:55,KEDW,101422.4,12.6,3.0,94073.1,286.22,1.14500
2025-10-22 11:55,KEDW,101456.2,11.5,3.3,94104.5,285.12,1.14980
2025-10-22 12:55,KEDW,101523.9,12.1,2.0,94167.3,285.72,1.14816
2025-10-22 13:55,KEDW,101523.9,11.4,1.9,94167.3,285.02,1.15097
2025-10-22 14:55,KEDW,101625.5,15.6,3.1,94261.6,289.22,1.13540
2025-10-22 15:55,KEDW,101693.3,17.9,4.1,94324.4,291.52,1.12719
2025-10-22 17:55,KEDW,101659.4,22.0,2.1,94293.0,295.62,1.11118
2025-10-22 18:55,KEDW,101557.8,23.4,-0.2,94198.7,297.02,1.10484
2025-10-22 19:55,KEDW,101490.1,24.1,0.4,94135.9,297.72,1.10151
2025-10-22 21:55,KEDW,101354.6,24.0,3.3,94010.3,297.62,1.10041
2025-10-22 22:55,KEDW,101354.6,23.4,3.3,94010.3,297.02,1.10263
2025-10-22 23:55,KEDW,101388.5,22.3,3.9,94041.7,295.92,1.10710
2025-10-23 00:55,KEDW,101388.5,19.5,5.2,94041.7,293.12,1.11768
2025-10-23 01:55,KEDW,101456.2,18.3,6.2,94104.5,291.92,1.12302
2025-10-23 02:55,KEDW,101490.1,16.0,6.7,94135.9,289.62,1.13232
2025-10-23 03:55,KEDW,101557.8,15.5,6.8,94198.7,289.12,1.13503
2025-10-23 04:55,KEDW,101591.7,15.1,7.4,94230.1,288.72,1.13698
2025-10-23 05:55,KEDW,101625.5,13.7,7.7,94261.6,287.32,1.14290
2025-10-23 06:55,KEDW,101659.4,13.7,7.9,94293.0,287.32,1.14328
2025-10-23 07:55,KEDW,101659.4,13.0,7.7,94293.0,286.62,1.14608
2025-10-23 08:55,KEDW,101659.4,13.0,7.0,94293.0,286.62,1.14608
2025-10-23 09:55,KEDW,101659.4,12.2,6.7,94293.0,285.82,1.14928
2025-10-23 10:55,KEDW,101659.4,11.4,7.3,94293.0,285.02,1.15251
2025-10-23 11:55,KEDW,101693.3,11.2,7.3,94324.4,284.82,1.15370
2025-10-23 12:55,KEDW,101761.0,10.4,6.7,94387.2,284.02,1.15772
2025-10-23 13:55,KEDW,101761.0,9.0,5.9,94387.2,282.62,1.16346
2025-10-23 14:55,KEDW,101794.9,10.4,5.8,94418.6,284.02,1.15811
2025-10-23 15:55,KEDW,101862.6,13.9,6.5,94481.4,287.52,1.14477
2025-10-23 16:55,KEDW,101862.6,17.4,6.6,94481.4,291.02,1.13100
2025-10-23 17:55,KEDW,101828.7,20.6,4.6,94450.0,294.22,1.11833
2025-10-23 21:55,KEDW,101625.5,26.8,0.5,94261.6,300.42,1.09307
2025-10-23 22:55,KEDW,101591.7,27.0,2.1,94230.1,300.62,1.09198
2025-10-23 23:55,KEDW,101557.8,27.2,0.0,94198.7,300.82,1.09089
2025-10-24 00:55,KEDW,101557.8,24.8,1.6,94198.7,298.42,1.09966
2025-10-24 01:55,KEDW,101591.7,21.6,4.6,94230.1,295.22,1.11195
2025-10-24 02:55,KEDW,101659.4,19.3,5.7,94293.0,292.92,1.12143
2025-10-24 03:55,KEDW,101693.3,16.4,5.1,94324.4,290.02,1.13302
2025-10-24 04:55,KEDW,101727.1,15.6,4.6,94355.8,289.22,1.13653
2025-10-24 05:55,KEDW,101761.0,14.7,4.9,94387.2,288.32,1.14046
2025-10-24 06:55,KEDW,101727.1,12.4,4.4,94355.8,286.02,1.14925
2025-10-24 07:55,KEDW,101727.1,11.4,3.9,94355.8,285.02,1.15328
2025-10-24 08:55,KEDW,101727.1,10.5,4.0,94355.8,284.12,1.15693
2025-10-24 09:55,KEDW,101761.0,10.6,3.6,94387.2,284.22,1.15691
2025-10-24 10:55,KEDW,101727.1,8.6,2.2,94355.8,282.22,1.16472
2025-10-24 11:55,KEDW,101727.1,9.4,2.7,94355.8,283.02,1.16143
2025-10-24 12:55,KEDW,101761.0,8.2,1.1,94387.2,281.82,1.16676
2025-10-24 13:55,KEDW,101761.0,7.3,1.8,94387.2,280.92,1.17050
2025-10-24 14:55,KEDW,101794.9,9.0,2.3,94418.6,282.62,1.16385
2025-10-24 15:55,KEDW,101862.6,13.3,4.2,94481.4,286.92,1.14717
2025-10-24 16:55,KEDW,101862.6,15.0,3.8,94481.4,288.62,1.14041
2025-10-24 17:55,KEDW,101862.6,18.7,2.1,94481.4,292.32,1.12598
2025-10-24 18:55,KEDW,101794.9,21.4,1.6,94418.6,295.02,1.11493
2025-10-24 19:55,KEDW,101693.3,24.1,0.4,94324.4,297.72,1.10371
2025-10-24 21:55,KEDW,101422.4,27.8,-1.2,94073.1,301.42,1.08726
2025-10-24 22:55,KEDW,101388.5,29.8,-5.1,94041.7,303.42,1.07973
2025-10-24 23:55,KEDW,101354.6,29.7,-5.2,94010.3,303.32,1.07973
2025-10-25 00:55,KEDW,101388.5,26.6,-8.9,94041.7,300.22,1.09124
2025-10-25 01:55,KEDW,101456.2,22.4,-3.9,94104.5,296.02,1.10747
2025-10-25 02:55,KEDW,101490.1,20.2,-1.0,94135.9,293.82,1.11613
2025-10-25 03:55,KEDW,101523.9,17.6,-1.1,94167.3,291.22,1.12647
2025-10-25 04:55,KEDW,101557.8,15.2,-0.6,94198.7,288.82,1.13621
2025-10-25 05:55,KEDW,101557.8,16.2,-2.3,94198.7,289.82,1.13229
2025-10-25 06:55,KEDW,101557.8,15.3,-2.2,94198.7,288.92,1.13582
2025-10-25 07:55,KEDW,101557.8,14.5,-0.8,94198.7,288.12,1.13897
2025-10-25 08:55,KEDW,101523.9,14.3,-2.2,94167.3,287.92,1.13938
2025-10-25 09:55,KEDW,101557.8,12.1,-1.1,94198.7,285.72,1.14854
2025-10-25 10:55,KEDW,101490.1,10.7,-1.7,94135.9,284.32,1.15342
2025-10-25 11:55,KEDW,101490.1,8.4,-2.3,94135.9,282.02,1.16283
2025-10-25 12:55,KEDW,101523.9,7.3,-2.4,94167.3,280.92,1.16777
2025-10-25 13:55,KEDW,101523.9,8.2,-1.9,94167.3,281.82,1.16404
2025-10-25 14:55,KEDW,101625.5,7.6,-3.3,94261.6,281.22,1.16769
2025-10-25 15:55,KEDW,101693.3,10.4,-2.6,94324.4,284.02,1.15695
2025-10-25 16:55,KEDW,101693.3,13.6,-2.0,94324.4,287.22,1.14406
2025-10-25 17:55,KEDW,101625.5,18.7,-0.7,94261.6,292.32,1.12335
2025-10-25 18:55,KEDW,101557.8,25.9,-1.9,94198.7,299.52,1.09562
2025-10-25 19:55,KEDW,101490.1,28.4,-6.2,94135.9,302.02,1.08583
2025-10-25 21:55,KEDW,101354.6,29.6,-16.8,94010.3,303.22,1.08009
2025-10-25 22:55,KEDW,101354.6,29.2,-17.0,94010.3,302.82,1.08151
2025-10-25 23:55,KEDW,101422.4,26.1,-6.7,94073.1,299.72,1.09343
2025-10-26 00:55,KEDW,101422.4,23.3,-3.1,94073.1,296.92,1.10374
2025-10-26 01:55,KEDW,101523.9,21.2,-3.4,94167.3,294.82,1.11272
2025-10-26 02:55,KEDW,101591.7,19.7,3.4,94230.1,293.32,1.11915
2025-10-26 03:55,KEDW,101591.7,18.8,5.9,94230.1,292.42,1.12260
2025-10-26 04:55,KEDW,101591.7,17.7,4.6,94230.1,291.32,1.12684
2025-10-26 05:55,KEDW,101591.7,16.6,5.5,94230.1,290.22,1.13111
2025-10-26 06:55,KEDW,101591.7,16.4,6.2,94230.1,290.02,1.13189
2025-10-26 07:55,KEDW,101557.8,14.4,7.2,94198.7,288.02,1.13937
2025-10-26 08:55,KEDW,101557.8,13.7,6.3,94198.7,287.32,1.14214
2025-10-26 09:55,KEDW,101490.1,13.7,6.5,94135.9,287.32,1.14138
2025-10-26 10:55,KEDW,101456.2,12.5,5.2,94104.5,286.12,1.14579
2025-10-26 11:55,KEDW,101422.4,13.4,6.0,94073.1,287.02,1.14181
2025-10-26 12:55,KEDW,101456.2,12.5,6.5,94104.5,286.12,1.14579
2025-10-26 13:55,KEDW,101490.1,13.5,7.3,94135.9,287.12,1.14218
2025-10-26 14:55,KEDW,101557.8,13.5,8.1,94198.7,287.12,1.14294
2025-10-26 15:55,KEDW,101625.5,15.9,8.9,94261.6,289.52,1.13422
2025-10-26 16:55,KEDW,101625.5,18.6,8.5,94261.6,292.22,1.12374
2025-10-26 17:55,KEDW,101591.7,21.6,7.4,94230.1,295.22,1.11195
2025-10-26 18:55,KEDW,101557.8,23.4,7.1,94198.7,297.02,1.10484
2025-10-26 19:55,KEDW,101523.9,24.4,6.6,94167.3,298.02,1.10077
2025-10-26 21:55,KEDW,101388.5,26.9,2.7,94041.7,300.52,1.09015
2025-10-26 22:55,KEDW,101354.6,26.2,-2.5,94010.3,299.82,1.09233
2025-10-26 23:55,KEDW,101388.5,24.1,1.0,94041.7,297.72,1.10041
2025-10-27 00:55,KEDW,101422.4,21.5,4.5,94073.1,295.12,1.11047
2025-10-27 01:55,KEDW,101456.2,19.9,4.8,94104.5,293.52,1.11690
2025-10-27 02:55,KEDW,101490.1,17.4,5.3,94135.9,291.02,1.12687
2025-10-27 03:55,KEDW,101523.9,16.7,5.9,94167.3,290.32,1.12996
2025-10-27 04:55,KEDW,101490.1,17.3,4.9,94135.9,290.92,1.12726
2025-10-27 05:55,KEDW,101456.2,17.5,4.1,94104.5,291.12,1.12611
2025-10-27 06:55,KEDW,101456.2,16.3,5.3,94104.5,289.92,1.13077
2025-10-27 07:55,KEDW,101422.4,15.2,6.5,94073.1,288.82,1.13469
2025-10-27 08:55,KEDW,101388.5,15.0,7.3,94041.7,288.62,1.13510
2025-10-27 09:55,KEDW,101388.5,16.6,6.7,94041.7,290.22,1.12884
2025-10-27 10:55,KEDW,101388.5,15.1,6.6,94041.7,288.72,1.13471
2025-10-27 11:55,KEDW,101388.5,14.7,7.0,94041.7,288.32,1.13628
2025-10-27 12:55,KEDW,101422.4,14.0,7.3,94073.1,287.62,1.13943
2025-10-27 13:55,KEDW,101490.1,13.6,6.9,94135.9,287.22,1.14178
2025-10-27 14:55,KEDW,101557.8,14.3,8.0,94198.7,287.92,1.13976
2025-10-27 15:55,KEDW,101625.5,16.3,8.0,94261.6,289.92,1.13265
2025-10-27 16:55,KEDW,101727.1,18.3,7.4,94355.8,291.92,1.12602
2025-10-27 17:55,KEDW,101761.0,19.7,6.4,94387.2,293.32,1.12102
2025-10-27 18:55,KEDW,101727.1,21.1,6.2,94355.8,294.72,1.11532
2025-10-27 19:55,KEDW,101625.5,22.6,5.1,94261.6,296.22,1.10856
2025-10-27 21:55,KEDW,101523.9,25.4,3.9,94167.3,299.02,1.09709
2025-10-27 22:55,KEDW,101490.1,25.9,3.2,94135.9,299.52,1.09489
2025-10-27 23:55,KEDW,101456.2,26.6,3.1,94104.5,300.22,1.09197
2025-10-28 00:55,KEDW,101456.2,24.8,2.2,94104.5,298.42,1.09856
2025-10-28 01:55,KEDW,101557.8,22.2,1.8,94198.7,295.82,1.10932
2025-10-28 02:55,KEDW,101625.5,19.7,7.1,94261.6,293.32,1.11952
2025-10-28 03:55,KEDW,101693.3,17.2,6.1,94324.4,290.82,1.12990
2025-10-28 04:55,KEDW,101727.1,14.2,6.1,94355.8,287.82,1.14206
2025-10-28 08:55,KEDW,101794.9,10.1,3.6,94418.6,283.72,1.15933
2025-10-28 09:55,KEDW,101828.7,8.8,3.2,94450.0,282.42,1.16506
2025-10-28 10:55,KEDW,101862.6,8.2,3.1,94481.4,281.82,1.16793
2025-10-28 11:55,KEDW,101930.3,6.9,2.0,94544.2,280.52,1.17412
2025-10-28 12:55,KEDW,101998.0,7.2,2.7,94607.1,280.82,1.17364
2025-10-28 13:55,KEDW,102031.9,6.5,-0.7,94638.5,280.12,1.17697
2025-10-28 14:55,KEDW,102133.5,6.8,-1.4,94732.7,280.42,1.17688
2025-10-28 15:55,KEDW,102235.1,9.5,1.2,94826.9,283.12,1.16682
2025-10-28 16:55,KEDW,102268.9,13.4,2.3,94858.3,287.02,1.15134
2025-10-28 17:55,KEDW,102235.1,17.2,0.8,94826.9,290.82,1.13592
2025-10-28 18:55,KEDW,102201.2,23.1,-3.3,94795.5,296.72,1.11297
2025-10-28 19:55,KEDW,102099.6,27.3,-8.4,94701.3,300.92,1.09634
2025-10-28 21:55,KEDW,101964.2,28.8,-10.5,94575.7,302.42,1.08946
2025-10-28 22:55,KEDW,101964.2,28.7,-10.5,94575.7,302.32,1.08982
2025-10-28 23:55,KEDW,101964.2,28.1,-11.0,94575.7,301.72,1.09198
2025-10-29 00:55,KEDW,101998.0,24.7,-9.0,94607.1,298.32,1.10480
2025-10-29 01:55,KEDW,102031.9,21.9,-7.8,94638.5,295.52,1.11563
2025-10-29 02:55,KEDW,102133.5,19.2,-7.2,94732.7,292.82,1.12704
2025-10-29 03:55,KEDW,102167.4,16.8,-7.7,94764.1,290.42,1.13673
2025-10-29 04:55,KEDW,102235.1,16.7,-8.5,94826.9,290.32,1.13788
2025-10-29 05:55,KEDW,102235.1,15.7,-7.9,94826.9,289.32,1.14181
2025-10-29 06:55,KEDW,102235.1,14.3,-6.6,94826.9,287.92,1.14736
2025-10-29 07:55,KEDW,102235.1,10.5,-6.8,94826.9,284.12,1.16271
2025-10-29 08:55,KEDW,102235.1,10.3,-6.5,94826.9,283.92,1.16353
2025-10-29 09:55,KEDW,102235.1,9.7,-6.6,94826.9,283.32,1.16599
2025-10-29 10:55,KEDW,102235.1,9.6,-5.9,94826.9,283.22,1.16640
2025-10-29 11:55,KEDW,102201.2,8.0,-5.8,94795.5,281.62,1.17264
2025-10-29 12:55,KEDW,102235.1,6.9,-6.8,94826.9,280.52,1.17763
2025-10-29 13:55,KEDW,102235.1,5.7,-5.3,94826.9,279.32,1.18269
2025-10-29 14:55,KEDW,102268.9,7.7,-4.4,94858.3,281.32,1.17467
2025-10-29 15:55,KEDW,102336.7,11.7,-4.9,94921.2,285.32,1.15897
2025-10-29 16:55,KEDW,102336.7,14.7,-4.6,94921.2,288.32,1.14691
2025-10-29 17:55,KEDW,102268.9,18.7,-6.1,94858.3,292.32,1.13047
2025-10-29 18:55,KEDW,102201.2,21.6,-7.1,94795.5,295.22,1.11862
2025-10-29 19:55,KEDW,102065.8,23.9,-10.9,94669.9,297.52,1.10850
2025-10-29 21:55,KEDW,101862.6,26.9,-13.8,94481.4,300.52,1.09525
2025-10-29 22:55,KEDW,101828.7,27.6,-13.3,94450.0,301.22,1.09234
2025-10-29 23:55,KEDW,101828.7,27.4,-11.5,94450.0,301.02,1.09307
2025-10-30 00:55,KEDW,101794.9,25.4,-9.8,94418.6,299.02,1.10001
2025-10-30 01:55,KEDW,101794.9,21.6,-8.0,94418.6,295.22,1.11417
2025-10-30 02:55,KEDW,101828.7,18.1,-7.4,94450.0,291.72,1.12792
2025-10-30 03:55,KEDW,101862.6,15.4,-7.5,94481.4,289.02,1.13883
2025-10-30 04:55,KEDW,101896.4,12.4,-6.6,94512.8,286.02,1.15116
2025-10-30 05:55,KEDW,101896.4,12.5,-6.0,94512.8,286.12,1.15076
2025-10-30 06:55,KEDW,101862.6,10.9,-6.5,94481.4,284.52,1.15684
2025-10-30 07:55,KEDW,101828.7,11.1,-5.8,94450.0,284.72,1.15565
2025-10-30 08:55,KEDW,101828.7,9.4,-5.7,94450.0,283.02,1.16259
2025-10-30 09:55,KEDW,101828.7,8.1,-5.4,94450.0,281.72,1.16795
2025-10-30 10:55,KEDW,101794.9,7.3,-5.1,94418.6,280.92,1.17089
2025-10-30 11:55,KEDW,101794.9,8.0,-6.2,94418.6,281.62,1.16798
2025-10-30 12:55,KEDW,101828.7,7.4,-6.4,94450.0,281.02,1.17086
2025-10-30 13:55,KEDW,101828.7,5.1,-5.3,94450.0,278.72,1.18052
2025-10-30 14:55,KEDW,101862.6,8.2,-4.9,94481.4,281.82,1.16793
2025-10-30 15:55,KEDW,101930.3,10.7,-5.8,94544.2,284.32,1.15843
2025-10-30 16:55,KEDW,101896.4,13.4,-5.7,94512.8,287.02,1.14715
2025-10-30 17:55,KEDW,101862.6,18.2,-6.5,94481.4,291.82,1.12790
2025-10-30 18:55,KEDW,101828.7,20.9,-6.7,94450.0,294.52,1.11719
2025-10-30 19:55,KEDW,101693.3,23.9,-7.3,94324.4,297.52,1.10446
2025-10-30 21:55,KEDW,101523.9,27.8,-13.1,94167.3,301.42,1.08835
2025-10-30 22:55,KEDW,101490.1,28.3,-15.0,94135.9,301.92,1.08619
2025-10-30 23:55,KEDW,101456.2,27.9,-13.0,94104.5,301.52,1.08726
2025-10-31 00:55,KEDW,101422.4,25.1,-10.0,94073.1,298.72,1.09709
2025-10-31 01:55,KEDW,101422.4,20.6,-7.9,94073.1,294.22,1.11387
2025-10-31 02:55,KEDW,101456.2,18.1,-8.1,94104.5,291.72,1.12379
2025-10-31 03:55,KEDW,101490.1,16.4,-7.3,94135.9,290.02,1.13075
2025-10-31 04:55,KEDW,101523.9,14.6,-6.9,94167.3,288.22,1.13820
2025-10-31 05:55,KEDW,101523.9,11.9,-6.5,94167.3,285.52,1.14896
2025-10-31 06:55,KEDW,101490.1,12.4,-3.0,94135.9,286.02,1.14657
2025-10-31 07:55,KEDW,101490.1,13.0,-2.9,94135.9,286.62,1.14417
2025-10-31 08:55,KEDW,101490.1,11.0,-4.3,94135.9,284.62,1.15221
2025-10-31 09:55,KEDW,101456.2,10.1,-6.3,94104.5,283.72,1.15548
2025-10-31 10:55,KEDW,101456.2,9.8,-4.9,94104.5,283.42,1.15670
2025-10-31 11:55,KEDW,101523.9,8.8,-5.5,94167.3,282.42,1.16157
2025-10-31 12:55,KEDW,101557.8,8.1,-4.7,94198.7,281.72,1.16485
2025-10-31 13:55,KEDW,101557.8,6.4,-5.6,94198.7,280.02,1.17192
2025-10-31 14:55,KEDW,101659.4,7.7,-6.1,94293.0,281.32,1.16767
2025-10-31 15:55,KEDW,101727.1,10.2,-4.2,94355.8,283.82,1.15815
2025-10-31 16:55,KEDW,101693.3,14.8,-4.0,94324.4,288.42,1.13930
2025-10-31 17:55,KEDW,101727.1,19.8,-3.2,94355.8,293.42,1.12026
2025-10-31 18:55,KEDW,101693.3,22.9,-3.5,94324.4,296.52,1.10818
2025-10-31 19:55,KEDW,101659.4,24.8,-4.5,94293.0,298.42,1.10076
2025-10-31 21:55,KEDW,101523.9,27.3,-5.8,94167.3,300.92,1.09016
2025-10-31 22:55,KEDW,101490.1,27.9,-5.3,94135.9,301.52,1.08763
2025-10-31 23:55,KEDW,101490.1,28.0,-5.2,94135.9,301.62,1.08727
2025-11-01 00:55,KEDW,101490.1,25.8,-4.7,94135.9,299.42,1.09526
2025-11-01 01:55,KEDW,101523.9,21.6,-4.5,94167.3,295.22,1.11121
2025-11-01 02:55,KEDW,101591.7,17.2,-3.0,94230.1,290.82,1.12877
2025-11-01 03:55,KEDW,101625.5,18.0,-1.3,94261.6,291.62,1.12605
2025-11-01 04:55,KEDW,101693.3,14.3,-0.6,94324.4,287.92,1.14128
2025-11-01 05:55,KEDW,101761.0,13.0,-2.5,94387.2,286.62,1.14722
2025-11-01 06:55,KEDW,101761.0,12.3,-2.4,94387.2,285.92,1.15003
2025-11-01 07:55,KEDW,101761.0,9.6,-1.2,94387.2,283.22,1.16099
2025-11-01 08:55,KEDW,101761.0,9.2,-1.5,94387.2,282.82,1.16264
2025-11-01 09:55,KEDW,101794.9,9.4,-2.2,94418.6,283.02,1.16220
2025-11-01 10:55,KEDW,101794.9,8.9,-4.0,94418.6,282.52,1.16426
2025-11-01 11:55,KEDW,101794.9,7.1,-4.0,94418.6,280.72,1.17172
2025-11-01 12:55,KEDW,101862.6,7.4,-3.8,94481.4,281.02,1.17125
2025-11-01 13:55,KEDW,101930.3,5.1,-3.0,94544.2,278.72,1.18170
2025-11-01 14:55,KEDW,101998.0,7.3,-1.7,94607.1,280.92,1.17323
2025-11-01 15:55,KEDW,102065.8,9.2,-3.4,94669.9,282.82,1.16612
2025-11-01 16:55,KEDW,102099.6,13.2,-2.3,94701.3,286.82,1.15024
2025-11-01 17:55,KEDW,102065.8,17.5,-1.7,94669.9,291.12,1.13287
2025-11-01 18:55,KEDW,102133.5,21.6,-2.2,94732.7,295.22,1.11788
2025-11-01 19:55,KEDW,102133.5,,,94732.7,,
2025-11-01 21:55,KEDW,101828.7,28.4,-1.7,94450.0,302.02,1.08945
2025-11-01 22:55,KEDW,101794.9,29.1,-1.7,94418.6,302.72,1.08657
2025-11-01 23:55,KEDW,101761.0,28.8,-1.9,94387.2,302.42,1.08728
2025-11-02 00:55,KEDW,101761.0,25.2,-1.6,94387.2,298.82,1.10038
2025-11-02 16:55,KEDW,102201.2,16.0,-0.6,94795.5,289.62,1.14025
2025-11-02 17:55,KEDW,102201.2,20.4,-0.6,94795.5,294.02,1.12319
2025-11-02 18:55,KEDW,102133.5,23.4,1.1,94732.7,297.02,1.11110
2025-11-02 19:55,KEDW,101998.0,26.8,-0.3,94607.1,300.42,1.09707
2025-11-02 21:55,KEDW,101794.9,29.2,-2.1,94418.6,302.82,1.08621
2025-11-02 22:55,KEDW,101761.0,29.7,-2.8,94387.2,303.32,1.08406
2025-11-02 23:55,KEDW,101727.1,29.5,-2.9,94355.8,303.12,1.08441
2025-11-03 00:55,KEDW,101727.1,24.8,-1.9,94355.8,298.42,1.10149
2025-11-03 01:55,KEDW,101727.1,19.3,-1.8,94355.8,292.92,1.12217
2025-11-03 13:55,KEDW,101862.6,6.1,-1.3,94481.4,279.72,1.17670
2025-11-03 14:55,KEDW,101896.4,6.2,-1.5,94512.8,279.82,1.17667
2025-11-03 15:55,KEDW,101862.6,10.2,-3.1,94481.4,283.82,1.15970
2025-11-03 16:55,KEDW,101862.6,12.9,-1.8,94481.4,286.52,1.14877
2025-11-03 17:55,KEDW,101828.7,16.8,-1.8,94450.0,290.42,1.13296
2025-11-03 18:55,KEDW,101794.9,21.7,-1.0,94418.6,295.32,1.11380
2025-11-03 19:55,KEDW,101659.4,26.7,-3.0,94293.0,300.32,1.09379
2025-11-03 21:55,KEDW,101523.9,29.1,-7.0,94167.3,302.72,1.08368
2025-11-03 22:55,KEDW,101490.1,28.6,-7.4,94135.9,302.22,1.08511
2025-11-03 23:55,KEDW,101490.1,27.8,-5.4,94135.9,301.42,1.08799
2025-11-04 00:55,KEDW,101523.9,24.1,-5.1,94167.3,297.72,1.10188
2025-11-04 01:55,KEDW,101625.5,21.3,-1.3,94261.6,294.92,1.11345
2025-11-04 02:55,KEDW,101659.4,19.8,1.2,94293.0,293.42,1.11952
2025-11-04 03:55,KEDW,101693.3,18.9,2.7,94324.4,292.52,1.12333
2025-11-04 04:55,KEDW,101727.1,16.8,3.1,94355.8,290.42,1.13183
2025-11-04 05:55,KEDW,101761.0,15.1,0.9,94387.2,288.72,1.13888
2025-11-04 06:55,KEDW,101761.0,13.3,-0.4,94387.2,286.92,1.14602
2025-11-04 07:55,KEDW,101761.0,13.3,-0.7,94387.2,286.92,1.14602
2025-11-04 08:55,KEDW,101794.9,12.0,-0.5,94418.6,285.62,1.15162
2025-11-04 09:55,KEDW,101761.0,13.4,-1.0,94387.2,287.02,1.14562
2025-11-04 10:55,KEDW,101761.0,10.5,-1.9,94387.2,284.12,1.15732
2025-11-04 11:55,KEDW,101761.0,8.8,-2.5,94387.2,282.42,1.16428
2025-11-04 12:55,KEDW,101794.9,8.2,-3.0,94418.6,281.82,1.16715
2025-11-04 13:55,KEDW,101828.7,8.5,-1.9,94450.0,282.12,1.16630
2025-11-04 14:55,KEDW,101862.6,11.2,-1.6,94481.4,284.82,1.15562
2025-11-04 15:55,KEDW,101930.3,15.3,-2.2,94544.2,288.92,1.13998
2025-11-04 16:55,KEDW,101964.2,18.8,-2.8,94575.7,292.42,1.12671
2025-11-04 17:55,KEDW,101930.3,22.3,-4.8,94544.2,295.92,1.11302
2025-11-04 18:55,KEDW,101896.4,24.4,-5.8,94512.8,298.02,1.10481
2025-11-04 19:55,KEDW,101828.7,26.4,-7.7,94450.0,300.02,1.09671
2025-11-04 21:55,KEDW,101693.3,27.4,-8.3,94324.4,301.02,1.09161
2025-11-04 22:55,KEDW,101693.3,28.1,-9.3,94324.4,301.72,1.08908
2025-11-04 23:55,KEDW,101659.4,26.3,-6.5,94293.0,299.92,1.09525
2025-11-05 00:55,KEDW,101659.4,23.0,-8.0,94293.0,296.62,1.10744
2025-11-05 01:55,KEDW,101727.1,20.7,-5.2,94355.8,294.32,1.11684
2025-11-05 02:55,KEDW,101761.0,19.7,-4.6,94387.2,293.32,1.12102
2025-11-05 03:55,KEDW,101794.9,17.0,-4.9,94418.6,290.62,1.13181
2025-11-05 04:55,KEDW,101896.4,14.4,-3.9,94512.8,288.02,1.14317
2025-11-05 05:55,KEDW,101896.4,11.9,-4.3,94512.8,285.52,1.15317
2025-11-05 06:55,KEDW,101896.4,10.8,-3.7,94512.8,284.42,1.15763
2025-11-05 07:55,KEDW,101930.3,10.2,-4.2,94544.2,283.82,1.16047
2025-11-05 08:55,KEDW,101896.4,7.2,-5.2,94512.8,280.82,1.17248
2025-11-05 09:55,KEDW,101896.4,8.9,-4.7,94512.8,282.52,1.16542
2025-11-05 10:55,KEDW,101896.4,6.3,-4.5,94512.8,279.92,1.17625
2025-11-05 11:55,KEDW,101862.6,7.1,-4.3,94481.4,280.72,1.17250
2025-11-05 12:55,KEDW,101964.2,7.3,-3.3,94575.7,280.92,1.17284
2025-11-05 13:55,KEDW,101998.0,5.9,-4.6,94607.1,279.52,1.17910
2025-11-05 14:55,KEDW,102031.9,8.6,0.1,94638.5,282.22,1.16821
2025-11-05 15:55,KEDW,101998.0,12.3,5.9,94607.1,285.92,1.15271
2025-11-05 16:55,KEDW,102065.8,15.6,4.6,94669.9,289.22,1.14031
2025-11-05 17:55,KEDW,102065.8,20.2,1.1,94669.9,293.82,1.12246
2025-11-05 18:55,KEDW,102099.6,21.3,2.0,94701.3,294.92,1.11865
2025-11-05 19:55,KEDW,102031.9,22.4,2.5,94638.5,296.02,1.11375
2025-11-05 21:55,KEDW,101862.6,24.5,-6.8,94481.4,298.12,1.10407
2025-11-05 22:55,KEDW,101862.6,24.0,-5.2,94481.4,297.62,1.10592
2025-11-05 23:55,KEDW,101862.6,21.6,1.3,94481.4,295.22,1.11491
2025-11-06 00:55,KEDW,101862.6,18.9,3.9,94481.4,292.52,1.12521
2025-11-06 01:55,KEDW,101964.2,17.4,4.7,94575.7,291.02,1.13213
2025-11-06 02:55,KEDW,101998.0,16.2,3.6,94607.1,289.82,1.13720
2025-11-06 03:55,KEDW,102031.9,15.6,2.4,94638.5,289.22,1.13994
2025-11-06 04:55,KEDW,102065.8,14.9,3.1,94669.9,288.52,1.14308
2025-11-06 05:55,KEDW,102133.5,14.8,4.8,94732.7,288.42,1.14424
2025-11-06 06:55,KEDW,102133.5,13.8,6.2,94732.7,287.42,1.14822
2025-11-06 07:55,KEDW,102099.6,13.2,7.4,94701.3,286.82,1.15024
2025-11-06 08:55,KEDW,102065.8,12.5,7.6,94669.9,286.12,1.15267
2025-11-06 09:55,KEDW,101998.0,12.1,7.4,94607.1,285.72,1.15352
2025-11-06 10:55,KEDW,101930.3,12.2,7.9,94544.2,285.82,1.15235
2025-11-06 11:55,KEDW,101930.3,11.9,8.2,94544.2,285.52,1.15356
2025-11-06 12:55,KEDW,101930.3,12.5,8.6,94544.2,286.12,1.15114
2025-11-06 13:55,KEDW,101862.6,11.6,8.3,94481.4,285.22,1.15400
2025-11-06 14:55,KEDW,101930.3,13.6,8.6,94544.2,287.22,1.14673
2025-11-06 15:55,KEDW,101998.0,17.4,8.5,94607.1,291.02,1.13251
2025-11-06 16:55,KEDW,102031.9,18.8,7.9,94638.5,292.42,1.12746
2025-11-06 17:55,KEDW,102031.9,20.7,6.6,94638.5,294.32,1.12018
2025-11-06 18:55,KEDW,101964.2,22.0,6.2,94575.7,295.62,1.11452
2025-11-06 19:55,KEDW,101896.4,22.6,4.6,94512.8,296.22,1.11152
2025-11-06 21:55,KEDW,101727.1,23.6,3.5,94355.8,297.22,1.10594
2025-11-06 22:55,KEDW,101693.3,22.5,4.5,94324.4,296.12,1.10968
2025-11-06 23:55,KEDW,101659.4,20.6,6.2,94293.0,294.22,1.11647
2025-11-07 00:55,KEDW,101659.4,18.7,5.9,94293.0,292.32,1.12373
2025-11-07 01:55,KEDW,101693.3,16.7,6.2,94324.4,290.32,1.13185
2025-11-07 02:55,KEDW,101761.0,16.1,6.0,94387.2,289.72,1.13495
2025-11-07 03:55,KEDW,101828.7,15.5,5.7,94450.0,289.12,1.13806
2025-11-07 04:55,KEDW,101862.6,14.8,6.1,94481.4,288.42,1.14120
2025-11-07 05:55,KEDW,101862.6,12.8,5.5,94481.4,286.42,1.14917
2025-11-07 06:55,KEDW,101862.6,12.8,5.9,94481.4,286.42,1.14917
2025-11-07 07:55,KEDW,101828.7,11.6,6.1,94450.0,285.22,1.15362
2025-11-07 08:55,KEDW,101828.7,10.9,6.0,94450.0,284.52,1.15646
2025-11-07 09:55,KEDW,101794.9,9.0,5.0,94418.6,282.62,1.16385
2025-11-07 10:55,KEDW,101794.9,7.9,3.4,94418.6,281.52,1.16839
2025-11-07 11:55,KEDW,101761.0,6.7,2.4,94387.2,280.32,1.17301
2025-11-07 12:55,KEDW,101794.9,7.2,2.7,94418.6,280.82,1.17131
2025-11-07 13:55,KEDW,101828.7,6.6,2.5,94450.0,280.22,1.17420
2025-11-07 14:55,KEDW,101862.6,7.4,3.1,94481.4,281.02,1.17125
2025-11-07 15:55,KEDW,101896.4,9.3,3.7,94512.8,282.92,1.16377
2025-11-07 16:55,KEDW,101896.4,12.3,5.2,94512.8,285.92,1.15156
2025-11-07 17:55,KEDW,101862.6,15.8,6.0,94481.4,289.42,1.13726
2025-11-07 18:55,KEDW,101794.9,19.4,5.8,94418.6,293.02,1.12254
2025-11-07 19:55,KEDW,101659.4,21.9,4.4,94293.0,295.52,1.11156
2025-11-07 21:55,KEDW,101422.4,24.3,3.0,94073.1,297.92,1.10004
2025-11-07 22:55,KEDW,101388.5,25.1,1.2,94041.7,298.72,1.09672
2025-11-07 23:55,KEDW,101354.6,25.1,-0.2,94010.3,298.72,1.09636
2025-11-08 00:55,KEDW,101354.6,21.9,6.9,94010.3,295.52,1.10823
2025-11-08 01:55,KEDW,101354.6,20.1,6.8,94010.3,293.72,1.11502
2025-11-08 02:55,KEDW,101422.4,18.7,7.5,94073.1,292.32,1.12111
2025-11-08 03:55,KEDW,101490.1,16.8,7.2,94135.9,290.42,1.12920
2025-11-08 04:55,KEDW,101523.9,14.0,6.4,94167.3,287.62,1.14057
2025-11-08 05:55,KEDW,101557.8,12.9,6.3,94198.7,286.52,1.14533
2025-11-08 06:55,KEDW,101591.7,11.8,6.1,94230.1,285.42,1.15013
2025-11-08 07:55,KEDW,101591.7,10.5,5.3,94230.1,284.12,1.15539
2025-11-08 08:55,KEDW,101557.8,8.7,2.9,94198.7,282.32,1.16237
2025-11-08 09:55,KEDW,101557.8,9.1,3.5,94198.7,282.72,1.16073
2025-11-08 10:55,KEDW,101557.8,8.0,2.7,94198.7,281.62,1.16526
2025-11-08 11:55,KEDW,101557.8,7.5,1.8,94198.7,281.12,1.16733
2025-11-08 12:55,KEDW,101591.7,6.4,0.9,94230.1,280.02,1.17231
2025-11-08 13:55,KEDW,101693.3,7.2,2.9,94324.4,280.82,1.17014
2025-11-08 14:55,KEDW,101761.0,6.5,1.8,94387.2,280.12,1.17384
2025-11-08 15:55,KEDW,101828.7,9.8,4.4,94450.0,283.42,1.16095
2025-11-08 16:55,KEDW,101828.7,14.2,5.8,94450.0,287.82,1.14320
2025-11-08 17:55,KEDW,101828.7,17.5,6.1,94450.0,291.12,1.13024
2025-11-08 18:55,KEDW,101828.7,18.9,6.0,94450.0,292.52,1.12483
2025-11-08 19:55,KEDW,101761.0,21.7,2.9,94387.2,295.32,1.11343
2025-11-08 21:55,KEDW,101659.4,27.3,1.3,94293.0,300.92,1.09161
2025-11-08 22:55,KEDW,101625.5,28.4,4.2,94261.6,302.02,1.08728
2025-11-08 23:55,KEDW,101625.5,27.2,3.0,94261.6,300.82,1.09161
2025-11-09 00:55,KEDW,101625.5,24.7,2.8,94261.6,298.32,1.10076
2025-11-09 01:55,KEDW,101693.3,20.8,2.6,94324.4,294.42,1.11609
2025-11-09 16:55,KEDW,102438.3,13.7,0.7,95015.4,287.32,1.15204
2025-11-09 17:55,KEDW,102438.3,16.9,1.3,95015.4,290.52,1.13935
2025-11-09 18:55,KEDW,102404.4,22.4,1.4,94984.0,296.02,1.11782
2025-11-09 19:55,KEDW,102302.8,25.5,0.2,94889.8,299.12,1.10513
2025-11-09 21:55,KEDW,102201.2,29.0,-1.2,94795.5,302.62,1.09127
2025-11-09 22:55,KEDW,102167.4,29.0,-1.2,94764.1,302.62,1.09091
2025-11-09 23:55,KEDW,102133.5,28.3,-1.8,94732.7,301.92,1.09307
2025-11-10 00:55,KEDW,102167.4,23.9,-1.9,94764.1,297.52,1.10961
2025-11-10 01:55,KEDW,102235.1,20.9,-1.6,94826.9,294.52,1.12165
2025-11-10 13:55,KEDW,102506.0,4.9,-5.8,95078.2,278.52,1.18923
2025-11-10 14:55,KEDW,102573.7,61.2,-4.4,95141.0,334.82,0.98991
2025-11-10 15:55,KEDW,102607.6,9.2,-1.8,95172.4,282.82,1.17231
2025-11-10 16:55,KEDW,102641.5,12.2,-1.3,95203.9,285.82,1.16039
2025-11-10 17:55,KEDW,102539.9,15.2,-3.2,95109.6,288.82,1.14720
2025-11-10 18:55,KEDW,102472.1,19.2,-3.0,95046.8,292.82,1.13078
2025-11-10 19:55,KEDW,102370.5,21.8,-2.2,94952.6,295.42,1.11972
2025-11-10 21:55,KEDW,102167.4,26.6,-4.1,94764.1,300.22,1.09963
2025-11-10 22:55,KEDW,102167.4,26.9,-4.9,94764.1,300.52,1.09853
2025-11-10 23:55,KEDW,102099.6,27.1,-4.8,94701.3,300.72,1.09707
2025-11-11 00:55,KEDW,102099.6,24.8,-4.5,94701.3,298.42,1.10553
2025-11-11 01:55,KEDW,102099.6,18.1,-4.6,94701.3,291.72,1.13092
2025-11-11 02:55,KEDW,102133.5,16.5,-4.7,94732.7,290.12,1.13753
2025-11-11 03:55,KEDW,102201.2,14.2,-5.0,94795.5,287.82,1.14738
2025-11-11 04:55,KEDW,102268.9,13.0,-4.2,94858.3,286.62,1.15295
2025-11-11 05:55,KEDW,102235.1,12.9,-3.8,94826.9,286.52,1.15297
2025-11-11 06:55,KEDW,102201.2,10.6,-3.9,94795.5,284.22,1.16191
2025-11-11 07:55,KEDW,102167.4,8.6,-4.2,94764.1,282.22,1.16976
2025-11-11 08:55,KEDW,102167.4,9.3,-4.0,94764.1,282.92,1.16687
2025-11-11 09:55,KEDW,102133.5,7.4,-5.0,94732.7,281.02,1.17437
2025-11-11 10:55,KEDW,102133.5,7.3,-5.1,94732.7,280.92,1.17478
2025-11-11 11:55,KEDW,102133.5,7.4,-5.7,94732.7,281.02,1.17437
2025-11-11 12:55,KEDW,102133.5,5.0,-5.4,94732.7,278.62,1.18448
2025-11-11 13:55,KEDW,102133.5,4.9,-6.3,94732.7,278.52,1.18491
2025-11-11 14:55,KEDW,102133.5,5.7,-7.2,94732.7,279.32,1.18151
2025-11-11 15:55,KEDW,102201.2,8.1,-5.4,94795.5,281.72,1.17223
2025-11-11 16:55,KEDW,102201.2,11.3,-4.0,94795.5,284.92,1.15906
2025-11-11 17:55,KEDW,102201.2,14.5,-3.8,94795.5,288.12,1.14619
2025-11-11 18:55,KEDW,102133.5,17.0,-3.7,94732.7,290.62,1.13557
2025-11-11 19:55,KEDW,101998.0,20.1,-3.6,94607.1,293.72,1.12210
2025-11-11 20:55,KEDW,101896.4,20.7,-3.8,94512.8,294.32,1.11870
2025-11-11 21:55,KEDW,101828.7,21.9,-4.3,94450.0,295.52,1.11341
2025-11-11 22:55,KEDW,101794.9,23.0,-4.2,94418.6,296.62,1.10891
2025-11-11 23:55,KEDW,101761.0,23.8,-4.4,94387.2,297.42,1.10556
2025-11-12 00:55,KEDW,101727.1,18.8,-2.2,94355.8,292.42,1.12409
2025-11-12 01:55,KEDW,101727.1,17.3,-2.9,94355.8,290.92,1.12989
2025-11-12 02:55,KEDW,101761.0,17.1,-3.1,94387.2,290.72,1.13104
2025-11-12 03:55,KEDW,101794.9,15.0,-3.4,94418.6,288.62,1.13965
2025-11-12 04:55,KEDW,101794.9,13.7,-3.6,94418.6,287.32,1.14481
2025-11-12 05:55,KEDW,101828.7,16.8,-1.3,94450.0,290.42,1.13296
2025-11-12 06:55,KEDW,101794.9,15.2,-1.8,94418.6,288.82,1.13886
2025-11-12 07:55,KEDW,101761.0,14.0,-1.2,94387.2,287.62,1.14323
2025-11-12 08:55,KEDW,101761.0,14.7,-1.0,94387.2,288.32,1.14046
2025-11-12 09:55,KEDW,101761.0,13.1,-0.5,94387.2,286.72,1.14682
2025-11-12 10:55,KEDW,101761.0,14.2,-0.7,94387.2,287.82,1.14244
2025-11-12 11:55,KEDW,101727.1,17.5,-0.7,94355.8,291.12,1.12911
2025-11-12 12:55,KEDW,101727.1,14.4,-0.5,94355.8,288.02,1.14127
2025-11-12 13:55,KEDW,101761.0,14.4,-0.5,94387.2,288.02,1.14165
2025-11-12 14:55,KEDW,101828.7,17.8,0.9,94450.0,291.42,1.12908
2025-11-12 15:55,KEDW,101828.7,18.2,0.8,94450.0,291.82,1.12753
2025-11-12 16:55,KEDW,101862.6,20.0,-0.1,94481.4,293.62,1.12099
2025-11-12 18:55,KEDW,101794.9,23.6,-1.4,94418.6,297.22,1.10668
2025-11-12 19:55,KEDW,101727.1,24.2,-0.9,94355.8,297.82,1.10371
2025-11-12 21:55,KEDW,101625.5,23.3,1.0,94261.6,296.92,1.10595
2025-11-12 22:55,KEDW,101659.4,22.8,1.2,94293.0,296.42,1.10819
2025-11-12 23:55,KEDW,101625.5,21.9,1.0,94261.6,295.52,1.11119
2025-11-13 00:55,KEDW,101625.5,21.0,1.8,94261.6,294.62,1.11459
2025-11-13 01:55,KEDW,101693.3,20.4,2.2,94324.4,294.02,1.11760
2025-11-13 02:55,KEDW,101727.1,19.1,1.6,94355.8,292.72,1.12294
2025-11-13 03:55,KEDW,101761.0,18.9,0.9,94387.2,292.52,1.12408
2025-11-13 04:55,KEDW,101794.9,18.5,0.1,94418.6,292.12,1.12600
2025-11-13 05:55,KEDW,101794.9,16.2,1.1,94418.6,289.82,1.13493
2025-11-13 06:55,KEDW,101794.9,13.9,-0.2,94418.6,287.52,1.14401
2025-11-13 07:55,KEDW,101761.0,14.0,-0.1,94387.2,287.62,1.14323
2025-11-13 08:55,KEDW,101693.3,12.0,-0.9,94324.4,285.62,1.15047
2025-11-13 09:55,KEDW,101727.1,11.8,-0.4,94355.8,285.42,1.15166
2025-11-13 10:55,KEDW,101693.3,10.4,-0.7,94324.4,284.02,1.15695
2025-11-13 11:55,KEDW,101659.4,9.9,-0.9,94293.0,283.52,1.15861
2025-11-13 12:55,KEDW,101693.3,9.5,-0.4,94324.4,283.12,1.16063
2025-11-13 13:55,KEDW,101693.3,7.9,-1.6,94324.4,281.52,1.16723
2025-11-13 14:55,KEDW,101727.1,9.3,-0.9,94355.8,282.92,1.16184
2025-11-13 15:55,KEDW,101794.9,13.8,0.1,94418.6,287.42,1.14441
2025-11-13 16:55,KEDW,101794.9,16.0,0.1,94418.6,289.62,1.13572
2025-11-13 17:55,KEDW,101794.9,19.1,0.6,94418.6,292.72,1.12369
2025-11-13 18:55,KEDW,101761.0,22.1,1.1,94387.2,295.72,1.11192
2025-11-13 19:55,KEDW,101625.5,23.9,2.7,94261.6,297.52,1.10372
2025-11-13 21:55,KEDW,101456.2,25.4,5.6,94104.5,299.02,1.09635
2025-11-13 22:55,KEDW,101456.2,24.8,4.5,94104.5,298.42,1.09856
2025-11-13 23:55,KEDW,101490.1,22.2,3.8,94135.9,295.82,1.10858
2025-11-14 00:55,KEDW,101456.2,21.1,4.6,94104.5,294.72,1.11235
2025-11-14 01:55,KEDW,101456.2,19.5,5.2,94104.5,293.12,1.11842
2025-11-14 02:55,KEDW,101523.9,18.6,5.8,94167.3,292.22,1.12262
2025-11-14 03:55,KEDW,101591.7,18.1,5.6,94230.1,291.72,1.12529
2025-11-14 04:55,KEDW,101591.7,17.7,4.6,94230.1,291.32,1.12684
2025-11-14 05:55,KEDW,101625.5,17.1,4.4,94261.6,290.72,1.12954
2025-11-14 06:55,KEDW,101591.7,16.7,4.7,94230.1,290.32,1.13072
2025-11-14 07:55,KEDW,101591.7,16.8,4.5,94230.1,290.42,1.13033
2025-11-14 08:55,KEDW,101557.8,15.0,4.4,94198.7,288.62,1.13700
2025-11-14 09:55,KEDW,101523.9,15.8,5.4,94167.3,289.42,1.13348
2025-11-14 10:55,KEDW,101422.4,15.7,5.9,94073.1,289.32,1.13273
2025-11-14 11:55,KEDW,101388.5,14.4,4.9,94041.7,288.02,1.13747
2025-11-14 12:55,KEDW,101456.2,14.3,5.4,94104.5,287.92,1.13862
2025-11-14 13:55,KEDW,101422.4,13.4,7.8,94073.1,287.02,1.14181
2025-11-14 14:55,KEDW,101456.2,13.5,9.3,94104.5,287.12,1.14179
2025-11-14 15:55,KEDW,101557.8,13.9,9.7,94198.7,287.52,1.14135
2025-11-14 16:55,KEDW,101557.8,14.0,10.6,94198.7,287.62,1.14095
2025-11-14 17:55,KEDW,101591.7,14.7,10.7,94230.1,288.32,1.13856
2025-11-14 18:55,KEDW,101557.8,15.7,10.5,94198.7,289.32,1.13425
2025-11-14 19:55,KEDW,101523.9,16.1,10.4,94167.3,289.72,1.13230
2025-11-14 21:55,KEDW,101388.5,16.9,11.2,94041.7,290.52,1.12768
2025-11-14 22:55,KEDW,101388.5,17.2,11.0,94041.7,290.82,1.12652
2025-11-14 23:55,KEDW,101388.5,17.2,11.7,94041.7,290.82,1.12652
2025-11-15 00:55,KEDW,101354.6,16.6,12.1,94010.3,290.22,1.12847
2025-11-15 01:55,KEDW,101388.5,16.0,12.0,94041.7,289.62,1.13118
2025-11-15 02:55,KEDW,101490.1,15.0,12.5,94135.9,288.62,1.13624
2025-11-15 03:55,KEDW,101523.9,14.7,13.4,94167.3,288.32,1.13780
2025-11-15 04:55,KEDW,101557.8,14.2,13.1,94198.7,287.82,1.14016
2025-11-15 05:55,KEDW,101557.8,14.2,13.1,94198.7,287.82,1.14016
2025-11-15 06:55,KEDW,101557.8,14.1,13.1,94198.7,287.72,1.14055
2025-11-15 07:55,KEDW,101456.2,14.4,13.4,94104.5,288.02,1.13823
2025-11-15 08:55,KEDW,101388.5,14.6,13.6,94041.7,288.22,1.13668
2025-11-15 09:55,KEDW,101354.6,14.4,13.4,94010.3,288.02,1.13709
2025-11-15 10:55,KEDW,101219.2,14.6,13.3,93884.6,288.22,1.13478
2025-11-15 11:55,KEDW,101185.3,14.8,13.2,93853.2,288.42,1.13361
2025-11-15 12:55,KEDW,101117.6,14.7,12.9,93790.4,288.32,1.13325
2025-11-15 13:55,KEDW,101117.6,14.6,12.8,93790.4,288.22,1.13364
2025-11-15 14:55,KEDW,101083.7,14.8,12.8,93759.0,288.42,1.13247
2025-11-15 15:55,KEDW,101083.7,15.0,13.2,93759.0,288.62,1.13169
2025-11-15 16:55,KEDW,101049.8,15.9,13.0,93727.6,289.52,1.12779
2025-11-15 17:55,KEDW,101016.0,16.5,13.2,93696.2,290.12,1.12508
2025-11-15 18:55,KEDW,100982.1,16.3,13.8,93664.8,289.92,1.12548
2025-11-15 19:55,KEDW,100982.1,13.7,11.2,93664.8,287.32,1.13567
2025-11-15 20:55,KEDW,100880.5,13.0,11.2,93570.5,286.62,1.13730
2025-11-15 21:55,KEDW,100812.8,13.0,11.7,93507.7,286.62,1.13653
2025-11-15 22:55,KEDW,100812.8,12.8,11.4,93507.7,286.42,1.13733
2025-11-15 23:55,KEDW,100880.5,12.2,9.9,93570.5,285.82,1.14048
2025-11-16 00:55,KEDW,100880.5,12.3,9.8,93570.5,285.92,1.14008
2025-11-16 01:55,KEDW,100914.4,12.0,10.2,93601.9,285.62,1.14166
2025-11-16 02:55,KEDW,100914.4,11.7,9.9,93601.9,285.32,1.14286
2025-11-16 03:55,KEDW,100982.1,11.0,9.6,93664.8,284.62,1.14644
2025-11-16 04:55,KEDW,101016.0,11.0,9.6,93696.2,284.62,1.14683
2025-11-16 05:55,KEDW,101016.0,10.3,9.1,93696.2,283.92,1.14965
2025-11-16 06:55,KEDW,101083.7,10.1,9.0,93759.0,283.72,1.15123
2025-11-16 07:55,KEDW,101117.6,10.7,9.6,93790.4,284.32,1.14919
2025-11-16 08:55,KEDW,101151.4,10.7,9.3,93821.8,284.32,1.14958
2025-11-16 09:55,KEDW,101185.3,10.1,8.9,93853.2,283.72,1.15239
2025-11-16 10:55,KEDW,101185.3,9.4,7.8,93853.2,283.02,1.15524
2025-11-16 11:55,KEDW,101185.3,9.1,6.7,93853.2,282.72,1.15647
2025-11-16 12:55,KEDW,101219.2,8.1,6.4,93884.6,281.72,1.16096
2025-11-16 13:55,KEDW,101286.9,8.6,6.4,93947.5,282.22,1.15968
2025-11-16 14:55,KEDW,101320.8,9.1,7.0,93978.9,282.72,1.15802
2025-11-16 15:55,KEDW,101388.5,10.1,7.5,94041.7,283.72,1.15471
2025-11-16 16:55,KEDW,101388.5,11.0,7.7,94041.7,284.62,1.15105
2025-11-16 17:55,KEDW,101422.4,12.7,8.0,94073.1,286.32,1.14460
2025-11-16 18:55,KEDW,101388.5,13.7,7.7,94041.7,287.32,1.14024
2025-11-16 19:55,KEDW,101320.8,13.9,8.3,93978.9,287.52,1.13868
2025-11-16 21:55,KEDW,101253.0,13.6,7.8,93916.0,287.22,1.13911
2025-11-16 22:55,KEDW,101253.0,13.3,7.5,93916.0,286.92,1.14030
2025-11-16 23:55,KEDW,101286.9,13.1,7.7,93947.5,286.72,1.14148
2025-11-17 00:55,KEDW,101253.0,12.1,8.0,93916.0,285.72,1.14509
2025-11-17 01:55,KEDW,101286.9,11.2,7.5,93947.5,284.82,1.14909
2025-11-17 02:55,KEDW,101320.8,10.9,7.2,93978.9,284.52,1.15069
2025-11-17 03:55,KEDW,101320.8,10.9,7.6,93978.9,284.52,1.15069
2025-11-17 04:55,KEDW,101354.6,11.1,7.6,94010.3,284.72,1.15027
2025-11-17 05:55,KEDW,101320.8,10.6,7.7,93978.9,284.22,1.15190
2025-11-17 06:55,KEDW,101320.8,11.0,7.7,93978.9,284.62,1.15029
2025-11-17 07:55,KEDW,101320.8,11.0,7.9,93978.9,284.62,1.15029
2025-11-17 08:55,KEDW,101286.9,11.6,8.3,93947.5,285.22,1.14748
2025-11-17 09:55,KEDW,101286.9,10.5,7.9,93947.5,284.12,1.15192
2025-11-17 10:55,KEDW,101253.0,10.2,8.0,93916.0,283.82,1.15276
2025-11-17 11:55,KEDW,101253.0,10.4,8.0,93916.0,284.02,1.15195
2025-11-17 12:55,KEDW,101253.0,8.5,7.0,93916.0,282.12,1.15970
2025-11-17 13:55,KEDW,101253.0,9.4,7.5,93916.0,283.02,1.15602
2025-11-17 14:55,KEDW,101253.0,10.5,7.0,93916.0,284.12,1.15154
2025-11-17 15:55,KEDW,101286.9,11.4,7.1,93947.5,285.02,1.14829
2025-11-17 16:55,KEDW,101286.9,11.7,7.8,93947.5,285.32,1.14708
2025-11-17 17:55,KEDW,101286.9,12.9,7.3,93947.5,286.52,1.14228
2025-11-17 18:55,KEDW,101219.2,13.9,7.7,93884.6,287.52,1.13754
2025-11-17 19:55,KEDW,101117.6,14.1,7.4,93790.4,287.72,1.13561
2025-11-17 21:55,KEDW,100948.3,14.3,7.8,93633.4,287.92,1.13292
2025-11-17 22:55,KEDW,100914.4,14.0,8.2,93601.9,287.62,1.13372
2025-11-17 23:55,KEDW,100880.5,13.9,8.3,93570.5,287.52,1.13374
2025-11-18 00:55,KEDW,100812.8,13.1,9.2,93507.7,286.72,1.13614
2025-11-18 01:57,KEDW,100846.7,12.0,10.0,93539.1,285.62,1.14089
2025-11-18 02:55,KEDW,100880.5,9.8,7.9,93570.5,283.42,1.15014
2025-11-18 03:55,KEDW,100982.1,9.6,8.2,93664.8,283.22,1.15211
2025-11-18 04:55,KEDW,101049.8,8.9,5.6,93727.6,282.52,1.15574
2025-11-18 05:55,KEDW,101083.7,8.5,5.2,93759.0,282.12,1.15776
2025-11-18 06:53,KEDW,101117.6,8.0,6.0,93790.4,281.62,1.16021
2025-11-18 07:55,KEDW,101117.6,7.7,5.0,93790.4,281.32,1.16145
2025-11-18 08:55,KEDW,101117.6,7.0,4.5,93790.4,280.62,1.16434
2025-11-18 09:55,KEDW,101117.6,6.0,4.5,93790.4,279.62,1.16851
2025-11-18 10:55,KEDW,101117.6,5.1,3.8,93790.4,278.72,1.17228
2025-11-18 11:55,KEDW,101117.6,4.9,3.6,93790.4,278.52,1.17312
2025-11-18 12:55,KEDW,101117.6,4.3,3.1,93790.4,277.92,1.17565
2025-11-18 13:55,KEDW,101151.4,3.5,2.5,93821.8,277.12,1.17944
2025-11-18 14:55,KEDW,101185.3,3.9,2.9,93853.2,277.52,1.17814
2025-11-18 16:55,KEDW,101286.9,7.0,4.7,93947.5,280.62,1.16629
2025-11-18 17:55,KEDW,101320.8,8.5,4.9,93978.9,282.12,1.16048
2025-11-18 18:56,KEDW,101354.6,10.5,27.7,94010.3,284.12,1.15270
2025-11-18 19:55,KEDW,101253.0,12.1,3.8,93916.0,285.72,1.14509
2025-11-18 20:55,KEDW,101185.3,12.8,3.2,93853.2,286.42,1.14153
2025-11-18 21:55,KEDW,101151.4,13.0,2.2,93821.8,286.62,1.14035
2025-11-18 22:55,KEDW,101185.3,13.1,1.7,93853.2,286.72,1.14033
2025-11-18 23:55,KEDW,101185.3,12.9,2.2,93853.2,286.52,1.14113
2025-11-19 00:55,KEDW,101219.2,11.9,2.1,93884.6,285.52,1.14551
2025-11-19 01:55,KEDW,101320.8,10.4,3.2,93978.9,284.02,1.15272
2025-11-19 02:55,KEDW,101354.6,9.9,3.4,94010.3,283.52,1.15513
2025-11-19 03:55,KEDW,101422.4,8.7,3.7,94073.1,282.32,1.16082
2025-11-19 04:55,KEDW,101456.2,7.5,4.3,94104.5,281.12,1.16616
2025-11-19 05:55,KEDW,101456.2,6.5,4.0,94104.5,280.12,1.17033
2025-11-19 06:55,KEDW,101456.2,6.0,4.0,94104.5,279.62,1.17242
2025-11-19 07:55,KEDW,101523.9,5.5,3.8,94167.3,279.12,1.17530
2025-11-19 08:55,KEDW,101523.9,4.6,2.9,94167.3,278.22,1.17911
2025-11-19 09:55,KEDW,101523.9,4.2,2.7,94167.3,277.82,1.18080
2025-11-19 10:55,KEDW,101523.9,3.7,2.2,94167.3,277.32,1.18293
2025-11-19 11:55,KEDW,101523.9,3.2,1.9,94167.3,276.82,1.18507
2025-11-19 12:55,KEDW,101557.8,3.0,1.5,94198.7,276.62,1.18632
2025-11-19 13:55,KEDW,101591.7,2.8,1.5,94230.1,276.42,1.18758
2025-11-19 14:55,KEDW,101625.5,3.4,1.8,94261.6,277.02,1.18540
2025-11-19 15:55,KEDW,101693.3,6.0,3.0,94324.4,279.62,1.17516
2025-11-19 16:55,KEDW,101727.1,8.2,3.3,94355.8,281.82,1.16637
2025-11-19 17:55,KEDW,101761.0,9.3,3.3,94387.2,282.92,1.16223
2025-11-19 18:55,KEDW,101727.1,11.6,4.6,94355.8,285.22,1.15247
2025-11-19 19:55,KEDW,101625.5,13.3,2.8,94261.6,286.92,1.14450
2025-11-19 21:55,KEDW,101490.1,14.1,3.0,94135.9,287.72,1.13979
2025-11-19 22:55,KEDW,101456.2,14.6,2.5,94104.5,288.22,1.13744
2025-11-19 23:55,KEDW,101490.1,13.6,3.9,94135.9,287.22,1.14178
2025-11-20 00:55,KEDW,101490.1,13.2,4.9,94135.9,286.82,1.14337
2025-11-20 01:55,KEDW,101523.9,12.6,6.8,94167.3,286.22,1.14615
2025-11-20 02:55,KEDW,101523.9,11.2,5.3,94167.3,284.82,1.15178
2025-11-20 03:55,KEDW,101557.8,10.2,4.8,94198.7,283.82,1.15623
2025-11-20 04:55,KEDW,101591.7,9.4,5.2,94230.1,283.02,1.15988
2025-11-20 05:55,KEDW,101557.8,8.1,3.9,94198.7,281.72,1.16485
2025-11-20 06:55,KEDW,101557.8,7.0,4.0,94198.7,280.62,1.16941
2025-11-20 07:55,KEDW,101523.9,6.4,4.1,94167.3,280.02,1.17153
2025-11-20 08:55,KEDW,101523.9,6.1,4.1,94167.3,279.72,1.17278
2025-11-20 09:55,KEDW,101523.9,5.8,3.6,94167.3,279.42,1.17404
2025-11-20 10:55,KEDW,101490.1,5.1,3.0,94135.9,278.72,1.17660
2025-11-20 11:55,KEDW,101490.1,4.5,2.7,94135.9,278.12,1.17914
2025-11-20 12:55,KEDW,101456.2,5.8,2.3,94104.5,279.42,1.17326
2025-11-20 13:55,KEDW,101422.4,4.5,2.4,94073.1,278.12,1.17835
2025-11-20 14:55,KEDW,101490.1,5.0,2.7,94135.9,278.62,1.17702
2025-11-20 15:55,KEDW,101490.1,8.0,3.6,94135.9,281.62,1.16448
2025-11-20 16:55,KEDW,101523.9,10.4,5.6,94167.3,284.02,1.15503
2025-11-20 17:55,KEDW,101490.1,12.4,4.6,94135.9,286.02,1.14657
2025-11-20 18:55,KEDW,101422.4,13.6,4.5,94073.1,287.22,1.14102
2025-11-20 19:55,KEDW,101354.6,13.2,4.9,94010.3,286.82,1.14184
2025-11-20 20:55,KEDW,101320.8,11.8,4.8,93978.9,285.42,1.14706
2025-11-20 21:58,KEDW,101286.9,9.4,7.2,93947.5,283.02,1.15640
2025-11-20 22:55,KEDW,101286.9,9.6,7.4,93947.5,283.22,1.15559
2025-11-20 23:55,KEDW,101320.8,9.1,7.2,93978.9,282.72,1.15802
2025-11-21 00:55,KEDW,101320.8,8.7,6.7,93978.9,282.32,1.15966
2025-11-21 01:55,KEDW,101286.9,8.4,6.9,93947.5,282.02,1.16050
2025-11-21 02:55,KEDW,101286.9,8.4,7.0,93947.5,282.02,1.16050
2025-11-21 03:55,KEDW,101253.0,8.2,7.0,93916.0,281.82,1.16094
2025-11-21 04:55,KEDW,101253.0,8.3,7.1,93916.0,281.92,1.16053
2025-11-21 05:55,KEDW,101253.0,8.3,6.8,93916.0,281.92,1.16053
2025-11-21 06:55,KEDW,101185.3,8.4,7.2,93853.2,282.02,1.15934
2025-11-21 07:55,KEDW,101185.3,8.3,6.9,93853.2,281.92,1.15975
2025-11-21 08:55,KEDW,101151.4,8.2,6.8,93821.8,281.82,1.15977
2025-11-21 09:55,KEDW,101151.4,8.1,6.4,93821.8,281.72,1.16018
2025-11-21 10:55,KEDW,101083.7,8.2,6.3,93759.0,281.82,1.15900
2025-11-21 11:55,KEDW,101151.4,8.4,6.5,93821.8,282.02,1.15895
2025-11-21 12:55,KEDW,101219.2,8.6,6.6,93884.6,282.22,1.15890
2025-11-21 13:55,KEDW,101286.9,7.5,4.8,93947.5,281.12,1.16422
2025-11-21 14:55,KEDW,101388.5,7.1,4.4,94041.7,280.72,1.16705
2025-11-21 15:55,KEDW,101490.1,7.8,5.6,94135.9,281.42,1.16531
2025-11-21 16:55,KEDW,101557.8,8.1,6.1,94198.7,281.72,1.16485
2025-11-21 17:55,KEDW,101625.5,8.8,6.4,94261.6,282.42,1.16273
2025-11-21 18:55,KEDW,101659.4,9.3,6.2,94293.0,282.92,1.16107
2025-11-21 19:55,KEDW,101591.7,9.9,6.2,94230.1,283.52,1.15784
2025-11-21 20:55,KEDW,101591.7,10.1,5.9,94230.1,283.72,1.15702
2025-11-21 21:55,KEDW,101625.5,9.4,6.5,94261.6,283.02,1.16027
2025-11-21 22:55,KEDW,101659.4,10.3,6.3,94293.0,283.92,1.15698
2025-11-21 23:55,KEDW,101693.3,10.5,6.3,94324.4,284.12,1.15655
2025-11-22 00:55,KEDW,101761.0,10.3,6.3,94387.2,283.92,1.15813
2025-11-22 01:55,KEDW,101794.9,9.8,6.3,94418.6,283.42,1.16056
2025-11-22 02:55,KEDW,101794.9,9.0,6.1,94418.6,282.62,1.16385
2025-11-22 03:55,KEDW,101828.7,9.2,6.3,94450.0,282.82,1.16341
2025-11-22 04:55,KEDW,101862.6,8.5,6.3,94481.4,282.12,1.16668
2025-11-22 05:55,KEDW,101862.6,7.9,5.7,94481.4,281.52,1.16917
2025-11-22 06:55,KEDW,101862.6,8.2,5.8,94481.4,281.82,1.16793
2025-11-22 07:55,KEDW,101828.7,8.7,5.8,94450.0,282.32,1.16547
2025-11-22 08:55,KEDW,101761.0,8.4,5.9,94387.2,282.02,1.16593
2025-11-22 09:55,KEDW,101761.0,8.7,6.0,94387.2,282.32,1.16470
2025-11-22 10:55,KEDW,101693.3,8.1,6.1,94324.4,281.72,1.16640
2025-11-22 11:55,KEDW,101693.3,7.9,6.0,94324.4,281.52,1.16723
2025-11-22 12:55,KEDW,101659.4,7.9,6.0,94293.0,281.52,1.16684
2025-11-22 13:55,KEDW,101693.3,8.2,6.2,94324.4,281.82,1.16599
2025-11-22 14:55,KEDW,101727.1,9.5,5.7,94355.8,283.12,1.16102
2025-11-22 15:55,KEDW,101761.0,9.7,6.2,94387.2,283.32,1.16058
2025-11-22 16:55,KEDW,101761.0,10.2,7.3,94387.2,283.82,1.15854
2025-11-22 17:55,KEDW,101794.9,11.6,7.5,94418.6,285.22,1.15324
2025-11-22 18:55,KEDW,101727.1,13.4,6.5,94355.8,287.02,1.14524
2025-11-22 19:55,KEDW,101625.5,15.0,6.8,94261.6,288.62,1.13776
2025-11-22 21:55,KEDW,101523.9,15.8,4.8,94167.3,289.42,1.13348
2025-11-22 22:55,KEDW,101490.1,15.7,6.1,94135.9,289.32,1.13349
2025-11-22 23:55,KEDW,101523.9,15.1,6.6,94167.3,288.72,1.13622
2025-11-23 00:55,KEDW,101557.8,13.1,7.1,94198.7,286.72,1.14453
2025-11-23 01:55,KEDW,101591.7,13.2,6.1,94230.1,286.82,1.14451
2025-11-23 02:55,KEDW,101591.7,12.2,5.4,94230.1,285.82,1.14852
2025-11-23 03:55,KEDW,101591.7,11.0,4.5,94230.1,284.62,1.15336
2025-11-23 04:55,KEDW,101591.7,9.8,5.2,94230.1,283.42,1.15824
2025-11-23 05:55,KEDW,101625.5,8.3,4.9,94261.6,281.92,1.16480
2025-11-23 06:55,KEDW,101693.3,8.2,4.6,94324.4,281.82,1.16599
2025-11-23 07:55,KEDW,101693.3,7.9,4.7,94324.4,281.52,1.16723
2025-11-23 08:55,KEDW,101659.4,7.0,4.0,94293.0,280.62,1.17058
2025-11-23 09:55,KEDW,101693.3,5.8,4.0,94324.4,279.42,1.17600
2025-11-23 10:55,KEDW,101693.3,5.6,3.4,94324.4,279.22,1.17684
2025-11-23 11:55,KEDW,101659.4,4.6,3.1,94293.0,278.22,1.18068
2025-11-23 12:55,KEDW,101727.1,5.5,3.2,94355.8,279.12,1.17766
2025-11-23 13:55,KEDW,101761.0,4.5,2.5,94387.2,278.12,1.18228
2025-11-23 14:55,KEDW,101828.7,3.5,2.0,94450.0,277.12,1.18734
2025-11-23 15:55,KEDW,101862.6,6.6,3.2,94481.4,280.22,1.17460
2025-11-23 16:55,KEDW,101896.4,8.2,4.2,94512.8,281.82,1.16832
2025-11-23 17:55,KEDW,101964.2,11.4,4.8,94575.7,285.02,1.15597
2025-11-23 18:55,KEDW,101896.4,13.1,6.0,94512.8,286.72,1.14835
2025-11-23 19:55,KEDW,101862.6,15.3,4.9,94481.4,288.92,1.13923
2025-11-23 21:55,KEDW,101794.9,18.6,2.8,94418.6,292.22,1.12561
2025-11-23 22:55,KEDW,101794.9,19.4,3.1,94418.6,293.02,1.12254
2025-11-23 23:55,KEDW,101828.7,18.7,3.3,94450.0,292.32,1.12560
2025-11-24 00:55,KEDW,101828.7,15.9,2.3,94450.0,289.52,1.13649
2025-11-24 01:55,KEDW,101896.4,13.8,2.7,94512.8,287.42,1.14555
2025-11-24 02:55,KEDW,101930.3,11.7,4.0,94544.2,285.32,1.15437
2025-11-24 03:55,KEDW,101964.2,9.9,4.3,94575.7,283.52,1.16208
2025-11-24 04:55,KEDW,101998.0,8.1,3.7,94607.1,281.72,1.16989
2025-11-24 05:55,KEDW,102031.9,8.1,3.0,94638.5,281.72,1.17028
2025-11-24 06:55,KEDW,102031.9,7.5,2.6,94638.5,281.12,1.17278
2025-11-24 07:55,KEDW,102065.8,6.2,2.8,94669.9,279.82,1.17862
2025-11-24 08:55,KEDW,102031.9,4.8,2.8,94638.5,278.42,1.18415
2025-11-24 13:55,KEDW,102099.6,1.2,0.0,94701.3,274.82,1.20046
2025-11-24 14:55,KEDW,102235.1,1.7,0.7,94826.9,275.32,1.19987
2025-11-24 15:55,KEDW,102235.1,4.3,1.8,94826.9,277.92,1.18865
2025-11-24 16:55,KEDW,102268.9,6.3,2.4,94858.3,279.92,1.18055
2025-11-24 17:55,KEDW,102302.8,10.5,2.3,94889.8,284.12,1.16348
2025-11-24 18:55,KEDW,102235.1,13.9,1.5,94826.9,287.52,1.14896
2025-11-24 19:55,KEDW,102167.4,15.0,2.5,94764.1,288.62,1.14382
2025-11-24 21:55,KEDW,102031.9,16.5,5.1,94638.5,290.12,1.13640
2025-11-24 22:55,KEDW,102031.9,17.6,5.2,94638.5,291.22,1.13211
2025-11-24 23:55,KEDW,102031.9,17.3,4.6,94638.5,290.92,1.13327
2025-11-25 00:55,KEDW,102031.9,14.4,6.2,94638.5,288.02,1.14469
2025-11-25 01:55,KEDW,102031.9,11.5,7.4,94638.5,285.12,1.15633
2025-11-25 02:55,KEDW,102065.8,9.7,7.0,94669.9,283.32,1.16406
2025-11-25 03:55,KEDW,102099.6,8.6,5.9,94701.3,282.22,1.16899
2025-11-25 04:55,KEDW,102167.4,8.1,5.7,94764.1,281.72,1.17184
2025-11-25 05:55,KEDW,102133.5,6.2,4.5,94732.7,279.82,1.17940
2025-11-25 06:55,KEDW,102167.4,6.1,4.4,94764.1,279.72,1.18022
2025-11-25 07:55,KEDW,102167.4,4.7,3.4,94764.1,278.32,1.18615
2025-11-25 08:55,KEDW,102099.6,4.4,3.1,94701.3,278.02,1.18665
2025-11-25 09:55,KEDW,102133.5,4.3,2.6,94732.7,277.92,1.18747
2025-11-25 10:55,KEDW,102167.4,3.2,1.6,94764.1,276.82,1.19258
2025-11-25 11:55,KEDW,102133.5,3.2,1.9,94732.7,276.82,1.19218
2025-11-25 12:55,KEDW,102201.2,4.0,2.2,94795.5,277.62,1.18954
2025-11-25 13:55,KEDW,102201.2,2.4,0.9,94795.5,276.02,1.19643
2025-11-25 14:55,KEDW,102235.1,2.6,1.4,94826.9,276.22,1.19596
2025-11-25 15:55,KEDW,102302.8,4.8,3.3,94889.8,278.42,1.18730
2025-11-25 16:55,KEDW,102336.7,6.9,3.9,94921.2,280.52,1.17880
2025-11-25 17:55,KEDW,102370.5,9.4,3.8,94952.6,283.02,1.16877
2025-11-25 18:55,KEDW,102302.8,12.2,5.6,94889.8,285.82,1.15656
2025-11-25 19:55,KEDW,102201.2,13.6,5.7,94795.5,287.22,1.14978
2025-11-25 21:55,KEDW,102099.6,16.8,6.0,94701.3,290.42,1.13598
2025-11-25 22:55,KEDW,102099.6,17.8,6.6,94701.3,291.42,1.13208
2025-11-25 23:55,KEDW,102099.6,17.7,7.4,94701.3,291.32,1.13247
2025-11-26 00:55,KEDW,102133.5,15.8,8.0,94732.7,289.42,1.14028
2025-11-26 01:55,KEDW,102167.4,14.0,7.3,94764.1,287.62,1.14780
2025-11-26 02:55,KEDW,102167.4,11.9,8.0,94764.1,285.52,1.15624
2025-11-26 03:55,KEDW,102235.1,9.9,7.7,94826.9,283.52,1.16517
2025-11-26 04:55,KEDW,102268.9,8.7,7.2,94858.3,282.32,1.17051
2025-11-26 05:55,KEDW,102336.7,7.3,5.1,94921.2,280.92,1.17712
2025-11-26 06:55,KEDW,102336.7,6.3,4.3,94921.2,279.92,1.18133
2025-11-26 07:55,KEDW,102336.7,5.6,3.9,94921.2,279.22,1.18429
2025-11-26 08:55,KEDW,102336.7,4.3,2.8,94921.2,277.92,1.18983
2025-11-26 09:55,KEDW,102336.7,4.3,2.8,94921.2,277.92,1.18983
2025-11-26 10:55,KEDW,102336.7,3.9,2.6,94921.2,277.52,1.19154
2025-11-26 11:55,KEDW,102336.7,4.0,2.5,94921.2,277.62,1.19111
2025-11-26 12:55,KEDW,102370.5,3.2,1.9,94952.6,276.82,1.19495
2025-11-26 13:55,KEDW,102404.4,3.0,1.7,94984.0,276.62,1.19621
2025-11-26 14:55,KEDW,102472.1,3.2,1.9,95046.8,276.82,1.19614
2025-11-26 15:55,KEDW,102539.9,5.0,3.0,95109.6,278.62,1.18920
2025-11-26 16:55,KEDW,102573.7,8.3,4.5,95141.0,281.92,1.17566
2025-11-26 17:55,KEDW,102573.7,10.6,4.3,95141.0,284.22,1.16615
2025-11-26 18:55,KEDW,102472.1,12.7,5.6,95046.8,286.32,1.15645
2025-11-26 19:55,KEDW,102336.7,14.0,6.6,94921.2,287.62,1.14970
2025-11-26 21:55,KEDW,102201.2,18.0,4.5,94795.5,291.62,1.13243
2025-11-26 22:55,KEDW,102201.2,18.5,4.3,94795.5,292.12,1.13049
2025-11-26 23:55,KEDW,102201.2,18.3,5.8,94795.5,291.92,1.13127
2025-11-27 00:55,KEDW,102201.2,15.2,8.0,94795.5,288.82,1.14341
2025-11-27 01:55,KEDW,102201.2,13.0,6.3,94795.5,286.62,1.15219
2025-11-27 02:55,KEDW,102235.1,12.2,6.3,94826.9,285.82,1.15579
2025-11-27 03:55,KEDW,102302.8,9.1,6.7,94889.8,282.72,1.16924
2025-11-27 04:55,KEDW,102336.7,8.9,6.2,94921.2,282.52,1.17046
2025-11-27 05:55,KEDW,102370.5,6.9,4.6,94952.6,280.52,1.17919
2025-11-27 06:55,KEDW,102336.7,6.2,4.4,94921.2,279.82,1.18175
2025-11-27 07:55,KEDW,102302.8,5.9,3.7,94889.8,279.52,1.18263
2025-11-27 08:55,KEDW,102302.8,5.0,3.3,94889.8,278.62,1.18645
2025-11-27 09:55,KEDW,102302.8,4.6,2.8,94889.8,278.22,1.18815
2025-11-27 10:55,KEDW,102302.8,3.6,2.0,94889.8,277.22,1.19244
2025-11-27 11:55,KEDW,102268.9,3.2,1.2,94858.3,276.82,1.19377
2025-11-27 12:55,KEDW,102268.9,2.8,1.2,94858.3,276.42,1.19549
2025-11-27 13:55,KEDW,102268.9,2.4,0.9,94858.3,276.02,1.19723
2025-11-27 14:55,KEDW,102302.8,2.1,0.6,94889.8,275.72,1.19893
2025-11-27 15:55,KEDW,102302.8,3.0,1.5,94889.8,276.62,1.19502
2025-11-27 16:55,KEDW,102336.7,5.4,2.6,94921.2,279.02,1.18514
2025-11-27 17:55,KEDW,102336.7,8.6,3.0,94921.2,282.22,1.17170
2025-11-27 18:55,KEDW,102268.9,11.9,4.4,94858.3,285.52,1.15739
2025-11-27 19:55,KEDW,102133.5,13.7,3.5,94732.7,287.32,1.14862
2025-11-27 21:55,KEDW,101998.0,17.5,4.1,94607.1,291.12,1.13212
2025-11-27 22:55,KEDW,101964.2,18.9,2.7,94575.7,292.52,1.12633
2025-11-27 23:55,KEDW,101930.3,17.2,7.0,94544.2,290.82,1.13254
2025-11-28 00:55,KEDW,101930.3,14.2,8.2,94544.2,287.82,1.14434
2025-11-28 01:55,KEDW,101930.3,12.0,7.9,94544.2,285.62,1.15315
2025-11-28 02:55,KEDW,101930.3,10.0,6.7,94544.2,283.62,1.16129
2025-11-28 03:55,KEDW,101964.2,9.0,6.1,94575.7,282.62,1.16578
2025-11-28 04:55,KEDW,101964.2,8.2,6.0,94575.7,281.82,1.16909
2025-11-28 05:55,KEDW,101930.3,8.7,4.7,94544.2,282.32,1.16663
2025-11-28 06:55,KEDW,101930.3,7.0,4.3,94544.2,280.62,1.17370
2025-11-28 07:55,KEDW,101930.3,5.2,3.0,94544.2,278.82,1.18128
2025-11-28 08:55,KEDW,101862.6,4.8,3.0,94481.4,278.42,1.18219
2025-11-28 09:55,KEDW,101862.6,4.5,2.8,94481.4,278.12,1.18346
2025-11-28 10:55,KEDW,101794.9,3.3,2.0,94418.6,276.92,1.18780
2025-11-28 11:55,KEDW,101794.9,3.4,1.4,94418.6,277.02,1.18737
2025-11-28 12:55,KEDW,101794.9,2.9,1.7,94418.6,276.52,1.18952
2025-11-28 13:55,KEDW,101794.9,2.7,1.4,94418.6,276.32,1.19038
2025-11-28 14:55,KEDW,101794.9,2.4,0.9,94418.6,276.02,1.19168
2025-11-28 15:55,KEDW,101828.7,3.9,1.9,94450.0,277.52,1.18563
2025-11-28 16:55,KEDW,101828.7,7.0,3.1,94450.0,280.62,1.17253
2025-11-28 17:55,KEDW,101828.7,8.7,3.9,94450.0,282.32,1.16547
2025-11-28 18:55,KEDW,101693.3,12.4,5.1,94324.4,286.02,1.14886
2025-11-28 19:55,KEDW,101591.7,16.1,6.0,94230.1,289.72,1.13306
2025-11-28 21:55,KEDW,101422.4,21.6,4.2,94073.1,295.22,1.11010
2025-11-28 22:55,KEDW,101422.4,22.8,3.8,94073.1,296.42,1.10560
2025-11-28 23:55,KEDW,101422.4,21.6,-3.0,94073.1,295.22,1.11010
2025-11-29 00:55,KEDW,101422.4,18.9,-6.0,94073.1,292.52,1.12034
2025-11-29 01:55,KEDW,101456.2,15.9,-4.1,94104.5,289.52,1.13233
2025-11-29 02:55,KEDW,101456.2,13.7,-1.1,94104.5,287.32,1.14100
2025-11-29 03:55,KEDW,101490.1,10.6,1.4,94135.9,284.22,1.15383
2025-11-29 04:55,KEDW,101523.9,10.8,-0.4,94167.3,284.42,1.15340
2025-11-29 05:55,KEDW,101557.8,8.6,-0.2,94198.7,282.22,1.16278
2025-11-29 06:55,KEDW,101591.7,8.6,-1.5,94230.1,282.22,1.16317
2025-11-29 07:55,KEDW,101625.5,7.5,-1.5,94261.6,281.12,1.16811
2025-11-29 08:55,KEDW,101625.5,5.7,1.2,94261.6,279.32,1.17564
2025-11-29 09:55,KEDW,101659.4,4.9,0.7,94293.0,278.52,1.17941
2025-11-29 10:55,KEDW,101659.4,5.4,1.1,94293.0,279.02,1.17729
2025-11-29 11:55,KEDW,101693.3,5.0,0.9,94324.4,278.62,1.17938
2025-11-29 12:55,KEDW,101727.1,2.8,0.0,94355.8,276.42,1.18916
2025-11-29 13:55,KEDW,101761.0,2.7,0.4,94387.2,276.32,1.18999
2025-11-29 14:55,KEDW,101828.7,3.0,0.7,94450.0,276.62,1.18949
2025-11-29 15:55,KEDW,101862.6,5.0,0.8,94481.4,278.62,1.18134
2025-11-29 16:55,KEDW,101930.3,8.4,1.3,94544.2,282.02,1.16787
2025-11-29 17:55,KEDW,101964.2,9.4,2.7,94575.7,283.02,1.16413
2025-11-29 18:55,KEDW,101896.4,11.6,2.1,94512.8,285.22,1.15439
2025-11-29 19:55,KEDW,101794.9,13.2,4.4,94418.6,286.82,1.14680
2025-11-29 21:55,KEDW,101625.5,17.6,1.9,94261.6,291.22,1.12760
2025-11-29 22:55,KEDW,101591.7,18.2,0.8,94230.1,291.82,1.12490
2025-11-29 23:55,KEDW,101591.7,17.7,1.2,94230.1,291.32,1.12684
2025-11-30 00:55,KEDW,101591.7,14.9,3.1,94230.1,288.52,1.13777
2025-11-30 01:55,KEDW,101625.5,11.3,4.1,94261.6,284.92,1.15253
2025-11-30 02:55,KEDW,101625.5,9.1,4.7,94261.6,282.72,1.16150
2025-11-30 03:55,KEDW,101659.4,8.2,4.4,94293.0,281.82,1.16560
2025-11-30 04:55,KEDW,101693.3,6.6,3.2,94324.4,280.22,1.17264
2025-11-30 05:55,KEDW,101659.4,6.2,3.2,94293.0,279.82,1.17393
2025-11-30 06:55,KEDW,101659.4,5.3,2.6,94293.0,278.92,1.17772
2025-11-30 07:55,KEDW,101625.5,4.5,2.2,94261.6,278.12,1.18071
2025-11-30 08:55,KEDW,101591.7,3.6,1.5,94230.1,277.22,1.18415
2025-11-30 09:55,KEDW,101523.9,3.3,1.2,94167.3,276.92,1.18464
2025-11-30 10:55,KEDW,101523.9,3.2,0.8,94167.3,276.82,1.18507
2025-11-30 11:55,KEDW,101490.1,2.8,0.2,94135.9,276.42,1.18639
2025-11-30 12:55,KEDW,101490.1,1.5,-0.1,94135.9,275.12,1.19199
2025-11-30 13:55,KEDW,101456.2,1.4,-0.4,94104.5,275.02,1.19203
2025-11-30 14:55,KEDW,101456.2,1.9,0.1,94104.5,275.52,1.18987
2025-11-30 15:55,KEDW,101422.4,3.4,1.3,94073.1,277.02,1.18303
2025-11-30 16:55,KEDW,101422.4,8.0,1.6,94073.1,281.62,1.16371
2025-11-30 17:55,KEDW,101388.5,13.7,1.7,94041.7,287.32,1.14024
2025-11-30 18:55,KEDW,101320.8,17.0,-0.7,93978.9,290.62,1.12654
2025-11-30 19:55,KEDW,101286.9,20.3,-2.1,93947.5,293.92,1.11352
2025-11-30 21:55,KEDW,101185.3,19.9,-7.5,93853.2,293.52,1.11392
2025-11-30 22:55,KEDW,101185.3,17.8,-2.5,93853.2,291.42,1.12194
2025-11-30 23:55,KEDW,101185.3,16.9,-6.2,93853.2,290.52,1.12542
2025-12-01 00:55,KEDW,101286.9,15.2,-3.7,93947.5,288.82,1.13318
2025-12-01 01:55,KEDW,101388.5,14.1,-3.2,94041.7,287.72,1.13865
2025-12-01 02:55,KEDW,101456.2,11.0,-0.5,94104.5,284.62,1.15182
2025-12-01 03:55,KEDW,101557.8,7.0,2.5,94198.7,280.62,1.16941
2025-12-01 04:55,KEDW,101625.5,6.1,2.6,94261.6,279.72,1.17396
2025-12-01 05:55,KEDW,101727.1,6.5,2.0,94355.8,280.12,1.17345
2025-12-01 06:55,KEDW,101761.0,4.8,1.6,94387.2,278.42,1.18101
2025-12-01 07:55,KEDW,101794.9,4.7,1.7,94418.6,278.32,1.18183
2025-12-01 08:55,KEDW,101828.7,4.8,1.5,94450.0,278.42,1.18180
2025-12-01 09:55,KEDW,101896.4,3.6,1.0,94512.8,277.22,1.18770
2025-12-01 10:55,KEDW,101896.4,2.2,0.3,94512.8,275.82,1.19373
2025-12-01 11:55,KEDW,101896.4,2.8,0.4,94512.8,276.42,1.19114
2025-12-01 12:55,KEDW,101930.3,0.9,-0.9,94544.2,274.52,1.19978
2025-12-01 13:55,KEDW,101964.2,1.8,-0.5,94575.7,275.42,1.19626
2025-12-01 14:55,KEDW,102065.8,0.8,-1.3,94669.9,274.42,1.20181
2025-12-01 15:55,KEDW,102099.6,5.4,-0.4,94701.3,279.02,1.18239
2025-12-01 16:55,KEDW,102133.5,7.2,-1.0,94732.7,280.82,1.17520
2025-12-01 17:55,KEDW,102167.4,10.2,0.0,94764.1,283.82,1.16317
2025-12-01 18:55,KEDW,102167.4,13.1,-1.3,94764.1,286.72,1.15140
2025-12-01 19:55,KEDW,102065.8,15.2,-5.8,94669.9,288.82,1.14189
2025-12-01 21:55,KEDW,101896.4,16.1,-5.6,94512.8,289.72,1.13646
2025-12-01 22:55,KEDW,101896.4,16.0,-6.3,94512.8,289.62,1.13685
2025-12-01 23:55,KEDW,101896.4,14.8,-3.1,94512.8,288.42,1.14158
2025-12-02 00:55,KEDW,101896.4,10.8,-0.1,94512.8,284.42,1.15763
2025-12-02 01:55,KEDW,101930.3,9.5,0.1,94544.2,283.12,1.16334
2025-12-02 02:55,KEDW,101930.3,7.3,0.5,94544.2,280.92,1.17245
2025-12-02 03:55,KEDW,101998.0,6.8,-1.9,94607.1,280.42,1.17532
2025-12-02 04:55,KEDW,102031.9,6.1,-2.0,94638.5,279.72,1.17865
2025-12-02 05:55,KEDW,102031.9,3.4,-1.9,94638.5,277.02,1.19014
2025-12-02 06:55,KEDW,102031.9,3.3,-1.5,94638.5,276.92,1.19057
2025-12-02 07:55,KEDW,101998.0,2.5,-2.0,94607.1,276.12,1.19362
2025-12-02 08:55,KEDW,101964.2,1.9,-2.1,94575.7,275.52,1.19582
2025-12-02 09:55,KEDW,101964.2,1.1,-2.8,94575.7,274.72,1.19931
2025-12-02 10:55,KEDW,101930.3,0.0,-3.0,94544.2,273.62,1.20373
2025-12-02 11:55,KEDW,101896.4,-0.4,-3.1,94512.8,273.22,1.20509
2025-12-02 12:55,KEDW,101862.6,-0.3,-3.0,94481.4,273.32,1.20425
2025-12-02 13:55,KEDW,101896.4,-1.8,-3.8,94512.8,271.82,1.21130
2025-12-02 14:55,KEDW,101930.3,-2.1,-3.8,94544.2,271.52,1.21304
2025-12-02 15:55,KEDW,101964.2,0.8,-3.0,94575.7,274.42,1.20062
2025-12-02 16:55,KEDW,102031.9,3.1,-2.0,94638.5,276.72,1.19143
2025-12-02 17:55,KEDW,101998.0,6.5,-1.4,94607.1,280.12,1.17658
2025-12-02 18:55,KEDW,101896.4,9.3,-2.0,94512.8,282.92,1.16377
2025-12-02 19:55,KEDW,101625.5,12.8,-2.3,94261.6,286.42,1.14650
2025-12-02 21:55,KEDW,101456.2,14.8,-6.7,94104.5,288.42,1.13665
2025-12-02 22:55,KEDW,101388.5,15.5,-6.8,94041.7,289.12,1.13314
2025-12-02 23:55,KEDW,101320.8,15.6,-2.9,93978.9,289.22,1.13199
2025-12-03 00:55,KEDW,101253.0,14.3,-3.5,93916.0,287.92,1.13634
2025-12-03 01:55,KEDW,101219.2,12.9,-2.2,93884.6,286.52,1.14151
2025-12-03 02:55,KEDW,101219.2,12.5,-2.9,93884.6,286.12,1.14311
2025-12-03 03:55,KEDW,101219.2,10.7,-1.7,93884.6,284.32,1.15034
2025-12-03 04:55,KEDW,101185.3,11.0,-2.8,93853.2,284.62,1.14875
2025-12-03 05:55,KEDW,101219.2,8.5,-1.9,93884.6,282.12,1.15932
2025-12-03 06:55,KEDW,101286.9,10.7,-1.1,93947.5,284.32,1.15111
2025-12-03 07:55,KEDW,101219.2,11.9,-2.0,93884.6,285.52,1.14551
2025-12-03 08:55,KEDW,101253.0,11.4,-2.1,93916.0,285.02,1.14790
2025-12-03 09:55,KEDW,101253.0,11.8,-2.4,93916.0,285.42,1.14629
2025-12-03 10:55,KEDW,101320.8,7.8,-0.4,93978.9,281.42,1.16337
2025-12-03 11:55,KEDW,101354.6,5.9,0.0,94010.3,279.52,1.17166
2025-12-03 12:55,KEDW,101456.2,5.2,-1.3,94104.5,278.82,1.17578
2025-12-03 13:55,KEDW,101523.9,2.5,-1.5,94167.3,276.12,1.18807
2025-12-03 14:55,KEDW,101659.4,2.4,-1.6,94293.0,276.02,1.19009
2025-12-03 15:55,KEDW,101727.1,4.8,-1.2,94355.8,278.42,1.18062
2025-12-03 16:55,KEDW,101828.7,9.2,-1.8,94450.0,282.82,1.16341
2025-12-03 17:55,KEDW,101862.6,13.1,-1.3,94481.4,286.72,1.14797
2025-12-03 18:55,KEDW,101896.4,14.2,-4.5,94512.8,287.82,1.14396
2025-12-03 19:55,KEDW,101828.7,14.8,-6.1,94450.0,288.42,1.14082
2025-12-03 21:55,KEDW,101727.1,15.8,-8.5,94355.8,289.42,1.13575
2025-12-03 22:55,KEDW,101761.0,15.7,-8.6,94387.2,289.32,1.13652
2025-12-03 23:55,KEDW,101794.9,14.1,-6.7,94418.6,287.72,1.14322
2025-12-04 00:55,KEDW,101828.7,11.2,-5.3,94450.0,284.82,1.15524
2025-12-04 01:55,KEDW,101896.4,9.0,-4.2,94512.8,282.62,1.16501
2025-12-04 02:55,KEDW,101964.2,7.3,-4.5,94575.7,280.92,1.17284
2025-12-04 03:55,KEDW,102065.8,7.2,-4.2,94669.9,280.82,1.17442
2025-12-04 04:55,KEDW,102133.5,5.0,-3.5,94732.7,278.62,1.18448
2025-12-04 05:55,KEDW,102167.4,3.3,-3.1,94764.1,276.92,1.19215
2025-12-04 06:55,KEDW,102268.9,2.8,-2.7,94858.3,276.42,1.19549
2025-12-04 07:55,KEDW,102268.9,4.3,-3.7,94858.3,277.92,1.18904
2025-12-04 08:55,KEDW,102201.2,2.0,-3.1,94795.5,275.62,1.19817
2025-12-04 09:55,KEDW,102302.8,1.7,-3.0,94889.8,275.32,1.20067
2025-12-04 10:55,KEDW,102302.8,0.5,-3.4,94889.8,274.12,1.20592
2025-12-04 11:55,KEDW,102268.9,0.7,-3.4,94858.3,274.32,1.20465
2025-12-04 12:55,KEDW,102302.8,-1.2,-4.0,94889.8,272.42,1.21345
2025-12-04 13:55,KEDW,102404.4,-0.8,-4.0,94984.0,272.82,1.21287
2025-12-04 14:55,KEDW,102404.4,-0.3,-3.8,94984.0,273.32,1.21065
2025-12-04 15:55,KEDW,102472.1,2.2,-2.9,95046.8,275.82,1.20047
2025-12-04 16:55,KEDW,102539.9,5.1,-3.0,95109.6,278.72,1.18877
2025-12-04 17:55,KEDW,102539.9,8.2,-3.6,95109.6,281.82,1.17569
2025-12-04 18:55,KEDW,102506.0,10.1,-2.9,95078.2,283.72,1.16743
2025-12-04 19:55,KEDW,102404.4,16.0,-4.6,94984.0,289.62,1.14252
2025-12-04 21:55,KEDW,102201.2,14.1,-6.2,94795.5,287.72,1.14778
2025-12-04 22:55,KEDW,102167.4,14.3,-6.0,94764.1,287.92,1.14660
2025-12-04 23:55,KEDW,102167.4,14.4,-5.9,94764.1,288.02,1.14620
2025-12-05 00:55,KEDW,102167.4,11.0,-4.3,94764.1,284.62,1.15990
2025-12-05 01:55,KEDW,102201.2,9.1,-2.2,94795.5,282.72,1.16808
2025-12-05 02:55,KEDW,102201.2,5.9,-0.8,94795.5,279.52,1.18145
2025-12-05 03:55,KEDW,102235.1,5.3,-1.0,94826.9,278.92,1.18439
2025-12-05 04:55,KEDW,102268.9,4.4,-0.8,94858.3,278.02,1.18861
2025-12-05 05:55,KEDW,102336.7,3.0,-2.5,94921.2,276.62,1.19542
2025-12-05 06:55,KEDW,102268.9,2.2,-1.8,94858.3,275.82,1.19809
2025-12-05 07:55,KEDW,102268.9,1.8,-2.5,94858.3,275.42,1.19983
2025-12-05 08:55,KEDW,102235.1,-0.4,-3.1,94826.9,273.22,1.20909
2025-12-05 09:55,KEDW,102167.4,0.3,-2.6,94764.1,273.92,1.20521
2025-12-05 10:55,KEDW,102099.6,-0.1,-3.1,94701.3,273.52,1.20617
2025-12-05 11:55,KEDW,102099.6,-0.3,-3.3,94701.3,273.32,1.20705
2025-12-05 12:55,KEDW,102099.6,-1.7,-4.2,94701.3,271.92,1.21327
2025-12-05 13:55,KEDW,102133.5,-1.6,-3.5,94732.7,272.02,1.21322
2025-12-05 14:55,KEDW,102099.6,-0.7,-3.2,94701.3,272.92,1.20882
2025-12-05 15:55,KEDW,102235.1,1.0,-3.1,94826.9,274.62,1.20293
2025-12-05 16:55,KEDW,102201.2,4.0,-2.2,94795.5,277.62,1.18954
2025-12-05 17:55,KEDW,102235.1,7.5,-2.5,94826.9,281.12,1.17512
2025-12-05 18:55,KEDW,102201.2,9.3,-2.0,94795.5,282.92,1.16725
2025-12-05 19:55,KEDW,102031.9,11.3,-0.8,94638.5,284.92,1.15714
2025-12-05 21:55,KEDW,101896.4,15.8,-4.2,94512.8,289.42,1.13764
2025-12-05 22:55,KEDW,101828.7,15.5,-2.0,94450.0,289.12,1.13806
2025-12-05 23:55,KEDW,101794.9,15.1,-2.8,94418.6,288.72,1.13926
2025-12-06 00:55,KEDW,101828.7,12.7,-1.6,94450.0,286.32,1.14919
2025-12-06 01:55,KEDW,101794.9,9.0,0.4,94418.6,282.62,1.16385
2025-12-06 02:55,KEDW,101828.7,7.3,1.2,94450.0,280.92,1.17128
2025-12-06 03:55,KEDW,101862.6,6.2,1.3,94481.4,279.82,1.17627
2025-12-06 04:55,KEDW,101862.6,5.8,0.1,94481.4,279.42,1.17796
2025-12-06 05:55,KEDW,101896.4,4.4,-0.2,94512.8,278.02,1.18428
2025-12-06 06:55,KEDW,101828.7,5.0,-0.4,94450.0,278.62,1.18095
2025-12-06 07:55,KEDW,101828.7,3.0,-0.6,94450.0,276.62,1.18949
2025-12-06 08:55,KEDW,101794.9,2.9,-0.9,94418.6,276.52,1.18952
2025-12-06 09:55,KEDW,101794.9,2.0,-0.9,94418.6,275.62,1.19341
2025-12-06 10:55,KEDW,101761.0,1.4,-1.3,94387.2,275.02,1.19561
2025-12-06 11:55,KEDW,101727.1,0.8,-1.8,94355.8,274.42,1.19783
2025-12-06 12:55,KEDW,101794.9,0.7,-1.9,94418.6,274.32,1.19906
2025-12-06 13:55,KEDW,101794.9,0.1,-1.7,94418.6,273.72,1.20169
2025-12-06 14:55,KEDW,101862.6,0.6,-2.0,94481.4,274.22,1.20030
2025-12-06 15:55,KEDW,101930.3,1.7,-1.6,94544.2,275.32,1.19630
2025-12-06 16:55,KEDW,101896.4,4.8,-1.0,94512.8,278.42,1.18258
2025-12-06 17:55,KEDW,101896.4,9.2,-0.4,94512.8,282.82,1.16418
2025-12-06 18:55,KEDW,101862.6,10.4,1.5,94481.4,284.02,1.15888
2025-12-06 19:55,KEDW,101761.0,12.6,1.6,94387.2,286.22,1.14883
2025-12-06 21:55,KEDW,101625.5,17.4,-0.8,94261.6,291.02,1.12837
2025-12-06 22:55,KEDW,101625.5,17.8,-1.0,94261.6,291.42,1.12682
2025-12-06 23:55,KEDW,101659.4,17.8,-0.5,94293.0,291.42,1.12720
2025-12-07 00:55,KEDW,101659.4,15.7,0.3,94293.0,289.32,1.13538
2025-12-07 01:55,KEDW,101761.0,11.5,1.4,94387.2,285.12,1.15326
2025-12-07 02:55,KEDW,101828.7,8.4,2.8,94450.0,282.02,1.16671
2025-12-07 03:55,KEDW,101896.4,8.1,2.1,94512.8,281.72,1.16873
2025-12-07 04:55,KEDW,101930.3,7.5,2.6,94544.2,281.12,1.17161
2025-12-07 05:55,KEDW,101964.2,4.8,2.0,94575.7,278.42,1.18337
2025-12-07 06:55,KEDW,101998.0,4.3,1.3,94607.1,277.92,1.18589
2025-12-07 07:55,KEDW,102031.9,4.3,1.2,94638.5,277.92,1.18628
2025-12-07 08:55,KEDW,102065.8,4.5,1.2,94669.9,278.12,1.18583
2025-12-07 09:55,KEDW,102065.8,2.6,-0.2,94669.9,276.22,1.19398
2025-12-07 10:55,KEDW,102065.8,3.4,0.3,94669.9,277.02,1.19053
2025-12-07 11:55,KEDW,102099.6,2.5,-0.1,94701.3,276.12,1.19481
2025-12-07 12:55,KEDW,102133.5,2.3,-0.1,94732.7,275.92,1.19607
2025-12-07 13:55,KEDW,102201.2,1.4,-0.7,94795.5,275.02,1.20078
2025-12-07 14:55,KEDW,102235.1,1.2,-0.6,94826.9,274.82,1.20206
2025-12-07 15:55,KEDW,102336.7,3.9,0.2,94921.2,277.52,1.19154
2025-12-07 16:55,KEDW,102370.5,4.8,0.4,94952.6,278.42,1.18808
2025-12-07 17:55,KEDW,102438.3,8.4,2.0,95015.4,282.02,1.17369
2025-12-07 18:55,KEDW,102404.4,12.6,2.2,94984.0,286.22,1.15609
2025-12-07 19:55,KEDW,102302.8,14.3,2.2,94889.8,287.92,1.14812
2025-12-07 21:55,KEDW,102201.2,17.0,2.9,94795.5,290.62,1.13633
2025-12-07 22:55,KEDW,102167.4,17.4,1.8,94764.1,291.02,1.13439
2025-12-07 23:55,KEDW,102167.4,17.2,2.4,94764.1,290.82,1.13517
2025-12-08 00:55,KEDW,102201.2,14.9,4.0,94795.5,288.52,1.14460
2025-12-08 01:55,KEDW,102235.1,11.1,3.1,94826.9,284.72,1.16026
2025-12-08 02:55,KEDW,102235.1,8.6,3.8,94826.9,282.22,1.17054
2025-12-08 03:55,KEDW,102302.8,8.1,3.7,94889.8,281.72,1.17339
2025-12-08 04:55,KEDW,102336.7,6.2,3.0,94921.2,279.82,1.18175
2025-12-08 05:55,KEDW,102370.5,5.7,2.9,94952.6,279.32,1.18426
2025-12-08 06:55,KEDW,102370.5,5.2,2.5,94952.6,278.82,1.18638
2025-12-08 07:55,KEDW,102404.4,4.1,1.1,94984.0,277.72,1.19147
2025-12-08 08:55,KEDW,102370.5,4.0,1.5,94952.6,277.62,1.19151
2025-12-08 09:55,KEDW,102438.3,3.6,1.1,95015.4,277.22,1.19402
2025-12-08 10:55,KEDW,102438.3,3.1,1.0,95015.4,276.72,1.19617
2025-12-08 11:55,KEDW,102438.3,3.0,0.9,95015.4,276.62,1.19661
2025-12-08 12:55,KEDW,102438.3,2.1,0.5,95015.4,275.72,1.20051
2025-12-08 13:55,KEDW,102506.0,1.6,0.0,95078.2,275.22,1.20349
2025-12-08 14:55,KEDW,102539.9,2.6,0.3,95109.6,276.22,1.19953
2025-12-08 15:55,KEDW,102607.6,4.1,1.1,95172.4,277.72,1.19384
2025-12-08 16:55,KEDW,102607.6,7.9,2.2,95172.4,281.52,1.17772
2025-12-08 17:55,KEDW,102641.5,8.2,3.1,95203.9,281.82,1.17686
2025-12-08 18:55,KEDW,102607.6,11.3,3.6,95172.4,284.92,1.16367
2025-12-08 19:55,KEDW,102506.0,13.4,3.7,95078.2,287.02,1.15401
2025-12-08 21:55,KEDW,102302.8,17.9,1.8,94889.8,291.52,1.13394
2025-12-08 22:55,KEDW,102235.1,18.6,1.6,94826.9,292.22,1.13048
2025-12-08 23:55,KEDW,102235.1,18.4,3.4,94826.9,292.02,1.13125
2025-12-09 00:55,KEDW,102370.5,14.5,5.0,94952.6,288.12,1.14809
2025-12-09 01:55,KEDW,102336.7,16.1,3.2,94921.2,289.72,1.14137
2025-12-09 02:55,KEDW,102336.7,9.9,4.7,94921.2,283.52,1.16633
2025-12-09 03:55,KEDW,102404.4,9.2,3.8,94984.0,282.82,1.16999
2025-12-09 04:55,KEDW,102370.5,6.7,2.6,94952.6,280.32,1.18003
2025-12-09 05:55,KEDW,102404.4,6.0,2.6,94984.0,279.62,1.18338
2025-12-09 06:55,KEDW,102404.4,4.8,1.8,94984.0,278.42,1.18848
2025-12-09 07:55,KEDW,102404.4,3.6,1.1,94984.0,277.22,1.19362
2025-12-09 08:55,KEDW,102336.7,3.5,1.2,94921.2,277.12,1.19326
2025-12-09 09:55,KEDW,102302.8,3.0,0.7,94889.8,276.62,1.19502
2025-12-09 10:55,KEDW,102302.8,2.5,0.4,94889.8,276.12,1.19719
2025-12-09 11:55,KEDW,102268.9,1.2,-0.9,94858.3,274.82,1.20245
2025-12-09 12:55,KEDW,102235.1,1.7,-0.6,94826.9,275.32,1.19987
2025-12-09 13:55,KEDW,102268.9,1.5,-0.9,94858.3,275.12,1.20114
2025-12-09 14:55,KEDW,102302.8,0.0,-1.8,94889.8,273.62,1.20813
2025-12-09 15:55,KEDW,102370.5,2.7,0.1,94952.6,276.32,1.19711
2025-12-09 16:55,KEDW,102404.4,5.8,1.3,94984.0,279.42,1.18422
2025-12-09 17:55,KEDW,102438.3,10.6,2.7,95015.4,284.22,1.16461
2025-12-09 18:55,KEDW,102370.5,13.1,2.6,94952.6,286.72,1.15369
2025-12-09 19:55,KEDW,102268.9,15.2,2.7,94858.3,288.82,1.14417
2025-12-09 21:55,KEDW,102065.8,17.5,3.4,94669.9,291.12,1.13287
2025-12-09 22:55,KEDW,101998.0,18.1,3.2,94607.1,291.72,1.12979
2025-12-09 23:55,KEDW,101998.0,17.3,4.9,94607.1,290.92,1.13290
2025-12-10 00:55,KEDW,101998.0,13.3,5.5,94607.1,286.92,1.14869
2025-12-10 01:55,KEDW,101998.0,11.8,4.8,94607.1,285.42,1.15473
2025-12-10 02:55,KEDW,102031.9,9.6,3.3,94638.5,283.22,1.16409
2025-12-10 03:55,KEDW,102065.8,6.7,3.1,94669.9,280.32,1.17652
2025-12-10 04:55,KEDW,102133.5,6.4,2.5,94732.7,280.02,1.17856
2025-12-10 05:55,KEDW,102167.4,4.9,1.7,94764.1,278.52,1.18530
2025-12-10 06:55,KEDW,102167.4,4.5,1.5,94764.1,278.12,1.18701
2025-12-10 07:55,KEDW,102167.4,3.2,0.9,94764.1,276.82,1.19258
2025-12-10 08:55,KEDW,102167.4,3.7,0.9,94764.1,277.32,1.19043
2025-12-10 09:55,KEDW,102167.4,1.9,-0.2,94764.1,275.52,1.19821
2025-12-10 10:55,KEDW,102201.2,1.8,-0.1,94795.5,275.42,1.19904
2025-12-10 11:55,KEDW,102167.4,1.2,-0.7,94764.1,274.82,1.20126
2025-12-10 12:55,KEDW,102167.4,1.0,-1.1,94764.1,274.62,1.20213
2025-12-10 13:55,KEDW,102201.2,0.6,-1.5,94795.5,274.22,1.20429
2025-12-10 14:55,KEDW,102268.9,0.1,-1.8,94858.3,273.72,1.20729
2025-12-10 15:55,KEDW,102302.8,2.5,0.1,94889.8,276.12,1.19719
2025-12-10 16:55,KEDW,102336.7,5.3,1.0,94921.2,278.92,1.18556
2025-12-10 17:55,KEDW,102370.5,7.7,1.7,94952.6,281.32,1.17584
2025-12-10 18:55,KEDW,102302.8,10.8,2.6,94889.8,284.42,1.16225
2025-12-10 19:55,KEDW,102167.4,14.2,3.0,94764.1,287.82,1.14700
2025-12-10 21:55,KEDW,102031.9,18.9,3.1,94638.5,292.52,1.12708
2025-12-10 22:55,KEDW,101998.0,19.4,3.5,94607.1,293.02,1.12478
2025-12-10 23:55,KEDW,101964.2,17.9,6.7,94575.7,291.52,1.13019
2025-12-11 00:55,KEDW,101998.0,15.7,5.6,94607.1,289.32,1.13916
2025-12-11 01:55,KEDW,102031.9,13.0,3.6,94638.5,286.62,1.15028
2025-12-11 02:55,KEDW,102065.8,12.5,2.1,94669.9,286.12,1.15267
2025-12-11 03:55,KEDW,102099.6,7.8,2.7,94701.3,281.42,1.17231
2025-12-11 04:55,KEDW,102099.6,7.1,3.3,94701.3,280.72,1.17523
2025-12-11 05:55,KEDW,102133.5,6.7,2.8,94732.7,280.32,1.17730
2025-12-11 06:55,KEDW,102133.5,6.4,2.7,94732.7,280.02,1.17856
2025-12-11 07:55,KEDW,102099.6,5.2,1.9,94701.3,278.82,1.18324
2025-12-11 08:55,KEDW,102065.8,4.6,1.6,94669.9,278.22,1.18540
2025-12-11 09:55,KEDW,102065.8,4.4,1.4,94669.9,278.02,1.18625
2025-12-11 10:55,KEDW,102065.8,3.7,0.7,94669.9,277.32,1.18925
2025-12-11 11:55,KEDW,102065.8,2.4,0.1,94669.9,276.02,1.19485
2025-12-11 12:55,KEDW,102065.8,2.8,0.4,94669.9,276.42,1.19312
2025-12-11 13:55,KEDW,102099.6,2.9,0.5,94701.3,276.52,1.19308
2025-12-11 14:55,KEDW,102133.5,2.2,0.3,94732.7,275.82,1.19651
2025-12-11 15:55,KEDW,102167.4,3.6,1.0,94764.1,277.22,1.19086
2025-12-11 16:55,KEDW,102201.2,6.6,1.7,94795.5,280.22,1.17850
2025-12-11 17:55,KEDW,102201.2,9.1,2.6,94795.5,282.72,1.16808
2025-12-11 18:55,KEDW,102133.5,14.2,2.4,94732.7,287.82,1.14662
2025-12-11 19:55,KEDW,101998.0,16.2,2.9,94607.1,289.82,1.13720
2025-12-11 21:55,KEDW,101828.7,20.7,2.5,94450.0,294.32,1.11795
2025-12-11 22:55,KEDW,101794.9,21.3,3.5,94418.6,294.92,1.11531
2025-12-11 23:55,KEDW,101761.0,21.0,5.3,94387.2,294.62,1.11607
2025-12-12 00:55,KEDW,101761.0,15.8,4.8,94387.2,289.42,1.13612
2025-12-12 01:55,KEDW,101828.7,14.3,4.3,94450.0,287.92,1.14280
2025-12-12 02:55,KEDW,101862.6,11.4,4.8,94481.4,285.02,1.15481
2025-12-12 03:55,KEDW,101896.4,9.7,5.3,94512.8,283.32,1.16213
2025-12-12 04:55,KEDW,101896.4,8.7,4.5,94512.8,282.32,1.16625
2025-12-12 05:55,KEDW,101930.3,7.7,3.9,94544.2,281.32,1.17078
2025-12-12 06:55,KEDW,101930.3,7.2,3.8,94544.2,280.82,1.17287
2025-12-12 07:55,KEDW,101930.3,5.7,3.4,94544.2,279.32,1.17916
2025-12-12 08:55,KEDW,101930.3,5.7,2.5,94544.2,279.32,1.17916
2025-12-12 09:55,KEDW,101930.3,4.4,1.6,94544.2,278.02,1.18468
2025-12-12 10:55,KEDW,101930.3,4.3,1.8,94544.2,277.92,1.18510
2025-12-12 11:55,KEDW,101930.3,3.1,1.3,94544.2,276.72,1.19024
2025-12-12 12:55,KEDW,101930.3,2.9,0.9,94544.2,276.52,1.19110
2025-12-12 13:55,KEDW,101964.2,2.9,0.8,94575.7,276.52,1.19150
2025-12-12 14:55,KEDW,101998.0,2.5,0.7,94607.1,276.12,1.19362
2025-12-12 15:55,KEDW,102099.6,3.7,0.7,94701.3,277.32,1.18964
2025-12-12 16:55,KEDW,102099.6,7.8,3.1,94701.3,281.42,1.17231
2025-12-12 17:55,KEDW,102133.5,10.4,3.7,94732.7,284.02,1.16196
2025-12-12 18:55,KEDW,102065.8,14.4,3.8,94669.9,288.02,1.14506
2025-12-12 19:55,KEDW,101930.3,17.3,3.6,94544.2,290.92,1.13215
2025-12-12 21:55,KEDW,101727.1,19.0,5.4,94355.8,292.62,1.12332
2025-12-12 22:55,KEDW,101727.1,19.7,5.3,94355.8,293.32,1.12064
2025-12-12 23:55,KEDW,101693.3,19.4,5.8,94324.4,293.02,1.12142
2025-12-13 00:55,KEDW,101727.1,15.2,6.7,94355.8,288.82,1.13810
2025-12-13 01:55,KEDW,101761.0,13.3,6.2,94387.2,286.92,1.14602
2025-12-13 02:55,KEDW,101794.9,10.6,5.8,94418.6,284.22,1.15729
2025-12-13 03:55,KEDW,101828.7,8.9,4.5,94450.0,282.52,1.16465
2025-12-13 04:55,KEDW,101862.6,7.1,3.7,94481.4,280.72,1.17250
2025-12-13 05:55,KEDW,101930.3,6.3,3.6,94544.2,279.92,1.17664
2025-12-13 06:55,KEDW,101930.3,5.9,3.4,94544.2,279.52,1.17832
2025-12-13 07:55,KEDW,101930.3,6.2,3.0,94544.2,279.82,1.17706
2025-12-13 08:55,KEDW,101930.3,5.0,2.5,94544.2,278.62,1.18213
2025-12-13 09:55,KEDW,101930.3,4.3,2.2,94544.2,277.92,1.18510
2025-12-13 10:55,KEDW,101896.4,3.8,1.3,94512.8,277.42,1.18685
2025-12-13 11:55,KEDW,101862.6,2.6,0.7,94481.4,276.22,1.19161
2025-12-13 12:55,KEDW,101862.6,2.2,0.4,94481.4,275.82,1.19333
2025-12-13 13:55,KEDW,101930.3,2.4,0.6,94544.2,276.02,1.19326
2025-12-13 14:55,KEDW,101964.2,1.9,-0.2,94575.7,275.52,1.19582
2025-12-13 15:55,KEDW,101998.0,4.1,1.5,94607.1,277.72,1.18675
2025-12-13 16:55,KEDW,102031.9,6.7,2.4,94638.5,280.32,1.17613
2025-12-13 17:55,KEDW,102065.8,8.8,3.2,94669.9,282.42,1.16777
2025-12-13 18:55,KEDW,101998.0,13.8,3.3,94607.1,287.42,1.14669
2025-12-13 19:55,KEDW,101896.4,14.9,4.0,94512.8,288.52,1.14118
2025-12-13 21:55,KEDW,101761.0,18.3,4.1,94387.2,291.92,1.12639
2025-12-13 22:55,KEDW,101761.0,19.7,3.4,94387.2,293.32,1.12102
2025-12-13 23:55,KEDW,101727.1,19.3,1.7,94355.8,292.92,1.12217
2025-12-14 00:55,KEDW,101761.0,17.1,3.0,94387.2,290.72,1.13104
2025-12-14 01:55,KEDW,101794.9,12.1,5.3,94418.6,285.72,1.15122
2025-12-14 02:55,KEDW,101828.7,10.3,4.7,94450.0,283.92,1.15890
2025-12-14 03:55,KEDW,101896.4,7.2,3.4,94512.8,280.82,1.17248
2025-12-14 04:55,KEDW,101896.4,7.0,3.2,94512.8,280.62,1.17331
2025-12-14 05:55,KEDW,101930.3,7.1,3.2,94544.2,280.72,1.17328
2025-12-14 06:55,KEDW,101964.2,5.2,2.0,94575.7,278.82,1.18167
2025-12-14 07:55,KEDW,101964.2,5.0,2.0,94575.7,278.62,1.18252
2025-12-14 08:55,KEDW,101998.0,4.9,1.9,94607.1,278.52,1.18334
2025-12-14 09:55,KEDW,101964.2,5.0,2.0,94575.7,278.62,1.18252
2025-12-14 10:55,KEDW,101964.2,4.6,1.6,94575.7,278.22,1.18422
2025-12-14 11:55,KEDW,101964.2,3.5,1.5,94575.7,277.12,1.18892
2025-12-14 12:55,KEDW,101998.0,3.3,1.3,94607.1,276.92,1.19017
2025-12-14 13:55,KEDW,102065.8,3.1,0.8,94669.9,276.72,1.19182
2025-12-14 14:55,KEDW,102065.8,3.2,1.1,94669.9,276.82,1.19139
2025-12-14 15:55,KEDW,102133.5,3.8,1.3,94732.7,277.42,1.18961
2025-12-14 16:55,KEDW,102167.4,6.6,2.1,94764.1,280.22,1.17811
2025-12-14 17:55,KEDW,102235.1,11.6,3.1,94826.9,285.22,1.15822
2025-12-14 18:55,KEDW,102201.2,13.5,3.3,94795.5,287.12,1.15018
2025-12-14 19:55,KEDW,102065.8,15.8,2.6,94669.9,289.42,1.13953
2025-12-14 21:55,KEDW,101998.0,18.3,2.2,94607.1,291.92,1.12902
2025-12-14 22:55,KEDW,101964.2,18.9,1.8,94575.7,292.52,1.12633
2025-12-14 23:55,KEDW,101964.2,18.3,3.4,94575.7,291.92,1.12864
2025-12-15 00:55,KEDW,101964.2,16.1,2.8,94575.7,289.72,1.13721
2025-12-15 01:55,KEDW,101998.0,12.1,3.8,94607.1,285.72,1.15352
2025-12-15 02:55,KEDW,102065.8,9.5,3.5,94669.9,283.12,1.16488
2025-12-15 03:55,KEDW,102133.5,9.5,3.0,94732.7,283.12,1.16566
2025-12-15 04:55,KEDW,102133.5,6.0,2.3,94732.7,279.62,1.18025
2025-12-15 05:55,KEDW,102201.2,6.5,1.6,94795.5,280.12,1.17892
2025-12-15 06:55,KEDW,102201.2,5.7,1.2,94795.5,279.32,1.18230
2025-12-15 07:55,KEDW,102235.1,4.6,1.3,94826.9,278.22,1.18737
2025-12-15 08:55,KEDW,102201.2,4.3,1.2,94795.5,277.92,1.18825
2025-12-15 09:55,KEDW,102235.1,3.0,0.2,94826.9,276.62,1.19423
2025-12-15 10:55,KEDW,102268.9,2.5,-0.3,94858.3,276.12,1.19679
2025-12-15 11:55,KEDW,102268.9,1.5,-0.9,94858.3,275.12,1.20114
2025-12-15 12:55,KEDW,102302.8,0.7,-1.5,94889.8,274.32,1.20504
2025-12-15 13:55,KEDW,102336.7,1.1,-1.1,94921.2,274.72,1.20369
2025-12-15 14:55,KEDW,102370.5,-0.4,-2.1,94952.6,273.22,1.21070
2025-12-15 15:55,KEDW,102438.3,2.6,-0.3,95015.4,276.22,1.19834
2025-12-15 16:55,KEDW,102472.1,5.2,0.4,95046.8,278.82,1.18756
2025-12-15 17:55,KEDW,102506.0,9.2,1.1,95078.2,282.82,1.17115
2025-12-15 18:55,KEDW,102438.3,12.4,1.1,95015.4,286.02,1.15728
2025-12-15 19:55,KEDW,102336.7,14.2,1.5,94921.2,287.82,1.14890
2025-12-15 21:55,KEDW,102133.5,18.1,0.7,94732.7,291.72,1.13129
2025-12-15 22:55,KEDW,102099.6,19.2,0.2,94701.3,292.82,1.12667
2025-12-15 23:55,KEDW,102099.6,18.1,2.4,94701.3,291.72,1.13092
2025-12-16 00:55,KEDW,102099.6,13.7,2.9,94701.3,287.32,1.14824
2025-12-16 01:55,KEDW,102133.5,11.3,2.3,94732.7,284.92,1.15829
2025-12-16 02:55,KEDW,102133.5,9.9,0.0,94732.7,283.52,1.16401
2025-12-16 03:55,KEDW,102167.4,8.0,1.2,94764.1,281.62,1.17225
2025-12-16 04:55,KEDW,102167.4,5.9,1.2,94764.1,279.52,1.18106
2025-12-16 05:55,KEDW,102133.5,5.8,0.9,94732.7,279.42,1.18109
2025-12-16 06:55,KEDW,102133.5,3.6,0.1,94732.7,277.22,1.19046
2025-12-16 07:55,KEDW,102167.4,3.5,-0.2,94764.1,277.12,1.19129
2025-12-16 08:55,KEDW,102201.2,2.8,-0.3,94795.5,276.42,1.19470
2025-12-16 09:55,KEDW,102201.2,3.1,-0.7,94795.5,276.72,1.19341
2025-12-16 10:55,KEDW,102167.4,2.0,-1.3,94764.1,275.62,1.19777
2025-12-16 11:55,KEDW,102133.5,2.4,-0.9,94732.7,276.02,1.19564
2025-12-16 12:55,KEDW,102167.4,1.9,-1.4,94764.1,275.52,1.19821
2025-12-16 13:55,KEDW,102167.4,2.2,-1.1,94764.1,275.82,1.19690
2025-12-16 14:55,KEDW,102235.1,0.2,-2.2,94826.9,273.82,1.20645
2025-12-16 15:55,KEDW,102268.9,3.0,-0.6,94858.3,276.62,1.19463
2025-12-16 16:55,KEDW,102302.8,6.7,0.2,94889.8,280.32,1.17925
2025-12-16 17:55,KEDW,102268.9,7.8,0.5,94858.3,281.42,1.17425
2025-12-16 18:55,KEDW,102201.2,10.8,1.1,94795.5,284.42,1.16110
2025-12-16 19:55,KEDW,102099.6,13.9,0.9,94701.3,287.52,1.14744
2025-12-16 21:55,KEDW,101964.2,18.0,-1.3,94575.7,291.62,1.12980
2025-12-16 22:55,KEDW,101930.3,19.7,-3.3,94544.2,293.32,1.12288
2025-12-16 23:55,KEDW,101930.3,18.7,2.1,94544.2,292.32,1.12672
2025-12-17 00:55,KEDW,101930.3,14.9,0.0,94544.2,288.52,1.14156
2025-12-17 01:55,KEDW,101896.4,11.2,1.4,94512.8,284.82,1.15601
2025-12-17 02:55,KEDW,101930.3,10.7,1.8,94544.2,284.32,1.15843
2025-12-17 03:55,KEDW,101964.2,9.1,2.6,94575.7,282.72,1.16537
2025-12-17 04:55,KEDW,101998.0,7.6,2.1,94607.1,281.22,1.17198
2025-12-17 05:55,KEDW,101998.0,10.1,1.5,94607.1,283.72,1.16165
2025-12-17 06:55,KEDW,101998.0,8.2,2.0,94607.1,281.82,1.16948
2025-12-17 07:55,KEDW,101930.3,7.3,2.2,94544.2,280.92,1.17245
2025-12-17 08:55,KEDW,101930.3,6.9,2.2,94544.2,280.52,1.17412
2025-12-17 09:55,KEDW,101862.6,7.5,2.0,94481.4,281.12,1.17083
2025-12-17 10:55,KEDW,101828.7,7.6,1.7,94450.0,281.22,1.17003
2025-12-17 11:55,KEDW,101794.9,5.4,1.7,94418.6,279.02,1.17886
2025-12-17 12:55,KEDW,101794.9,5.7,2.0,94418.6,279.32,1.17760
2025-12-17 13:55,KEDW,101862.6,11.3,2.8,94481.4,284.92,1.15522
2025-12-17 14:55,KEDW,101794.9,14.8,3.3,94418.6,288.42,1.14044
2025-12-17 15:55,KEDW,101862.6,14.8,5.0,94481.4,288.42,1.14120
2025-12-17 16:55,KEDW,101930.3,19.1,4.8,94544.2,292.72,1.12518
2025-12-17 17:55,KEDW,101862.6,22.0,5.4,94481.4,295.62,1.11341
2025-12-17 18:55,KEDW,101794.9,22.6,5.9,94418.6,296.22,1.11041
2025-12-17 19:55,KEDW,101659.4,23.2,5.6,94293.0,296.82,1.10669
2025-12-17 21:55,KEDW,101557.8,22.2,5.6,94198.7,295.82,1.10932
2025-12-17 22:55,KEDW,101557.8,21.4,4.9,94198.7,295.02,1.11233
2025-12-17 23:55,KEDW,101490.1,19.0,6.1,94135.9,292.62,1.12071
2025-12-18 00:55,KEDW,101422.4,18.4,4.6,94073.1,292.02,1.12226
2025-12-18 01:55,KEDW,101523.9,17.0,4.7,94167.3,290.62,1.12880
2025-12-18 02:55,KEDW,101591.7,15.2,4.8,94230.1,288.82,1.13659
2025-12-18 03:55,KEDW,101557.8,16.2,6.0,94198.7,289.82,1.13229
2025-12-18 04:55,KEDW,101591.7,14.5,7.8,94230.1,288.12,1.13935
2025-12-18 05:55,KEDW,101693.3,13.2,7.4,94324.4,286.82,1.14566
2025-12-18 06:55,KEDW,101693.3,12.0,7.3,94324.4,285.62,1.15047
2025-12-18 07:55,KEDW,101761.0,8.6,4.0,94387.2,282.22,1.16511
2025-12-18 08:55,KEDW,101693.3,7.9,3.9,94324.4,281.52,1.16723
2025-12-18 09:55,KEDW,101727.1,7.0,3.4,94355.8,280.62,1.17136
2025-12-18 10:55,KEDW,101693.3,6.1,3.9,94324.4,279.72,1.17474
2025-12-18 11:55,KEDW,101693.3,6.0,4.2,94324.4,279.62,1.17516
2025-12-18 12:55,KEDW,101727.1,4.5,2.8,94355.8,278.12,1.18189
2025-12-18 13:55,KEDW,101761.0,3.7,1.9,94387.2,277.32,1.18569
2025-12-18 14:55,KEDW,101828.7,4.0,2.0,94450.0,277.62,1.18520
2025-12-18 15:55,KEDW,101862.6,5.6,3.4,94481.4,279.22,1.17880
2025-12-18 16:55,KEDW,101964.2,6.6,3.4,94575.7,280.22,1.17577
2025-12-18 17:55,KEDW,102031.9,8.7,4.5,94638.5,282.32,1.16780
2025-12-18 18:55,KEDW,101964.2,11.1,6.2,94575.7,284.72,1.15718
2025-12-18 19:55,KEDW,101828.7,14.2,6.8,94450.0,287.82,1.14320
2025-12-18 21:55,KEDW,101659.4,18.0,4.5,94293.0,291.62,1.12643
2025-12-18 22:55,KEDW,101659.4,19.2,6.0,94293.0,292.82,1.12181
2025-12-18 23:55,KEDW,101625.5,19.4,6.1,94261.6,293.02,1.12067
2025-12-19 00:55,KEDW,101591.7,19.9,-0.2,94230.1,293.52,1.11839
2025-12-19 01:55,KEDW,101625.5,18.1,-0.7,94261.6,291.72,1.12567
2025-12-19 02:55,KEDW,101693.3,13.5,-0.2,94324.4,287.12,1.14446
2025-12-19 03:55,KEDW,101693.3,13.8,-7.6,94324.4,287.42,1.14327
2025-12-19 04:55,KEDW,101693.3,11.3,-5.7,94324.4,284.92,1.15330
2025-12-19 05:55,KEDW,101727.1,9.1,-5.6,94355.8,282.72,1.16266
2025-12-19 06:55,KEDW,101693.3,11.5,-7.4,94324.4,285.12,1.15249
2025-12-19 07:55,KEDW,101693.3,7.8,-3.7,94324.4,281.42,1.16764
2025-12-19 08:55,KEDW,101625.5,7.9,-3.9,94261.6,281.52,1.16645
2025-12-19 09:55,KEDW,101659.4,6.5,-3.7,94293.0,280.12,1.17267
2025-12-19 10:55,KEDW,101659.4,7.3,-3.9,94293.0,280.92,1.16933
2025-12-19 11:55,KEDW,101659.4,6.2,-2.9,94293.0,279.82,1.17393
2025-12-19 12:55,KEDW,101625.5,7.2,-3.7,94261.6,280.82,1.16936
2025-12-19 13:55,KEDW,101659.4,7.8,-4.0,94293.0,281.42,1.16725
2025-12-19 14:55,KEDW,101659.4,6.9,-3.6,94293.0,280.52,1.17100
2025-12-19 15:55,KEDW,101727.1,5.1,-2.7,94355.8,278.72,1.17935
2025-12-19 16:55,KEDW,101761.0,13.4,-1.4,94387.2,287.02,1.14562
2025-12-19 17:55,KEDW,101727.1,16.8,-0.9,94355.8,290.42,1.13183
2025-12-19 18:55,KEDW,101659.4,21.2,-1.4,94293.0,294.82,1.11420
2025-12-19 19:55,KEDW,101557.8,23.5,-4.6,94198.7,297.12,1.10447
2025-12-19 21:55,KEDW,101354.6,25.9,-5.7,94010.3,299.52,1.09343
2025-12-19 22:55,KEDW,101354.6,25.0,-2.6,94010.3,298.62,1.09672
2025-12-19 23:55,KEDW,101388.5,22.8,-0.7,94041.7,296.42,1.10523
2025-12-20 00:55,KEDW,101320.8,19.5,1.5,93978.9,293.12,1.11693
2025-12-20 01:55,KEDW,101388.5,17.2,2.4,94041.7,290.82,1.12652
2025-12-20 02:55,KEDW,101422.4,14.8,3.3,94073.1,288.42,1.13627
2025-12-20 03:55,KEDW,101490.1,13.8,3.0,94135.9,287.42,1.14098
2025-12-20 04:55,KEDW,101557.8,14.6,-4.2,94198.7,288.22,1.13858
2025-12-20 05:55,KEDW,101557.8,11.1,-5.8,94198.7,284.72,1.15257
2025-12-20 06:55,KEDW,101625.5,10.9,-3.2,94261.6,284.52,1.15415
2025-12-20 07:55,KEDW,101591.7,9.1,-2.8,94230.1,282.72,1.16111
2025-12-20 08:55,KEDW,101557.8,9.3,-2.0,94198.7,282.92,1.15990
2025-12-20 09:55,KEDW,101591.7,9.5,-3.8,94230.1,283.12,1.15947
2025-12-20 10:55,KEDW,101591.7,10.1,-3.2,94230.1,283.72,1.15702
2025-12-20 11:55,KEDW,101591.7,10.1,-2.9,94230.1,283.72,1.15702
2025-12-20 12:55,KEDW,101625.5,8.7,-2.0,94261.6,282.32,1.16315
2025-12-20 13:55,KEDW,101625.5,9.1,-1.6,94261.6,282.72,1.16150
2025-12-20 14:55,KEDW,101693.3,8.2,-0.1,94324.4,281.82,1.16599
2025-12-20 15:55,KEDW,101761.0,11.6,1.5,94387.2,285.22,1.15285
2025-12-20 16:55,KEDW,101828.7,14.5,1.4,94450.0,288.12,1.14201
2025-12-20 17:55,KEDW,101794.9,17.1,3.4,94418.6,290.72,1.13142
2025-12-20 18:55,KEDW,101727.1,20.0,2.8,94355.8,293.62,1.11950
2025-12-20 19:55,KEDW,101625.5,21.7,4.3,94261.6,295.32,1.11194
2025-12-20 21:55,KEDW,101490.1,23.9,8.3,94135.9,297.52,1.10225
2025-12-20 22:55,KEDW,101523.9,22.7,7.6,94167.3,296.32,1.10708
2025-12-20 23:55,KEDW,101557.8,20.8,7.4,94198.7,294.42,1.11460
2025-12-21 00:55,KEDW,101591.7,19.3,7.1,94230.1,292.92,1.12068
2025-12-21 01:55,KEDW,101659.4,16.2,8.7,94293.0,289.82,1.13342
2025-12-21 02:55,KEDW,101693.3,14.5,8.4,94324.4,288.12,1.14049
2025-12-21 03:55,KEDW,101693.3,13.7,8.3,94324.4,287.32,1.14367
2025-12-21 04:55,KEDW,101727.1,15.7,8.0,94355.8,289.32,1.13614
2025-12-21 05:55,KEDW,101761.0,12.3,8.0,94387.2,285.92,1.15003
2025-12-21 06:55,KEDW,101794.9,12.8,7.9,94418.6,286.42,1.14841
2025-12-21 07:55,KEDW,101761.0,10.9,5.2,94387.2,284.52,1.15569
2025-12-21 08:55,KEDW,101727.1,9.5,4.1,94355.8,283.12,1.16102
2025-12-21 09:55,KEDW,101761.0,9.9,4.9,94387.2,283.52,1.15977
2025-12-21 10:55,KEDW,101727.1,8.7,3.3,94355.8,282.32,1.16431
2025-12-21 11:55,KEDW,101693.3,10.8,3.8,94324.4,284.42,1.15533
2025-12-21 12:55,KEDW,101693.3,10.7,3.5,94324.4,284.32,1.15573
2025-12-21 13:55,KEDW,101727.1,10.2,3.5,94355.8,283.82,1.15815
2025-12-21 14:55,KEDW,101794.9,10.2,3.2,94418.6,283.82,1.15893
2025-12-21 15:55,KEDW,101828.7,12.4,3.6,94450.0,286.02,1.15039
2025-12-21 16:55,KEDW,101862.6,14.3,4.3,94481.4,287.92,1.14318
2025-12-21 17:55,KEDW,101862.6,17.3,3.6,94481.4,290.92,1.13139
2025-12-21 18:55,KEDW,101828.7,18.2,4.0,94450.0,291.82,1.12753
2025-12-21 19:55,KEDW,101659.4,23.4,5.3,94293.0,297.02,1.10595
2025-12-21 21:55,KEDW,101557.8,24.2,4.0,94198.7,297.82,1.10187
2025-12-21 22:55,KEDW,101557.8,23.4,4.8,94198.7,297.02,1.10484
2025-12-21 23:55,KEDW,101557.8,21.7,4.3,94198.7,295.32,1.11120
2025-12-22 00:55,KEDW,101591.7,18.9,4.6,94230.1,292.52,1.12221
2025-12-22 01:55,KEDW,101625.5,17.5,5.1,94261.6,291.12,1.12799
2025-12-22 02:55,KEDW,101659.4,16.6,5.5,94293.0,290.22,1.13186
2025-12-22 03:55,KEDW,101693.3,14.6,4.9,94324.4,288.22,1.14009
2025-12-22 04:55,KEDW,101727.1,11.7,4.9,94355.8,285.32,1.15207
2025-12-22 05:55,KEDW,101761.0,8.8,3.8,94387.2,282.42,1.16428
2025-12-22 06:55,KEDW,101727.1,9.2,4.0,94355.8,282.82,1.16225
2025-12-22 07:55,KEDW,101727.1,10.0,5.0,94355.8,283.62,1.15897
2025-12-22 08:55,KEDW,101727.1,6.9,3.0,94355.8,280.52,1.17178
2025-12-22 09:55,KEDW,101727.1,6.9,3.7,94355.8,280.52,1.17178
2025-12-22 10:55,KEDW,101727.1,6.4,3.0,94355.8,280.02,1.17387
2025-12-22 11:55,KEDW,101727.1,5.5,2.3,94355.8,279.12,1.17766
2025-12-22 12:55,KEDW,101727.1,4.8,1.8,94355.8,278.42,1.18062
2025-12-22 13:55,KEDW,101794.9,4.5,1.5,94418.6,278.12,1.18268
2025-12-22 14:55,KEDW,101794.9,3.3,0.7,94418.6,276.92,1.18780
2025-12-22 15:55,KEDW,101828.7,5.3,1.8,94450.0,278.92,1.17968
2025-12-22 16:55,KEDW,101862.6,8.5,2.9,94481.4,282.12,1.16668
2025-12-22 17:55,KEDW,101896.4,10.8,4.5,94512.8,284.42,1.15763
2025-12-22 18:55,KEDW,101828.7,12.5,5.2,94450.0,286.12,1.14999
2025-12-22 19:55,KEDW,101693.3,14.8,5.6,94324.4,288.42,1.13930
2025-12-22 21:55,KEDW,101523.9,18.6,2.8,94167.3,292.22,1.12262
2025-12-22 22:55,KEDW,101456.2,19.5,3.6,94104.5,293.12,1.11842
2025-12-22 23:55,KEDW,101456.2,18.8,4.2,94104.5,292.42,1.12110
2025-12-23 00:55,KEDW,101422.4,15.5,5.4,94073.1,289.12,1.13352
2025-12-23 01:55,KEDW,101422.4,13.8,4.9,94073.1,287.42,1.14022
2025-12-23 02:55,KEDW,101456.2,12.8,5.0,94104.5,286.42,1.14458
2025-12-23 03:55,KEDW,101422.4,12.9,4.6,94073.1,286.52,1.14380
2025-12-23 04:55,KEDW,101422.4,11.3,5.0,94073.1,284.92,1.15023
2025-12-23 05:55,KEDW,101422.4,11.6,4.6,94073.1,285.22,1.14902
2025-12-23 06:55,KEDW,101388.5,10.0,4.8,94041.7,283.62,1.15511
2025-12-23 07:55,KEDW,101354.6,8.3,4.7,94010.3,281.92,1.16169
2025-12-23 08:55,KEDW,101388.5,6.4,3.0,94041.7,280.02,1.16996
2025-12-23 09:55,KEDW,101354.6,7.5,4.1,94010.3,281.12,1.16500
2025-12-23 10:55,KEDW,101388.5,5.6,3.1,94041.7,279.22,1.17332
2025-12-23 11:55,KEDW,101320.8,6.6,3.7,93978.9,280.22,1.16835
2025-12-23 12:55,KEDW,101354.6,5.3,2.6,94010.3,278.92,1.17419
2025-12-23 13:55,KEDW,101354.6,5.4,2.9,94010.3,279.02,1.17376
2025-12-23 14:55,KEDW,101354.6,5.2,2.9,94010.3,278.82,1.17461
2025-12-23 15:55,KEDW,101388.5,5.3,2.5,94041.7,278.92,1.17458
2025-12-23 16:55,KEDW,101388.5,7.4,3.8,94041.7,281.02,1.16580
2025-12-23 17:55,KEDW,101388.5,7.9,3.7,94041.7,281.52,1.16373
2025-12-23 18:55,KEDW,101422.4,9.2,4.2,94073.1,282.82,1.15877
2025-12-23 19:55,KEDW,101320.8,11.6,5.2,93978.9,285.22,1.14787
2025-12-23 21:55,KEDW,101320.8,14.7,5.7,93978.9,288.32,1.13552
2025-12-23 22:55,KEDW,101253.0,15.7,5.0,93916.0,289.32,1.13084
2025-12-23 23:55,KEDW,101320.8,15.6,6.0,93978.9,289.22,1.13199
2025-12-24 00:55,KEDW,101320.8,14.4,6.0,93978.9,288.02,1.13671
2025-12-24 01:55,KEDW,101286.9,13.3,5.0,93947.5,286.92,1.14068
2025-12-24 02:55,KEDW,101354.6,12.3,6.8,94010.3,285.92,1.14544
2025-12-24 03:55,KEDW,101354.6,12.5,7.0,94010.3,286.12,1.14464
2025-12-24 04:55,KEDW,101388.5,11.5,6.6,94041.7,285.12,1.14904
2025-12-24 05:55,KEDW,101354.6,10.1,6.1,94010.3,283.72,1.15432
2025-12-24 06:55,KEDW,101422.4,10.3,6.3,94073.1,283.92,1.15428
2025-12-24 07:55,KEDW,101354.6,9.7,6.4,94010.3,283.32,1.15595
2025-12-24 08:55,KEDW,101320.8,10.4,6.7,93978.9,284.02,1.15272
2025-12-24 09:59,KEDW,101219.2,11.0,7.0,93884.6,284.62,1.14913
2025-12-24 10:55,KEDW,101151.4,13.9,9.3,93821.8,287.52,1.13678
2025-12-24 11:59,KEDW,101016.0,15.0,11.0,93696.2,288.62,1.13093
2025-12-24 12:59,KEDW,100948.3,13.0,11.0,93633.4,286.62,1.13806
2025-12-24 13:55,KEDW,101016.0,13.4,11.3,93696.2,287.02,1.13724
2025-12-24 14:55,KEDW,100982.1,11.2,9.9,93664.8,284.82,1.14564
2025-12-24 15:55,KEDW,101049.8,11.7,10.6,93727.6,285.32,1.14440
2025-12-24 16:55,KEDW,101049.8,13.0,11.7,93727.6,286.62,1.13920
2025-12-24 17:55,KEDW,101049.8,14.8,12.8,93727.6,288.42,1.13210
2025-12-24 18:55,KEDW,101117.6,13.5,11.7,93790.4,287.12,1.13798
2025-12-24 19:55,KEDW,101151.4,12.0,10.4,93821.8,285.62,1.14434
2025-12-24 21:55,KEDW,101117.6,11.6,10.0,93790.4,285.22,1.14556
2025-12-24 22:55,KEDW,101219.2,11.3,9.9,93884.6,284.92,1.14792
2025-12-24 23:55,KEDW,101117.6,11.1,9.8,93790.4,284.72,1.14758
2025-12-25 00:55,KEDW,101151.4,11.3,10.0,93821.8,284.92,1.14715
2025-12-25 01:55,KEDW,101219.2,11.3,9.7,93884.6,284.92,1.14792
2025-12-25 02:55,KEDW,101253.0,10.2,9.1,93916.0,283.82,1.15276
2025-12-25 03:55,KEDW,101286.9,9.5,8.4,93947.5,283.12,1.15599
2025-12-25 04:55,KEDW,101354.6,10.7,8.3,94010.3,284.32,1.15188
2025-12-25 05:55,KEDW,101320.8,9.4,7.3,93978.9,283.02,1.15679
2025-12-25 06:55,KEDW,101354.6,10.5,6.3,94010.3,284.12,1.15270
2025-12-25 07:55,KEDW,101354.6,11.4,5.3,94010.3,285.02,1.14906
2025-12-25 08:55,KEDW,101354.6,12.0,4.7,94010.3,285.62,1.14664
2025-12-25 09:55,KEDW,101388.5,12.2,3.9,94041.7,285.82,1.14622
2025-12-25 10:55,KEDW,101388.5,12.1,4.1,94041.7,285.72,1.14662
2025-12-25 11:55,KEDW,101422.4,12.7,2.8,94073.1,286.32,1.14460
2025-12-25 12:55,KEDW,101557.8,10.8,3.6,94198.7,284.42,1.15379
2025-12-25 13:55,KEDW,101591.7,11.0,2.6,94230.1,284.62,1.15336
2025-12-25 14:55,KEDW,101659.4,10.6,3.2,94293.0,284.22,1.15575
2025-12-25 15:55,KEDW,101727.1,11.2,4.2,94355.8,284.82,1.15409
2025-12-25 16:55,KEDW,101794.9,11.3,5.4,94418.6,284.92,1.15445
2025-12-25 17:55,KEDW,101761.0,14.5,5.0,94387.2,288.12,1.14125
2025-12-25 18:55,KEDW,101693.3,15.8,4.2,94324.4,289.42,1.13537
2025-12-25 19:55,KEDW,101625.5,15.5,5.7,94261.6,289.12,1.13579
2025-12-25 21:55,KEDW,101591.7,16.3,5.0,94230.1,289.92,1.13228
2025-12-25 22:55,KEDW,101591.7,14.5,7.3,94230.1,288.12,1.13935
2025-12-25 23:55,KEDW,101591.7,13.5,7.9,94230.1,287.12,1.14332
2025-12-26 00:55,KEDW,101591.7,13.2,7.2,94230.1,286.82,1.14451
2025-12-26 01:55,KEDW,101625.5,13.2,6.1,94261.6,286.82,1.14490
2025-12-26 02:55,KEDW,101659.4,13.3,5.0,94293.0,286.92,1.14488
2025-12-26 03:55,KEDW,101693.3,12.1,5.3,94324.4,285.72,1.15007
2025-12-26 04:55,KEDW,101693.3,11.6,5.2,94324.4,285.22,1.15209
2025-12-26 05:55,KEDW,101693.3,13.0,5.4,94324.4,286.62,1.14646
2025-12-26 06:55,KEDW,101625.5,12.2,6.0,94261.6,285.82,1.14890
2025-12-26 07:55,KEDW,101625.5,12.1,6.4,94261.6,285.72,1.14930
2025-12-26 08:55,KEDW,101557.8,12.8,6.2,94198.7,286.42,1.14573
2025-12-26 09:55,KEDW,101591.7,10.1,6.1,94230.1,283.72,1.15702
2025-12-26 10:55,KEDW,101557.8,10.2,6.7,94198.7,283.82,1.15623
2025-12-26 11:55,KEDW,101523.9,9.7,7.1,94167.3,283.32,1.15788
2025-12-26 12:55,KEDW,101591.7,9.4,7.5,94230.1,283.02,1.15988
2025-12-26 13:55,KEDW,101591.7,9.0,7.6,94230.1,282.62,1.16152
2025-12-26 14:55,KEDW,101625.5,9.5,7.9,94261.6,283.12,1.15986
2025-12-26 15:55,KEDW,101659.4,9.7,8.1,94293.0,283.32,1.15943
2025-12-26 16:55,KEDW,101727.1,9.8,8.6,94355.8,283.42,1.15979
2025-12-26 17:58,KEDW,101761.0,11.0,9.0,94387.2,284.62,1.15528
2025-12-26 18:58,KEDW,101659.4,12.0,10.0,94293.0,285.62,1.15009
2025-12-26 19:55,KEDW,101557.8,12.4,9.2,94198.7,286.02,1.14733
2025-12-26 20:55,KEDW,101422.4,12.3,10.0,94073.1,285.92,1.14620
2025-12-26 21:55,KEDW,101354.6,11.4,9.6,94010.3,285.02,1.14906
2025-12-26 22:55,KEDW,101354.6,11.0,9.1,94010.3,284.62,1.15067
2025-12-26 23:55,KEDW,101388.5,10.5,8.4,94041.7,284.12,1.15308
2025-12-27 00:55,KEDW,101422.4,10.5,8.6,94073.1,284.12,1.15347
2025-12-27 01:55,KEDW,101388.5,10.2,8.6,94041.7,283.82,1.15430
2025-12-27 02:55,KEDW,101422.4,10.1,8.7,94073.1,283.72,1.15509
2025-12-27 03:55,KEDW,101388.5,9.8,7.9,94041.7,283.42,1.15593
2025-12-27 04:55,KEDW,101422.4,9.7,7.5,94073.1,283.32,1.15672
2025-12-27 05:55,KEDW,101456.2,9.1,6.5,94104.5,282.72,1.15956
2025-12-27 06:55,KEDW,101456.2,7.8,5.8,94104.5,281.42,1.16492
2025-12-27 07:55,KEDW,101422.4,6.6,5.1,94073.1,280.22,1.16952
2025-12-27 08:55,KEDW,101456.2,5.9,4.2,94104.5,279.52,1.17284
2025-12-27 09:55,KEDW,101490.1,6.3,3.3,94135.9,279.92,1.17155
2025-12-27 10:55,KEDW,101490.1,6.4,2.1,94135.9,280.02,1.17114
2025-12-27 11:55,KEDW,101490.1,5.9,1.8,94135.9,279.52,1.17323
2025-12-27 12:55,KEDW,101523.9,6.4,1.1,94167.3,280.02,1.17153
2025-12-27 13:55,KEDW,101523.9,4.0,1.7,94167.3,277.62,1.18165
2025-12-27 14:55,KEDW,101557.8,6.6,1.1,94198.7,280.22,1.17108
2025-12-27 15:55,KEDW,101625.5,7.9,1.1,94261.6,281.52,1.16645
2025-12-27 16:55,KEDW,101761.0,9.3,2.2,94387.2,282.92,1.16223
2025-12-27 17:55,KEDW,101761.0,10.4,2.2,94387.2,284.02,1.15772
2025-12-27 18:55,KEDW,101761.0,11.6,2.1,94387.2,285.22,1.15285
2025-12-27 19:55,KEDW,101625.5,12.8,1.8,94261.6,286.42,1.14650
2025-12-27 21:55,KEDW,101591.7,12.8,1.2,94230.1,286.42,1.14611
2025-12-27 22:55,KEDW,101625.5,13.0,1.0,94261.6,286.62,1.14570
2025-12-27 23:55,KEDW,101659.4,13.2,1.5,94293.0,286.82,1.14528
2025-12-28 00:55,KEDW,101727.1,11.0,2.0,94355.8,284.62,1.15490
2025-12-28 01:55,KEDW,101794.9,9.4,1.6,94418.6,283.02,1.16220
2025-12-28 02:55,KEDW,101896.4,7.5,2.2,94512.8,281.12,1.17122
2025-12-28 03:55,KEDW,101964.2,6.3,2.9,94575.7,279.92,1.17703
2025-12-28 04:55,KEDW,102031.9,5.6,2.8,94638.5,279.22,1.18076
2025-12-28 05:55,KEDW,102099.6,5.0,2.0,94701.3,278.62,1.18409
2025-12-28 06:55,KEDW,102099.6,3.3,1.7,94701.3,276.92,1.19136
2025-12-28 07:55,KEDW,102099.6,3.2,1.4,94701.3,276.82,1.19179
2025-12-28 08:55,KEDW,102099.6,2.7,1.1,94701.3,276.32,1.19395
2025-12-28 09:55,KEDW,102167.4,1.7,0.4,94764.1,275.32,1.19908
2025-12-28 10:55,KEDW,102235.1,1.9,0.3,94826.9,275.52,1.19900
2025-12-28 11:55,KEDW,102235.1,0.7,-0.8,94826.9,274.32,1.20425
2025-12-28 12:55,KEDW,102268.9,0.7,-0.6,94858.3,274.32,1.20465
2025-12-28 13:55,KEDW,102336.7,0.1,-1.2,94921.2,273.72,1.20809
2025-12-28 14:55,KEDW,102404.4,0.4,-0.9,94984.0,274.02,1.20756
2025-12-28 15:55,KEDW,102539.9,1.5,0.3,95109.6,275.12,1.20432
2025-12-28 16:55,KEDW,102607.6,2.4,0.6,95172.4,276.02,1.20119
2025-12-28 17:55,KEDW,102607.6,3.8,1.0,95172.4,277.42,1.19513
2025-12-28 18:55,KEDW,102539.9,6.9,3.0,95109.6,280.52,1.18114
2025-12-28 19:55,KEDW,102438.3,10.3,1.9,95015.4,283.92,1.16584
2025-12-28 21:55,KEDW,102302.8,12.7,2.3,94889.8,286.32,1.15454
2025-12-28 22:55,KEDW,102302.8,13.2,0.6,94889.8,286.82,1.15253
2025-12-28 23:55,KEDW,102302.8,13.2,2.1,94889.8,286.82,1.15253
2025-12-29 00:55,KEDW,102336.7,11.6,1.2,94921.2,285.22,1.15938
2025-12-29 01:55,KEDW,102404.4,9.5,3.7,94984.0,283.12,1.16875
2025-12-29 02:55,KEDW,102438.3,7.3,4.3,95015.4,280.92,1.17829
2025-12-29 03:55,KEDW,102472.1,6.8,3.1,95046.8,280.42,1.18078
2025-12-29 04:55,KEDW,102539.9,5.7,1.6,95109.6,279.32,1.18622
2025-12-29 05:55,KEDW,102607.6,5.2,0.2,95172.4,278.82,1.18913
2025-12-29 06:55,KEDW,102607.6,5.0,-0.6,95172.4,278.62,1.18998
2025-12-29 07:55,KEDW,102675.3,3.6,1.0,95235.3,277.22,1.19678
2025-12-29 08:55,KEDW,102607.6,3.3,0.2,95172.4,276.92,1.19729
2025-12-29 09:55,KEDW,102641.5,1.9,-0.5,95203.9,275.52,1.20377
2025-12-29 10:55,KEDW,102641.5,0.7,-1.2,95203.9,274.32,1.20903
2025-12-29 11:55,KEDW,102641.5,0.8,-1.3,95203.9,274.42,1.20859
2025-12-29 12:55,KEDW,102607.6,0.6,-1.6,95172.4,274.22,1.20907
2025-12-29 13:55,KEDW,102641.5,0.6,-1.6,95203.9,274.22,1.20947
2025-12-29 14:55,KEDW,102709.2,0.4,-1.7,95266.7,274.02,1.21116
2025-12-29 15:55,KEDW,102743.0,1.6,-1.3,95298.1,275.22,1.20627
2025-12-29 16:55,KEDW,102844.6,4.4,-0.8,95392.3,278.02,1.19530
2025-12-29 17:55,KEDW,102810.8,8.0,-1.8,95360.9,281.62,1.17964
2025-12-29 18:55,KEDW,102743.0,9.8,-2.8,95298.1,283.42,1.17137
2025-12-29 19:55,KEDW,102641.5,11.4,-2.1,95203.9,285.02,1.16364
2025-12-29 21:55,KEDW,102472.1,15.2,-0.6,95046.8,288.82,1.14644
2025-12-29 22:55,KEDW,102404.4,15.6,-2.9,94984.0,289.22,1.14410
2025-12-29 23:55,KEDW,102404.4,14.1,2.3,94984.0,287.72,1.15006
2025-12-30 00:55,KEDW,102438.3,11.0,0.1,95015.4,284.62,1.16297
2025-12-30 01:55,KEDW,102472.1,10.0,-2.3,95046.8,283.62,1.16746
2025-12-30 02:55,KEDW,102539.9,8.6,-1.8,95109.6,282.22,1.17403
2025-12-30 03:55,KEDW,102539.9,6.7,-1.5,95109.6,280.32,1.18198
2025-12-30 04:55,KEDW,102573.7,5.7,-1.5,95141.0,279.32,1.18661
2025-12-30 05:55,KEDW,102607.6,4.9,-1.1,95172.4,278.52,1.19041
2025-12-30 06:55,KEDW,102573.7,4.0,-1.6,95141.0,277.62,1.19387
2025-12-30 07:55,KEDW,102573.7,4.3,-1.7,95141.0,277.92,1.19258
2025-12-30 08:55,KEDW,102539.9,5.4,-2.0,95109.6,279.02,1.18749
2025-12-30 09:55,KEDW,102539.9,4.3,-0.3,95109.6,277.92,1.19219
2025-12-30 10:55,KEDW,102573.7,3.1,0.2,95141.0,276.72,1.19776
2025-12-30 11:55,KEDW,102506.0,3.5,-0.3,95078.2,277.12,1.19524
2025-12-30 12:55,KEDW,102472.1,3.9,-0.7,95046.8,277.52,1.19312
2025-12-30 13:55,KEDW,102539.9,4.2,0.0,95109.6,277.82,1.19262
2025-12-30 14:55,KEDW,102539.9,4.5,0.3,95109.6,278.12,1.19133
2025-12-30 15:55,KEDW,102641.5,5.8,1.1,95203.9,279.42,1.18697
2025-12-30 16:55,KEDW,102641.5,5.2,1.5,95203.9,278.82,1.18952
2025-12-30 17:55,KEDW,102810.8,7.8,1.6,95360.9,281.42,1.18047
2025-12-30 18:55,KEDW,102675.3,9.0,3.0,95235.3,282.62,1.17391
2025-12-30 19:55,KEDW,102607.6,9.3,3.9,95172.4,282.92,1.17189
2025-12-30 21:55,KEDW,102506.0,10.9,1.7,95078.2,284.52,1.16415
2025-12-30 22:55,KEDW,102438.3,11.3,3.6,95015.4,284.92,1.16175
2025-12-30 23:55,KEDW,102370.5,11.5,4.9,94952.6,285.12,1.16017
2025-12-31 00:55,KEDW,102404.4,9.9,6.2,94984.0,283.52,1.16710
2025-12-31 01:55,KEDW,102404.4,9.1,5.7,94984.0,282.72,1.17040
2025-12-31 02:55,KEDW,102404.4,9.2,6.1,94984.0,282.82,1.16999
2025-12-31 03:55,KEDW,102404.4,7.5,5.1,94984.0,281.12,1.17706
2025-12-31 04:55,KEDW,102404.4,7.1,5.1,94984.0,280.72,1.17874
2025-12-31 05:55,KEDW,102370.5,6.5,4.7,94952.6,280.12,1.18087
2025-12-31 06:55,KEDW,102404.4,6.7,3.8,94984.0,280.32,1.18042
2025-12-31 07:55,KEDW,102302.8,7.1,4.6,94889.8,280.72,1.17757
2025-12-31 08:55,KEDW,102302.8,7.3,4.1,94889.8,280.92,1.17673
2025-12-31 09:55,KEDW,102268.9,7.7,4.3,94858.3,281.32,1.17467
2025-12-31 10:55,KEDW,102235.1,7.5,3.7,94826.9,281.12,1.17512
2025-12-31 11:55,KEDW,102167.4,6.8,4.8,94764.1,280.42,1.17727
2025-12-31 12:55,KEDW,102167.4,7.0,4.8,94764.1,280.62,1.17643
2025-12-31 13:55,KEDW,102167.4,7.4,4.7,94764.1,281.02,1.17476
2025-12-31 14:55,KEDW,102167.4,7.5,4.6,94764.1,281.12,1.17434
2025-12-31 15:55,KEDW,102201.2,7.2,5.5,94795.5,280.82,1.17598
2025-12-31 16:55,KEDW,102268.9,8.0,5.1,94858.3,281.62,1.17342
2025-12-31 17:56,KEDW,102302.8,8.0,5.0,94889.8,281.62,1.17381
2025-12-31 18:55,KEDW,102201.2,8.5,5.4,94795.5,282.12,1.17056
2025-12-31 19:55,KEDW,102065.8,8.5,4.3,94669.9,282.12,1.16901
2025-12-31 21:55,KEDW,101896.4,9.3,5.1,94512.8,282.92,1.16377
2025-12-31 22:55,KEDW,101862.6,9.2,5.0,94481.4,282.82,1.16380
2025-12-31 23:55,KEDW,101862.6,9.0,5.9,94481.4,282.62,1.16462
2026-01-01 00:55,KEDW,101862.6,8.7,6.1,94481.4,282.32,1.16586
2026-01-01 01:55,KEDW,101862.6,8.1,6.1,94481.4,281.72,1.16834
2026-01-01 02:55,KEDW,101862.6,8.1,5.7,94481.4,281.72,1.16834
2026-01-01 03:55,KEDW,101862.6,8.1,5.6,94481.4,281.72,1.16834
2026-01-01 04:55,KEDW,101930.3,7.7,5.7,94544.2,281.32,1.17078
2026-01-01 05:55,KEDW,101896.4,7.3,5.9,94512.8,280.92,1.17206
2026-01-01 06:55,KEDW,101930.3,7.6,6.1,94544.2,281.22,1.17120
2026-01-01 07:55,KEDW,101828.7,7.2,6.0,94450.0,280.82,1.17170
2026-01-01 08:55,KEDW,101794.9,7.2,6.1,94418.6,280.82,1.17131
2026-01-01 09:55,KEDW,101794.9,7.4,6.5,94418.6,281.02,1.17047
2026-01-01 10:55,KEDW,101794.9,7.5,6.6,94418.6,281.12,1.17006
2026-01-01 11:55,KEDW,101761.0,7.4,6.5,94387.2,281.02,1.17008
2026-01-01 12:56,KEDW,101727.1,7.0,6.0,94355.8,280.62,1.17136
2026-01-01 13:55,KEDW,101727.1,7.4,6.2,94355.8,281.02,1.16969
2026-01-01 14:55,KEDW,101761.0,7.4,6.2,94387.2,281.02,1.17008
2026-01-01 15:55,KEDW,101794.9,7.8,6.6,94418.6,281.42,1.16881
2026-01-01 16:55,KEDW,101862.6,8.0,6.9,94481.4,281.62,1.16876
2026-01-01 17:55,KEDW,101862.6,8.6,7.4,94481.4,282.22,1.16627
2026-01-01 18:55,KEDW,101862.6,8.9,7.7,94481.4,282.52,1.16503
2026-01-01 19:55,KEDW,101794.9,9.5,7.9,94418.6,283.12,1.16179
2026-01-01 20:55,KEDW,101727.1,10.3,7.9,94355.8,283.92,1.15775
2026-01-01 21:55,KEDW,101727.1,11.0,8.0,94355.8,284.62,1.15490
2026-01-01 22:55,KEDW,101727.1,11.2,7.9,94355.8,284.82,1.15409
2026-01-01 23:55,KEDW,101727.1,11.1,8.3,94355.8,284.72,1.15449
2026-01-02 00:55,KEDW,101693.3,10.3,8.4,94324.4,283.92,1.15736
2026-01-02 01:55,KEDW,101727.1,10.4,8.2,94355.8,284.02,1.15734
2026-01-02 02:55,KEDW,101727.1,9.0,7.4,94355.8,282.62,1.16307
2026-01-02 03:55,KEDW,101761.0,10.0,7.1,94387.2,283.62,1.15936
2026-01-02 04:55,KEDW,101794.9,9.9,6.8,94418.6,283.52,1.16015
2026-01-02 05:55,KEDW,101794.9,9.5,6.2,94418.6,283.12,1.16179
2026-01-02 06:55,KEDW,101828.7,7.8,5.6,94450.0,281.42,1.16920
2026-01-02 07:55,KEDW,101794.9,7.4,5.5,94418.6,281.02,1.17047
2026-01-02 08:55,KEDW,101761.0,8.9,5.8,94387.2,282.52,1.16387
2026-01-02 09:55,KEDW,101828.7,6.4,4.7,94450.0,280.02,1.17504
2026-01-02 10:55,KEDW,101828.7,6.2,4.8,94450.0,279.82,1.17588
2026-01-02 11:55,KEDW,101828.7,4.2,3.0,94450.0,277.82,1.18435
2026-01-02 12:55,KEDW,101828.7,3.8,2.8,94450.0,277.42,1.18606
2026-01-02 13:55,KEDW,101896.4,3.8,2.8,94512.8,277.42,1.18685
2026-01-02 14:55,KEDW,101930.3,4.1,3.1,94544.2,277.72,1.18596
2026-01-02 15:55,KEDW,101998.0,5.0,4.1,94607.1,278.62,1.18291
2026-01-02 16:55,KEDW,102065.8,6.3,4.9,94669.9,279.92,1.17820
2026-01-02 17:55,KEDW,102133.5,7.4,5.5,94732.7,281.02,1.17437
2026-01-02 18:55,KEDW,102065.8,9.0,6.8,94669.9,282.62,1.16694
2026-01-02 19:55,KEDW,101998.0,10.2,7.4,94607.1,283.82,1.16124
2026-01-02 21:55,KEDW,101828.7,12.2,7.9,94450.0,285.82,1.15120
2026-01-02 22:55,KEDW,101828.7,12.4,8.9,94450.0,286.02,1.15039
2026-01-02 23:55,KEDW,101761.0,12.3,8.8,94387.2,285.92,1.15003
2026-01-03 00:55,KEDW,101761.0,12.1,8.6,94387.2,285.72,1.15084
2026-01-03 01:55,KEDW,101828.7,11.8,8.8,94450.0,285.42,1.15281
2026-01-03 02:55,KEDW,101828.7,10.9,9.2,94450.0,284.52,1.15646
2026-01-03 03:55,KEDW,101828.7,10.8,9.2,94450.0,284.42,1.15687
2026-01-03 04:55,KEDW,101828.7,10.6,9.0,94450.0,284.22,1.15768
2026-01-03 05:55,KEDW,101794.9,10.5,8.9,94418.6,284.12,1.15770
2026-01-03 06:55,KEDW,101794.9,10.2,8.8,94418.6,283.82,1.15893
2026-01-03 07:55,KEDW,101761.0,10.2,8.6,94387.2,283.82,1.15854
2026-01-03 08:55,KEDW,101761.0,9.8,7.9,94387.2,283.42,1.16018
2026-01-03 09:55,KEDW,101761.0,9.6,8.0,94387.2,283.22,1.16099
2026-01-03 10:55,KEDW,101761.0,9.8,8.4,94387.2,283.42,1.16018
2026-01-03 11:55,KEDW,101693.3,9.7,8.3,94324.4,283.32,1.15981
2026-01-03 12:55,KEDW,101659.4,9.6,8.4,94293.0,283.22,1.15984
2026-01-03 13:55,KEDW,101659.4,9.6,8.4,94293.0,283.22,1.15984
2026-01-03 14:55,KEDW,101693.3,9.4,8.3,94324.4,283.02,1.16104
2026-01-03 15:55,KEDW,101693.3,9.7,8.5,94324.4,283.32,1.15981
2026-01-03 16:55,KEDW,101727.1,10.5,8.8,94355.8,284.12,1.15693
2026-01-03 17:55,KEDW,101693.3,11.5,9.2,94324.4,285.12,1.15249
2026-01-03 18:55,KEDW,101659.4,12.6,9.4,94293.0,286.22,1.14768
2026-01-03 19:55,KEDW,101456.2,13.3,9.9,94104.5,286.92,1.14259
2026-01-03 20:55,KEDW,101354.6,15.0,10.8,94010.3,288.62,1.13472
2026-01-03 21:55,KEDW,101456.2,12.6,10.7,94104.5,286.22,1.14538
2026-01-03 22:55,KEDW,101388.5,12.2,10.8,94041.7,285.82,1.14622
2026-01-03 23:55,KEDW,101388.5,12.4,10.8,94041.7,286.02,1.14542
2026-01-04 00:55,KEDW,101388.5,12.4,11.0,94041.7,286.02,1.14542
2026-01-04 01:55,KEDW,101456.2,12.1,11.0,94104.5,285.72,1.14739
2026-01-04 02:55,KEDW,101422.4,11.8,10.5,94073.1,285.42,1.14821
2026-01-04 03:55,KEDW,101422.4,11.7,10.6,94073.1,285.32,1.14861
2026-01-04 04:55,KEDW,101456.2,11.3,10.2,94104.5,284.92,1.15061
2026-01-04 05:55,KEDW,101523.9,10.4,9.3,94167.3,284.02,1.15503
2026-01-04 06:55,KEDW,101523.9,9.5,8.6,94167.3,283.12,1.15870
2026-01-04 07:55,KEDW,101490.1,9.9,8.5,94135.9,283.52,1.15668
2026-01-04 08:55,KEDW,101490.1,9.3,7.9,94135.9,282.92,1.15913
2026-01-04 09:55,KEDW,101490.1,10.6,8.2,94135.9,284.22,1.15383
2026-01-04 10:55,KEDW,101490.1,10.8,7.8,94135.9,284.42,1.15302
2026-01-04 11:55,KEDW,101388.5,10.4,7.6,94041.7,284.02,1.15349
2026-01-04 12:55,KEDW,101422.4,10.3,7.7,94073.1,283.92,1.15428
2026-01-04 13:55,KEDW,101456.2,10.7,7.8,94104.5,284.32,1.15304
2026-01-04 14:55,KEDW,101490.1,10.1,8.2,94135.9,283.72,1.15586
2026-01-04 15:55,KEDW,101456.2,10.5,8.3,94104.5,284.12,1.15385
2026-01-04 16:55,KEDW,101523.9,11.8,8.5,94167.3,285.42,1.14936
2026-01-04 17:55,KEDW,101557.8,12.8,7.9,94198.7,286.42,1.14573
2026-01-04 18:55,KEDW,101557.8,12.9,8.8,94198.7,286.52,1.14533
2026-01-04 19:55,KEDW,101456.2,12.9,8.4,94104.5,286.52,1.14419
2026-01-04 20:55,KEDW,101354.6,13.0,8.9,94010.3,286.62,1.14264
2026-01-04 21:55,KEDW,101286.9,13.1,8.4,93947.5,286.72,1.14148
2026-01-04 22:55,KEDW,101253.0,13.0,8.5,93916.0,286.62,1.14150
2026-01-04 23:55,KEDW,101286.9,12.7,7.4,93947.5,286.32,1.14307
2026-01-05 00:55,KEDW,101320.8,11.1,5.6,93978.9,284.72,1.14988
2026-01-05 01:55,KEDW,101354.6,10.6,6.0,94010.3,284.22,1.15229
2026-01-05 02:55,KEDW,101354.6,9.5,6.2,94010.3,283.12,1.15677
2026-01-05 03:55,KEDW,101388.5,9.9,6.2,94041.7,283.52,1.15552
2026-01-05 04:55,KEDW,101422.4,9.6,6.5,94073.1,283.22,1.15713
2026-01-05 05:55,KEDW,101456.2,9.9,6.1,94104.5,283.52,1.15629
2026-01-05 06:55,KEDW,101523.9,9.5,6.4,94167.3,283.12,1.15870
2026-01-05 07:55,KEDW,101490.1,8.2,6.0,94135.9,281.82,1.16366
2026-01-05 08:55,KEDW,101490.1,7.2,5.3,94135.9,280.82,1.16780
2026-01-05 09:55,KEDW,101490.1,7.1,4.6,94135.9,280.72,1.16822
2026-01-05 10:55,KEDW,101490.1,6.7,4.2,94135.9,280.32,1.16988
2026-01-05 11:55,KEDW,101456.2,4.9,3.2,94104.5,278.52,1.17705
2026-01-05 12:55,KEDW,101490.1,5.9,3.6,94135.9,279.52,1.17323
2026-01-05 13:55,KEDW,101523.9,4.5,2.8,94167.3,278.12,1.17953
2026-01-05 14:55,KEDW,101557.8,3.9,2.6,94198.7,277.52,1.18247
2026-01-05 15:55,KEDW,101625.5,5.0,3.2,94261.6,278.62,1.17859
2026-01-05 16:55,KEDW,101693.3,8.5,4.5,94324.4,282.12,1.16475
2026-01-05 17:55,KEDW,101761.0,10.9,5.4,94387.2,284.52,1.15569
2026-01-05 18:55,KEDW,101761.0,12.5,6.1,94387.2,286.12,1.14923
2026-01-05 19:55,KEDW,101659.4,13.4,5.3,94293.0,287.02,1.14448
2026-01-05 21:55,KEDW,101591.7,14.0,4.6,94230.1,287.62,1.14133
2026-01-05 22:55,KEDW,101591.7,12.9,5.1,94230.1,286.52,1.14571
2026-01-05 23:55,KEDW,101591.7,12.6,5.5,94230.1,286.22,1.14691
2026-01-06 00:55,KEDW,101591.7,11.5,5.6,94230.1,285.12,1.15134
2026-01-06 01:55,KEDW,101659.4,11.0,5.3,94293.0,284.62,1.15413
2026-01-06 02:55,KEDW,101727.1,9.8,5.6,94355.8,283.42,1.15979
2026-01-06 03:55,KEDW,101761.0,9.7,5.3,94387.2,283.32,1.16058
2026-01-06 04:55,KEDW,101761.0,7.8,5.1,94387.2,281.42,1.16842
2026-01-06 05:55,KEDW,101828.7,5.9,4.1,94450.0,279.52,1.17715
2026-01-06 06:55,KEDW,101828.7,6.8,5.0,94450.0,280.42,1.17337
2026-01-06 07:55,KEDW,101794.9,5.1,3.6,94418.6,278.72,1.18013
2026-01-06 08:55,KEDW,101794.9,3.9,2.6,94418.6,277.52,1.18523
2026-01-06 09:55,KEDW,101828.7,4.4,2.9,94450.0,278.02,1.18350
2026-01-06 10:55,KEDW,101828.7,3.9,2.7,94450.0,277.52,1.18563
2026-01-06 11:55,KEDW,101794.9,4.0,2.8,94418.6,277.62,1.18481
2026-01-06 12:55,KEDW,101828.7,3.9,2.7,94450.0,277.52,1.18563
2026-01-06 13:55,KEDW,101862.6,4.1,2.9,94481.4,277.72,1.18517
2026-01-06 14:55,KEDW,101930.3,4.2,3.0,94544.2,277.82,1.18553
2026-01-06 15:55,KEDW,101964.2,4.8,3.6,94575.7,278.42,1.18337
2026-01-06 16:55,KEDW,101998.0,5.0,3.8,94607.1,278.62,1.18291
2026-01-06 17:55,KEDW,101998.0,6.2,3.5,94607.1,279.82,1.17784
2026-01-06 18:55,KEDW,101964.2,7.8,4.0,94575.7,281.42,1.17075
2026-01-06 19:55,KEDW,101896.4,9.4,4.4,94512.8,283.02,1.16336
2026-01-06 21:55,KEDW,101727.1,11.6,5.7,94355.8,285.22,1.15247
2026-01-06 22:55,KEDW,101727.1,12.3,5.2,94355.8,285.92,1.14965
2026-01-06 23:55,KEDW,101727.1,13.2,5.8,94355.8,286.82,1.14604
2026-01-07 01:55,KEDW,101727.1,9.2,6.5,94355.8,282.82,1.16225
2026-01-07 02:55,KEDW,101727.1,8.0,5.5,94355.8,281.62,1.16720
2026-01-07 03:55,KEDW,101727.1,8.0,6.3,94355.8,281.62,1.16720
2026-01-07 04:55,KEDW,101727.1,7.5,5.3,94355.8,281.12,1.16928
2026-01-07 05:55,KEDW,101693.3,6.8,4.5,94324.4,280.42,1.17181
2026-01-07 06:55,KEDW,101693.3,5.4,3.9,94324.4,279.02,1.17769
2026-01-07 07:55,KEDW,101625.5,4.7,3.5,94261.6,278.32,1.17986
2026-01-07 08:55,KEDW,101557.8,3.6,2.6,94198.7,277.22,1.18375
2026-01-07 09:55,KEDW,101557.8,3.0,2.0,94198.7,276.62,1.18632
2026-01-07 10:55,KEDW,101523.9,3.1,2.1,94167.3,276.72,1.18550
2026-01-07 11:55,KEDW,101490.1,2.8,1.8,94135.9,276.42,1.18639
2026-01-07 12:55,KEDW,101490.1,2.5,1.3,94135.9,276.12,1.18768
2026-01-07 13:55,KEDW,101490.1,1.9,0.9,94135.9,275.52,1.19026
2026-01-07 14:55,KEDW,101456.2,2.0,1.0,94104.5,275.62,1.18944
2026-01-07 15:55,KEDW,101456.2,3.6,2.3,94104.5,277.22,1.18257
2026-01-07 16:55,KEDW,101490.1,5.6,3.6,94135.9,279.22,1.17449
2026-01-07 17:58,KEDW,101557.8,7.8,5.8,94198.7,281.42,1.16609
2026-01-07 18:55,KEDW,101490.1,11.4,4.7,94135.9,285.02,1.15059
2026-01-07 19:55,KEDW,101388.5,14.4,4.4,94041.7,288.02,1.13747
2026-01-07 21:55,KEDW,101219.2,14.9,3.3,93884.6,288.52,1.13360
2026-01-07 22:55,KEDW,101185.3,16.0,3.3,93853.2,289.62,1.12892
2026-01-07 23:55,KEDW,101253.0,11.7,4.3,93916.0,285.32,1.14670
2026-01-08 00:55,KEDW,101253.0,11.2,2.2,93916.0,284.82,1.14871
2026-01-08 07:55,KEDW,101456.2,9.2,1.8,94104.5,282.82,1.15915
2026-01-08 08:55,KEDW,101422.4,7.2,2.1,94073.1,280.82,1.16702
2026-01-08 09:55,KEDW,101456.2,7.7,2.4,94104.5,281.32,1.16534
2026-01-08 10:55,KEDW,101490.1,7.5,2.8,94135.9,281.12,1.16655
2026-01-08 11:55,KEDW,101456.2,8.0,2.7,94104.5,281.62,1.16409
2026-01-08 12:55,KEDW,101456.2,7.6,1.9,94104.5,281.22,1.16575
2026-01-08 13:55,KEDW,101456.2,7.3,2.0,94104.5,280.92,1.16699
2026-01-08 14:55,KEDW,101557.8,8.0,0.5,94198.7,281.62,1.16526
2026-01-08 15:55,KEDW,101659.4,7.9,0.6,94293.0,281.52,1.16684
2026-01-08 16:55,KEDW,101727.1,8.1,0.8,94355.8,281.72,1.16679
2026-01-08 17:55,KEDW,101693.3,9.2,-0.1,94324.4,282.82,1.16186
2026-01-08 18:55,KEDW,101727.1,9.4,-3.2,94355.8,283.02,1.16143
2026-01-08 19:55,KEDW,101727.1,9.5,-1.8,94355.8,283.12,1.16102
2026-01-08 21:55,KEDW,101659.4,9.9,-1.5,94293.0,283.52,1.15861
2026-01-08 22:55,KEDW,101693.3,9.6,-3.0,94324.4,283.22,1.16022
2026-01-08 23:55,KEDW,101761.0,9.5,-4.5,94387.2,283.12,1.16140
2026-01-09 00:55,KEDW,101862.6,7.7,-3.2,94481.4,281.32,1.17000
2026-01-09 01:55,KEDW,101964.2,6.6,-2.8,94575.7,280.22,1.17577
2026-01-09 02:55,KEDW,102133.5,6.0,-2.9,94732.7,279.62,1.18025
2026-01-09 03:55,KEDW,102201.2,3.9,-1.7,94795.5,277.52,1.18997
2026-01-09 04:55,KEDW,102268.9,6.5,-7.9,94858.3,280.12,1.17970
2026-01-09 05:55,KEDW,102404.4,4.4,-6.5,94984.0,278.02,1.19019
2026-01-09 06:55,KEDW,102506.0,3.8,-6.8,95078.2,277.42,1.19394
2026-01-09 07:55,KEDW,102539.9,2.3,-6.6,95109.6,275.92,1.20083
2026-01-09 08:55,KEDW,102506.0,2.0,-6.1,95078.2,275.62,1.20174
2026-01-09 09:55,KEDW,102573.7,1.3,-5.2,95141.0,274.92,1.20560
2026-01-09 10:55,KEDW,102641.5,0.6,-4.6,95203.9,274.22,1.20947
2026-01-09 11:55,KEDW,102709.2,-0.6,-4.8,95266.7,273.02,1.21559
2026-01-09 12:55,KEDW,102776.9,-1.2,-4.9,95329.5,272.42,1.21907
2026-01-09 13:55,KEDW,102878.5,-1.1,-5.1,95423.7,272.52,1.21983
2026-01-09 14:55,KEDW,102946.2,-1.1,-3.8,95486.5,272.52,1.22063
2026-01-09 15:55,KEDW,103014.0,-0.2,-3.4,95549.4,273.42,1.21741
2026-01-09 16:55,KEDW,103115.5,1.9,-5.7,95643.6,275.52,1.20933
2026-01-09 17:55,KEDW,103149.4,4.1,-6.8,95675.0,277.72,1.20014
2026-01-09 18:55,KEDW,103183.3,6.1,-6.5,95706.4,279.72,1.19195
2026-01-09 19:55,KEDW,103115.5,8.3,-8.7,95643.6,281.92,1.18187
2026-01-09 21:55,KEDW,103014.0,10.1,-9.1,95549.4,283.72,1.17322
2026-01-09 22:55,KEDW,103014.0,10.3,-9.4,95549.4,283.92,1.17239
2026-01-09 23:55,KEDW,103047.8,10.5,-9.2,95580.8,284.12,1.17195
2026-01-10 00:55,KEDW,103047.8,9.1,-4.5,95580.8,282.72,1.17776
2026-01-10 01:55,KEDW,103115.5,6.4,-3.8,95643.6,280.02,1.18989
2026-01-10 02:55,KEDW,103183.3,7.0,-5.4,95706.4,280.62,1.18813
2026-01-10 03:55,KEDW,103251.0,3.2,-1.4,95769.2,276.82,1.20523
2026-01-10 04:55,KEDW,103284.9,1.1,-2.3,95800.6,274.72,1.21484
2026-01-10 05:55,KEDW,103352.6,1.4,-3.3,95863.5,275.02,1.21431
2026-01-10 06:55,KEDW,103386.5,0.7,-2.9,95894.9,274.32,1.21781
2026-01-10 07:55,KEDW,103386.5,0.6,-3.7,95894.9,274.22,1.21825
2026-01-10 08:55,KEDW,103386.5,0.5,-3.2,95894.9,274.12,1.21870
2026-01-10 09:55,KEDW,103386.5,0.4,-3.7,95894.9,274.02,1.21914
2026-01-10 10:55,KEDW,103386.5,0.0,-4.3,95894.9,273.62,1.22092
2026-01-10 11:55,KEDW,103386.5,-0.6,-3.1,95894.9,273.02,1.22361
2026-01-10 12:55,KEDW,103386.5,-0.8,-3.5,95894.9,272.82,1.22450
2026-01-10 13:55,KEDW,103420.3,-1.3,-3.8,95926.3,272.32,1.22715
2026-01-10 17:55,KEDW,103555.8,4.3,-1.4,96051.9,277.92,1.20400
2026-01-10 18:55,KEDW,103454.2,7.4,-6.2,95957.7,281.02,1.18955
2026-01-10 19:55,KEDW,103521.9,9.3,-4.4,96020.5,282.92,1.18234
2026-01-10 21:55,KEDW,103488.0,13.3,-6.4,95989.1,286.92,1.16547
2026-01-10 22:55,KEDW,103081.7,13.8,-3.9,95612.2,287.42,1.15888
2026-01-10 23:55,KEDW,103047.8,13.2,-0.1,95580.8,286.82,1.16092
2026-01-11 00:55,KEDW,103081.7,10.4,1.5,95612.2,284.02,1.17275
2026-01-11 01:55,KEDW,103081.7,8.7,0.7,95612.2,282.32,1.17981
2026-01-11 02:55,KEDW,103115.5,7.0,-1.9,95643.6,280.62,1.18735
2026-01-11 03:55,KEDW,103149.4,5.0,-1.2,95675.0,278.62,1.19626
2026-01-11 04:55,KEDW,103149.4,3.5,-2.3,95675.0,277.12,1.20274
2026-01-11 05:55,KEDW,103149.4,2.9,-2.0,95675.0,276.52,1.20535
2026-01-11 06:55,KEDW,103115.5,1.0,-1.9,95643.6,274.62,1.21329
2026-01-11 07:55,KEDW,103081.7,1.5,-1.9,95612.2,275.12,1.21069
2026-01-11 08:55,KEDW,103081.7,0.8,-3.0,95612.2,274.42,1.21378
2026-01-11 09:55,KEDW,103047.8,-0.6,-3.0,95580.8,273.02,1.21960
2026-01-11 10:55,KEDW,103047.8,-0.3,-2.8,95580.8,273.32,1.21826
2026-01-11 11:55,KEDW,103014.0,-0.4,-2.8,95549.4,273.22,1.21831
2026-01-11 12:55,KEDW,103014.0,-0.6,-2.8,95549.4,273.02,1.21920
2026-01-11 13:55,KEDW,103014.0,-1.3,-3.7,95549.4,272.32,1.22233
2026-01-11 14:55,KEDW,103047.8,-1.7,-3.9,95580.8,271.92,1.22453
2026-01-11 15:55,KEDW,103081.7,0.5,-2.1,95612.2,274.12,1.21510
2026-01-11 16:55,KEDW,103115.5,3.4,-4.3,95643.6,277.02,1.20278
2026-01-11 17:55,KEDW,103115.5,2.8,-2.7,95643.6,276.42,1.20539
2026-01-11 18:55,KEDW,103047.8,5.9,-2.5,95580.8,279.52,1.19124
2026-01-11 19:55,KEDW,102878.5,8.9,-1.8,95423.7,282.52,1.17665
2026-01-11 21:55,KEDW,102709.2,13.1,-5.5,95266.7,286.72,1.15751
2026-01-11 22:55,KEDW,102641.5,13.8,-3.0,95203.9,287.42,1.15393
2026-01-11 23:55,KEDW,102607.6,14.0,-1.6,95172.4,287.62,1.15274
2026-01-12 00:55,KEDW,102641.5,11.6,1.0,95203.9,285.22,1.16283
2026-01-12 01:55,KEDW,102675.3,9.5,1.4,95235.3,283.12,1.17184
2026-01-12 02:55,KEDW,102709.2,6.8,1.3,95266.7,280.42,1.18351
2026-01-12 03:55,KEDW,102743.0,5.0,0.9,95298.1,278.62,1.19155
2026-01-12 04:55,KEDW,102743.0,3.8,-0.2,95298.1,277.42,1.19671
2026-01-12 05:55,KEDW,102743.0,3.7,-0.3,95298.1,277.32,1.19714
2026-01-12 06:55,KEDW,102776.9,2.0,-0.1,95329.5,275.62,1.20492
2026-01-12 07:55,KEDW,102776.9,2.9,-0.2,95329.5,276.52,1.20100
2026-01-12 08:55,KEDW,102743.0,1.2,-0.6,95298.1,274.82,1.20803
2026-01-12 09:55,KEDW,102743.0,1.8,-0.3,95298.1,275.42,1.20540
2026-01-12 10:55,KEDW,102743.0,0.4,-1.7,95298.1,274.02,1.21155
2026-01-12 11:55,KEDW,102743.0,0.4,-1.5,95298.1,274.02,1.21155
2026-01-12 12:55,KEDW,102743.0,-0.8,-2.7,95298.1,272.82,1.21688
2026-01-12 13:55,KEDW,102776.9,-0.7,-2.3,95329.5,272.92,1.21684
2026-01-12 14:55,KEDW,102810.8,0.2,-2.3,95360.9,273.82,1.21324
2026-01-12 15:55,KEDW,102844.6,0.6,-1.8,95392.3,274.22,1.21187
2026-01-12 16:55,KEDW,102878.5,2.7,-1.7,95423.7,276.32,1.20305
2026-01-12 17:55,KEDW,102878.5,5.6,-1.3,95423.7,279.22,1.19056
2026-01-12 18:55,KEDW,102810.8,10.3,-0.5,95360.9,283.92,1.17008
2026-01-12 19:55,KEDW,102709.2,13.2,1.5,95266.7,286.82,1.15710
2026-01-12 21:55,KEDW,102506.0,15.8,0.4,95078.2,289.42,1.14444
2026-01-12 22:55,KEDW,102472.1,16.6,1.1,95046.8,290.22,1.14091
2026-01-12 23:55,KEDW,102472.1,16.4,3.1,95046.8,290.02,1.14170
2026-01-13 00:55,KEDW,102472.1,13.7,4.0,95046.8,287.32,1.15242
2026-01-13 01:55,KEDW,102539.9,11.0,3.5,95109.6,284.62,1.16413
2026-01-13 02:55,KEDW,102573.7,9.2,2.3,95141.0,282.82,1.17192
2026-01-13 03:55,KEDW,102573.7,5.3,1.4,95141.0,278.92,1.18831
2026-01-13 04:55,KEDW,102607.6,5.0,1.3,95172.4,278.62,1.18998
2026-01-13 05:55,KEDW,102641.5,4.4,0.5,95203.9,278.02,1.19294
2026-01-13 06:55,KEDW,102607.6,2.6,0.2,95172.4,276.22,1.20032
2026-01-13 07:55,KEDW,102607.6,3.4,0.6,95172.4,277.02,1.19685
2026-01-13 08:55,KEDW,102607.6,2.9,-0.6,95172.4,276.52,1.19902
2026-01-13 09:55,KEDW,102641.5,2.2,-1.4,95203.9,275.82,1.20246
2026-01-13 10:55,KEDW,102641.5,0.9,-1.2,95203.9,274.52,1.20815
2026-01-13 11:55,KEDW,102607.6,0.4,-1.7,95172.4,274.02,1.20996
2026-01-13 12:55,KEDW,102641.5,0.2,-1.9,95203.9,273.82,1.21124
2026-01-13 13:55,KEDW,102709.2,0.3,-2.3,95266.7,273.92,1.21160
2026-01-13 14:55,KEDW,102709.2,-0.2,-2.7,95266.7,273.42,1.21381
2026-01-13 15:55,KEDW,102743.0,0.9,-1.8,95298.1,274.52,1.20935
2026-01-13 16:55,KEDW,102776.9,3.1,-0.9,95329.5,276.72,1.20013
2026-01-13 17:55,KEDW,102776.9,7.2,0.2,95329.5,280.82,1.18261
2026-01-13 18:55,KEDW,102743.0,8.5,1.6,95298.1,282.12,1.17677
2026-01-13 19:55,KEDW,102641.5,12.1,2.8,95203.9,285.72,1.16079
2026-01-13 21:55,KEDW,102472.1,16.5,4.5,95046.8,290.12,1.14130
2026-01-13 22:55,KEDW,102472.1,17.3,4.9,95046.8,290.92,1.13816
2026-01-13 23:55,KEDW,102438.3,18.2,5.4,95015.4,291.82,1.13428
2026-01-14 00:55,KEDW,102438.3,14.9,6.5,95015.4,288.52,1.14725
2026-01-14 01:55,KEDW,102506.0,12.4,4.8,95078.2,286.02,1.15805
2026-01-14 02:55,KEDW,102539.9,9.0,3.6,95109.6,282.62,1.17236
2026-01-14 03:55,KEDW,102539.9,7.2,3.1,95109.6,280.82,1.17988
2026-01-14 04:55,KEDW,102573.7,5.7,2.2,95141.0,279.32,1.18661
2026-01-14 05:55,KEDW,102607.6,5.8,2.1,95172.4,279.42,1.18657
2026-01-14 06:55,KEDW,102607.6,4.2,1.2,95172.4,277.82,1.19341
2026-01-14 07:55,KEDW,102573.7,3.5,1.7,95141.0,277.12,1.19603
2026-01-14 08:55,KEDW,102573.7,3.6,1.8,95141.0,277.22,1.19560
2026-01-14 09:55,KEDW,102607.6,1.3,-0.2,95172.4,274.92,1.20600
2026-01-14 10:55,KEDW,102573.7,1.8,-0.3,95141.0,275.42,1.20341
2026-01-14 11:55,KEDW,102539.9,1.6,-0.3,95109.6,275.22,1.20389
2026-01-14 12:55,KEDW,102539.9,0.6,-1.0,95109.6,274.22,1.20828
2026-01-14 13:55,KEDW,102573.7,1.1,-0.7,95141.0,274.72,1.20648
2026-01-14 14:55,KEDW,102573.7,0.6,-1.2,95141.0,274.22,1.20868
2026-01-14 15:55,KEDW,102607.6,1.6,-0.2,95172.4,275.22,1.20468
2026-01-14 16:55,KEDW,102675.3,3.8,0.7,95235.3,277.42,1.19592
2026-01-14 17:55,KEDW,102709.2,7.2,2.3,95266.7,280.82,1.18183
2026-01-14 18:55,KEDW,102641.5,10.4,4.3,95203.9,284.02,1.16774
2026-01-14 19:55,KEDW,102539.9,13.7,4.6,95109.6,287.32,1.15319
2026-01-14 21:55,KEDW,102370.5,18.5,5.0,94952.6,292.12,1.13236
2026-01-14 22:55,KEDW,102302.8,18.4,6.6,94889.8,292.02,1.13200
2026-01-14 23:55,KEDW,102268.9,18.4,7.2,94858.3,292.02,1.13163
2026-01-15 00:55,KEDW,102235.1,15.5,7.5,94826.9,289.12,1.14260
2026-01-15 01:55,KEDW,102235.1,12.6,6.6,94826.9,286.22,1.15418
2026-01-15 02:55,KEDW,102235.1,9.1,5.3,94826.9,282.72,1.16847
2026-01-15 03:55,KEDW,102302.8,8.9,5.5,94889.8,282.52,1.17007
2026-01-15 04:55,KEDW,102302.8,8.6,5.0,94889.8,282.22,1.17131
2026-01-15 05:55,KEDW,102370.5,7.3,3.3,94952.6,280.92,1.17751
2026-01-15 06:55,KEDW,102336.7,5.9,3.1,94921.2,279.52,1.18302
2026-01-15 07:55,KEDW,102302.8,4.8,2.0,94889.8,278.42,1.18730
2026-01-15 08:55,KEDW,102268.9,5.4,1.7,94858.3,279.02,1.18435
2026-01-15 09:55,KEDW,102268.9,3.7,1.1,94858.3,277.32,1.19161
2026-01-15 10:55,KEDW,102201.2,2.6,1.1,94795.5,276.22,1.19557
2026-01-15 11:55,KEDW,102133.5,2.4,0.8,94732.7,276.02,1.19564
2026-01-15 12:55,KEDW,102133.5,3.2,0.9,94732.7,276.82,1.19218
2026-01-15 13:55,KEDW,102167.4,1.8,0.0,94764.1,275.42,1.19864
2026-01-15 14:55,KEDW,102167.4,0.9,-0.6,94764.1,274.52,1.20257
2026-01-15 15:55,KEDW,102235.1,3.2,1.1,94826.9,276.82,1.19337
2026-01-15 16:55,KEDW,102268.9,6.3,1.4,94858.3,279.92,1.18055
2026-01-15 17:55,KEDW,102268.9,9.9,1.3,94858.3,283.52,1.16556
2026-01-15 18:55,KEDW,102201.2,12.0,3.0,94795.5,285.62,1.15622
2026-01-15 19:55,KEDW,102099.6,14.0,3.2,94701.3,287.62,1.14704
2026-01-15 21:55,KEDW,101862.6,20.1,2.9,94481.4,293.72,1.12061
2026-01-15 22:55,KEDW,101828.7,20.4,-1.4,94450.0,294.02,1.11909
2026-01-15 23:55,KEDW,101828.7,20.2,-1.0,94450.0,293.82,1.11985
2026-01-16 00:55,KEDW,101794.9,18.4,2.2,94418.6,292.02,1.12638
2026-01-16 01:55,KEDW,101794.9,13.5,3.0,94418.6,287.12,1.14561
2026-01-16 02:55,KEDW,101794.9,9.9,2.5,94418.6,283.52,1.16015
2026-01-16 03:55,KEDW,101828.7,9.6,4.8,94450.0,283.22,1.16177
2026-01-16 04:55,KEDW,101862.6,6.8,3.2,94481.4,280.42,1.17376
2026-01-16 05:55,KEDW,101896.4,5.9,2.4,94512.8,279.52,1.17793
2026-01-16 06:55,KEDW,101930.3,3.6,1.3,94544.2,277.22,1.18810
2026-01-16 07:55,KEDW,101896.4,3.4,1.1,94512.8,277.02,1.18856
2026-01-16 08:55,KEDW,101896.4,2.7,0.4,94512.8,276.32,1.19157
2026-01-16 09:55,KEDW,101930.3,1.6,-0.5,94544.2,275.22,1.19673
2026-01-16 10:55,KEDW,101930.3,1.7,-0.7,94544.2,275.32,1.19630
2026-01-16 11:55,KEDW,101896.4,2.6,-0.5,94512.8,276.22,1.19200
2026-01-16 12:55,KEDW,101930.3,0.7,-1.1,94544.2,274.32,1.20066
2026-01-16 13:55,KEDW,101998.0,0.0,-1.8,94607.1,273.62,1.20453
2026-01-16 14:55,KEDW,102065.8,0.6,-1.3,94669.9,274.22,1.20269
2026-01-16 15:55,KEDW,102099.6,2.3,0.4,94701.3,275.92,1.19568
2026-01-16 16:55,KEDW,102201.2,5.0,1.5,94795.5,278.62,1.18527
2026-01-16 17:55,KEDW,102235.1,8.2,2.4,94826.9,281.82,1.17220
2026-01-16 18:55,KEDW,102201.2,10.9,3.0,94795.5,284.52,1.16069
2026-01-16 19:55,KEDW,102099.6,13.9,4.2,94701.3,287.52,1.14744
2026-01-16 21:55,KEDW,101896.4,19.3,1.7,94512.8,292.92,1.12404
2026-01-16 22:55,KEDW,101862.6,19.9,0.3,94481.4,293.52,1.12137
2026-01-16 23:55,KEDW,101828.7,19.9,0.3,94450.0,293.52,1.12100
2026-01-17 00:55,KEDW,101828.7,17.6,1.9,94450.0,291.22,1.12985
2026-01-17 01:55,KEDW,101896.4,12.5,4.2,94512.8,286.12,1.15076
2026-01-17 02:55,KEDW,101964.2,10.0,6.3,94575.7,283.62,1.16167
2026-01-17 03:55,KEDW,102031.9,7.2,4.0,94638.5,280.82,1.17403
2026-01-17 04:55,KEDW,102031.9,6.2,2.1,94638.5,279.82,1.17823
2026-01-17 05:55,KEDW,102099.6,6.1,2.4,94701.3,279.72,1.17943
2026-01-17 07:55,KEDW,102133.5,2.2,-0.2,94732.7,275.82,1.19651
2026-01-17 08:55,KEDW,102133.5,2.7,0.1,94732.7,276.32,1.19434
2026-01-17 09:55,KEDW,102167.4,2.6,-0.7,94764.1,276.22,1.19517
2026-01-17 10:55,KEDW,102133.5,0.9,-1.3,94732.7,274.52,1.20217
2026-01-17 11:55,KEDW,102133.5,0.4,-1.8,94732.7,274.02,1.20437
2026-01-17 12:55,KEDW,102167.4,-0.3,-1.9,94764.1,273.32,1.20785
2026-01-17 13:55,KEDW,102268.9,0.4,-2.3,94858.3,274.02,1.20596
2026-01-17 14:55,KEDW,102302.8,-1.0,-2.6,94889.8,272.62,1.21256
2026-01-17 15:55,KEDW,102336.7,1.5,-0.6,94921.2,275.12,1.20194
2026-01-17 17:55,KEDW,102472.1,6.4,0.3,95046.8,280.02,1.18247
2026-01-17 18:55,KEDW,102472.1,9.2,0.9,95046.8,282.82,1.17076
2026-01-17 19:55,KEDW,102370.5,13.8,3.0,94952.6,287.42,1.15088
2026-01-17 21:55,KEDW,102235.1,19.2,-2.4,94826.9,292.82,1.12816
2026-01-17 22:55,KEDW,102201.2,19.6,-4.0,94795.5,293.22,1.12625
2026-01-17 23:55,KEDW,102201.2,18.5,-0.9,94795.5,292.12,1.13049
2026-01-18 01:55,KEDW,102302.8,12.1,0.8,94889.8,285.72,1.15696
2026-01-18 02:55,KEDW,102336.7,8.9,3.5,94921.2,282.52,1.17046
2026-01-18 03:55,KEDW,102370.5,8.9,3.1,94952.6,282.52,1.17084
2026-01-18 04:55,KEDW,102370.5,5.0,1.5,94952.6,278.62,1.18723
2026-01-18 06:55,KEDW,102404.4,3.4,0.3,94984.0,277.02,1.19448
2026-01-18 07:55,KEDW,102370.5,2.9,0.1,94952.6,276.52,1.19625
2026-01-18 08:55,KEDW,102404.4,2.0,-0.6,94984.0,275.62,1.20055
2026-01-18 09:55,KEDW,102370.5,1.7,-1.2,94952.6,275.32,1.20146
2026-01-18 10:55,KEDW,102370.5,1.8,-1.3,94952.6,275.42,1.20103
2026-01-18 11:55,KEDW,102336.7,0.5,-1.7,94921.2,274.12,1.20632
2026-01-18 12:55,KEDW,102302.8,0.6,-2.0,94889.8,274.22,1.20548
2026-01-18 13:55,KEDW,102336.7,0.3,-2.3,94921.2,273.92,1.20720
2026-01-18 14:55,KEDW,102336.7,0.6,-1.5,94921.2,274.22,1.20588
2026-01-18 15:55,KEDW,102404.4,1.2,-0.9,94984.0,274.82,1.20405
2026-01-18 16:55,KEDW,102438.3,4.0,0.2,95015.4,277.62,1.19230
2026-01-18 17:55,KEDW,102472.1,8.5,-0.8,95046.8,282.12,1.17367
2026-01-18 18:55,KEDW,102404.4,10.2,0.2,94984.0,283.82,1.16587
2026-01-18 19:55,KEDW,102268.9,13.1,-0.2,94858.3,286.72,1.15255
2026-01-18 21:55,KEDW,102031.9,16.0,-1.1,94638.5,289.62,1.13836
2026-01-18 22:55,KEDW,101964.2,16.7,2.3,94575.7,290.32,1.13486
2026-01-18 23:55,KEDW,101930.3,16.5,3.5,94544.2,290.12,1.13527
2026-01-19 00:55,KEDW,101896.4,14.1,8.3,94512.8,287.72,1.14436
2026-01-19 01:55,KEDW,101896.4,11.0,6.3,94512.8,284.62,1.15682
2026-01-19 02:55,KEDW,101896.4,10.3,5.1,94512.8,283.92,1.15967
2026-01-19 04:55,KEDW,101930.3,6.1,3.6,94544.2,279.72,1.17748
2026-01-19 05:55,KEDW,101964.2,4.2,1.6,94575.7,277.82,1.18592
2026-01-19 06:55,KEDW,101964.2,5.2,1.7,94575.7,278.82,1.18167
2026-01-19 07:55,KEDW,101964.2,4.3,2.2,94575.7,277.92,1.18550
2026-01-19 08:55,KEDW,101930.3,3.8,1.2,94544.2,277.42,1.18724
2026-01-19 09:55,KEDW,101930.3,2.7,0.3,94544.2,276.32,1.19197
2026-01-19 10:55,KEDW,101930.3,2.1,0.2,94544.2,275.72,1.19456
2026-01-19 11:55,KEDW,101930.3,1.6,-0.3,94544.2,275.22,1.19673
2026-01-19 12:55,KEDW,101896.4,1.5,-0.1,94512.8,275.12,1.19677
2026-01-19 13:55,KEDW,101930.3,1.4,-0.4,94544.2,275.02,1.19760
2026-01-19 14:55,KEDW,101964.2,-0.2,-1.8,94575.7,273.42,1.20501
2026-01-19 15:55,KEDW,102031.9,2.6,-0.2,94638.5,276.22,1.19359
2026-01-19 16:55,KEDW,102099.6,5.8,0.9,94701.3,279.42,1.18070
2026-01-19 17:55,KEDW,102167.4,8.3,1.7,94764.1,281.92,1.17101
2026-01-19 18:55,KEDW,102133.5,10.2,3.7,94732.7,283.82,1.16278
2026-01-19 19:55,KEDW,102065.8,12.2,3.9,94669.9,285.82,1.15388
2026-01-19 21:55,KEDW,101896.4,16.6,4.3,94512.8,290.22,1.13450
2026-01-19 22:55,KEDW,101896.4,17.9,3.0,94512.8,291.52,1.12944
2026-01-19 23:55,KEDW,101862.6,18.4,0.5,94481.4,292.02,1.12713
2026-01-20 00:55,KEDW,101862.6,15.9,4.9,94481.4,289.52,1.13686
2026-01-20 01:55,KEDW,101930.3,11.9,5.5,94544.2,285.52,1.15356
2026-01-20 02:55,KEDW,101964.2,10.5,5.5,94575.7,284.12,1.15963
2026-01-20 03:55,KEDW,102065.8,9.6,3.6,94669.9,283.22,1.16447
2026-01-20 04:55,KEDW,102099.6,7.0,2.7,94701.3,280.62,1.17565
2026-01-20 05:55,KEDW,102167.4,5.0,2.0,94764.1,278.62,1.18488
2026-01-20 06:55,KEDW,102201.2,4.6,1.3,94795.5,278.22,1.18697
2026-01-20 07:55,KEDW,102201.2,4.0,1.5,94795.5,277.62,1.18954
2026-01-20 08:55,KEDW,102167.4,2.1,0.3,94764.1,275.72,1.19734
2026-01-20 09:55,KEDW,102167.4,2.2,-0.2,94764.1,275.82,1.19690
2026-01-20 10:55,KEDW,102167.4,1.6,-0.8,94764.1,275.22,1.19951
2026-01-20 11:55,KEDW,102167.4,1.3,-0.6,94764.1,274.92,1.20082
2026-01-20 12:55,KEDW,102133.5,0.9,-0.9,94732.7,274.52,1.20217
2026-01-20 13:55,KEDW,102201.2,0.6,-1.2,94795.5,274.22,1.20429
2026-01-20 14:55,KEDW,102235.1,-0.4,-2.1,94826.9,273.22,1.20909
2026-01-20 15:55,KEDW,102302.8,2.3,-0.8,94889.8,275.92,1.19806
2026-01-20 16:55,KEDW,102336.7,6.2,0.5,94921.2,279.82,1.18175
2026-01-20 17:55,KEDW,102336.7,6.9,1.4,94921.2,280.52,1.17880
2026-01-20 18:55,KEDW,102336.7,11.5,1.7,94921.2,285.12,1.15978
2026-01-20 19:55,KEDW,102235.1,13.2,3.6,94826.9,286.82,1.15176
2026-01-20 21:55,KEDW,101998.0,16.6,-0.6,94607.1,290.22,1.13563
2026-01-20 22:55,KEDW,101998.0,17.7,-3.1,94607.1,291.32,1.13134
2026-01-20 23:55,KEDW,101964.2,17.1,-1.6,94575.7,290.72,1.13330
2026-01-21 00:55,KEDW,101964.2,14.9,0.7,94575.7,288.52,1.14194
2026-01-21 01:55,KEDW,101964.2,10.1,2.4,94575.7,283.72,1.16126
2026-01-21 02:55,KEDW,101998.0,9.1,4.5,94607.1,282.72,1.16576
2026-01-21 03:55,KEDW,102031.9,7.8,3.5,94638.5,281.42,1.17153
2026-01-21 04:55,KEDW,102065.8,7.6,3.1,94669.9,281.22,1.17275
2026-01-21 05:55,KEDW,102099.6,5.9,3.1,94701.3,279.52,1.18028
2026-01-21 06:55,KEDW,102099.6,5.8,2.3,94701.3,279.42,1.18070
2026-01-21 07:55,KEDW,102065.8,6.0,2.3,94669.9,279.62,1.17946
2026-01-21 08:55,KEDW,102065.8,4.3,1.3,94669.9,277.92,1.18668
2026-01-21 09:55,KEDW,102065.8,4.3,1.7,94669.9,277.92,1.18668
2026-01-21 10:55,KEDW,102031.9,3.4,1.1,94638.5,277.02,1.19014
2026-01-21 11:55,KEDW,102031.9,3.1,0.8,94638.5,276.72,1.19143
2026-01-21 12:55,KEDW,101998.0,2.8,0.9,94607.1,276.42,1.19233
2026-01-21 13:55,KEDW,102065.8,2.3,0.4,94669.9,275.92,1.19528
2026-01-21 15:55,KEDW,102099.6,2.9,1.4,94701.3,276.52,1.19308
2026-01-21 16:55,KEDW,102167.4,5.7,2.0,94764.1,279.32,1.18191
2026-01-21 17:55,KEDW,102167.4,8.3,1.7,94764.1,281.92,1.17101
2026-01-21 18:55,KEDW,102133.5,9.6,3.3,94732.7,283.22,1.16524
2026-01-21 19:55,KEDW,102031.9,11.9,3.1,94638.5,285.52,1.15471
2026-01-21 21:55,KEDW,101862.6,13.8,2.4,94481.4,287.42,1.14517
2026-01-21 22:55,KEDW,101794.9,14.4,1.6,94418.6,288.02,1.14203
2026-01-21 23:55,KEDW,101794.9,14.4,2.0,94418.6,288.02,1.14203
2026-01-22 00:55,KEDW,101828.7,13.0,5.7,94450.0,286.62,1.14799
2026-01-22 01:55,KEDW,101794.9,11.1,5.4,94418.6,284.72,1.15526
2026-01-22 02:55,KEDW,101761.0,10.4,6.2,94387.2,284.02,1.15772
2026-01-22 03:55,KEDW,101794.9,9.6,5.8,94418.6,283.22,1.16138
2026-01-22 04:55,KEDW,101862.6,9.2,5.7,94481.4,282.82,1.16380
2026-01-22 05:55,KEDW,101794.9,8.9,6.5,94418.6,282.52,1.16426
2026-01-22 06:55,KEDW,101761.0,8.4,5.7,94387.2,282.02,1.16593
2026-01-22 07:55,KEDW,101761.0,8.6,5.5,94387.2,282.22,1.16511
2026-01-22 08:55,KEDW,101761.0,7.7,5.7,94387.2,281.32,1.16884
2026-01-22 09:55,KEDW,101693.3,6.6,4.8,94324.4,280.22,1.17264
2026-01-22 10:55,KEDW,101625.5,5.8,3.8,94261.6,279.42,1.17522
2026-01-22 11:55,KEDW,101625.5,6.0,4.2,94261.6,279.62,1.17438
2026-01-22 12:55,KEDW,101523.9,6.8,4.3,94167.3,280.42,1.16986
2026-01-22 13:55,KEDW,101625.5,6.7,4.5,94261.6,280.32,1.17144
2026-01-22 14:55,KEDW,101659.4,6.4,4.2,94293.0,280.02,1.17309
2026-01-22 15:55,KEDW,101693.3,6.9,4.7,94324.4,280.52,1.17139
2026-01-22 16:55,KEDW,101761.0,7.3,4.6,94387.2,280.92,1.17050
2026-01-22 17:55,KEDW,101794.9,8.7,5.1,94418.6,282.32,1.16508
2026-01-22 18:55,KEDW,101727.1,8.9,5.6,94355.8,282.52,1.16348
2026-01-22 19:55,KEDW,101625.5,11.1,5.0,94261.6,284.72,1.15334
2026-01-22 21:55,KEDW,101490.1,12.5,4.7,94135.9,286.12,1.14617
2026-01-22 22:55,KEDW,101456.2,13.4,4.5,94104.5,287.02,1.14219
2026-01-22 23:55,KEDW,101456.2,14.4,3.2,94104.5,288.02,1.13823
2026-01-23 00:55,KEDW,101422.4,12.7,4.9,94073.1,286.32,1.14460
2026-01-23 01:55,KEDW,101422.4,12.1,3.8,94073.1,285.72,1.14701
2026-01-23 02:55,KEDW,101456.2,10.3,6.3,94104.5,283.92,1.15466
2026-01-23 03:55,KEDW,101490.1,10.6,5.8,94135.9,284.22,1.15383
2026-01-23 04:55,KEDW,101490.1,10.6,5.4,94135.9,284.22,1.15383
2026-01-23 05:55,KEDW,101422.4,9.8,5.8,94073.1,283.42,1.15631
2026-01-23 06:55,KEDW,101456.2,9.7,4.7,94104.5,283.32,1.15711
2026-01-23 07:55,KEDW,101422.4,9.0,5.2,94073.1,282.62,1.15959
2026-01-23 08:55,KEDW,101388.5,8.7,5.4,94041.7,282.32,1.16043
2026-01-23 09:55,KEDW,101388.5,9.0,4.6,94041.7,282.62,1.15920
2026-01-23 10:55,KEDW,101354.6,8.6,4.6,94010.3,282.22,1.16046
2026-01-23 11:55,KEDW,101354.6,8.5,4.7,94010.3,282.12,1.16087
2026-01-23 12:55,KEDW,101320.8,8.0,3.8,93978.9,281.62,1.16254
2026-01-23 13:55,KEDW,101286.9,6.6,3.6,93947.5,280.22,1.16796
2026-01-23 14:55,KEDW,101320.8,5.1,3.1,93978.9,278.72,1.17464
2026-01-23 15:55,KEDW,101320.8,6.7,4.4,93978.9,280.32,1.16793
2026-01-23 16:55,KEDW,101320.8,8.4,4.4,93978.9,282.02,1.16089
2026-01-23 17:55,KEDW,101320.8,10.5,4.4,93978.9,284.12,1.15231
2026-01-23 18:55,KEDW,101320.8,12.9,4.1,93978.9,286.52,1.14266
2026-01-23 19:55,KEDW,101185.3,15.6,3.7,93853.2,289.22,1.13048
2026-01-23 21:55,KEDW,100948.3,19.7,4.2,93633.4,293.32,1.11206
2026-01-23 22:55,KEDW,100880.5,19.6,3.3,93570.5,293.22,1.11170
2026-01-23 23:55,KEDW,100880.5,17.8,5.7,93570.5,291.42,1.11856
2026-01-24 00:55,KEDW,100880.5,15.6,6.3,93570.5,289.22,1.12707
2026-01-24 01:55,KEDW,100948.3,13.1,6.2,93633.4,286.72,1.13766
2026-01-24 02:55,KEDW,100982.1,11.6,6.9,93664.8,285.22,1.14403
2026-01-24 03:55,KEDW,100982.1,10.8,6.7,93664.8,284.42,1.14725
2026-01-24 04:55,KEDW,100982.1,10.7,5.9,93664.8,284.32,1.14765
2026-01-24 05:55,KEDW,100982.1,10.3,5.1,93664.8,283.92,1.14927
2026-01-24 06:55,KEDW,100982.1,9.1,5.1,93664.8,282.72,1.15415
2026-01-24 07:55,KEDW,100982.1,9.0,5.4,93664.8,282.62,1.15455
2026-01-24 08:55,KEDW,100948.3,8.4,5.7,93633.4,282.02,1.15662
2026-01-24 09:55,KEDW,100982.1,7.5,5.5,93664.8,281.12,1.16071
2026-01-24 10:55,KEDW,100982.1,4.9,3.4,93664.8,278.52,1.17155
2026-01-24 11:55,KEDW,100982.1,3.2,1.7,93664.8,276.82,1.17874
2026-01-24 12:55,KEDW,101016.0,3.7,2.2,93696.2,277.32,1.17701
2026-01-24 13:55,KEDW,101049.8,2.8,1.3,93727.6,276.42,1.18124
2026-01-24 14:55,KEDW,101117.6,2.6,1.3,93790.4,276.22,1.18289
2026-01-24 15:55,KEDW,101185.3,4.1,2.4,93853.2,277.72,1.17729
2026-01-24 16:55,KEDW,101253.0,6.3,3.1,93916.0,279.92,1.16882
2026-01-24 17:55,KEDW,101320.8,8.5,4.3,93978.9,282.12,1.16048
2026-01-24 18:55,KEDW,101354.6,11.3,2.3,94010.3,284.92,1.14946
2026-01-24 19:55,KEDW,101253.0,15.0,1.5,93916.0,288.62,1.13359
2026-01-24 21:55,KEDW,101151.4,16.5,-2.6,93821.8,290.12,1.12659
2026-01-24 22:55,KEDW,101151.4,16.8,-5.7,93821.8,290.42,1.12543
2026-01-24 23:55,KEDW,101219.2,16.0,-4.6,93884.6,289.62,1.12929
2026-01-25 01:55,KEDW,101354.6,9.7,-2.6,94010.3,283.32,1.15595
2026-01-25 02:55,KEDW,101422.4,8.9,-5.4,94073.1,282.52,1.16000
2026-01-25 03:55,KEDW,101523.9,8.2,-7.9,94167.3,281.82,1.16404
2026-01-25 04:55,KEDW,101625.5,5.8,-6.8,94261.6,279.42,1.17522
2026-01-25 05:55,KEDW,101693.3,4.6,-6.3,94324.4,278.22,1.18107
2026-01-25 06:55,KEDW,101761.0,2.4,-6.2,94387.2,276.02,1.19128
2026-01-25 07:55,KEDW,101828.7,0.3,-5.7,94450.0,273.92,1.20121
2026-01-25 08:55,KEDW,101896.4,1.6,-5.6,94512.8,275.22,1.19633
2026-01-25 09:55,KEDW,101930.3,-1.2,-5.1,94544.2,272.42,1.20903
2026-01-25 10:55,KEDW,101964.2,-1.6,-4.9,94575.7,272.02,1.21121
2026-01-25 11:55,KEDW,101930.3,-1.5,-5.2,94544.2,272.12,1.21036
2026-01-25 12:55,KEDW,102031.9,-2.7,-6.4,94638.5,270.92,1.21694
2026-01-25 13:55,KEDW,102065.8,-3.2,-5.7,94669.9,270.42,1.21959
2026-01-25 14:55,KEDW,102167.4,-2.8,-5.3,94764.1,270.82,1.21900
2026-01-25 15:55,KEDW,102235.1,-1.5,-5.0,94826.9,272.12,1.21398
2026-01-25 16:55,KEDW,102336.7,1.1,-4.8,94921.2,274.72,1.20369
2026-01-25 17:55,KEDW,102370.5,4.0,-4.7,94952.6,277.62,1.19151
2026-01-25 18:55,KEDW,102370.5,7.7,-5.7,94952.6,281.32,1.17584
2026-01-25 19:55,KEDW,102268.9,9.6,-6.3,94858.3,283.22,1.16679
2026-01-25 21:55,KEDW,102201.2,12.3,-7.7,94795.5,285.92,1.15501
2026-01-25 22:55,KEDW,102201.2,13.9,-10.1,94795.5,287.52,1.14858
2026-01-25 23:55,KEDW,102235.1,12.9,-8.3,94826.9,286.52,1.15297
2026-01-26 00:55,KEDW,102235.1,11.5,-1.3,94826.9,285.12,1.15863
2026-01-26 01:55,KEDW,102302.8,8.1,0.6,94889.8,281.72,1.17339
2026-01-26 02:55,KEDW,102336.7,7.0,-0.2,94921.2,280.62,1.17838
2026-01-26 03:55,KEDW,102404.4,5.7,-0.4,94984.0,279.32,1.18465
2026-01-26 04:55,KEDW,102438.3,5.8,-2.1,95015.4,279.42,1.18462
2026-01-26 05:55,KEDW,102472.1,4.7,-1.5,95046.8,278.32,1.18969
2026-01-26 07:55,KEDW,102506.0,2.9,-0.6,95078.2,276.52,1.19783
2026-01-26 08:55,KEDW,102539.9,3.8,-2.6,95109.6,277.42,1.19434
2026-01-26 09:55,KEDW,102573.7,1.4,-1.3,95141.0,275.02,1.20516
2026-01-26 10:55,KEDW,102573.7,0.9,-1.8,95141.0,274.52,1.20735
2026-01-26 11:55,KEDW,102573.7,0.7,-3.4,95141.0,274.32,1.20824
2026-01-26 12:55,KEDW,102607.6,0.3,-2.9,95172.4,273.92,1.21040
2026-01-26 13:55,KEDW,102675.3,0.0,-3.0,95235.3,273.62,1.21253
2026-01-26 14:55,KEDW,102709.2,-0.2,-2.9,95266.7,273.42,1.21381
2026-01-26 15:55,KEDW,102743.0,0.2,-2.3,95298.1,273.82,1.21244
2026-01-26 16:55,KEDW,102810.8,2.6,-3.3,95360.9,276.22,1.20270
2026-01-26 17:55,KEDW,102844.6,5.7,-4.2,95392.3,279.32,1.18974
2026-01-26 18:55,KEDW,102810.8,7.3,-4.5,95360.9,280.92,1.18258
2026-01-26 19:55,KEDW,102709.2,9.5,-2.2,95266.7,283.12,1.17223
2026-01-26 21:55,KEDW,102506.0,13.6,-7.2,95078.2,287.22,1.15321
2026-01-26 22:55,KEDW,102472.1,14.5,-7.6,95046.8,288.12,1.14922
2026-01-26 23:55,KEDW,102472.1,15.2,-7.6,95046.8,288.82,1.14644
2026-01-27 00:55,KEDW,102472.1,13.5,-3.7,95046.8,287.12,1.15323
2026-01-27 01:55,KEDW,102506.0,9.0,-2.6,95078.2,282.62,1.17198
2026-01-27 02:55,KEDW,102539.9,7.0,-1.4,95109.6,280.62,1.18072
2026-01-27 03:55,KEDW,102573.7,5.5,-3.8,95141.0,279.12,1.18746
2026-01-27 04:55,KEDW,102641.5,4.5,-4.8,95203.9,278.12,1.19251
2026-01-27 05:55,KEDW,102641.5,2.3,-3.2,95203.9,275.92,1.20202
2026-01-27 06:55,KEDW,102675.3,2.1,-4.4,95235.3,275.72,1.20329
2026-01-27 07:55,KEDW,102641.5,0.2,-3.9,95203.9,273.82,1.21124
2026-01-27 08:55,KEDW,102641.5,-1.4,-4.6,95203.9,272.22,1.21836
2026-01-27 09:55,KEDW,102675.3,-1.9,-5.2,95235.3,271.72,1.22100
2026-01-27 10:55,KEDW,102675.3,-2.5,-5.3,95235.3,271.12,1.22371
2026-01-27 11:55,KEDW,102641.5,-3.1,-6.1,95203.9,270.52,1.22602
2026-01-27 12:55,KEDW,102641.5,-3.1,-6.4,95203.9,270.52,1.22602
2026-01-27 13:55,KEDW,102675.3,-3.5,-5.8,95235.3,270.12,1.22824
2026-01-27 14:55,KEDW,102743.0,-3.5,-6.3,95298.1,270.12,1.22905
2026-01-27 15:55,KEDW,102810.8,-1.5,-6.5,95360.9,272.12,1.22082
2026-01-27 16:55,KEDW,102878.5,1.3,-4.0,95423.7,274.92,1.20918
2026-01-27 17:55,KEDW,102912.4,4.7,-4.8,95455.1,278.32,1.19480
2026-01-27 18:55,KEDW,102844.6,7.9,-3.0,95392.3,281.52,1.18044
2026-01-27 19:55,KEDW,102776.9,10.1,-3.9,95329.5,283.72,1.17052
2026-01-27 21:55,KEDW,102506.0,13.0,-7.7,95078.2,286.62,1.15562
2026-01-27 22:55,KEDW,102438.3,14.6,-13.5,95015.4,288.22,1.14845
2026-01-27 23:55,KEDW,102438.3,14.6,-11.8,95015.4,288.22,1.14845
2026-01-28 00:55,KEDW,102438.3,12.4,-6.6,95015.4,286.02,1.15728
2026-01-28 01:55,KEDW,102472.1,8.5,-2.8,95046.8,282.12,1.17367
2026-01-28 02:55,KEDW,102573.7,6.4,0.1,95141.0,280.02,1.18364
2026-01-28 03:55,KEDW,102573.7,4.4,-1.0,95141.0,278.02,1.19216
2026-01-28 04:55,KEDW,102641.5,5.0,-3.5,95203.9,278.62,1.19037
2026-01-28 05:55,KEDW,102675.3,3.6,-2.6,95235.3,277.22,1.19678
2026-01-28 06:55,KEDW,102641.5,2.1,-2.4,95203.9,275.72,1.20289
2026-01-28 07:55,KEDW,102641.5,1.8,-2.2,95203.9,275.42,1.20420
2026-01-28 08:55,KEDW,102607.6,0.9,-2.5,95172.4,274.52,1.20775
2026-01-28 09:55,KEDW,102607.6,0.8,-3.5,95172.4,274.42,1.20819
2026-01-28 10:55,KEDW,102539.9,0.5,-2.9,95109.6,274.12,1.20872
2026-01-28 11:55,KEDW,102539.9,0.4,-2.5,95109.6,274.02,1.20916
2026-01-28 12:55,KEDW,102573.7,1.1,-2.3,95141.0,274.72,1.20648
2026-01-28 13:55,KEDW,102539.9,1.0,-2.4,95109.6,274.62,1.20652
2026-01-28 14:55,KEDW,102506.0,1.0,-2.9,95078.2,274.62,1.20612
2026-01-28 15:55,KEDW,102539.9,2.2,-2.9,95109.6,275.82,1.20127
2026-01-28 16:55,KEDW,102607.6,3.9,-1.7,95172.4,277.52,1.19470
2026-01-28 17:55,KEDW,102709.2,5.6,-1.8,95266.7,279.22,1.18860
2026-01-28 18:55,KEDW,102709.2,8.5,-2.5,95266.7,282.12,1.17638
2026-01-28 19:55,KEDW,102607.6,10.7,-2.0,95172.4,284.32,1.16612
2026-01-28 21:55,KEDW,102472.1,15.0,-5.4,95046.8,288.62,1.14723
2026-01-28 22:55,KEDW,102438.3,16.2,-7.5,95015.4,289.82,1.14211
2026-01-28 23:55,KEDW,102438.3,16.4,-3.7,95015.4,290.02,1.14132
2026-01-29 00:55,KEDW,102438.3,15.9,-2.1,95015.4,289.52,1.14329
2026-01-29 01:55,KEDW,102472.1,12.1,-2.5,95046.8,285.72,1.15888
2026-01-29 02:55,KEDW,102472.1,7.1,-1.1,95046.8,280.72,1.17952
2026-01-29 03:55,KEDW,102506.0,6.5,-1.2,95078.2,280.12,1.18244
2026-01-29 04:55,KEDW,102539.9,5.8,-1.4,95109.6,279.42,1.18579
2026-01-29 05:55,KEDW,102539.9,3.1,-0.5,95109.6,276.72,1.19736
2026-01-29 06:55,KEDW,102573.7,1.4,-2.5,95141.0,275.02,1.20516
2026-01-29 07:55,KEDW,102573.7,1.2,-2.7,95141.0,274.82,1.20604
2026-01-29 08:55,KEDW,102573.7,1.2,-2.4,95141.0,274.82,1.20604
2026-01-29 09:55,KEDW,102607.6,0.8,-3.5,95172.4,274.42,1.20819
2026-01-29 10:55,KEDW,102607.6,-0.7,-3.2,95172.4,272.92,1.21483
2026-01-29 11:55,KEDW,102573.7,-0.6,-3.5,95141.0,273.02,1.21399
2026-01-29 12:55,KEDW,102573.7,-0.5,-3.5,95141.0,273.12,1.21354
2026-01-29 13:55,KEDW,102641.5,-2.3,-4.2,95203.9,271.32,1.22240
2026-01-29 14:55,KEDW,102709.2,-1.6,-4.3,95266.7,272.02,1.22006
2026-01-29 15:55,KEDW,102776.9,0.3,-4.0,95329.5,273.92,1.21240
2026-01-29 16:55,KEDW,102844.6,3.7,-2.9,95392.3,277.32,1.19832
2026-01-29 17:55,KEDW,102878.5,4.8,-0.8,95423.7,278.42,1.19398
2026-01-29 18:55,KEDW,102810.8,8.3,-1.8,95360.9,281.92,1.17838
2026-01-29 19:55,KEDW,102709.2,11.7,-1.8,95266.7,285.32,1.16319
2026-01-29 21:55,KEDW,102539.9,17.8,-5.5,95109.6,291.42,1.13696
2026-01-29 22:55,KEDW,102539.9,18.1,-4.0,95109.6,291.72,1.13579
2026-01-29 23:55,KEDW,102438.3,18.4,-5.0,95015.4,292.02,1.13350
2026-01-30 00:55,KEDW,102438.3,17.2,-3.0,95015.4,290.82,1.13818
2026-01-30 01:55,KEDW,102506.0,13.6,-3.2,95078.2,287.22,1.15321
2026-01-30 02:55,KEDW,102539.9,9.1,-0.5,95109.6,282.72,1.17195
2026-01-30 03:55,KEDW,102641.5,8.2,-0.3,95203.9,281.82,1.17686
2026-01-30 04:55,KEDW,102675.3,5.0,0.9,95235.3,278.62,1.19077
2026-01-30 05:55,KEDW,102709.2,5.7,0.0,95266.7,279.32,1.18817
2026-01-30 06:55,KEDW,102743.0,3.3,-1.1,95298.1,276.92,1.19887
2026-01-30 07:55,KEDW,102743.0,1.8,-1.6,95298.1,275.42,1.20540
2026-01-30 08:55,KEDW,102743.0,1.9,-1.4,95298.1,275.52,1.20496
2026-01-30 09:55,KEDW,102776.9,2.1,-2.4,95329.5,275.72,1.20448
2026-01-30 10:55,KEDW,102743.0,-0.2,-2.6,95298.1,273.42,1.21421
2026-01-30 11:55,KEDW,102776.9,0.4,-2.8,95329.5,274.02,1.21195
2026-01-30 12:55,KEDW,102776.9,-1.1,-3.5,95329.5,272.52,1.21862
2026-01-30 13:55,KEDW,102810.8,0.0,-3.4,95360.9,273.62,1.21413
2026-01-30 14:55,KEDW,102878.5,-0.3,-3.2,95423.7,273.32,1.21626
2026-01-30 15:55,KEDW,102912.4,1.3,-1.8,95455.1,274.92,1.20958
2026-01-30 16:55,KEDW,102980.1,3.3,-1.5,95518.0,276.92,1.20163
2026-01-30 17:55,KEDW,103014.0,8.1,-1.2,95549.4,281.72,1.18155
2026-01-30 18:55,KEDW,102946.2,11.0,-0.5,95486.5,284.62,1.16874
2026-01-30 19:55,KEDW,102810.8,13.1,-2.0,95360.9,286.72,1.15865
2026-01-30 21:55,KEDW,102607.6,18.5,-3.6,95172.4,292.12,1.13499
2026-01-30 22:55,KEDW,102607.6,19.3,-3.0,95172.4,292.92,1.13189
2026-01-30 23:55,KEDW,102573.7,19.4,-2.3,95141.0,293.02,1.13113
2026-01-31 00:55,KEDW,102573.7,17.8,-0.5,95141.0,291.42,1.13734
2026-01-31 01:55,KEDW,102573.7,14.7,0.2,95141.0,288.32,1.14957
2026-01-31 02:55,KEDW,102573.7,11.2,3.0,95141.0,284.82,1.16369
2026-01-31 03:55,KEDW,102607.6,10.1,2.4,95172.4,283.72,1.16859
2026-01-31 04:55,KEDW,102675.3,8.8,1.7,95235.3,282.42,1.17474
2026-01-31 05:55,KEDW,102709.2,8.0,1.2,95266.7,281.62,1.17847
2026-01-31 06:55,KEDW,102709.2,5.1,1.4,95266.7,278.72,1.19073
2026-01-31 07:55,KEDW,102675.3,5.4,0.2,95235.3,279.02,1.18906
2026-01-31 08:55,KEDW,102641.5,4.0,0.7,95203.9,277.62,1.19466
2026-01-31 09:55,KEDW,102641.5,2.6,-0.2,95203.9,276.22,1.20072
2026-01-31 10:55,KEDW,102607.6,2.1,-0.8,95172.4,275.72,1.20250
2026-01-31 11:55,KEDW,102607.6,1.3,-1.3,95172.4,274.92,1.20600
2026-01-31 12:55,KEDW,102607.6,1.2,-1.4,95172.4,274.82,1.20644
2026-01-31 14:55,KEDW,102641.5,0.1,-2.3,95203.9,273.72,1.21168
2026-01-31 15:55,KEDW,102675.3,1.4,-1.5,95235.3,275.02,1.20635
2026-01-31 16:55,KEDW,102709.2,4.5,-0.3,95266.7,278.12,1.19330
2026-01-31 17:55,KEDW,102709.2,8.0,0.7,95266.7,281.62,1.17847
2026-01-31 18:55,KEDW,102641.5,11.4,1.1,95203.9,285.02,1.16364
2026-01-31 19:55,KEDW,102506.0,15.1,0.1,95078.2,288.72,1.14722
2026-01-31 21:55,KEDW,102268.9,18.9,-2.7,94858.3,292.52,1.12969
2026-01-31 22:55,KEDW,102201.2,19.6,2.0,94795.5,293.22,1.12625
2026-01-31 23:55,KEDW,102167.4,20.0,0.4,94764.1,293.62,1.12434
2026-02-01 00:55,KEDW,102133.5,18.4,2.7,94732.7,292.02,1.13013
2026-02-01 01:55,KEDW,102133.5,15.0,3.2,94732.7,288.62,1.14344
2026-02-01 02:55,KEDW,102167.4,11.5,4.5,94764.1,285.12,1.15786
2026-02-01 03:55,KEDW,102167.4,9.7,4.1,94764.1,283.32,1.16522
2026-02-01 04:55,KEDW,102167.4,7.4,2.9,94764.1,281.02,1.17476
2026-02-01 05:55,KEDW,102201.2,6.3,2.0,94795.5,279.92,1.17976
2026-02-01 06:55,KEDW,102201.2,4.6,1.1,94795.5,278.22,1.18697
2026-02-01 07:55,KEDW,102201.2,4.0,0.7,94795.5,277.62,1.18954
2026-02-01 08:55,KEDW,102133.5,3.4,0.3,94732.7,277.02,1.19132
2026-02-01 09:55,KEDW,102133.5,3.9,0.1,94732.7,277.52,1.18918
2026-02-01 10:55,KEDW,102133.5,1.3,-0.9,94732.7,274.92,1.20042
2026-02-01 11:55,KEDW,102133.5,0.9,-1.2,94732.7,274.52,1.20217
2026-02-01 12:55,KEDW,102133.5,1.3,-1.1,94732.7,274.92,1.20042
2026-02-01 13:55,KEDW,102167.4,0.9,-1.7,94764.1,274.52,1.20257
2026-02-01 14:55,KEDW,102201.2,-0.2,-2.4,94795.5,273.42,1.20781
2026-02-01 15:55,KEDW,102268.9,3.2,-0.4,94858.3,276.82,1.19377
2026-02-01 16:55,KEDW,102268.9,5.7,0.0,94858.3,279.32,1.18308
2026-02-01 17:55,KEDW,102268.9,10.4,1.5,94858.3,284.02,1.16350
2026-02-01 18:55,KEDW,102235.1,12.7,2.5,94826.9,286.32,1.15377
2026-02-01 19:55,KEDW,102133.5,15.4,1.1,94732.7,289.02,1.14186
2026-02-01 22:55,KEDW,101828.7,20.2,-1.0,94450.0,293.82,1.11985
2026-02-02 00:55,KEDW,101794.9,19.2,0.7,94418.6,292.82,1.12331
2026-02-02 02:55,KEDW,101828.7,11.5,2.8,94450.0,285.12,1.15403
2026-02-02 04:55,KEDW,101896.4,7.9,3.2,94512.8,281.52,1.16956
2026-02-02 05:55,KEDW,101964.2,6.9,2.8,94575.7,280.52,1.17451
2026-02-02 06:55,KEDW,101964.2,6.2,2.6,94575.7,279.82,1.17745
2026-02-02 07:55,KEDW,101964.2,6.0,2.5,94575.7,279.62,1.17829
2026-02-02 08:55,KEDW,101998.0,4.4,1.3,94607.1,278.02,1.18546
2026-02-02 09:55,KEDW,101964.2,4.5,1.5,94575.7,278.12,1.18464
2026-02-02 10:55,KEDW,101930.3,4.2,1.7,94544.2,277.82,1.18553
2026-02-02 11:55,KEDW,101930.3,3.1,0.5,94544.2,276.72,1.19024
2026-02-02 12:55,KEDW,101964.2,3.4,0.8,94575.7,277.02,1.18935
2026-02-02 13:55,KEDW,101998.0,2.4,0.6,94607.1,276.02,1.19405
2026-02-02 14:55,KEDW,102065.8,1.8,-0.3,94669.9,275.42,1.19745
2026-02-02 15:55,KEDW,102099.6,4.7,1.5,94701.3,278.32,1.18537
2026-02-02 16:55,KEDW,102167.4,7.2,2.3,94764.1,280.82,1.17559
2026-02-02 17:55,KEDW,102201.2,9.3,3.1,94795.5,282.92,1.16725
2026-02-02 18:55,KEDW,102201.2,12.4,3.9,94795.5,286.02,1.15460
2026-02-02 22:55,KEDW,102031.9,21.1,-0.3,94638.5,294.72,1.11866
2026-02-02 23:55,KEDW,101998.0,21.4,0.5,94607.1,295.02,1.11715
2026-02-03 00:55,KEDW,102031.9,20.0,2.3,94638.5,293.62,1.12285
2026-02-03 01:55,KEDW,102065.8,15.3,2.5,94669.9,288.92,1.14150
2026-02-03 02:55,KEDW,102099.6,11.5,4.7,94701.3,285.12,1.15710
2026-02-03 03:55,KEDW,102201.2,12.0,5.4,94795.5,285.62,1.15622
2026-02-03 04:55,KEDW,102235.1,8.1,3.4,94826.9,281.72,1.17261
2026-02-03 05:55,KEDW,102302.8,5.7,2.0,94889.8,279.32,1.18347
2026-02-03 06:55,KEDW,102370.5,4.7,1.7,94952.6,278.32,1.18851
2026-02-03 07:55,KEDW,102404.4,4.2,1.2,94984.0,277.82,1.19104
2026-02-03 08:55,KEDW,102404.4,3.3,0.5,94984.0,276.92,1.19492
2026-02-03 09:55,KEDW,102438.3,3.1,0.3,95015.4,276.72,1.19617
2026-02-03 10:55,KEDW,102472.1,3.0,0.2,95046.8,276.62,1.19700
2026-02-03 11:55,KEDW,102506.0,2.2,-0.4,95078.2,275.82,1.20087
2026-02-03 12:55,KEDW,102539.9,1.7,-0.4,95109.6,275.32,1.20345
2026-02-03 13:55,KEDW,102573.7,0.9,-1.3,95141.0,274.52,1.20735
2026-02-03 14:55,KEDW,102641.5,1.2,-1.4,95203.9,274.82,1.20683
2026-02-03 15:55,KEDW,102709.2,2.4,-0.4,95266.7,276.02,1.20238
2026-02-03 16:55,KEDW,102743.0,5.1,0.7,95298.1,278.72,1.19112
2026-02-03 17:55,KEDW,102810.8,8.4,2.0,95360.9,282.02,1.17796
2026-02-03 18:55,KEDW,102776.9,11.6,2.3,95329.5,285.22,1.16436
2026-02-03 21:55,KEDW,102539.9,20.9,-0.4,95109.6,294.52,1.12499
2026-02-03 22:55,KEDW,102472.1,22.0,-3.4,95046.8,295.62,1.12007
2026-02-03 23:55,KEDW,102506.0,22.2,-2.5,95078.2,295.82,1.11968
2026-02-04 00:55,KEDW,102506.0,20.6,-0.1,95078.2,294.22,1.12577
2026-02-04 01:55,KEDW,102506.0,16.9,0.1,95078.2,290.52,1.14011
2026-02-04 02:55,KEDW,102573.7,14.8,0.2,95141.0,288.42,1.14917
2026-02-04 03:55,KEDW,102607.6,11.3,0.1,95172.4,284.92,1.16367
2026-02-04 04:55,KEDW,102607.6,7.0,1.3,95172.4,280.62,1.18150
2026-02-04 05:55,KEDW,102641.5,6.2,-0.1,95203.9,279.82,1.18527
2026-02-04 06:55,KEDW,102641.5,5.0,0.2,95203.9,278.62,1.19037
2026-02-04 07:55,KEDW,102675.3,4.7,-0.5,95235.3,278.32,1.19205
2026-02-04 08:55,KEDW,102709.2,4.0,0.3,95266.7,277.62,1.19545
2026-02-04 09:55,KEDW,102709.2,3.1,-0.5,95266.7,276.72,1.19934
2026-02-04 10:55,KEDW,102675.3,3.5,-0.9,95235.3,277.12,1.19721
2026-02-04 11:55,KEDW,102607.6,3.3,-1.3,95172.4,276.92,1.19729
2026-02-04 12:55,KEDW,102641.5,1.7,-1.9,95203.9,275.32,1.20464
2026-02-04 13:55,KEDW,102675.3,1.3,-1.8,95235.3,274.92,1.20679
2026-02-04 14:55,KEDW,102709.2,0.8,-3.0,95266.7,274.42,1.20939
2026-02-04 15:55,KEDW,102743.0,3.3,-1.1,95298.1,276.92,1.19887
2026-02-04 16:55,KEDW,102743.0,7.5,-0.2,95298.1,281.12,1.18096
2026-02-04 17:55,KEDW,102709.2,11.6,-0.9,95266.7,285.22,1.16360
2026-02-04 18:55,KEDW,102675.3,15.7,0.3,95235.3,289.32,1.14673
2026-02-04 19:55,KEDW,102539.9,19.5,-1.1,95109.6,293.12,1.13037
2026-02-04 21:55,KEDW,102336.7,23.6,-4.6,94921.2,297.22,1.11257
2026-02-04 22:55,KEDW,102268.9,23.5,-5.6,94858.3,297.12,1.11220
2026-02-04 23:55,KEDW,102268.9,22.8,-3.5,94858.3,296.42,1.11483
2026-02-05 00:55,KEDW,102235.1,20.4,-4.0,94826.9,294.02,1.12356
2026-02-05 01:55,KEDW,102268.9,17.5,-3.3,94858.3,291.12,1.13513
2026-02-05 02:55,KEDW,102336.7,13.6,-1.6,94921.2,287.22,1.15130
2026-02-05 03:55,KEDW,102302.8,12.5,-2.6,94889.8,286.12,1.15535
2026-02-05 04:55,KEDW,102336.7,9.1,-1.6,94921.2,282.72,1.16963
2026-02-05 05:55,KEDW,102336.7,10.5,-2.2,94921.2,284.12,1.16386
2026-02-05 06:55,KEDW,102302.8,5.9,-1.3,94889.8,279.52,1.18263
2026-02-05 07:55,KEDW,102268.9,5.6,-1.6,94858.3,279.22,1.18350
2026-02-05 08:55,KEDW,102235.1,4.4,-2.0,94826.9,278.02,1.18822
2026-02-05 09:55,KEDW,102235.1,3.7,-1.7,94826.9,277.32,1.19122
2026-02-05 10:55,KEDW,102201.2,2.5,-2.0,94795.5,276.12,1.19600
2026-02-05 11:55,KEDW,102167.4,2.7,-2.2,94764.1,276.32,1.19474
2026-02-05 12:55,KEDW,102167.4,1.2,-2.6,94764.1,274.82,1.20126
2026-02-05 13:55,KEDW,102235.1,1.9,-3.4,94826.9,275.52,1.19900
2026-02-05 14:55,KEDW,102201.2,0.2,-3.5,94795.5,273.82,1.20605
2026-02-05 15:55,KEDW,102268.9,3.5,-2.3,94858.3,277.12,1.19247
2026-02-05 16:55,KEDW,102268.9,7.6,-0.6,94858.3,281.22,1.17509
2026-02-05 17:55,KEDW,102235.1,10.9,0.6,94826.9,284.52,1.16107
2026-02-05 18:55,KEDW,102201.2,12.8,0.5,94795.5,286.42,1.15299
2026-02-05 19:55,KEDW,102065.8,17.3,-0.9,94669.9,290.92,1.13365
2026-02-05 21:55,KEDW,101896.4,20.5,-3.2,94512.8,294.12,1.11946
2026-02-05 22:55,KEDW,101862.6,20.4,-1.4,94481.4,294.02,1.11946
2026-02-05 23:55,KEDW,101828.7,20.1,-1.7,94450.0,293.72,1.12024
2026-02-06 00:55,KEDW,101828.7,17.6,2.7,94450.0,291.22,1.12985
2026-02-06 01:55,KEDW,101862.6,15.3,2.5,94481.4,288.92,1.13923
2026-02-06 02:55,KEDW,101896.4,12.3,4.8,94512.8,285.92,1.15156
2026-02-06 03:55,KEDW,101930.3,12.2,3.7,94544.2,285.82,1.15235
2026-02-06 04:55,KEDW,101964.2,11.9,3.1,94575.7,285.52,1.15394
2026-02-06 05:55,KEDW,101964.2,11.0,3.5,94575.7,284.62,1.15759
2026-02-06 06:55,KEDW,101964.2,10.4,3.2,94575.7,284.02,1.16004
2026-02-06 07:55,KEDW,101930.3,10.4,3.7,94544.2,284.02,1.15965
2026-02-06 08:55,KEDW,101930.3,9.9,3.6,94544.2,283.52,1.16170
2026-02-06 09:55,KEDW,101964.2,9.9,3.0,94575.7,283.52,1.16208
2026-02-06 10:55,KEDW,101930.3,10.3,2.6,94544.2,283.92,1.16006
2026-02-06 11:55,KEDW,101930.3,11.0,2.3,94544.2,284.62,1.15721
2026-02-06 12:55,KEDW,101896.4,12.7,2.3,94512.8,286.32,1.14995
2026-02-06 13:55,KEDW,101998.0,10.1,2.2,94607.1,283.72,1.16165
2026-02-06 14:55,KEDW,102031.9,10.9,2.5,94638.5,284.52,1.15877
2026-02-06 15:55,KEDW,102133.5,9.6,3.6,94732.7,283.22,1.16524
2026-02-06 16:57,KEDW,102167.4,11.6,4.6,94764.1,285.22,1.15746
2026-02-06 17:55,KEDW,102201.2,14.1,4.4,94795.5,287.72,1.14778
2026-02-06 18:55,KEDW,102201.2,16.6,4.3,94795.5,290.22,1.13789
2026-02-06 19:55,KEDW,102099.6,18.1,4.3,94701.3,291.72,1.13092
2026-02-06 21:55,KEDW,101930.3,20.6,2.4,94544.2,294.22,1.11945
2026-02-06 22:55,KEDW,101896.4,20.8,2.1,94512.8,294.42,1.11832
2026-02-06 23:55,KEDW,101862.6,20.5,1.8,94481.4,294.12,1.11908
2026-02-07 00:55,KEDW,101896.4,19.6,2.9,94512.8,293.22,1.12289
2026-02-07 01:55,KEDW,101930.3,16.1,4.8,94544.2,289.72,1.13684
2026-02-07 02:55,KEDW,101998.0,13.4,4.8,94607.1,287.02,1.14829
2026-02-07 03:55,KEDW,102065.8,12.3,4.5,94669.9,285.92,1.15348
2026-02-07 04:55,KEDW,102099.6,11.6,4.1,94701.3,285.22,1.15669
2026-02-07 05:55,KEDW,102167.4,10.5,4.2,94764.1,284.12,1.16194
2026-02-07 06:55,KEDW,102235.1,8.0,3.6,94826.9,281.62,1.17303
2026-02-07 07:55,KEDW,102235.1,7.2,4.0,94826.9,280.82,1.17637
2026-02-07 08:55,KEDW,102201.2,6.9,3.5,94795.5,280.52,1.17724
2026-02-07 09:55,KEDW,102235.1,5.7,2.9,94826.9,279.32,1.18269
2026-02-07 10:55,KEDW,102235.1,4.9,2.1,94826.9,278.52,1.18609
2026-02-07 11:55,KEDW,102235.1,4.9,2.3,94826.9,278.52,1.18609
2026-02-07 12:55,KEDW,102235.1,3.4,1.4,94826.9,277.02,1.19251
2026-02-07 13:55,KEDW,102336.7,3.7,1.1,94921.2,277.32,1.19240
2026-02-07 14:55,KEDW,102404.4,2.7,0.8,94984.0,276.32,1.19751
2026-02-07 15:55,KEDW,102472.1,5.7,2.0,95046.8,279.32,1.18543
2026-02-07 16:55,KEDW,102506.0,8.8,3.4,95078.2,282.42,1.17281
2026-02-07 17:55,KEDW,102539.9,11.2,3.7,95109.6,284.82,1.16331
2026-02-07 18:55,KEDW,102506.0,13.5,3.6,95078.2,287.12,1.15361
2026-02-07 19:55,KEDW,102438.3,17.1,4.1,95015.4,290.72,1.13857
2026-02-07 21:55,KEDW,102268.9,20.1,3.7,94858.3,293.72,1.12508
2026-02-07 22:55,KEDW,102235.1,21.0,2.8,94826.9,294.62,1.12127
2026-02-07 23:55,KEDW,102201.2,21.9,2.0,94795.5,295.52,1.11749
2026-02-08 00:55,KEDW,102201.2,20.4,1.3,94795.5,294.02,1.12319
2026-02-08 01:55,KEDW,102302.8,16.5,6.6,94889.8,290.12,1.13942
2026-02-08 02:55,KEDW,102370.5,15.2,5.7,94952.6,288.82,1.14530
2026-02-08 05:55,KEDW,102472.1,9.1,4.7,95046.8,282.72,1.17118
2026-02-08 06:55,KEDW,102472.1,7.1,4.2,95046.8,280.72,1.17952
2026-02-08 07:55,KEDW,102472.1,5.6,3.1,95046.8,279.22,1.18586
2026-02-08 08:55,KEDW,102472.1,6.8,3.8,95046.8,280.42,1.18078
2026-02-08 09:55,KEDW,102438.3,4.5,1.9,95015.4,278.12,1.19015
2026-02-08 10:55,KEDW,102472.1,3.9,1.8,95046.8,277.52,1.19312
2026-02-08 11:55,KEDW,102404.4,3.5,1.7,94984.0,277.12,1.19405
2026-02-08 13:55,KEDW,102506.0,2.8,0.5,95078.2,276.42,1.19826
2026-02-08 14:55,KEDW,102641.5,2.7,0.3,95203.9,276.32,1.20028
2026-02-08 16:55,KEDW,102641.5,8.9,2.7,95203.9,282.52,1.17394
2026-02-08 17:55,KEDW,102709.2,12.0,3.0,95266.7,285.62,1.16197
2026-02-08 18:55,KEDW,102675.3,15.0,3.2,95235.3,288.62,1.14951
2026-02-08 19:55,KEDW,102607.6,16.3,3.0,95172.4,289.92,1.14360
2026-02-08 21:55,KEDW,102370.5,20.5,0.8,94952.6,294.12,1.12466
2026-02-08 22:55,KEDW,102268.9,21.2,-0.2,94858.3,294.82,1.12088
2026-02-08 23:55,KEDW,102235.1,22.3,-1.8,94826.9,295.92,1.11634
2026-02-09 00:55,KEDW,102235.1,20.9,-0.4,94826.9,294.52,1.12165
2026-02-09 01:55,KEDW,102235.1,16.3,2.7,94826.9,289.92,1.13945
2026-02-09 02:55,KEDW,102235.1,12.8,5.2,94826.9,286.42,1.15337
2026-02-09 03:55,KEDW,102201.2,10.5,5.3,94795.5,284.12,1.16232
2026-02-09 05:55,KEDW,102201.2,9.0,4.6,94795.5,282.62,1.16849
2026-02-09 06:55,KEDW,102167.4,8.5,3.3,94764.1,282.12,1.17018
2026-02-09 07:55,KEDW,102133.5,7.1,2.6,94732.7,280.72,1.17562
2026-02-09 08:55,KEDW,102099.6,7.6,2.5,94701.3,281.22,1.17314
2026-02-09 09:55,KEDW,102031.9,8.5,3.3,94638.5,282.12,1.16862
2026-02-09 10:55,KEDW,101930.3,7.1,2.2,94544.2,280.72,1.17328
2026-02-09 11:55,KEDW,101862.6,6.4,1.9,94481.4,280.02,1.17543
2026-02-09 12:55,KEDW,101896.4,6.3,1.2,94512.8,279.92,1.17625
2026-02-09 13:55,KEDW,101896.4,5.4,1.1,94512.8,279.02,1.18004
2026-02-09 14:55,KEDW,101930.3,4.9,0.5,94544.2,278.52,1.18255
2026-02-09 15:55,KEDW,101896.4,7.7,2.2,94512.8,281.32,1.17039
2026-02-09 16:55,KEDW,101896.4,9.5,2.8,94512.8,283.12,1.16295
2026-02-09 17:55,KEDW,101896.4,11.8,5.4,94512.8,285.42,1.15358
2026-02-09 18:55,KEDW,101862.6,13.8,4.4,94481.4,287.42,1.14517
2026-02-09 19:55,KEDW,101862.6,16.0,5.0,94481.4,289.62,1.13647
2026-02-09 21:55,KEDW,101591.7,20.3,3.5,94230.1,293.92,1.11687
2026-02-09 22:55,KEDW,101523.9,20.8,0.6,94167.3,294.42,1.11423
2026-02-09 23:55,KEDW,101490.1,20.2,0.1,94135.9,293.82,1.11613
2026-02-10 00:55,KEDW,101456.2,18.4,3.1,94104.5,292.02,1.12264
2026-02-10 01:55,KEDW,101422.4,15.6,3.1,94073.1,289.22,1.13313
2026-02-10 02:55,KEDW,101456.2,14.7,2.9,94104.5,288.32,1.13704
2026-02-10 03:55,KEDW,101456.2,12.6,2.4,94104.5,286.22,1.14538
2026-02-10 04:55,KEDW,101456.2,10.3,3.6,94104.5,283.92,1.15466
2026-02-10 05:55,KEDW,101456.2,10.0,3.5,94104.5,283.62,1.15588
2026-02-10 06:55,KEDW,101422.4,8.8,3.8,94073.1,282.42,1.16041
2026-02-10 07:55,KEDW,101354.6,9.0,3.8,94010.3,282.62,1.15881
2026-02-10 08:55,KEDW,101354.6,9.2,3.8,94010.3,282.82,1.15799
2026-02-10 09:55,KEDW,101320.8,8.4,4.2,93978.9,282.02,1.16089
2026-02-10 10:55,KEDW,101286.9,7.7,4.3,93947.5,281.32,1.16339
2026-02-10 11:55,KEDW,101253.0,7.9,4.1,93916.0,281.52,1.16217
2026-02-10 13:55,KEDW,101219.2,8.3,4.3,93884.6,281.92,1.16014
2026-02-10 14:55,KEDW,101286.9,7.8,4.4,93947.5,281.42,1.16298
2026-02-10 15:55,KEDW,101354.6,8.5,4.7,94010.3,282.12,1.16087
2026-02-10 16:55,KEDW,101388.5,9.1,5.3,94041.7,282.72,1.15879
2026-02-10 17:55,KEDW,101422.4,10.4,4.5,94073.1,284.02,1.15387
2026-02-10 22:55,KEDW,101185.3,16.7,2.3,93853.2,290.32,1.12619
2026-02-11 00:55,KEDW,101151.4,14.4,5.5,93821.8,288.02,1.13481
2026-02-11 01:55,KEDW,101185.3,13.0,5.4,93853.2,286.62,1.14073
2026-02-11 02:55,KEDW,101219.2,13.7,3.5,93884.6,287.32,1.13833
2026-02-11 03:55,KEDW,101151.4,13.4,3.7,93821.8,287.02,1.13876
2026-02-11 04:55,KEDW,101185.3,14.3,1.6,93853.2,287.92,1.13558
2026-02-11 05:55,KEDW,101219.2,11.0,4.0,93884.6,284.62,1.14913
2026-02-11 06:55,KEDW,101151.4,14.5,2.4,93821.8,288.12,1.13441
2026-02-11 07:55,KEDW,101185.3,14.7,1.9,93853.2,288.32,1.13401
2026-02-11 08:55,KEDW,101286.9,12.7,6.1,93947.5,286.32,1.14307
2026-02-11 09:55,KEDW,101354.6,10.8,8.7,94010.3,284.42,1.15148
2026-02-11 10:55,KEDW,101320.8,10.2,8.5,93978.9,283.82,1.15353
2026-02-11 11:58,KEDW,101388.5,10.0,9.0,94041.7,283.62,1.15511
2026-02-11 12:55,KEDW,101354.6,10.2,8.6,94010.3,283.82,1.15391
2026-02-11 13:55,KEDW,101422.4,9.6,7.4,94073.1,283.22,1.15713
2026-02-11 14:55,KEDW,101523.9,10.3,7.2,94167.3,283.92,1.15543
2026-02-11 15:55,KEDW,101659.4,10.9,6.8,94293.0,284.52,1.15454
2026-02-11 16:55,KEDW,101693.3,12.2,6.5,94324.4,285.82,1.14967
2026-02-11 17:55,KEDW,101794.9,13.4,5.5,94418.6,287.02,1.14600
2026-02-11 18:55,KEDW,101828.7,13.6,5.2,94450.0,287.22,1.14559
2026-02-11 19:55,KEDW,101828.7,14.0,4.8,94450.0,287.62,1.14399
2026-02-11 21:55,KEDW,101727.1,15.0,3.8,94355.8,288.62,1.13889
2026-02-11 22:55,KEDW,101727.1,14.9,3.7,94355.8,288.52,1.13929
2026-02-12 01:55,KEDW,101828.7,11.8,4.8,94450.0,285.42,1.15281
2026-02-12 03:55,KEDW,101930.3,9.4,5.0,94544.2,283.02,1.16375
2026-02-12 04:55,KEDW,101930.3,8.1,4.9,94544.2,281.72,1.16912
2026-02-12 05:55,KEDW,101964.2,7.9,4.5,94575.7,281.52,1.17034
2026-02-12 06:55,KEDW,101998.0,7.3,4.6,94607.1,280.92,1.17323
2026-02-12 07:55,KEDW,101998.0,6.8,3.9,94607.1,280.42,1.17532
2026-02-12 08:55,KEDW,101998.0,6.5,3.5,94607.1,280.12,1.17658
2026-02-12 09:55,KEDW,102031.9,6.3,3.3,94638.5,279.92,1.17781
2026-02-12 10:55,KEDW,101998.0,4.4,2.4,94607.1,278.02,1.18546
2026-02-12 11:55,KEDW,101964.2,4.2,2.2,94575.7,277.82,1.18592
2026-02-12 12:55,KEDW,101998.0,4.6,2.5,94607.1,278.22,1.18461
2026-02-12 13:55,KEDW,102031.9,4.5,2.2,94638.5,278.12,1.18543
2026-02-12 14:55,KEDW,102065.8,3.4,1.6,94669.9,277.02,1.19053
2026-02-12 15:55,KEDW,102133.5,3.8,1.5,94732.7,277.42,1.18961
2026-02-12 16:55,KEDW,102167.4,5.3,2.5,94764.1,278.92,1.18360
2026-02-12 17:55,KEDW,102167.4,10.1,2.7,94764.1,283.72,1.16358
2026-02-12 18:55,KEDW,102133.5,12.2,0.6,94732.7,285.82,1.15464
2026-02-12 19:55,KEDW,102031.9,14.4,1.3,94638.5,288.02,1.14469
2026-02-12 21:55,KEDW,101828.7,15.9,-2.6,94450.0,289.52,1.13649
2026-02-12 22:55,KEDW,101794.9,16.2,-4.4,94418.6,289.82,1.13493
2026-02-12 23:55,KEDW,101727.1,16.4,-5.4,94355.8,290.02,1.13340
2026-02-13 00:55,KEDW,101727.1,16.0,-1.1,94355.8,289.62,1.13496
2026-02-13 01:55,KEDW,101761.0,12.8,1.8,94387.2,286.42,1.14802
2026-02-13 02:55,KEDW,101794.9,12.4,1.4,94418.6,286.02,1.15001
2026-02-13 03:55,KEDW,101761.0,11.4,1.6,94387.2,285.02,1.15366
2026-02-13 04:55,KEDW,101828.7,8.8,2.4,94450.0,282.42,1.16506
2026-02-13 05:55,KEDW,101862.6,7.5,3.5,94481.4,281.12,1.17083
2026-02-13 06:55,KEDW,101862.6,4.8,2.5,94481.4,278.42,1.18219
2026-02-13 07:55,KEDW,101828.7,4.1,2.0,94450.0,277.72,1.18478
2026-02-13 08:55,KEDW,101761.0,2.9,1.1,94387.2,276.52,1.18913
2026-02-13 09:55,KEDW,101727.1,3.0,1.2,94355.8,276.62,1.18830
2026-02-13 10:55,KEDW,101693.3,2.3,0.5,94324.4,275.92,1.19092
2026-02-13 11:55,KEDW,101659.4,1.8,0.2,94293.0,275.42,1.19268
2026-02-13 12:55,KEDW,101659.4,0.9,-0.6,94293.0,274.52,1.19659
2026-02-13 13:55,KEDW,101727.1,1.3,-0.3,94355.8,274.92,1.19565
2026-02-13 14:55,KEDW,101761.0,0.5,-1.3,94387.2,274.12,1.19954
2026-02-13 15:55,KEDW,101828.7,3.5,0.2,94450.0,277.12,1.18734
2026-02-13 17:55,KEDW,101828.7,10.9,3.0,94450.0,284.52,1.15646
2026-02-13 18:55,KEDW,101828.7,13.1,1.1,94450.0,286.72,1.14759
2026-02-13 19:55,KEDW,101727.1,14.9,-1.7,94355.8,288.52,1.13929
2026-02-13 21:55,KEDW,101625.5,17.6,-1.1,94261.6,291.22,1.12760
2026-02-13 22:55,KEDW,101591.7,18.2,-1.6,94230.1,291.82,1.12490
2026-02-14 00:55,KEDW,101591.7,17.5,-0.3,94230.1,291.12,1.12761
2026-02-14 01:55,KEDW,101625.5,13.8,1.4,94261.6,287.42,1.14251
2026-02-14 02:55,KEDW,101659.4,12.3,0.4,94293.0,285.92,1.14888
2026-02-14 03:55,KEDW,101727.1,8.2,1.1,94355.8,281.82,1.16637
2026-02-14 04:55,KEDW,101761.0,6.7,2.8,94387.2,280.32,1.17301
2026-02-14 05:55,KEDW,101794.9,5.5,1.4,94418.6,279.12,1.17844
2026-02-14 06:55,KEDW,101828.7,5.1,0.1,94450.0,278.72,1.18052
2026-02-14 07:55,KEDW,101794.9,3.5,-0.3,94418.6,277.12,1.18695
2026-02-14 08:55,KEDW,101794.9,2.4,-0.9,94418.6,276.02,1.19168
2026-02-14 09:55,KEDW,101794.9,2.2,-0.7,94418.6,275.82,1.19254
2026-02-14 10:55,KEDW,101794.9,0.8,-1.3,94418.6,274.42,1.19862
2026-02-14 11:55,KEDW,101794.9,1.4,-1.0,94418.6,275.02,1.19601
2026-02-14 12:55,KEDW,101828.7,0.0,-2.2,94450.0,273.62,1.20253
2026-02-14 13:55,KEDW,101862.6,0.5,-2.7,94481.4,274.12,1.20073
2026-02-14 14:55,KEDW,101930.3,0.3,-1.9,94544.2,273.92,1.20241
2026-02-14 15:55,KEDW,101998.0,2.3,-1.3,94607.1,275.92,1.19449
2026-02-14 16:55,KEDW,101998.0,4.5,-1.5,94607.1,278.12,1.18504
2026-02-14 17:55,KEDW,101998.0,8.0,-1.5,94607.1,281.62,1.17031
2026-02-14 18:55,KEDW,101964.2,11.5,-1.3,94575.7,285.12,1.15556
2026-02-14 19:55,KEDW,101896.4,14.3,-1.4,94512.8,287.92,1.14356
2026-02-14 21:55,KEDW,101659.4,18.0,-1.8,94293.0,291.62,1.12643
2026-02-14 22:55,KEDW,101591.7,19.0,-3.2,94230.1,292.62,1.12183
2026-02-14 23:55,KEDW,101523.9,17.4,1.0,94167.3,291.02,1.12724
2026-02-15 00:55,KEDW,101523.9,16.2,2.2,94167.3,289.82,1.13191
2026-02-15 01:55,KEDW,101523.9,14.2,3.3,94167.3,287.82,1.13978
2026-02-15 02:55,KEDW,101557.8,12.9,4.8,94198.7,286.52,1.14533
2026-02-15 03:55,KEDW,101625.5,12.0,3.7,94261.6,285.62,1.14971
2026-02-15 04:55,KEDW,101625.5,11.0,4.2,94261.6,284.62,1.15375
2026-02-15 05:55,KEDW,101625.5,9.3,3.9,94261.6,282.92,1.16068
2026-02-15 06:55,KEDW,101625.5,9.2,4.2,94261.6,282.82,1.16109
2026-02-15 07:55,KEDW,101625.5,9.1,5.1,94261.6,282.72,1.16150
2026-02-15 08:55,KEDW,101591.7,6.6,3.9,94230.1,280.22,1.17147
2026-02-15 09:55,KEDW,101557.8,4.6,2.6,94198.7,278.22,1.17950
2026-02-15 10:55,KEDW,101557.8,3.0,1.2,94198.7,276.62,1.18632
2026-02-15 11:55,KEDW,101523.9,3.0,1.2,94167.3,276.62,1.18593
2026-02-15 12:55,KEDW,101523.9,3.0,1.0,94167.3,276.62,1.18593
2026-02-15 13:55,KEDW,101523.9,1.7,0.1,94167.3,275.32,1.19153
2026-02-15 14:55,KEDW,101557.8,2.8,1.3,94198.7,276.42,1.18718
2026-02-15 15:55,KEDW,101557.8,4.4,2.7,94198.7,278.02,1.18035
2026-02-15 16:55,KEDW,101591.7,6.9,3.9,94230.1,280.52,1.17022
2026-02-15 17:55,KEDW,101625.5,9.8,4.8,94261.6,283.42,1.15863
2026-02-15 18:55,KEDW,101557.8,12.2,4.4,94198.7,285.82,1.14814
2026-02-15 19:55,KEDW,101490.1,12.7,3.1,94135.9,286.32,1.14537
2026-02-15 21:55,KEDW,101286.9,14.3,2.8,93947.5,287.92,1.13672
2026-02-15 22:55,KEDW,101253.0,14.8,2.7,93916.0,288.42,1.13437
2026-02-15 23:55,KEDW,101219.2,14.7,2.9,93884.6,288.32,1.13439
2026-02-16 00:55,KEDW,101219.2,13.5,3.6,93884.6,287.12,1.13913
2026-02-16 01:55,KEDW,101219.2,11.9,2.9,93884.6,285.52,1.14551
2026-02-16 02:55,KEDW,101219.2,10.7,2.5,93884.6,284.32,1.15034
2026-02-16 03:55,KEDW,101185.3,10.4,1.7,93853.2,284.02,1.15117
2026-02-16 04:55,KEDW,101185.3,10.3,1.7,93853.2,283.92,1.15158
2026-02-16 05:55,KEDW,101185.3,9.1,2.2,93853.2,282.72,1.15647
2026-02-16 06:55,KEDW,101117.6,8.6,2.8,93790.4,282.22,1.15774
2026-02-16 07:55,KEDW,101083.7,6.7,3.0,93759.0,280.32,1.16520
2026-02-16 08:55,KEDW,101083.7,6.5,2.9,93759.0,280.12,1.16603
2026-02-16 09:55,KEDW,101083.7,6.6,3.2,93759.0,280.22,1.16561
2026-02-16 10:55,KEDW,101016.0,6.8,3.6,93696.2,280.42,1.16400
2026-02-16 11:55,KEDW,100914.4,6.7,3.5,93601.9,280.32,1.16325
2026-02-16 12:55,KEDW,100846.7,5.8,2.8,93539.1,279.42,1.16621
2026-02-16 13:55,KEDW,100880.5,5.7,2.5,93570.5,279.32,1.16702
2026-02-16 14:55,KEDW,100812.8,6.6,3.0,93507.7,280.22,1.16249
2026-02-16 15:55,KEDW,100745.1,7.3,3.0,93444.9,280.92,1.15881
2026-02-16 16:55,KEDW,100677.3,9.7,3.7,93382.1,283.32,1.14823
2026-02-16 17:55,KEDW,100677.3,11.4,3.9,93382.1,285.02,1.14138
2026-02-16 18:59,KEDW,100609.6,11.0,5.0,93319.3,284.62,1.14221
2026-02-16 19:58,KEDW,100440.3,10.0,7.0,93162.2,283.62,1.14431
2026-02-16 20:55,KEDW,100541.9,8.9,7.2,93256.4,282.52,1.14993
2026-02-16 21:55,KEDW,100609.6,6.9,3.9,93319.3,280.52,1.15891
2026-02-16 22:55,KEDW,100338.7,6.6,4.3,93068.0,280.22,1.15702
2026-02-16 23:55,KEDW,100508.0,6.9,4.7,93225.0,280.52,1.15774
2026-02-17 00:55,KEDW,100541.9,7.0,4.5,93256.4,280.62,1.15771
2026-02-17 01:55,KEDW,100541.9,7.4,4.4,93256.4,281.02,1.15607
2026-02-17 02:55,KEDW,100609.6,7.6,3.6,93319.3,281.22,1.15602
2026-02-17 03:55,KEDW,100677.3,6.4,3.4,93382.1,280.02,1.16176
2026-02-17 04:55,KEDW,100745.1,6.8,2.7,93444.9,280.42,1.16088
2026-02-17 05:55,KEDW,100846.7,6.4,2.5,93539.1,280.02,1.16371
2026-02-17 06:55,KEDW,100914.4,6.8,2.3,93601.9,280.42,1.16283
2026-02-17 07:55,KEDW,100982.1,7.0,2.7,93664.8,280.62,1.16278
2026-02-17 08:55,KEDW,101016.0,6.7,2.4,93696.2,280.32,1.16442
2026-02-17 09:55,KEDW,101049.8,6.1,2.6,93727.6,279.72,1.16731
2026-02-17 10:55,KEDW,101117.6,5.0,2.4,93790.4,278.62,1.17270
2026-02-17 11:55,KEDW,101117.6,4.7,2.1,93790.4,278.32,1.17396
2026-02-17 12:55,KEDW,101151.4,4.2,1.9,93821.8,277.82,1.17647
2026-02-17 13:55,KEDW,101253.0,4.8,1.3,93916.0,278.42,1.17512
2026-02-17 14:55,KEDW,101286.9,4.8,1.8,93947.5,278.42,1.17551
2026-02-17 15:55,KEDW,101354.6,6.8,3.1,94010.3,280.42,1.16790
2026-02-17 16:55,KEDW,101490.1,9.2,4.0,94135.9,282.82,1.15954
2026-02-17 17:55,KEDW,101490.1,10.1,3.6,94135.9,283.72,1.15586
2026-02-17 18:55,KEDW,101490.1,10.1,3.4,94135.9,283.72,1.15586
2026-02-17 19:55,KEDW,101456.2,12.0,3.7,94104.5,285.62,1.14779
2026-02-17 20:55,KEDW,101388.5,11.9,3.1,94041.7,285.52,1.14743
2026-02-17 21:55,KEDW,101286.9,11.9,1.5,93947.5,285.52,1.14628
2026-02-17 22:55,KEDW,101286.9,10.5,2.6,93947.5,284.12,1.15192
2026-02-17 23:55,KEDW,101219.2,9.9,3.6,93884.6,283.52,1.15359
2026-02-18 00:55,KEDW,101219.2,9.0,2.3,93884.6,282.62,1.15726
2026-02-18 01:55,KEDW,101151.4,8.2,2.4,93821.8,281.82,1.15977
2026-02-18 02:55,KEDW,101117.6,7.8,3.3,93790.4,281.42,1.16103
2026-02-18 03:55,KEDW,101049.8,7.1,4.2,93727.6,280.72,1.16315
2026-02-18 04:58,KEDW,100948.3,8.0,5.0,93633.4,281.62,1.15827
2026-02-18 05:56,KEDW,100880.5,7.2,4.8,93570.5,280.82,1.16079
2026-02-18 06:55,KEDW,100778.9,7.2,4.0,93476.3,280.82,1.15962
2026-02-18 07:55,KEDW,100677.3,7.5,4.8,93382.1,281.12,1.15721
2026-02-18 08:55,KEDW,100677.3,7.2,4.8,93382.1,280.82,1.15845
2026-02-18 09:55,KEDW,100711.2,6.6,3.6,93413.5,280.22,1.16132
2026-02-18 10:55,KEDW,100609.6,6.5,2.8,93319.3,280.12,1.16056
2026-02-18 11:55,KEDW,100677.3,5.9,1.4,93382.1,279.52,1.16384
2026-02-18 13:55,KEDW,100914.4,3.5,-0.5,93601.9,277.12,1.17668
2026-02-18 14:55,KEDW,101016.0,3.5,-1.5,93696.2,277.12,1.17786
2026-02-18 15:55,KEDW,101219.2,4.7,-0.1,93884.6,278.32,1.17514
2026-02-18 16:55,KEDW,101354.6,3.5,0.4,94010.3,277.12,1.18181
2026-02-18 17:55,KEDW,101456.2,4.8,0.4,94104.5,278.42,1.17747
2026-02-18 19:55,KEDW,101490.1,7.1,-2.1,94135.9,280.72,1.16822
2026-02-18 23:55,KEDW,101320.8,8.2,-4.6,93978.9,281.82,1.16171
2026-02-19 00:55,KEDW,101320.8,8.0,-4.5,93978.9,281.62,1.16254
2026-02-19 01:55,KEDW,101354.6,6.0,-3.4,94010.3,279.62,1.17125
2026-02-19 02:55,KEDW,101354.6,5.4,-3.7,94010.3,279.02,1.17376
2026-02-19 03:55,KEDW,101354.6,5.1,-3.2,94010.3,278.72,1.17503
2026-02-19 04:55,KEDW,101354.6,4.3,-2.6,94010.3,277.92,1.17841
2026-02-19 05:55,KEDW,101354.6,3.7,-1.5,94010.3,277.32,1.18096
2026-02-19 06:55,KEDW,101354.6,3.4,-0.6,94010.3,277.02,1.18224
2026-02-19 07:55,KEDW,101354.6,3.9,-1.1,94010.3,277.52,1.18011
2026-02-19 08:55,KEDW,101320.8,2.5,-0.8,93978.9,276.12,1.18570
2026-02-19 09:55,KEDW,101320.8,1.9,-0.8,93978.9,275.52,1.18828
2026-02-19 10:55,KEDW,101253.0,1.9,-1.5,93916.0,275.52,1.18748
2026-02-19 11:55,KEDW,101185.3,2.6,-1.6,93853.2,276.22,1.18368
2026-02-19 12:55,KEDW,101185.3,2.2,-1.2,93853.2,275.82,1.18540
2026-02-19 13:55,KEDW,101185.3,2.7,-0.6,93853.2,276.32,1.18325
2026-02-19 14:55,KEDW,101117.6,2.0,-1.3,93790.4,275.62,1.18546
2026-02-19 15:55,KEDW,101049.8,4.6,0.4,93727.6,278.22,1.17360
2026-02-19 16:55,KEDW,100914.4,6.7,2.2,93601.9,280.32,1.16325
2026-02-19 17:30,KEDW,100914.4,8.0,2.0,93601.9,281.62,1.15788
2026-02-19 19:55,KEDW,100846.7,6.9,4.2,93539.1,280.52,1.16164
2026-02-19 20:58,KEDW,100711.2,8.0,5.0,93413.5,281.62,1.15555
2026-02-19 21:55,KEDW,100643.5,9.3,5.5,93350.7,282.92,1.14946
2026-02-19 22:55,KEDW,100609.6,7.8,4.6,93319.3,281.42,1.15520
2026-02-19 23:55,KEDW,100609.6,8.0,4.4,93319.3,281.62,1.15438
2026-02-20 00:55,KEDW,100609.6,8.2,3.1,93319.3,281.82,1.15356
2026-02-20 01:55,KEDW,100677.3,6.7,0.4,93382.1,280.32,1.16051
2026-02-20 02:55,KEDW,100711.2,5.5,0.3,93413.5,279.12,1.16590
2026-02-20 03:55,KEDW,100778.9,4.9,-0.1,93476.3,278.52,1.16919
2026-02-20 04:55,KEDW,100846.7,3.5,0.4,93539.1,277.12,1.17589
2026-02-20 05:55,KEDW,100914.4,4.3,-0.3,93601.9,277.92,1.17329
2026-02-20 06:55,KEDW,100982.1,4.4,-2.0,93664.8,278.02,1.17366
2026-02-20 07:55,KEDW,101117.6,3.7,-1.9,93790.4,277.32,1.17820
2026-02-20 08:55,KEDW,101083.7,3.8,-2.4,93759.0,277.42,1.17738
2026-02-20 09:55,KEDW,101117.6,3.6,-3.2,93790.4,277.22,1.17862
2026-02-20 10:55,KEDW,101185.3,3.2,-3.6,93853.2,276.82,1.18112
2026-02-20 11:55,KEDW,101185.3,3.8,-4.7,93853.2,277.42,1.17856
2026-02-20 12:55,KEDW,101320.8,2.9,-4.3,93978.9,276.52,1.18398
2026-02-20 13:55,KEDW,101354.6,2.4,-3.3,94010.3,276.02,1.18652
2026-02-20 14:55,KEDW,101388.5,3.1,-4.1,94041.7,276.72,1.18392
2026-02-20 15:55,KEDW,101490.1,4.4,-3.6,94135.9,278.02,1.17956
2026-02-20 16:55,KEDW,101591.7,5.1,-2.5,94230.1,278.72,1.17778
2026-02-20 17:55,KEDW,101591.7,6.6,-3.4,94230.1,280.22,1.17147
2026-02-20 18:55,KEDW,101625.5,7.6,-5.1,94261.6,281.22,1.16769
2026-02-20 19:55,KEDW,101591.7,8.3,-5.2,94230.1,281.92,1.16441
2026-02-20 21:55,KEDW,101523.9,9.5,-4.8,94167.3,283.12,1.15870
2026-02-20 22:55,KEDW,101557.8,9.3,-5.8,94198.7,282.92,1.15990
2026-02-20 23:55,KEDW,101557.8,9.9,-4.5,94198.7,283.52,1.15745
2026-02-21 00:55,KEDW,101557.8,9.8,-4.2,94198.7,283.42,1.15786
2026-02-21 01:55,KEDW,101625.5,8.6,-2.7,94261.6,282.22,1.16356
2026-02-21 03:55,KEDW,101727.1,3.9,-0.7,94355.8,277.52,1.18445
2026-02-21 04:55,KEDW,101794.9,2.8,-0.8,94418.6,276.42,1.18995
2026-02-21 05:55,KEDW,101862.6,2.1,-1.2,94481.4,275.72,1.19377
2026-02-21 06:55,KEDW,101896.4,1.0,-1.6,94512.8,274.62,1.19895
2026-02-21 07:55,KEDW,101930.3,0.6,-2.5,94544.2,274.22,1.20109
2026-02-21 08:55,KEDW,101964.2,-0.6,-2.7,94575.7,273.02,1.20677
2026-02-21 09:55,KEDW,101998.0,-0.6,-2.8,94607.1,273.02,1.20717
2026-02-21 10:55,KEDW,101998.0,-0.9,-3.4,94607.1,272.72,1.20850
2026-02-21 11:55,KEDW,102065.8,-0.9,-3.1,94669.9,272.72,1.20931
2026-02-21 12:55,KEDW,102099.6,-1.2,-3.1,94701.3,272.42,1.21104
2026-02-21 13:55,KEDW,102133.5,-1.4,-3.0,94732.7,272.22,1.21233
2026-02-21 14:55,KEDW,102235.1,-1.4,-3.6,94826.9,272.22,1.21354
2026-02-21 15:55,KEDW,102268.9,1.0,-1.7,94858.3,274.62,1.20333
2026-02-21 16:55,KEDW,102404.4,1.5,-1.9,94984.0,275.12,1.20273
2026-02-21 17:55,KEDW,102370.5,5.5,-1.4,94952.6,279.12,1.18510
2026-02-21 18:55,KEDW,102370.5,9.8,-0.7,94952.6,283.42,1.16712
2026-02-21 19:55,KEDW,102370.5,12.1,-3.3,94952.6,285.72,1.15773
2026-02-21 20:55,KEDW,102302.8,13.0,-3.7,94889.8,286.62,1.15333
2026-02-21 21:55,KEDW,102167.4,13.7,-2.7,94764.1,287.32,1.14900
2026-02-21 22:55,KEDW,102201.2,14.0,-2.9,94795.5,287.62,1.14818
2026-02-21 23:55,KEDW,102167.4,14.1,-3.7,94764.1,287.72,1.14740
2026-02-22 00:55,KEDW,102167.4,13.5,-0.9,94764.1,287.12,1.14980
2026-02-22 01:55,KEDW,102201.2,11.0,1.2,94795.5,284.62,1.16028
2026-02-22 02:55,KEDW,102268.9,8.8,3.2,94858.3,282.42,1.17009
2026-02-22 03:55,KEDW,102336.7,6.8,0.0,94921.2,280.42,1.17922
2026-02-22 04:55,KEDW,102438.3,5.6,-0.5,95015.4,279.22,1.18546
2026-02-22 05:55,KEDW,102472.1,5.1,-0.5,95046.8,278.72,1.18798
2026-02-22 06:55,KEDW,102506.0,3.9,-0.5,95078.2,277.52,1.19351
2026-02-22 07:55,KEDW,102506.0,3.7,-1.1,95078.2,277.32,1.19438
2026-02-22 08:55,KEDW,102506.0,2.2,-0.2,95078.2,275.82,1.20087
2026-02-22 09:55,KEDW,102506.0,1.1,-0.7,95078.2,274.72,1.20568
2026-02-22 10:55,KEDW,102472.1,1.3,-1.1,95046.8,274.92,1.20440
2026-02-22 11:55,KEDW,102472.1,0.5,-1.6,95046.8,274.12,1.20792
2026-02-22 12:55,KEDW,102472.1,-0.4,-2.1,95046.8,273.22,1.21190
2026-02-22 13:55,KEDW,102506.0,-1.0,-2.6,95078.2,272.62,1.21497
2026-02-22 14:55,KEDW,102573.7,-0.2,-2.0,95141.0,273.42,1.21221
2026-02-22 15:55,KEDW,102675.3,2.8,-0.5,95235.3,276.42,1.20024
2026-02-22 16:55,KEDW,102709.2,5.7,-0.8,95266.7,279.32,1.18817
2026-02-22 17:55,KEDW,102743.0,7.6,0.3,95298.1,281.22,1.18054
2026-02-22 18:55,KEDW,102709.2,10.8,-1.0,95266.7,284.42,1.16687
2026-02-22 19:55,KEDW,102641.5,13.3,-1.8,95203.9,286.92,1.15594
2026-02-22 20:55,KEDW,102539.9,15.0,-1.6,95109.6,288.62,1.14799
2026-02-22 21:55,KEDW,102506.0,16.4,-2.2,95078.2,290.02,1.14207
2026-02-22 22:55,KEDW,102438.3,17.2,-2.5,95015.4,290.82,1.13818
2026-02-22 23:55,KEDW,102404.4,17.2,-3.0,94984.0,290.82,1.13780
2026-02-23 00:55,KEDW,102404.4,16.7,2.7,94984.0,290.32,1.13976
2026-02-23 01:55,KEDW,102404.4,14.6,2.2,94984.0,288.22,1.14807
2026-02-23 03:55,KEDW,102506.0,8.6,2.8,95078.2,282.22,1.17364
2026-02-23 04:55,KEDW,102506.0,7.9,2.6,95078.2,281.52,1.17656
2026-02-23 05:55,KEDW,102539.9,5.2,2.2,95109.6,278.82,1.18834
2026-02-23 06:55,KEDW,102573.7,4.4,1.3,95141.0,278.02,1.19216
2026-02-23 07:55,KEDW,102573.7,4.4,1.3,95141.0,278.02,1.19216
2026-02-23 08:55,KEDW,102573.7,2.8,0.7,95141.0,276.42,1.19906
2026-02-23 09:55,KEDW,102573.7,1.5,-0.6,95141.0,275.12,1.20472
2026-02-23 10:55,KEDW,102539.9,2.7,-0.6,95109.6,276.32,1.19909
2026-02-23 11:55,KEDW,102506.0,1.1,-0.8,95078.2,274.72,1.20568
2026-02-23 12:55,KEDW,102539.9,1.3,-0.9,95109.6,274.92,1.20520
2026-02-23 13:55,KEDW,102573.7,-0.7,-2.4,95141.0,272.92,1.21443
2026-02-23 14:55,KEDW,102607.6,0.6,-1.3,95172.4,274.22,1.20907
2026-02-23 15:55,KEDW,102641.5,2.1,0.0,95203.9,275.72,1.20289
2026-02-23 16:55,KEDW,102641.5,5.4,0.8,95203.9,279.02,1.18867
2026-02-23 17:55,KEDW,102607.6,8.2,2.4,95172.4,281.82,1.17647
2026-02-23 18:55,KEDW,102607.6,11.2,0.6,95172.4,284.82,1.16408
2026-02-23 19:55,KEDW,102539.9,14.1,0.0,95109.6,287.72,1.15158
2026-02-23 20:55,KEDW,102404.4,15.7,-1.0,94984.0,289.32,1.14370
2026-02-23 21:55,KEDW,102302.8,17.1,-3.1,94889.8,290.72,1.13707
2026-02-23 22:55,KEDW,102235.1,19.2,-4.3,94826.9,292.82,1.12816
2026-02-23 23:55,KEDW,102167.4,18.8,-4.0,94764.1,292.42,1.12896
2026-02-24 01:55,KEDW,102133.5,14.1,4.1,94732.7,287.72,1.14702
2026-02-24 02:55,KEDW,102099.6,11.0,5.1,94701.3,284.62,1.15913
2026-02-24 03:55,KEDW,102133.5,8.9,4.1,94732.7,282.52,1.16813
2026-02-24 04:55,KEDW,102133.5,8.2,4.4,94732.7,281.82,1.17103
2026-02-24 05:55,KEDW,102167.4,8.0,4.0,94764.1,281.62,1.17225
2026-02-24 06:55,KEDW,102099.6,6.9,3.7,94701.3,280.52,1.17607
2026-02-24 07:55,KEDW,102031.9,7.3,4.3,94638.5,280.92,1.17362
2026-02-24 08:55,KEDW,101998.0,7.5,3.7,94607.1,281.12,1.17239
2026-02-24 09:55,KEDW,101964.2,5.4,2.9,94575.7,279.02,1.18082
2026-02-24 10:55,KEDW,101896.4,5.4,3.4,94512.8,279.02,1.18004
2026-02-24 11:55,KEDW,101896.4,5.5,3.2,94512.8,279.12,1.17962
2026-02-24 12:55,KEDW,101896.4,5.0,2.7,94512.8,278.62,1.18173
2026-02-24 13:55,KEDW,101896.4,6.0,2.8,94512.8,279.62,1.17751
2026-02-24 14:55,KEDW,101896.4,5.2,2.9,94512.8,278.82,1.18089
2026-02-24 15:55,KEDW,101896.4,9.6,3.1,94512.8,283.22,1.16254
2026-02-24 16:55,KEDW,101896.4,15.1,2.6,94512.8,288.72,1.14039
2026-02-24 19:55,KEDW,101761.0,25.6,3.5,94387.2,299.22,1.09891
2026-02-24 20:55,KEDW,101659.4,26.4,4.8,94293.0,300.02,1.09489
2026-02-24 21:55,KEDW,101591.7,27.0,4.7,94230.1,300.62,1.09198
2026-02-24 22:55,KEDW,101557.8,26.9,4.0,94198.7,300.52,1.09197
2026-02-24 23:55,KEDW,101557.8,25.5,4.6,94198.7,299.12,1.09709
2026-02-25 00:55,KEDW,101557.8,23.6,5.5,94198.7,297.22,1.10410
2026-02-25 01:55,KEDW,101591.7,19.5,8.2,94230.1,293.12,1.11992
2026-02-25 02:55,KEDW,101591.7,17.9,8.7,94230.1,291.52,1.12606
2026-02-25 03:55,KEDW,101625.5,17.2,8.1,94261.6,290.82,1.12915
2026-02-25 04:55,KEDW,101625.5,14.9,7.9,94261.6,288.52,1.13815
2026-02-25 05:55,KEDW,101659.4,16.1,6.5,94293.0,289.72,1.13381
2026-02-25 06:55,KEDW,101659.4,15.0,6.5,94293.0,288.62,1.13814
2026-02-25 07:55,KEDW,101659.4,14.6,6.2,94293.0,288.22,1.13971
2026-02-25 08:55,KEDW,101659.4,12.4,6.0,94293.0,286.02,1.14848
2026-02-25 09:55,KEDW,101625.5,11.1,6.6,94261.6,284.72,1.15334
2026-02-25 10:55,KEDW,101591.7,10.7,5.7,94230.1,284.32,1.15458
2026-02-25 11:55,KEDW,101557.8,11.5,6.4,94198.7,285.12,1.15095
2026-02-25 12:55,KEDW,101625.5,12.5,6.8,94261.6,286.12,1.14770
2026-02-25 13:55,KEDW,101625.5,16.0,4.1,94261.6,289.62,1.13383
2026-02-25 14:55,KEDW,101693.3,15.9,5.8,94324.4,289.52,1.13497
2026-02-25 15:55,KEDW,101727.1,15.7,6.9,94355.8,289.32,1.13614
2026-02-25 16:55,KEDW,101794.9,19.4,7.2,94418.6,293.02,1.12254
2026-02-25 17:55,KEDW,101828.7,20.8,6.7,94450.0,294.42,1.11757
2026-02-25 18:55,KEDW,101828.7,23.2,6.5,94450.0,296.82,1.10854
2026-02-25 19:55,KEDW,101761.0,24.0,5.8,94387.2,297.62,1.10482
2026-02-25 20:55,KEDW,101693.3,24.2,6.4,94324.4,297.82,1.10334
2026-02-25 21:55,KEDW,101625.5,25.5,8.0,94261.6,299.12,1.09782
2026-02-25 22:55,KEDW,101557.8,25.4,7.5,94198.7,299.02,1.09745
2026-02-25 23:55,KEDW,101557.8,24.6,8.1,94198.7,298.22,1.10040
2026-02-26 03:55,KEDW,101794.9,18.0,7.4,94418.6,291.62,1.12793
2026-02-26 04:55,KEDW,101828.7,18.4,6.9,94450.0,292.02,1.12676
2026-02-26 05:55,KEDW,101862.6,15.2,8.7,94481.4,288.82,1.13962
2026-02-26 06:55,KEDW,101930.3,14.2,8.8,94544.2,287.82,1.14434
2026-02-26 07:55,KEDW,101964.2,15.3,8.5,94575.7,288.92,1.14036
2026-02-26 08:59,KEDW,101930.3,17.0,9.0,94544.2,290.62,1.13331
2026-02-26 09:55,KEDW,101896.4,16.6,9.5,94512.8,290.22,1.13450
2026-02-26 10:55,KEDW,101862.6,16.7,9.6,94481.4,290.32,1.13373
2026-02-26 11:55,KEDW,101896.4,14.6,9.0,94512.8,288.22,1.14237
2026-02-26 12:55,KEDW,101896.4,14.4,9.6,94512.8,288.02,1.14317
2026-02-26 13:55,KEDW,101930.3,16.4,9.3,94544.2,290.02,1.13566
2026-02-26 14:55,KEDW,101998.0,14.0,10.0,94607.1,287.62,1.14590
2026-02-26 15:55,KEDW,102031.9,15.6,10.1,94638.5,289.22,1.13994
2026-02-26 16:55,KEDW,102099.6,18.8,11.1,94701.3,292.42,1.12821
2026-02-26 17:55,KEDW,102133.5,21.4,10.5,94732.7,295.02,1.11864
2026-02-26 18:55,KEDW,102167.4,21.9,9.4,94764.1,295.52,1.11711
2026-02-26 19:55,KEDW,102099.6,22.6,9.7,94701.3,296.22,1.11374
2026-02-26 20:55,KEDW,101998.0,24.0,9.6,94607.1,297.62,1.10739
2026-02-26 21:55,KEDW,101930.3,24.6,8.9,94544.2,298.22,1.10443
2026-02-26 22:55,KEDW,101896.4,25.6,7.7,94512.8,299.22,1.10038
2026-02-26 23:55,KEDW,101862.6,25.3,6.0,94481.4,298.92,1.10111
2026-02-27 00:55,KEDW,101828.7,25.5,7.1,94450.0,299.12,1.10001
2026-02-27 01:55,KEDW,101828.7,21.7,11.7,94450.0,295.32,1.11417
2026-02-27 02:55,KEDW,101862.6,20.0,10.9,94481.4,293.62,1.12099
2026-02-27 03:55,KEDW,101896.4,18.5,10.3,94512.8,292.12,1.12712
2026-02-27 04:55,KEDW,101964.2,15.6,12.2,94575.7,289.22,1.13918
2026-02-27 05:55,KEDW,102031.9,13.9,10.7,94638.5,287.52,1.14668
2026-02-27 06:55,KEDW,102065.8,12.3,9.5,94669.9,285.92,1.15348
2026-02-27 07:55,KEDW,102031.9,11.2,8.9,94638.5,284.82,1.15755
2026-02-27 08:55,KEDW,102031.9,10.9,8.6,94638.5,284.52,1.15877
2026-02-27 09:55,KEDW,101998.0,10.2,8.1,94607.1,283.82,1.16124
2026-02-27 10:55,KEDW,101964.2,9.2,7.3,94575.7,282.82,1.16496
2026-02-27 11:55,KEDW,101964.2,9.8,7.4,94575.7,283.42,1.16249
2026-02-27 12:55,KEDW,101964.2,9.0,7.0,94575.7,282.62,1.16578
2026-02-27 13:55,KEDW,102031.9,8.0,6.3,94638.5,281.62,1.17070
2026-02-27 14:55,KEDW,102031.9,9.1,7.2,94638.5,282.72,1.16614
2026-02-27 15:55,KEDW,102133.5,11.8,7.9,94732.7,285.42,1.15626
2026-02-27 16:55,KEDW,102133.5,13.5,8.8,94732.7,287.12,1.14942
2026-02-27 17:55,KEDW,102099.6,16.3,9.5,94701.3,289.92,1.13794
2026-02-27 18:55,KEDW,102065.8,20.1,9.6,94669.9,293.72,1.12284
2026-02-27 19:55,KEDW,101964.2,21.9,9.4,94575.7,295.52,1.11489
2026-02-27 20:55,KEDW,101862.6,24.0,9.2,94481.4,297.62,1.10592
2026-02-27 21:55,KEDW,101761.0,25.4,7.0,94387.2,299.02,1.09965
2026-02-27 22:55,KEDW,101693.3,26.9,6.3,94324.4,300.52,1.09343
2026-02-27 23:55,KEDW,101659.4,27.1,5.9,94293.0,300.72,1.09234
2026-02-28 00:55,KEDW,101591.7,25.4,10.0,94230.1,299.02,1.09782
2026-02-28 01:55,KEDW,101591.7,21.1,10.6,94230.1,294.72,1.11384
2026-02-28 02:55,KEDW,101591.7,19.0,11.5,94230.1,292.62,1.12183
2026-02-28 03:55,KEDW,101625.5,16.7,10.1,94261.6,290.32,1.13109
2026-02-28 04:55,KEDW,101625.5,14.3,9.9,94261.6,287.92,1.14052
2026-02-28 05:55,KEDW,101659.4,13.7,8.9,94293.0,287.32,1.14328
2026-02-28 06:55,KEDW,101659.4,11.6,8.4,94293.0,285.22,1.15170
2026-02-28 07:55,KEDW,101659.4,12.2,9.2,94293.0,285.82,1.14928
2026-02-28 08:55,KEDW,101625.5,12.1,8.6,94261.6,285.72,1.14930
2026-02-28 09:55,KEDW,101591.7,10.2,8.0,94230.1,283.82,1.15661
2026-02-28 10:55,KEDW,101557.8,9.3,7.4,94198.7,282.92,1.15990
2026-02-28 11:55,KEDW,101523.9,9.1,7.0,94167.3,282.72,1.16034
2026-02-28 12:55,KEDW,101523.9,8.4,5.9,94167.3,282.02,1.16322
2026-02-28 13:55,KEDW,101557.8,8.1,5.4,94198.7,281.72,1.16485
2026-02-28 14:55,KEDW,101591.7,8.8,6.1,94230.1,282.42,1.16235
2026-02-28 15:55,KEDW,101625.5,10.2,6.9,94261.6,283.82,1.15700
2026-02-28 16:55,KEDW,101625.5,12.4,7.5,94261.6,286.02,1.14810
2026-02-28 17:55,KEDW,101591.7,16.0,8.0,94230.1,289.62,1.13345
2026-02-28 18:55,KEDW,101591.7,19.9,7.9,94230.1,293.52,1.11839
2026-02-28 19:55,KEDW,101523.9,22.1,8.6,94167.3,295.72,1.10933
2026-02-28 20:55,KEDW,101422.4,24.6,10.1,94073.1,298.22,1.09893
2026-02-28 21:55,KEDW,101320.8,28.3,6.9,93978.9,301.92,1.08437
2026-02-28 22:55,KEDW,101253.0,29.1,3.8,93916.0,302.72,1.08079
2026-02-28 23:55,KEDW,101253.0,28.6,1.9,93916.0,302.22,1.08257
2026-03-01 00:55,KEDW,101286.9,26.2,2.8,93947.5,299.82,1.09160
2026-03-01 01:55,KEDW,101354.6,,,94010.3,,
2026-03-01 02:55,KEDW,101388.5,19.1,5.2,94041.7,292.72,1.11920
2026-03-01 03:55,KEDW,101422.4,18.3,5.2,94073.1,291.92,1.12265
2026-03-01 04:55,KEDW,101490.1,15.2,8.2,94135.9,288.82,1.13545
2026-03-01 05:55,KEDW,101523.9,14.5,7.5,94167.3,288.12,1.13859
2026-03-01 06:55,KEDW,101523.9,13.0,8.1,94167.3,286.62,1.14455
2026-03-01 08:55,KEDW,101557.8,10.6,6.4,94198.7,284.22,1.15460
2026-03-01 09:55,KEDW,101523.9,12.2,7.1,94167.3,285.82,1.14775
2026-03-01 10:55,KEDW,101490.1,10.9,6.2,94135.9,284.52,1.15261
2026-03-01 11:55,KEDW,101523.9,9.7,6.2,94167.3,283.32,1.15788
2026-03-01 12:55,KEDW,101557.8,8.8,5.9,94198.7,282.42,1.16196
2026-03-01 13:55,KEDW,101625.5,9.7,6.2,94261.6,283.32,1.15904
2026-03-01 14:55,KEDW,101659.4,10.7,6.6,94293.0,284.32,1.15535
2026-03-01 15:55,KEDW,101693.3,14.8,7.8,94324.4,288.42,1.13930
2026-03-01 16:55,KEDW,101693.3,19.2,7.0,94324.4,292.82,1.12218
2026-03-01 17:55,KEDW,101693.3,21.4,6.9,94324.4,295.02,1.11382
2026-03-01 18:55,KEDW,101625.5,23.8,4.7,94261.6,297.42,1.10409
2026-03-01 19:55,KEDW,101591.7,25.5,3.4,94230.1,299.12,1.09745
2026-03-01 20:55,KEDW,101490.1,27.4,-2.5,94135.9,301.02,1.08943
2026-03-01 21:55,KEDW,101456.2,27.4,-4.5,94104.5,301.02,1.08907
2026-03-01 22:55,KEDW,101422.4,26.9,-0.2,94073.1,300.52,1.09052
2026-03-01 23:55,KEDW,101388.5,25.5,-0.6,94041.7,299.12,1.09526
2026-03-02 00:55,KEDW,101388.5,24.3,2.4,94041.7,297.92,1.09967
2026-03-02 01:55,KEDW,101422.4,21.1,4.6,94073.1,294.72,1.11198
2026-03-02 02:55,KEDW,101456.2,19.2,7.9,94104.5,292.82,1.11957
2026-03-02 03:55,KEDW,101490.1,18.8,8.4,94135.9,292.42,1.12147
2026-03-02 04:55,KEDW,101557.8,16.9,8.8,94198.7,290.52,1.12956
2026-03-02 05:55,KEDW,101523.9,15.3,8.5,94167.3,288.92,1.13544
2026-03-02 06:55,KEDW,101490.1,16.6,8.3,94135.9,290.22,1.12998
2026-03-02 07:55,KEDW,101490.1,13.5,8.3,94135.9,287.12,1.14218
2026-03-02 08:55,KEDW,101422.4,13.2,8.5,94073.1,286.82,1.14261
2026-03-02 09:55,KEDW,101388.5,12.2,8.5,94041.7,285.82,1.14622
2026-03-02 10:55,KEDW,101354.6,12.0,8.7,94010.3,285.62,1.14664
2026-03-02 11:55,KEDW,101320.8,13.3,8.8,93978.9,286.92,1.14106
2026-03-02 12:55,KEDW,101354.6,11.9,8.6,94010.3,285.52,1.14704
2026-03-02 13:55,KEDW,101388.5,11.5,9.1,94041.7,285.12,1.14904
2026-03-02 14:55,KEDW,101456.2,10.5,7.7,94104.5,284.12,1.15385
2026-03-02 15:55,KEDW,101523.9,14.6,6.9,94167.3,288.22,1.13820
2026-03-02 16:55,KEDW,101523.9,16.6,5.5,94167.3,290.22,1.13035
2026-03-02 17:55,KEDW,101523.9,18.2,4.4,94167.3,291.82,1.12415
2026-03-02 18:55,KEDW,101490.1,19.1,4.1,94135.9,292.72,1.12032
2026-03-02 19:55,KEDW,101456.2,19.7,4.2,94104.5,293.32,1.11766
2026-03-02 20:55,KEDW,101388.5,20.4,4.0,94041.7,294.02,1.11425
2026-03-02 21:55,KEDW,101320.8,20.7,2.0,93978.9,294.32,1.11238
2026-03-02 22:55,KEDW,101286.9,20.5,-0.2,93947.5,294.12,1.11276
2026-03-02 23:55,KEDW,101286.9,19.7,-0.4,93947.5,293.32,1.11579
2026-03-03 00:55,KEDW,101286.9,18.5,-1.4,93947.5,292.12,1.12038
2026-03-03 01:55,KEDW,101354.6,15.1,1.2,94010.3,288.72,1.13433
2026-03-03 02:55,KEDW,101354.6,13.0,2.2,94010.3,286.62,1.14264
2026-03-03 03:55,KEDW,101422.4,12.1,3.1,94073.1,285.72,1.14701
2026-03-03 04:55,KEDW,101456.2,9.8,4.2,94104.5,283.42,1.15670
2026-03-03 05:55,KEDW,101523.9,8.9,4.5,94167.3,282.52,1.16116
2026-03-03 06:55,KEDW,101557.8,7.9,4.1,94198.7,281.52,1.16567
2026-03-03 07:55,KEDW,101557.8,7.9,3.9,94198.7,281.52,1.16567
2026-03-03 08:55,KEDW,101625.5,6.6,3.2,94261.6,280.22,1.17186
2026-03-03 09:55,KEDW,101625.5,5.9,2.7,94261.6,279.52,1.17480
2026-03-03 11:55,KEDW,101625.5,4.1,1.8,94261.6,277.72,1.18241
2026-03-03 12:55,KEDW,101693.3,4.5,2.0,94324.4,278.12,1.18150
2026-03-03 13:55,KEDW,101727.1,3.9,1.4,94355.8,277.52,1.18445
2026-03-03 14:55,KEDW,101828.7,4.3,1.5,94450.0,277.92,1.18392
2026-03-03 15:55,KEDW,101896.4,5.8,2.1,94512.8,279.42,1.17835
2026-03-03 16:55,KEDW,101930.3,8.5,3.3,94544.2,282.12,1.16746
2026-03-03 17:55,KEDW,101964.2,12.2,3.9,94575.7,285.82,1.15273
2026-03-03 18:55,KEDW,101964.2,15.2,3.0,94575.7,288.82,1.14076
2026-03-03 19:55,KEDW,101896.4,18.0,1.1,94512.8,291.62,1.12905
2026-03-03 20:55,KEDW,101828.7,20.6,0.4,94450.0,294.22,1.11833
2026-03-03 21:55,KEDW,101761.0,21.7,0.2,94387.2,295.32,1.11343
2026-03-03 22:55,KEDW,101693.3,22.1,0.0,94324.4,295.72,1.11118
2026-03-03 23:55,KEDW,101659.4,22.0,-1.3,94293.0,295.62,1.11118
2026-03-04 00:55,KEDW,101625.5,22.2,-1.8,94261.6,295.82,1.11006
2026-03-04 01:55,KEDW,101625.5,19.5,1.0,94261.6,293.12,1.12029
2026-03-04 02:55,KEDW,101659.4,16.5,2.1,94293.0,290.12,1.13225
2026-03-04 03:55,KEDW,101693.3,14.8,1.3,94324.4,288.42,1.13930
2026-03-04 04:55,KEDW,101693.3,11.0,3.1,94324.4,284.62,1.15451
2026-03-04 05:55,KEDW,101727.1,11.1,2.7,94355.8,284.72,1.15449
2026-03-04 06:55,KEDW,101727.1,8.1,3.2,94355.8,281.72,1.16679
2026-03-04 07:55,KEDW,101727.1,6.9,2.6,94355.8,280.52,1.17178
2026-03-04 08:55,KEDW,101727.1,5.6,2.1,94355.8,279.22,1.17723
2026-03-04 09:55,KEDW,101693.3,5.9,2.2,94324.4,279.52,1.17558
2026-03-04 10:55,KEDW,101659.4,4.2,1.4,94293.0,277.82,1.18238
2026-03-04 11:55,KEDW,101625.5,3.8,1.2,94261.6,277.42,1.18369
2026-03-04 12:55,KEDW,101659.4,2.3,0.2,94293.0,275.92,1.19052
2026-03-04 13:55,KEDW,101659.4,2.3,-0.3,94293.0,275.92,1.19052
2026-03-04 14:55,KEDW,101693.3,4.4,1.3,94324.4,278.02,1.18192
2026-03-04 15:55,KEDW,101727.1,7.0,2.1,94355.8,280.62,1.17136
2026-03-04 16:55,KEDW,101727.1,11.1,4.5,94355.8,284.72,1.15449
2026-03-04 17:55,KEDW,101659.4,15.5,6.5,94293.0,289.12,1.13617
2026-03-04 18:55,KEDW,101591.7,19.3,5.7,94230.1,292.92,1.12068
2026-03-04 19:55,KEDW,101523.9,21.6,3.7,94167.3,295.22,1.11121
2026-03-04 20:55,KEDW,101456.2,21.3,4.8,94104.5,294.92,1.11160
2026-03-04 21:55,KEDW,101388.5,21.1,2.8,94041.7,294.72,1.11161
2026-03-04 22:55,KEDW,101320.8,21.0,4.0,93978.9,294.62,1.11124
2026-03-04 23:55,KEDW,101286.9,18.4,4.6,93947.5,292.02,1.12076
2026-03-05 00:55,KEDW,101286.9,17.4,4.7,93947.5,291.02,1.12461
2026-03-05 01:55,KEDW,101320.8,15.8,5.1,93978.9,289.42,1.13121
2026-03-05 02:55,KEDW,101286.9,15.0,4.9,93947.5,288.62,1.13396
2026-03-05 03:55,KEDW,101320.8,14.2,4.5,93978.9,287.82,1.13750
2026-03-05 04:55,KEDW,101354.6,13.5,4.9,94010.3,287.12,1.14065
2026-03-05 05:55,KEDW,101354.6,13.8,4.9,94010.3,287.42,1.13946
2026-03-05 06:55,KEDW,101354.6,13.6,4.7,94010.3,287.22,1.14025
2026-03-05 07:55,KEDW,101422.4,13.2,3.8,94073.1,286.82,1.14261
2026-03-05 08:55,KEDW,101422.4,12.6,2.4,94073.1,286.22,1.14500
2026-03-05 09:55,KEDW,101422.4,11.7,0.2,94073.1,285.32,1.14861
2026-03-05 10:55,KEDW,101388.5,11.1,0.2,94041.7,284.72,1.15065
2026-03-05 11:55,KEDW,101354.6,10.3,-0.2,94010.3,283.92,1.15351
2026-03-05 12:55,KEDW,101388.5,9.3,-0.1,94041.7,282.92,1.15797
2026-03-05 14:55,KEDW,101490.1,8.9,0.1,94135.9,282.52,1.16077
2026-03-05 15:55,KEDW,101591.7,10.5,0.5,94230.1,284.12,1.15539
2026-03-05 16:55,KEDW,101659.4,12.4,-2.6,94293.0,286.02,1.14848
2026-03-05 17:55,KEDW,101693.3,14.6,-3.7,94324.4,288.22,1.14009
2026-03-05 18:55,KEDW,101659.4,15.5,-4.5,94293.0,289.12,1.13617
2026-03-05 19:55,KEDW,101625.5,16.7,-7.1,94261.6,290.32,1.13109
2026-03-05 20:55,KEDW,101557.8,18.4,-11.5,94198.7,292.02,1.12376
2026-03-05 21:55,KEDW,101456.2,18.8,-13.5,94104.5,292.42,1.12110
2026-03-05 22:55,KEDW,101388.5,19.2,-13.2,94041.7,292.82,1.11882
2026-03-05 23:55,KEDW,101354.6,18.8,-14.8,94010.3,292.42,1.11998
2026-03-06 00:55,KEDW,101388.5,16.8,-0.4,94041.7,290.42,1.12807
2026-03-06 01:55,KEDW,101422.4,13.8,0.4,94073.1,287.42,1.14022
2026-03-06 02:55,KEDW,101490.1,11.7,0.2,94135.9,285.32,1.14938
2026-03-06 03:55,KEDW,101591.7,9.9,-0.3,94230.1,283.52,1.15784
2026-03-06 04:55,KEDW,101625.5,8.3,0.0,94261.6,281.92,1.16480
2026-03-06 05:55,KEDW,101693.3,6.9,0.1,94324.4,280.52,1.17139
2026-03-06 06:55,KEDW,101727.1,4.5,-0.5,94355.8,278.12,1.18189
2026-03-06 07:55,KEDW,101727.1,3.5,-0.7,94355.8,277.12,1.18616
2026-03-06 08:55,KEDW,101727.1,4.1,-0.7,94355.8,277.72,1.18359
2026-03-06 09:55,KEDW,101761.0,2.2,-2.0,94387.2,275.82,1.19214
2026-03-06 10:55,KEDW,101761.0,2.2,-2.7,94387.2,275.82,1.19214
2026-03-06 11:55,KEDW,101828.7,1.0,-3.1,94450.0,274.62,1.19815
2026-03-06 12:55,KEDW,101862.6,0.9,-2.9,94481.4,274.52,1.19898
2026-03-06 13:55,KEDW,101896.4,0.2,-3.2,94512.8,273.82,1.20245
2026-03-06 14:55,KEDW,101930.3,1.1,-2.7,94544.2,274.72,1.19891
2026-03-06 15:55,KEDW,101964.2,4.1,-2.3,94575.7,277.72,1.18635
2026-03-06 16:55,KEDW,101964.2,8.4,-1.2,94575.7,282.02,1.16826
2026-03-06 17:55,KEDW,101998.0,10.6,-1.5,94607.1,284.22,1.15960
2026-03-06 18:55,KEDW,101998.0,14.3,-6.6,94607.1,287.92,1.14470
2026-03-06 19:55,KEDW,101930.3,15.6,-8.7,94544.2,289.22,1.13880
2026-03-06 20:55,KEDW,101862.6,16.6,-8.6,94481.4,290.22,1.13412
2026-03-06 21:55,KEDW,101761.0,17.2,-10.6,94387.2,290.82,1.13065
2026-03-06 22:55,KEDW,101727.1,17.7,-10.2,94355.8,291.32,1.12834
2026-03-06 23:55,KEDW,101693.3,18.6,-12.5,94324.4,292.22,1.12449
2026-03-07 00:55,KEDW,101659.4,17.8,-12.0,94293.0,291.42,1.12720
2026-03-07 01:55,KEDW,101727.1,14.4,-7.1,94355.8,288.02,1.14127
2026-03-07 02:55,KEDW,101761.0,9.8,-4.6,94387.2,283.42,1.16018
2026-03-07 03:55,KEDW,101794.9,9.4,-2.2,94418.6,283.02,1.16220
2026-03-07 04:55,KEDW,101828.7,6.0,-2.9,94450.0,279.62,1.17672
2026-03-07 05:55,KEDW,101862.6,4.7,-2.9,94481.4,278.32,1.18261
2026-03-07 06:55,KEDW,101896.4,4.6,-2.7,94512.8,278.22,1.18343
2026-03-07 07:55,KEDW,101896.4,4.3,-0.9,94512.8,277.92,1.18471
2026-03-07 08:55,KEDW,101896.4,6.8,-5.2,94512.8,280.42,1.17415
2026-03-07 09:55,KEDW,101862.6,10.0,-8.6,94481.4,283.62,1.16051
2026-03-07 10:55,KEDW,101828.7,8.2,-7.5,94450.0,281.82,1.16754
2026-03-07 11:55,KEDW,101794.9,8.0,-8.1,94418.6,281.62,1.16798
2026-03-07 12:55,KEDW,101862.6,8.4,-7.8,94481.4,282.02,1.16710
2026-03-07 13:55,KEDW,101930.3,8.1,-8.0,94544.2,281.72,1.16912
2026-03-07 14:55,KEDW,101930.3,9.9,-9.2,94544.2,283.52,1.16170
2026-03-07 15:55,KEDW,101998.0,11.5,-6.9,94607.1,285.12,1.15594
2026-03-07 16:55,KEDW,102031.9,14.5,-8.2,94638.5,288.12,1.14429
2026-03-07 17:55,KEDW,102031.9,16.0,-9.8,94638.5,289.62,1.13836
2026-03-07 18:55,KEDW,102065.8,17.3,-10.5,94669.9,290.92,1.13365
2026-03-07 19:55,KEDW,102031.9,18.2,-9.8,94638.5,291.82,1.12978
2026-03-07 20:55,KEDW,101930.3,18.9,-11.2,94544.2,292.52,1.12595
2026-03-07 21:55,KEDW,101862.6,19.4,-8.8,94481.4,293.02,1.12329
2026-03-07 22:55,KEDW,101828.7,19.5,-11.8,94450.0,293.12,1.12253
2026-03-07 23:55,KEDW,101794.9,19.4,-10.8,94418.6,293.02,1.12254
2026-03-08 00:55,KEDW,101794.9,18.5,-11.5,94418.6,292.12,1.12600
2026-03-08 01:55,KEDW,101794.9,15.5,-9.5,94418.6,289.12,1.13768
2026-03-08 02:55,KEDW,101862.6,13.8,-10.9,94481.4,287.42,1.14517
2026-03-08 03:55,KEDW,101896.4,12.4,-7.1,94512.8,286.02,1.15116
2026-03-08 04:55,KEDW,101896.4,10.0,-6.8,94512.8,283.62,1.16090
2026-03-08 05:55,KEDW,101896.4,8.8,-6.2,94512.8,282.42,1.16583
2026-03-08 06:55,KEDW,101896.4,7.2,-6.5,94512.8,280.82,1.17248
2026-03-08 07:55,KEDW,101896.4,8.5,-8.5,94512.8,282.12,1.16707
2026-03-08 08:55,KEDW,101896.4,8.4,-8.2,94512.8,282.02,1.16749
2026-03-08 09:55,KEDW,101896.4,5.6,-7.6,94512.8,279.22,1.17919
2026-03-08 10:55,KEDW,101896.4,5.0,-7.8,94512.8,278.62,1.18173
2026-03-08 11:55,KEDW,101896.4,4.4,-8.0,94512.8,278.02,1.18428
2026-03-08 12:55,KEDW,101896.4,1.1,-5.4,94512.8,274.72,1.19851
2026-03-08 13:55,KEDW,101896.4,0.7,-5.5,94512.8,274.32,1.20026
2026-03-08 14:55,KEDW,101930.3,3.0,-5.2,94544.2,276.62,1.19067
2026-03-08 15:55,KEDW,101930.3,8.2,-6.4,94544.2,281.82,1.16870
2026-03-08 16:55,KEDW,101930.3,11.5,-7.4,94544.2,285.12,1.15518
2026-03-08 17:55,KEDW,101862.6,15.2,-7.0,94481.4,288.82,1.13962
2026-03-08 18:55,KEDW,101794.9,18.9,-10.1,94418.6,292.52,1.12446
2026-03-08 19:55,KEDW,101693.3,20.2,-10.1,94324.4,293.82,1.11836
2026-03-08 20:55,KEDW,101557.8,21.4,-5.5,94198.7,295.02,1.11233
2026-03-08 21:55,KEDW,101422.4,22.9,-9.2,94073.1,296.52,1.10523
2026-03-08 22:55,KEDW,101320.8,23.9,-10.9,93978.9,297.52,1.10041
2026-03-08 23:55,KEDW,101253.0,24.5,-10.5,93916.0,298.12,1.09746
2026-03-09 00:55,KEDW,101219.2,23.6,-7.5,93884.6,297.22,1.10042
2026-03-09 01:55,KEDW,101219.2,19.8,-6.8,93884.6,293.42,1.11467
2026-03-09 02:55,KEDW,101219.2,16.6,-3.5,93884.6,290.22,1.12696
2026-03-09 03:55,KEDW,101286.9,10.2,-0.3,93947.5,283.82,1.15314
2026-03-09 04:55,KEDW,101286.9,12.0,-0.9,93947.5,285.62,1.14588
2026-03-09 05:55,KEDW,101354.6,9.2,-0.1,94010.3,282.82,1.15799
2026-03-09 06:55,KEDW,101320.8,6.6,-0.4,93978.9,280.22,1.16835
2026-03-09 07:55,KEDW,101320.8,6.0,-0.3,93978.9,279.62,1.17085
2026-03-09 08:55,KEDW,101320.8,4.6,-0.8,93978.9,278.22,1.17675
2026-03-09 09:55,KEDW,101219.2,3.3,-1.1,93884.6,276.92,1.18109
2026-03-09 10:55,KEDW,101151.4,2.8,-1.9,93821.8,276.42,1.18243
2026-03-09 11:55,KEDW,101151.4,2.7,-1.8,93821.8,276.32,1.18286
2026-03-09 12:55,KEDW,101151.4,2.3,-1.5,93821.8,275.92,1.18457
2026-03-09 13:55,KEDW,101185.3,1.9,-1.9,93853.2,275.52,1.18669
2026-03-09 14:55,KEDW,101185.3,2.3,-1.9,93853.2,275.92,1.18497
2026-03-09 15:55,KEDW,101253.0,6.1,-2.0,93916.0,279.72,1.16965
2026-03-09 16:55,KEDW,101253.0,10.9,-1.2,93916.0,284.52,1.14992
2026-03-09 17:55,KEDW,101253.0,13.9,0.2,93916.0,287.52,1.13792
2026-03-09 18:55,KEDW,101185.3,17.9,-1.4,93853.2,291.52,1.12156
2026-03-09 19:55,KEDW,101151.4,21.1,-4.9,93821.8,294.72,1.10901
2026-03-09 20:55,KEDW,101049.8,23.2,-7.8,93727.6,296.82,1.10006
2026-03-09 21:55,KEDW,100982.1,24.0,-6.1,93664.8,297.62,1.09636
2026-03-09 22:55,KEDW,100914.4,25.5,-7.1,93601.9,299.12,1.09013
2026-03-09 23:55,KEDW,100948.3,23.7,-0.6,93633.4,297.32,1.09710
2026-03-10 00:55,KEDW,100982.1,21.6,3.3,93664.8,295.22,1.10528
2026-03-10 02:55,KEDW,101117.6,16.0,7.7,93790.4,289.62,1.12816
2026-03-10 03:55,KEDW,101185.3,14.6,6.2,93853.2,288.22,1.13440
2026-03-10 04:55,KEDW,101253.0,13.6,5.2,93916.0,287.22,1.13911
2026-03-10 05:55,KEDW,101286.9,12.3,4.5,93947.5,285.92,1.14467
2026-03-10 06:55,KEDW,101286.9,11.0,5.3,93947.5,284.62,1.14990
2026-03-10 07:55,KEDW,101253.0,11.7,5.3,93916.0,285.32,1.14670
2026-03-10 08:55,KEDW,101286.9,9.3,4.1,93947.5,282.92,1.15681
2026-03-10 09:55,KEDW,101286.9,9.4,4.4,93947.5,283.02,1.15640
2026-03-10 10:55,KEDW,101253.0,10.7,4.6,93916.0,284.32,1.15073
2026-03-10 11:55,KEDW,101253.0,9.5,4.7,93916.0,283.12,1.15561
2026-03-10 12:55,KEDW,101320.8,9.9,4.7,93978.9,283.52,1.15475
2026-03-10 13:55,KEDW,101354.6,10.3,4.4,94010.3,283.92,1.15351
2026-03-10 14:55,KEDW,101422.4,10.5,4.4,94073.1,284.12,1.15347
2026-03-10 15:55,KEDW,101490.1,14.8,5.6,94135.9,288.42,1.13703
2026-03-10 16:55,KEDW,101557.8,17.9,6.4,94198.7,291.52,1.12569
2026-03-10 17:55,KEDW,101591.7,20.5,6.1,94230.1,294.12,1.11611
2026-03-10 18:55,KEDW,101557.8,22.5,5.4,94198.7,296.12,1.10820
2026-03-10 19:55,KEDW,101557.8,24.1,4.4,94198.7,297.72,1.10224
2026-03-10 20:55,KEDW,101490.1,24.4,5.7,94135.9,298.02,1.10040
2026-03-10 21:55,KEDW,101490.1,25.1,3.1,94135.9,298.72,1.09782
2026-03-10 22:55,KEDW,101456.2,24.4,2.5,94104.5,298.02,1.10003
2026-03-10 23:55,KEDW,101557.8,24.0,3.8,94198.7,297.62,1.10261
2026-03-11 00:55,KEDW,101557.8,21.7,2.9,94198.7,295.32,1.11120
2026-03-11 01:55,KEDW,101693.3,19.3,5.0,94324.4,292.92,1.12180
2026-03-11 02:55,KEDW,101794.9,18.6,4.4,94418.6,292.22,1.12561
2026-03-11 03:55,KEDW,101828.7,17.3,5.9,94450.0,290.92,1.13102
2026-03-11 04:55,KEDW,101896.4,16.2,5.8,94512.8,289.82,1.13607
2026-03-11 05:55,KEDW,101998.0,15.0,6.0,94607.1,288.62,1.14193
2026-03-11 06:55,KEDW,102031.9,15.1,6.4,94638.5,288.72,1.14191
2026-03-11 07:55,KEDW,102099.6,13.1,6.2,94701.3,286.72,1.15064
2026-03-11 08:55,KEDW,102133.5,11.5,6.2,94732.7,285.12,1.15748
2026-03-11 09:55,KEDW,102201.2,10.5,6.6,94795.5,284.12,1.16232
2026-03-11 10:55,KEDW,102201.2,9.1,6.0,94795.5,282.72,1.16808
2026-03-11 11:55,KEDW,102235.1,8.2,5.1,94826.9,281.82,1.17220
2026-03-11 12:55,KEDW,102302.8,7.1,4.7,94889.8,280.72,1.17757
2026-03-11 13:55,KEDW,102370.5,7.1,4.2,94952.6,280.72,1.17835
2026-03-11 14:55,KEDW,102438.3,7.4,4.5,95015.4,281.02,1.17787
2026-03-11 15:55,KEDW,102539.9,10.6,5.8,95109.6,284.22,1.16576
2026-03-11 16:55,KEDW,102607.6,12.7,6.7,95172.4,286.32,1.15798
2026-03-11 17:55,KEDW,102607.6,17.1,8.0,95172.4,290.72,1.14045
2026-03-11 18:55,KEDW,102607.6,20.0,7.7,95172.4,293.62,1.12919
2026-03-11 19:55,KEDW,102573.7,22.5,5.8,95141.0,296.12,1.11929
2026-03-11 20:55,KEDW,102506.0,23.7,5.1,95078.2,297.32,1.11403
2026-03-11 21:55,KEDW,102438.3,25.4,0.8,95015.4,299.02,1.10697
2026-03-11 22:55,KEDW,102404.4,25.8,0.4,94984.0,299.42,1.10512
2026-03-11 23:55,KEDW,102370.5,26.1,-1.7,94952.6,299.72,1.10365
2026-03-12 00:55,KEDW,102370.5,25.9,-3.7,94952.6,299.52,1.10439
2026-03-12 01:55,KEDW,102370.5,22.7,5.6,94952.6,296.32,1.11631
2026-03-12 02:55,KEDW,102404.4,19.4,7.2,94984.0,293.02,1.12926
2026-03-12 03:55,KEDW,102472.1,17.4,7.2,95046.8,291.02,1.13777
2026-03-12 04:55,KEDW,102539.9,14.3,6.9,95109.6,287.92,1.15078
2026-03-12 05:55,KEDW,102607.6,13.4,6.7,95172.4,287.02,1.15515
2026-03-12 06:55,KEDW,102641.5,10.9,5.6,95203.9,284.52,1.16569
2026-03-12 07:55,KEDW,102607.6,9.1,5.1,95172.4,282.72,1.17272
2026-03-12 08:55,KEDW,102607.6,8.3,4.9,95172.4,281.92,1.17605
2026-03-12 09:55,KEDW,102573.7,7.8,4.9,95141.0,281.42,1.17775
2026-03-12 10:55,KEDW,102573.7,7.2,4.3,95141.0,280.82,1.18027
2026-03-12 11:55,KEDW,102607.6,6.8,2.5,95172.4,280.42,1.18234
2026-03-12 12:55,KEDW,102607.6,5.9,2.7,95172.4,279.52,1.18615
2026-03-12 13:55,KEDW,102675.3,4.8,2.2,95235.3,278.42,1.19162
2026-03-12 14:55,KEDW,102709.2,8.0,4.6,95266.7,281.62,1.17847
2026-03-12 15:55,KEDW,102743.0,9.8,4.8,95298.1,283.42,1.17137
2026-03-12 16:55,KEDW,102776.9,12.7,6.1,95329.5,286.32,1.15989
2026-03-12 17:55,KEDW,102709.2,17.5,6.7,95266.7,291.12,1.14001
2026-03-12 18:55,KEDW,102641.5,21.7,5.6,95203.9,295.32,1.12306
2026-03-12 19:55,KEDW,102506.0,24.5,0.1,95078.2,298.12,1.11104
2026-03-12 20:55,KEDW,102370.5,26.1,-0.1,94952.6,299.72,1.10365
2026-03-12 21:55,KEDW,102235.1,27.8,-3.2,94826.9,301.42,1.09597
2026-03-12 22:55,KEDW,102167.4,28.3,-6.3,94764.1,301.92,1.09343
2026-03-12 23:55,KEDW,102099.6,28.2,-7.7,94701.3,301.82,1.09307
2026-03-13 00:55,KEDW,102031.9,27.3,-7.0,94638.5,300.92,1.09561
2026-03-13 01:55,KEDW,102031.9,25.0,0.5,94638.5,298.62,1.10405
2026-03-13 02:55,KEDW,102031.9,22.2,-1.2,94638.5,295.82,1.11450
2026-03-13 03:55,KEDW,102065.8,19.5,6.6,94669.9,293.12,1.12514
2026-03-13 04:55,KEDW,102099.6,15.1,6.9,94701.3,288.72,1.14267
2026-03-13 05:55,KEDW,102099.6,13.4,7.2,94701.3,287.02,1.14944
2026-03-13 06:55,KEDW,102099.6,11.3,5.8,94701.3,284.92,1.15791
2026-03-13 07:55,KEDW,102065.8,9.9,5.1,94669.9,283.52,1.16324
2026-03-13 08:55,KEDW,102065.8,8.5,4.3,94669.9,282.12,1.16901
2026-03-13 09:55,KEDW,101964.2,8.8,4.8,94575.7,282.42,1.16661
2026-03-13 10:55,KEDW,101930.3,6.4,2.8,94544.2,280.02,1.17622
2026-03-13 11:55,KEDW,101930.3,5.7,2.5,94544.2,279.32,1.17916
2026-03-13 12:55,KEDW,101964.2,7.0,2.9,94575.7,280.62,1.17409
2026-03-13 13:55,KEDW,101964.2,5.7,2.0,94575.7,279.32,1.17956
2026-03-13 14:55,KEDW,101998.0,8.4,3.2,94607.1,282.02,1.16865
2026-03-13 15:55,KEDW,101998.0,10.1,4.0,94607.1,283.72,1.16165
2026-03-13 16:55,KEDW,102031.9,13.3,4.4,94638.5,286.92,1.14907
2026-03-13 17:55,KEDW,101998.0,18.7,4.1,94607.1,292.32,1.12747
2026-03-13 18:55,KEDW,101930.3,22.0,4.5,94544.2,295.62,1.11415
2026-03-13 20:55,KEDW,101761.0,26.4,-2.3,94387.2,300.02,1.09598
2026-03-13 21:55,KEDW,101625.5,27.9,-5.3,94261.6,301.52,1.08908
2026-03-13 23:55,KEDW,101490.1,28.1,-4.0,94135.9,301.72,1.08691
2026-03-14 00:55,KEDW,101422.4,26.3,0.8,94073.1,299.92,1.09270
2026-03-14 02:55,KEDW,101456.2,22.4,5.8,94104.5,296.02,1.10747
2026-03-14 04:55,KEDW,101490.1,15.5,8.5,94135.9,289.12,1.13427
2026-03-14 06:55,KEDW,101490.1,14.0,7.7,94135.9,287.62,1.14019
2026-03-14 07:55,KEDW,101456.2,12.3,7.4,94104.5,285.92,1.14659
2026-03-14 08:55,KEDW,101388.5,10.5,6.3,94041.7,284.12,1.15308
2026-03-14 10:55,KEDW,101320.8,9.2,4.8,93978.9,282.82,1.15761
2026-03-14 11:55,KEDW,101320.8,16.5,3.9,93978.9,290.12,1.12848
2026-03-14 12:55,KEDW,101320.8,13.9,4.2,93978.9,287.52,1.13868
2026-03-14 13:55,KEDW,101320.8,11.9,5.5,93978.9,285.52,1.14666
2026-03-14 14:55,KEDW,101354.6,13.4,5.1,94010.3,287.02,1.14105
2026-03-14 15:55,KEDW,101422.4,15.5,6.2,94073.1,289.12,1.13352
2026-03-14 16:55,KEDW,101422.4,20.7,5.9,94073.1,294.32,1.11349
2026-03-14 17:55,KEDW,101422.4,23.6,3.5,94073.1,297.22,1.10263
2026-03-14 18:55,KEDW,101388.5,24.3,5.6,94041.7,297.92,1.09967
2026-03-14 19:55,KEDW,101320.8,27.5,1.8,93978.9,301.12,1.08725
2026-03-14 20:55,KEDW,101253.0,28.7,-0.5,93916.0,302.32,1.08222
2026-03-14 21:55,KEDW,101117.6,27.6,1.9,93790.4,301.22,1.08471
2026-03-14 22:55,KEDW,101219.2,27.8,0.5,93884.6,301.42,1.08508
2026-03-14 23:55,KEDW,101219.2,26.6,1.8,93884.6,300.22,1.08942
2026-03-15 00:55,KEDW,101253.0,24.5,3.7,93916.0,298.12,1.09746
2026-03-15 01:55,KEDW,101219.2,22.4,4.0,93884.6,296.02,1.10488
2026-03-15 02:55,KEDW,101286.9,20.5,4.5,93947.5,294.12,1.11276
2026-03-15 03:55,KEDW,101354.6,19.1,4.1,94010.3,292.72,1.11883
2026-03-15 04:55,KEDW,101422.4,17.4,4.7,94073.1,291.02,1.12612
2026-03-15 05:55,KEDW,101456.2,16.1,4.5,94104.5,289.72,1.13155
2026-03-15 06:55,KEDW,101490.1,15.2,3.7,94135.9,288.82,1.13545
2026-03-15 07:55,KEDW,101523.9,13.8,4.1,94167.3,287.42,1.14136
2026-03-15 08:55,KEDW,101557.8,12.7,4.6,94198.7,286.32,1.14613
2026-03-15 09:55,KEDW,101557.8,11.3,4.3,94198.7,284.92,1.15176
2026-03-15 10:55,KEDW,101557.8,9.8,4.4,94198.7,283.42,1.15786
2026-03-15 11:55,KEDW,101591.7,9.0,3.8,94230.1,282.62,1.16152
2026-03-15 12:55,KEDW,101659.4,7.3,3.5,94293.0,280.92,1.16933
2026-03-15 13:55,KEDW,101761.0,8.0,3.6,94387.2,281.62,1.16759
2026-03-15 14:55,KEDW,101828.7,9.2,4.2,94450.0,282.82,1.16341
2026-03-15 15:55,KEDW,101930.3,12.0,5.4,94544.2,285.62,1.15315
2026-03-15 16:55,KEDW,101964.2,18.0,5.9,94575.7,291.62,1.12980
2026-03-15 17:55,KEDW,101998.0,20.1,6.1,94607.1,293.72,1.12210
2026-03-15 18:55,KEDW,101964.2,22.4,3.0,94575.7,296.02,1.11301
2026-03-15 19:55,KEDW,101896.4,25.0,1.8,94512.8,298.62,1.10259
2026-03-15 20:55,KEDW,101828.7,26.5,1.7,94450.0,300.12,1.09635
2026-03-15 21:55,KEDW,101727.1,27.9,-3.1,94355.8,301.52,1.09017
2026-03-15 22:55,KEDW,101659.4,29.2,-8.5,94293.0,302.82,1.08476
2026-03-15 23:55,KEDW,101625.5,29.5,-10.0,94261.6,303.12,1.08333
2026-03-16 00:55,KEDW,101625.5,28.8,-5.9,94261.6,302.42,1.08584
2026-03-16 01:55,KEDW,101625.5,25.3,2.0,94261.6,298.92,1.09855
2026-03-16 02:55,KEDW,101659.4,21.5,2.2,94293.0,295.12,1.11307
2026-03-16 03:55,KEDW,101693.3,17.2,4.5,94324.4,290.82,1.12990
2026-03-16 04:55,KEDW,101761.0,14.8,3.0,94387.2,288.42,1.14006
2026-03-16 05:55,KEDW,101828.7,15.3,5.8,94450.0,288.92,1.13885
2026-03-16 06:55,KEDW,101862.6,12.6,6.0,94481.4,286.22,1.14997
2026-03-16 07:55,KEDW,101896.4,10.7,5.0,94512.8,284.32,1.15804
2026-03-16 08:55,KEDW,101896.4,11.2,5.1,94512.8,284.82,1.15601
2026-03-16 09:55,KEDW,101896.4,9.3,5.3,94512.8,282.92,1.16377
2026-03-16 10:55,KEDW,101862.6,9.1,4.5,94481.4,282.72,1.16421
2026-03-16 11:55,KEDW,101896.4,8.5,2.9,94512.8,282.12,1.16707
2026-03-16 12:55,KEDW,101896.4,7.4,3.1,94512.8,281.02,1.17164
2026-03-16 13:55,KEDW,101930.3,7.4,3.4,94544.2,281.02,1.17203
2026-03-16 14:55,KEDW,101998.0,9.1,4.5,94607.1,282.72,1.16576
2026-03-16 15:55,KEDW,102065.8,12.5,2.6,94669.9,286.12,1.15267
2026-03-16 16:55,KEDW,102099.6,15.2,4.0,94701.3,288.82,1.14227
2026-03-16 17:55,KEDW,102099.6,19.6,4.9,94701.3,293.22,1.12513
2026-03-16 18:55,KEDW,102031.9,22.6,0.4,94638.5,296.22,1.11300
2026-03-16 19:55,KEDW,101930.3,26.9,-2.9,94544.2,300.52,1.09598
2026-03-16 20:55,KEDW,101794.9,28.2,-2.8,94418.6,301.82,1.08981
2026-03-16 21:55,KEDW,101727.1,29.3,-4.2,94355.8,302.92,1.08513
2026-03-16 22:55,KEDW,101659.4,30.1,-3.6,94293.0,303.72,1.08155
2026-03-16 23:55,KEDW,101625.5,30.3,-3.5,94261.6,303.92,1.08048
2026-03-17 00:55,KEDW,101625.5,29.5,-2.9,94261.6,303.12,1.08333
2026-03-17 01:55,KEDW,101625.5,26.2,1.5,94261.6,299.82,1.09525
2026-03-17 02:55,KEDW,101659.4,23.4,1.1,94293.0,297.02,1.10595
2026-03-17 03:55,KEDW,101727.1,19.6,2.9,94355.8,293.22,1.12103
2026-03-17 04:55,KEDW,101794.9,16.4,4.4,94418.6,290.02,1.13415
2026-03-17 05:55,KEDW,101794.9,17.6,3.8,94418.6,291.22,1.12948
2026-03-17 06:55,KEDW,101828.7,15.3,4.9,94450.0,288.92,1.13885
2026-03-17 07:55,KEDW,101828.7,13.4,3.7,94450.0,287.02,1.14639
2026-03-17 08:55,KEDW,101828.7,12.5,4.0,94450.0,286.12,1.14999
2026-03-17 09:55,KEDW,101794.9,11.8,4.8,94418.6,285.42,1.15243
2026-03-17 10:55,KEDW,101761.0,10.8,4.9,94387.2,284.42,1.15610
2026-03-17 11:55,KEDW,101794.9,9.6,4.8,94418.6,283.22,1.16138
2026-03-17 12:55,KEDW,101828.7,9.2,4.2,94450.0,282.82,1.16341
2026-03-17 13:55,KEDW,101862.6,8.1,3.6,94481.4,281.72,1.16834
2026-03-17 14:55,KEDW,101930.3,9.9,3.0,94544.2,283.52,1.16170
2026-03-17 15:55,KEDW,101998.0,12.4,3.3,94607.1,286.02,1.15231
2026-03-17 16:55,KEDW,101998.0,18.6,4.4,94607.1,292.22,1.12786
2026-03-17 17:55,KEDW,101964.2,21.3,5.6,94575.7,294.92,1.11716
2026-03-17 19:55,KEDW,101896.4,28.5,-0.7,94512.8,302.12,1.08981
2026-03-17 20:55,KEDW,101761.0,30.6,-1.0,94387.2,304.22,1.08085
2026-03-17 22:55,KEDW,101625.5,32.2,-2.0,94261.6,305.82,1.07377
2026-03-17 23:55,KEDW,101557.8,32.2,-0.8,94198.7,305.82,1.07305
2026-03-18 00:55,KEDW,101523.9,31.8,-1.1,94167.3,305.42,1.07410
2026-03-18 01:55,KEDW,101523.9,27.7,4.0,94167.3,301.32,1.08871
2026-03-18 02:55,KEDW,101557.8,25.8,3.1,94198.7,299.42,1.09599
2026-03-18 03:55,KEDW,101625.5,21.1,5.4,94261.6,294.72,1.11421
2026-03-18 04:55,KEDW,101727.1,20.4,5.2,94355.8,294.02,1.11798
2026-03-18 05:55,KEDW,101794.9,17.0,5.9,94418.6,290.62,1.13181
2026-03-18 06:55,KEDW,101828.7,15.2,6.7,94450.0,288.82,1.13924
2026-03-18 07:55,KEDW,101828.7,13.2,6.3,94450.0,286.82,1.14719
2026-03-18 08:55,KEDW,101828.7,12.3,7.0,94450.0,285.92,1.15080
2026-03-18 09:55,KEDW,101828.7,12.6,6.6,94450.0,286.22,1.14959
2026-03-18 10:55,KEDW,101828.7,12.0,5.2,94450.0,285.62,1.15200
2026-03-18 11:55,KEDW,101828.7,11.4,5.1,94450.0,285.02,1.15443
2026-03-18 12:55,KEDW,101862.6,11.0,5.5,94481.4,284.62,1.15644
2026-03-18 13:55,KEDW,101930.3,8.7,4.7,94544.2,282.32,1.16663
2026-03-18 14:55,KEDW,101964.2,12.2,6.0,94575.7,285.82,1.15273
2026-03-18 15:55,KEDW,102031.9,14.5,4.8,94638.5,288.12,1.14429
2026-03-18 16:55,KEDW,102099.6,19.1,6.2,94701.3,292.72,1.12705
2026-03-18 17:55,KEDW,102099.6,22.6,5.5,94701.3,296.22,1.11374
2026-03-18 18:55,KEDW,102031.9,26.2,4.0,94638.5,299.82,1.09963
2026-03-18 19:55,KEDW,101964.2,30.3,4.8,94575.7,303.92,1.08408
2026-03-18 20:55,KEDW,101896.4,32.4,2.4,94512.8,306.02,1.07592
2026-03-18 21:55,KEDW,101828.7,33.4,-1.1,94450.0,307.02,1.07171
2026-03-18 22:55,KEDW,101794.9,33.4,-7.1,94418.6,307.02,1.07135
2026-03-18 23:55,KEDW,101727.1,34.0,-8.7,94355.8,307.62,1.06855
2026-03-19 00:55,KEDW,101727.1,33.9,-3.4,94355.8,307.52,1.06890
2026-03-19 01:55,KEDW,101727.1,28.0,-1.0,94355.8,301.62,1.08981
2026-03-19 02:55,KEDW,101794.9,26.9,-1.1,94418.6,300.52,1.09452
2026-03-19 03:55,KEDW,101862.6,22.0,5.4,94481.4,295.62,1.11341
2026-03-19 04:55,KEDW,101930.3,20.5,9.4,94544.2,294.12,1.11983
2026-03-19 05:55,KEDW,101998.0,18.5,8.7,94607.1,292.12,1.12824
2026-03-19 06:55,KEDW,101998.0,18.5,6.7,94607.1,292.12,1.12824
2026-03-19 07:55,KEDW,101964.2,15.5,6.8,94575.7,289.12,1.13957
2026-03-19 08:55,KEDW,101998.0,14.4,7.4,94607.1,288.02,1.14431
2026-03-19 09:55,KEDW,101964.2,14.0,7.7,94575.7,287.62,1.14552
2026-03-19 12:55,KEDW,101964.2,11.4,5.9,94575.7,285.02,1.15597
2026-03-19 13:55,KEDW,102031.9,11.2,6.3,94638.5,284.82,1.15755
2026-03-19 14:55,KEDW,102099.6,12.9,6.7,94701.3,286.52,1.15144
2026-03-19 15:55,KEDW,102201.2,15.8,7.3,94795.5,289.42,1.14104
2026-03-19 16:55,KEDW,102201.2,19.5,7.6,94795.5,293.12,1.12664
2026-03-19 17:55,KEDW,102201.2,24.5,7.6,94795.5,298.12,1.10774
2026-03-19 18:55,KEDW,102133.5,27.9,5.4,94732.7,301.52,1.09452
2026-03-19 19:55,KEDW,102065.8,29.4,4.1,94669.9,303.02,1.08838
2026-03-19 20:55,KEDW,101964.2,30.7,1.1,94575.7,304.32,1.08265
2026-03-19 21:55,KEDW,101862.6,32.7,-4.3,94481.4,306.32,1.07451
2026-03-19 22:55,KEDW,101794.9,33.9,-6.8,94418.6,307.52,1.06961
2026-03-19 23:55,KEDW,101727.1,33.8,-5.1,94355.8,307.42,1.06924
2026-03-20 00:55,KEDW,101727.1,33.9,-0.7,94355.8,307.52,1.06890
2026-03-20 01:55,KEDW,101727.1,29.7,5.0,94355.8,303.32,1.08370
2026-03-20 02:55,KEDW,101727.1,27.5,4.5,94355.8,301.12,1.09162
2026-03-20 03:55,KEDW,101794.9,22.9,6.6,94418.6,296.52,1.10929
2026-03-20 04:55,KEDW,101828.7,19.2,8.5,94450.0,292.82,1.12368
2026-03-20 05:55,KEDW,101862.6,17.6,10.0,94481.4,291.22,1.13023
2026-03-20 06:55,KEDW,101896.4,16.2,9.8,94512.8,289.82,1.13607
2026-03-20 07:55,KEDW,101896.4,15.2,9.5,94512.8,288.82,1.14000
2026-03-20 08:55,KEDW,101896.4,13.0,8.3,94512.8,286.62,1.14875
2026-03-20 09:55,KEDW,101862.6,13.1,8.2,94481.4,286.72,1.14797
2026-03-20 10:55,KEDW,101828.7,12.8,7.9,94450.0,286.42,1.14879
2026-03-20 11:55,KEDW,101828.7,12.7,7.4,94450.0,286.32,1.14919
2026-03-20 12:55,KEDW,101828.7,10.5,6.6,94450.0,284.12,1.15809
2026-03-20 13:55,KEDW,101862.6,10.5,4.6,94481.4,284.12,1.15847
2026-03-20 14:55,KEDW,101896.4,12.0,6.3,94512.8,285.62,1.15277
2026-03-20 15:55,KEDW,101930.3,16.2,8.7,94544.2,289.82,1.13644
2026-03-20 16:55,KEDW,101930.3,20.1,9.3,94544.2,293.72,1.12135
2026-03-20 17:55,KEDW,101896.4,23.6,8.0,94512.8,297.22,1.10778
2026-03-20 18:55,KEDW,101862.6,26.8,8.7,94481.4,300.42,1.09562
2026-03-20 19:55,KEDW,101794.9,30.2,3.2,94418.6,303.82,1.08263
2026-03-20 20:55,KEDW,101659.4,32.9,-0.3,94293.0,306.52,1.07167
2026-03-20 21:55,KEDW,101557.8,34.7,-1.4,94198.7,308.32,1.06435
2026-03-20 22:55,KEDW,101490.1,34.9,-4.3,94135.9,308.52,1.06295
2026-03-20 23:55,KEDW,101422.4,35.3,-2.4,94073.1,308.92,1.06086
2026-03-21 00:55,KEDW,101388.5,34.1,-3.3,94041.7,307.72,1.06465
2026-03-21 01:55,KEDW,101422.4,30.3,0.8,94073.1,303.92,1.07832
2026-03-21 02:55,KEDW,101422.4,26.7,7.7,94073.1,300.32,1.09124
2026-03-21 03:55,KEDW,101490.1,23.7,7.3,94135.9,297.32,1.10299
2026-03-21 04:55,KEDW,101523.9,19.8,7.2,94167.3,293.42,1.11802
2026-03-21 05:55,KEDW,101523.9,17.5,7.8,94167.3,291.12,1.12686
2026-03-21 06:55,KEDW,101490.1,15.9,5.2,94135.9,289.52,1.13271
2026-03-21 07:55,KEDW,101490.1,17.5,3.0,94135.9,291.12,1.12648
2026-03-21 08:55,KEDW,101490.1,14.8,3.6,94135.9,288.42,1.13703
2026-03-21 09:55,KEDW,101490.1,14.6,3.4,94135.9,288.22,1.13782
2026-03-21 10:55,KEDW,101422.4,14.3,3.1,94073.1,287.92,1.13824
2026-03-21 11:55,KEDW,101388.5,12.3,4.0,94041.7,285.92,1.14582
2026-03-21 12:55,KEDW,101422.4,12.1,3.6,94073.1,285.72,1.14701
2026-03-21 13:55,KEDW,101456.2,10.3,3.3,94104.5,283.92,1.15466
2026-03-21 14:55,KEDW,101490.1,13.0,3.4,94135.9,286.62,1.14417
2026-03-21 15:55,KEDW,101523.9,15.5,4.2,94167.3,289.12,1.13465
2026-03-21 16:55,KEDW,101557.8,20.3,4.3,94198.7,293.92,1.11650
2026-03-21 17:55,KEDW,101523.9,28.2,2.4,94167.3,301.82,1.08691
2026-03-21 18:55,KEDW,101456.2,30.7,-2.0,94104.5,304.32,1.07726
2026-03-21 19:55,KEDW,101388.5,32.3,-6.2,94041.7,305.92,1.07091
2026-03-21 20:55,KEDW,101320.8,32.8,-5.8,93978.9,306.42,1.06845
2026-03-21 21:55,KEDW,101253.0,33.1,-4.0,93916.0,306.72,1.06669
2026-03-21 22:55,KEDW,101219.2,32.4,-0.7,93884.6,306.02,1.06877
2026-03-21 23:55,KEDW,101185.3,31.3,-1.5,93853.2,304.92,1.07227
2026-03-22 00:55,KEDW,101219.2,29.5,-0.8,93884.6,303.12,1.07900
2026-03-22 01:55,KEDW,101253.0,26.3,-0.7,93916.0,299.92,1.09088
2026-03-22 02:55,KEDW,101286.9,23.6,2.4,93947.5,297.22,1.10115
2026-03-22 03:55,KEDW,101286.9,21.9,4.9,93947.5,295.52,1.10749
2026-03-22 04:55,KEDW,101320.8,21.4,6.1,93978.9,295.02,1.10974
2026-03-22 05:55,KEDW,101286.9,20.4,6.0,93947.5,294.02,1.11314
2026-03-22 06:55,KEDW,101286.9,18.7,4.8,93947.5,292.32,1.11961
2026-03-22 07:55,KEDW,101286.9,17.9,5.1,93947.5,291.52,1.12268
2026-03-22 08:55,KEDW,101286.9,17.6,6.1,93947.5,291.22,1.12384
2026-03-22 09:55,KEDW,101219.2,16.7,8.9,93884.6,290.32,1.12657
2026-03-22 10:55,KEDW,101219.2,15.6,10.4,93884.6,289.22,1.13086
2026-03-22 11:55,KEDW,101185.3,15.2,10.0,93853.2,288.82,1.13204
2026-03-22 12:55,KEDW,101219.2,14.5,8.7,93884.6,288.12,1.13517
2026-03-22 13:55,KEDW,101286.9,12.3,6.8,93947.5,285.92,1.14467
2026-03-22 14:55,KEDW,101354.6,12.8,7.5,94010.3,286.42,1.14344
2026-03-22 15:55,KEDW,101422.4,16.7,7.9,94073.1,290.32,1.12883
2026-03-22 16:55,KEDW,101422.4,18.2,8.7,94073.1,291.82,1.12303
2026-03-22 17:55,KEDW,101422.4,23.8,9.4,94073.1,297.42,1.10188
2026-03-22 18:55,KEDW,101388.5,26.8,6.2,94041.7,300.42,1.09052
2026-03-22 19:55,KEDW,101320.8,28.8,3.6,93978.9,302.42,1.08258
2026-03-22 20:55,KEDW,101219.2,30.5,1.8,93884.6,304.12,1.07545
2026-03-22 21:55,KEDW,101151.4,30.9,1.2,93821.8,304.52,1.07332
2026-03-22 22:55,KEDW,101117.6,32.6,1.6,93790.4,306.22,1.06700
2026-03-22 23:55,KEDW,101049.8,32.8,0.7,93727.6,306.42,1.06559
2026-03-23 00:55,KEDW,101049.8,32.2,0.3,93727.6,305.82,1.06768
2026-03-23 01:55,KEDW,101049.8,27.5,9.8,93727.6,301.12,1.08435
2026-03-23 02:55,KEDW,101117.6,24.8,9.9,93790.4,298.42,1.09489
2026-03-23 03:55,KEDW,101219.2,21.9,11.0,93884.6,295.52,1.10675
2026-03-23 04:55,KEDW,101320.8,20.9,10.1,93978.9,294.52,1.11162
2026-03-23 05:55,KEDW,101320.8,19.9,8.9,93978.9,293.52,1.11541
2026-03-23 06:55,KEDW,101320.8,18.4,8.6,93978.9,292.02,1.12114
2026-03-23 07:55,KEDW,101286.9,17.4,8.0,93947.5,291.02,1.12461
2026-03-23 08:55,KEDW,101320.8,16.0,7.5,93978.9,289.62,1.13043
2026-03-23 09:55,KEDW,101286.9,15.2,6.7,93947.5,288.82,1.13318
2026-03-23 10:55,KEDW,101253.0,15.1,6.6,93916.0,288.72,1.13319
2026-03-23 11:55,KEDW,101253.0,14.1,6.4,93916.0,287.72,1.13713
2026-03-23 12:55,KEDW,101286.9,12.6,5.0,93947.5,286.22,1.14347
2026-03-23 13:55,KEDW,101354.6,11.2,4.6,94010.3,284.82,1.14986
2026-03-23 14:55,KEDW,101422.4,12.7,6.5,94073.1,286.32,1.14460
2026-03-23 15:55,KEDW,101490.1,15.6,6.6,94135.9,289.22,1.13388
2026-03-23 16:55,KEDW,101523.9,21.1,8.0,94167.3,294.72,1.11309
2026-03-23 17:55,KEDW,101490.1,26.3,9.6,94135.9,299.92,1.09343
2026-03-23 18:55,KEDW,101456.2,28.5,5.9,94104.5,302.12,1.08510
2026-03-23 19:55,KEDW,101388.5,30.2,6.1,94041.7,303.82,1.07831
2026-03-23 20:55,KEDW,101286.9,32.4,5.0,93947.5,306.02,1.06949
2026-03-23 21:55,KEDW,101253.0,32.3,4.9,93916.0,305.92,1.06948
2026-03-23 22:55,KEDW,101219.2,32.9,2.8,93884.6,306.52,1.06703
2026-03-23 23:55,KEDW,101185.3,32.4,3.3,93853.2,306.02,1.06842
2026-03-24 00:55,KEDW,101219.2,30.6,3.6,93884.6,304.22,1.07510
2026-03-24 01:55,KEDW,101253.0,27.1,4.2,93916.0,300.72,1.08797
2026-03-24 02:55,KEDW,101320.8,24.5,2.6,93978.9,298.12,1.09820
2026-03-24 03:55,KEDW,101388.5,21.6,2.8,94041.7,295.22,1.10973
2026-03-24 04:55,KEDW,101422.4,20.6,1.4,94073.1,294.22,1.11387
2026-03-24 05:55,KEDW,101422.4,19.1,0.2,94073.1,292.72,1.11958
2026-03-24 06:55,KEDW,101422.4,18.7,0.3,94073.1,292.32,1.12111
2026-03-24 07:55,KEDW,101456.2,18.5,-0.4,94104.5,292.12,1.12225
2026-03-24 08:55,KEDW,101490.1,17.8,0.0,94135.9,291.42,1.12532
2026-03-24 09:55,KEDW,101456.2,16.4,0.1,94104.5,290.02,1.13038
2026-03-24 10:55,KEDW,101456.2,13.1,1.4,94104.5,286.72,1.14339
2026-03-24 11:55,KEDW,101490.1,13.1,2.0,94135.9,286.72,1.14377
2026-03-24 12:55,KEDW,101523.9,12.2,2.6,94167.3,285.82,1.14775
2026-03-24 13:55,KEDW,101557.8,12.3,2.2,94198.7,285.92,1.14773
2026-03-24 14:55,KEDW,101625.5,15.6,5.5,94261.6,289.22,1.13540
2026-03-24 15:55,KEDW,101625.5,16.2,3.6,94261.6,289.82,1.13304
2026-03-24 16:55,KEDW,101693.3,20.8,6.3,94324.4,294.42,1.11609
2026-03-24 17:55,KEDW,101693.3,24.3,7.0,94324.4,297.92,1.10297
2026-03-24 18:55,KEDW,101659.4,28.0,4.3,94293.0,301.62,1.08908
2026-03-24 19:55,KEDW,101591.7,29.6,6.3,94230.1,303.22,1.08261
2026-03-24 20:55,KEDW,101523.9,31.1,4.7,94167.3,304.72,1.07656
2026-03-24 21:55,KEDW,101422.4,32.6,4.4,94073.1,306.22,1.07022
2026-03-24 22:55,KEDW,101354.6,33.5,2.3,94010.3,307.12,1.06637
2026-03-24 23:55,KEDW,101354.6,33.3,3.1,94010.3,306.92,1.06706
2026-03-25 00:55,KEDW,101354.6,31.0,4.7,94010.3,304.62,1.07512
2026-03-25 01:55,KEDW,101354.6,28.0,6.1,94010.3,301.62,1.08582
2026-03-25 02:55,KEDW,101422.4,25.5,4.0,94073.1,299.12,1.09562
2026-03-25 03:55,KEDW,101456.2,23.1,3.6,94104.5,296.72,1.10485
2026-03-25 04:55,KEDW,101523.9,21.7,3.8,94167.3,295.32,1.11083
2026-03-25 05:55,KEDW,101523.9,21.0,4.1,94167.3,294.62,1.11347
2026-03-25 06:55,KEDW,101523.9,20.8,3.5,94167.3,294.42,1.11423
2026-03-25 07:55,KEDW,101523.9,18.4,5.2,94167.3,292.02,1.12338
2026-03-25 08:55,KEDW,101523.9,17.1,6.6,94167.3,290.72,1.12841
2026-03-25 09:55,KEDW,101490.1,15.8,5.1,94135.9,289.42,1.13310
2026-03-25 10:55,KEDW,101490.1,14.3,5.1,94135.9,287.92,1.13900
2026-03-25 11:55,KEDW,101490.1,13.6,4.7,94135.9,287.22,1.14178
2026-03-25 12:55,KEDW,101490.1,11.9,4.8,94135.9,285.52,1.14858
2026-03-25 13:55,KEDW,101523.9,11.1,3.9,94167.3,284.72,1.15219
2026-03-25 14:55,KEDW,101591.7,14.9,5.4,94230.1,288.52,1.13777
2026-03-25 15:55,KEDW,101591.7,19.3,5.7,94230.1,292.92,1.12068
2026-03-25 16:55,KEDW,101591.7,25.0,5.2,94230.1,298.62,1.09929
2026-03-25 17:55,KEDW,101591.7,27.5,4.5,94230.1,301.12,1.09016
2026-03-25 18:55,KEDW,101523.9,29.5,3.4,94167.3,303.12,1.08225
2026-03-25 19:55,KEDW,101422.4,30.9,0.3,94073.1,304.52,1.07619
2026-03-25 20:55,KEDW,101320.8,32.3,0.4,93978.9,305.92,1.07020
2026-03-25 21:55,KEDW,101219.2,33.1,-0.1,93884.6,306.72,1.06633
2026-03-25 22:55,KEDW,101219.2,31.2,6.3,93884.6,304.82,1.07298
2026-03-25 23:55,KEDW,101185.3,30.6,-2.1,93853.2,304.22,1.07474
2026-03-26 00:55,KEDW,101185.3,29.1,3.8,93853.2,302.72,1.08006
2026-03-26 01:55,KEDW,101253.0,24.9,2.9,93916.0,298.52,1.09599
2026-03-26 02:55,KEDW,101253.0,22.9,1.8,93916.0,296.52,1.10338
2026-03-26 03:55,KEDW,101320.8,21.5,0.6,93978.9,295.12,1.10936
2026-03-26 04:55,KEDW,101354.6,19.6,0.6,94010.3,293.22,1.11692
2026-03-26 05:55,KEDW,101320.8,20.3,0.2,93978.9,293.92,1.11389
2026-03-26 06:55,KEDW,101320.8,19.4,-0.1,93978.9,293.02,1.11731
2026-03-26 07:55,KEDW,101388.5,16.9,0.9,94041.7,290.52,1.12768
2026-03-26 08:55,KEDW,101354.6,19.6,3.3,94010.3,293.22,1.11692
2026-03-26 09:55,KEDW,101320.8,18.9,6.0,93978.9,292.52,1.11922
2026-03-26 10:55,KEDW,101320.8,18.8,5.3,93978.9,292.42,1.11960
2026-03-26 11:55,KEDW,101286.9,16.7,3.4,93947.5,290.32,1.12732
2026-03-26 12:55,KEDW,101354.6,14.6,4.3,94010.3,288.22,1.13630
2026-03-26 13:55,KEDW,101354.6,13.7,5.1,94010.3,287.32,1.13986
2026-03-26 14:55,KEDW,101422.4,15.8,6.2,94073.1,289.42,1.13234
2026-03-26 15:55,KEDW,101523.9,18.4,7.2,94167.3,292.02,1.12338
2026-03-26 16:55,KEDW,101523.9,23.8,3.1,94167.3,297.42,1.10299
2026-03-26 19:55,KEDW,101456.2,28.6,-0.6,94104.5,302.22,1.08475
2026-03-26 20:55,KEDW,101388.5,29.2,-3.1,94041.7,302.82,1.08187
2026-03-26 23:55,KEDW,101219.2,31.7,-3.7,93884.6,305.32,1.07122
2026-03-27 02:55,KEDW,101253.0,25.0,7.1,93916.0,298.62,1.09562
2026-03-27 03:55,KEDW,101354.6,22.0,8.1,94010.3,295.62,1.10785
2026-03-27 04:55,KEDW,101422.4,18.9,9.1,94073.1,292.52,1.12034
2026-03-27 05:55,KEDW,101422.4,17.8,7.2,94073.1,291.42,1.12457
2026-03-27 07:55,KEDW,101456.2,13.7,7.0,94104.5,287.32,1.14100
2026-03-27 08:55,KEDW,101456.2,12.9,6.5,94104.5,286.52,1.14419
2026-03-27 10:55,KEDW,101422.4,12.0,4.9,94073.1,285.62,1.14741
2026-03-27 11:55,KEDW,101456.2,10.9,5.2,94104.5,284.52,1.15223
2026-03-27 14:55,KEDW,101625.5,12.3,4.8,94261.6,285.92,1.14850
2026-03-27 18:55,KEDW,101591.7,27.2,0.0,94230.1,300.82,1.09125
2026-03-27 19:55,KEDW,101456.2,31.0,-7.1,94104.5,304.62,1.07620
2026-03-27 23:55,KEDW,101151.4,31.6,-3.8,93821.8,305.22,1.07086
2026-03-28 00:55,KEDW,101219.2,28.3,4.5,93884.6,301.92,1.08329
2026-03-28 01:55,KEDW,101253.0,27.1,-0.1,93916.0,300.72,1.08797
2026-03-28 03:55,KEDW,101388.5,23.6,-2.9,94041.7,297.22,1.10226
2026-03-28 04:55,KEDW,101422.4,21.9,-6.8,94073.1,295.52,1.10897
2026-03-28 06:55,KEDW,101456.2,20.8,-7.7,94104.5,294.42,1.11348
2026-03-28 07:55,KEDW,101456.2,17.3,-2.4,94104.5,290.92,1.12688
2026-03-28 10:55,KEDW,101456.2,13.2,-0.5,94104.5,286.82,1.14299
2026-03-28 11:55,KEDW,101456.2,12.7,-0.9,94104.5,286.32,1.14498
2026-03-28 12:55,KEDW,101490.1,9.6,0.0,94135.9,283.22,1.15790
2026-03-28 15:55,KEDW,101591.7,18.6,3.2,94230.1,292.22,1.12336
2026-03-28 16:55,KEDW,101625.5,23.7,4.6,94261.6,297.32,1.10446
2026-03-28 17:55,KEDW,101625.5,26.6,1.1,94261.6,300.22,1.09379
2026-03-28 18:55,KEDW,101557.8,28.6,0.3,94198.7,302.22,1.08583
2026-03-28 19:55,KEDW,101490.1,29.9,-1.5,94135.9,303.52,1.08046
2026-03-28 21:55,KEDW,101320.8,31.3,-5.4,93978.9,304.92,1.07371
2026-03-28 22:55,KEDW,101286.9,31.2,-8.7,93947.5,304.82,1.07370
2026-03-29 00:55,KEDW,101286.9,28.6,-3.6,93947.5,302.22,1.08294
2026-03-29 01:55,KEDW,101320.8,25.6,-0.5,93978.9,299.22,1.09416
2026-03-29 02:55,KEDW,101388.5,23.0,4.5,94041.7,296.62,1.10449
2026-03-29 04:55,KEDW,101523.9,20.0,4.5,94167.3,293.62,1.11726
2026-03-29 05:55,KEDW,101490.1,18.7,4.5,94135.9,292.32,1.12186
2026-03-29 06:55,KEDW,101490.1,18.2,3.3,94135.9,291.82,1.12378
2026-03-29 07:55,KEDW,101456.2,15.7,3.5,94104.5,289.32,1.13311
2026-03-29 09:55,KEDW,101388.5,15.5,3.9,94041.7,289.12,1.13314
2026-03-29 22:55,KEDW,101253.0,31.4,-23.6,93916.0,305.02,1.07264
2026-03-30 02:55,KEDW,101320.8,22.7,-10.5,93978.9,296.32,1.10487
2026-03-30 06:55,KEDW,101388.5,17.7,2.8,94041.7,291.32,1.12458
2026-03-30 09:55,KEDW,101388.5,15.5,-1.1,94041.7,289.12,1.13314
2026-03-30 11:55,KEDW,101320.8,10.8,0.2,93978.9,284.42,1.15109
2026-03-30 12:55,KEDW,101320.8,11.7,1.0,93978.9,285.32,1.14746
2026-03-30 13:55,KEDW,101320.8,11.8,1.1,93978.9,285.42,1.14706
2026-03-30 14:55,KEDW,101388.5,13.5,0.8,94041.7,287.12,1.14103
2026-03-30 15:55,KEDW,101456.2,18.1,0.7,94104.5,291.72,1.12379
2026-03-30 17:55,KEDW,101557.8,25.3,-9.9,94198.7,298.92,1.09782
2026-03-30 21:55,KEDW,101320.8,28.8,-8.8,93978.9,302.42,1.08258
2026-03-30 23:55,KEDW,101253.0,26.8,-6.1,93916.0,300.42,1.08906
2026-03-31 03:10,KEDW,101354.6,21.0,1.0,94010.3,294.62,1.11161
2026-03-31 05:55,KEDW,101388.5,17.8,2.1,94041.7,291.42,1.12420
2026-03-31 06:55,KEDW,101388.5,18.3,-0.5,94041.7,291.92,1.12227
2026-03-31 07:55,KEDW,101354.6,16.7,0.8,94010.3,290.32,1.12808
2026-03-31 08:55,KEDW,101320.8,14.1,-0.4,93978.9,287.72,1.13789
2026-03-31 09:55,KEDW,101253.0,18.9,-1.6,93916.0,292.52,1.11847
2026-03-31 10:55,KEDW,101219.2,18.8,-2.8,93884.6,292.42,1.11848
2026-03-31 12:55,KEDW,101253.0,16.6,3.3,93916.0,290.22,1.12734
2026-03-31 14:55,KEDW,101286.9,16.4,2.0,93947.5,290.02,1.12849
2026-03-31 15:55,KEDW,101320.8,18.3,5.5,93978.9,291.92,1.12152
2026-03-31 16:55,KEDW,101354.6,18.9,6.4,94010.3,292.52,1.11959
2026-03-31 18:55,KEDW,101354.6,20.2,5.4,94010.3,293.82,1.11464
2026-03-31 19:55,KEDW,101253.0,21.4,3.1,93916.0,295.02,1.10899
2026-03-31 20:57,KEDW,101219.2,20.4,8.9,93884.6,294.02,1.11239
2026-03-31 21:55,KEDW,101219.2,19.6,6.3,93884.6,293.22,1.11543
2026-03-31 22:55,KEDW,101219.2,18.6,8.0,93884.6,292.22,1.11925
2026-03-31 23:55,KEDW,101219.2,17.8,8.1,93884.6,291.42,1.12232
2026-04-01 00:55,KEDW,101320.8,15.5,9.8,93978.9,289.12,1.13238
2026-04-01 01:55,KEDW,101320.8,15.2,10.0,93978.9,288.82,1.13356
2026-04-01 02:55,KEDW,101286.9,13.6,9.2,93947.5,287.22,1.13949
2026-04-01 03:55,KEDW,101354.6,12.5,9.3,94010.3,286.12,1.14464
2026-04-01 04:55,KEDW,101320.8,12.0,9.7,93978.9,285.62,1.14626
2026-04-01 05:55,KEDW,101253.0,11.9,9.5,93916.0,285.52,1.14589
2026-04-01 06:55,KEDW,101286.9,12.1,9.8,93947.5,285.72,1.14547
2026-04-01 07:55,KEDW,101253.0,12.1,10.7,93916.0,285.72,1.14509
2026-04-01 08:55,KEDW,101219.2,12.4,9.6,93884.6,286.02,1.14351
2026-04-01 09:55,KEDW,101185.3,11.5,8.9,93853.2,285.12,1.14673
2026-04-01 10:55,KEDW,101117.6,10.7,8.6,93790.4,284.32,1.14919
2026-04-01 11:55,KEDW,101185.3,10.7,7.9,93853.2,284.32,1.14996
2026-04-01 12:55,KEDW,101219.2,10.1,7.9,93884.6,283.72,1.15278
2026-04-01 13:55,KEDW,101286.9,9.9,7.8,93947.5,283.52,1.15436
2026-04-01 14:55,KEDW,101354.6,12.2,8.8,94010.3,285.82,1.14584
2026-04-01 15:55,KEDW,101354.6,14.0,9.0,94010.3,287.62,1.13867
2026-04-01 16:55,KEDW,101422.4,15.7,8.2,94073.1,289.32,1.13273
2026-04-01 18:55,KEDW,101388.5,18.2,6.1,94041.7,291.82,1.12265
2026-04-01 19:55,KEDW,101354.6,19.4,6.1,94010.3,293.02,1.11768
2026-04-01 20:55,KEDW,101253.0,20.0,6.3,93916.0,293.62,1.11428
2026-04-01 21:55,KEDW,101185.3,20.7,6.6,93853.2,294.32,1.11089
2026-04-01 22:55,KEDW,101151.4,20.2,6.9,93821.8,293.82,1.11241
2026-04-01 23:55,KEDW,101117.6,19.4,7.2,93790.4,293.02,1.11507
2026-04-02 00:55,KEDW,101151.4,18.3,8.0,93821.8,291.92,1.11965
2026-04-02 01:55,KEDW,101185.3,16.4,8.1,93853.2,290.02,1.12736
2026-04-02 02:55,KEDW,101286.9,14.6,8.3,93947.5,288.22,1.13554
2026-04-02 03:55,KEDW,101320.8,13.6,8.2,93978.9,287.22,1.13987
2026-04-02 04:55,KEDW,101354.6,13.6,8.4,94010.3,287.22,1.14025
2026-04-02 05:55,KEDW,101354.6,13.1,8.8,94010.3,286.72,1.14224
2026-04-02 06:55,KEDW,101354.6,12.8,8.9,94010.3,286.42,1.14344
2026-04-02 07:55,KEDW,101354.6,12.0,9.0,94010.3,285.62,1.14664
2026-04-02 09:55,KEDW,101320.8,10.8,7.8,93978.9,284.42,1.15109
2026-04-02 10:55,KEDW,101219.2,11.4,7.1,93884.6,285.02,1.14752
2026-04-02 11:55,KEDW,101185.3,12.0,6.1,93853.2,285.62,1.14473
2026-04-02 12:55,KEDW,101219.2,11.3,6.0,93884.6,284.92,1.14792
2026-04-02 13:55,KEDW,101253.0,11.4,6.5,93916.0,285.02,1.14790
2026-04-02 14:55,KEDW,101320.8,12.2,6.9,93978.9,285.82,1.14546
2026-04-02 16:55,KEDW,101388.5,14.0,6.6,94041.7,287.62,1.13905
2026-04-02 18:55,KEDW,101388.5,17.3,4.9,94041.7,290.92,1.12613
2026-04-02 22:55,KEDW,101083.7,18.9,2.3,93759.0,292.52,1.11660
2026-04-03 00:55,KEDW,100982.1,17.4,1.8,93664.8,291.02,1.12123
2026-04-03 01:55,KEDW,101049.8,15.9,3.7,93727.6,289.52,1.12779
2026-04-03 03:55,KEDW,101253.0,13.4,4.3,93916.0,287.02,1.13990
2026-04-03 04:55,KEDW,101354.6,12.9,3.8,94010.3,286.52,1.14304
2026-04-03 05:55,KEDW,101388.5,11.2,4.2,94041.7,284.82,1.15025
2026-04-03 06:55,KEDW,101490.1,11.0,4.2,94135.9,284.62,1.15221
2026-04-03 07:55,KEDW,101557.8,9.7,4.3,94198.7,283.32,1.15827
2026-04-03 08:55,KEDW,101591.7,9.0,4.4,94230.1,282.62,1.16152
2026-04-03 10:55,KEDW,101659.4,6.9,3.1,94293.0,280.52,1.17100
2026-04-03 11:55,KEDW,101727.1,5.4,1.7,94355.8,279.02,1.17808
2026-04-03 12:55,KEDW,101828.7,5.1,1.2,94450.0,278.72,1.18052
2026-04-03 13:55,KEDW,101930.3,5.3,2.0,94544.2,278.92,1.18085
2026-04-03 15:55,KEDW,102133.5,11.4,4.1,94732.7,285.02,1.15789
2026-04-03 16:55,KEDW,102167.4,16.7,-7.8,94764.1,290.32,1.13712
2026-04-03 18:55,KEDW,102167.4,19.7,-14.1,94764.1,293.32,1.12549
2026-04-03 19:55,KEDW,102133.5,20.7,-14.8,94732.7,294.32,1.12130
2026-04-03 20:55,KEDW,102065.8,21.3,-17.8,94669.9,294.92,1.11827
2026-04-03 21:55,KEDW,102031.9,21.3,-19.9,94638.5,294.92,1.11790
2026-04-03 22:55,KEDW,101964.2,21.9,-22.1,94575.7,295.52,1.11489
2026-04-03 23:55,KEDW,101964.2,21.6,-22.3,94575.7,295.22,1.11603
2026-04-04 00:55,KEDW,101930.3,20.9,-20.2,94544.2,294.52,1.11831
2026-04-04 01:55,KEDW,101998.0,19.5,-19.1,94607.1,293.12,1.12440
2026-04-04 03:55,KEDW,102099.6,11.2,-12.3,94701.3,284.82,1.15831
2026-04-04 04:55,KEDW,102167.4,11.4,-13.6,94764.1,285.02,1.15827
2026-04-04 06:55,KEDW,102201.2,9.7,-12.2,94795.5,283.32,1.16561
2026-04-04 07:55,KEDW,102167.4,8.7,-12.4,94764.1,282.32,1.16935
2026-04-04 08:55,KEDW,102167.4,6.0,-9.9,94764.1,279.62,1.18064
2026-04-04 09:55,KEDW,102133.5,5.5,-11.1,94732.7,279.12,1.18236
2026-04-04 10:55,KEDW,102099.6,3.5,-12.1,94701.3,277.12,1.19050
2026-04-04 11:55,KEDW,102065.8,3.2,-11.9,94669.9,276.82,1.19139
2026-04-04 12:55,KEDW,102099.6,1.7,-10.8,94701.3,275.32,1.19828
2026-04-04 13:55,KEDW,102133.5,2.2,-8.5,94732.7,275.82,1.19651
2026-04-04 15:55,KEDW,102201.2,10.9,-12.5,94795.5,284.52,1.16069
2026-04-04 17:55,KEDW,102167.4,22.3,-13.6,94764.1,295.92,1.11560
2026-04-04 18:55,KEDW,102099.6,24.0,-18.0,94701.3,297.62,1.10850
2026-04-04 21:55,KEDW,101828.7,25.3,-19.7,94450.0,298.92,1.10075
2026-04-04 23:55,KEDW,101727.1,26.0,-22.6,94355.8,299.62,1.09708
2026-04-05 00:55,KEDW,101693.3,25.4,-23.0,94324.4,299.02,1.09892
2026-04-05 01:55,KEDW,101727.1,23.5,-18.4,94355.8,297.12,1.10631
2026-04-05 02:55,KEDW,101761.0,18.9,-16.1,94387.2,292.52,1.12408
2026-04-05 03:55,KEDW,101794.9,14.6,-11.8,94418.6,288.22,1.14123
2026-04-05 05:55,KEDW,101862.6,10.9,-9.4,94481.4,284.52,1.15684
2026-04-05 06:55,KEDW,101862.6,10.1,-11.9,94481.4,283.72,1.16011
2026-04-05 07:55,KEDW,101896.4,7.7,-10.6,94512.8,281.32,1.17039
2026-04-05 08:55,KEDW,101896.4,6.0,-10.3,94512.8,279.62,1.17751
2026-04-05 09:55,KEDW,101862.6,4.4,-9.4,94481.4,278.02,1.18389
2026-04-05 10:55,KEDW,101828.7,4.4,-8.7,94450.0,278.02,1.18350
2026-04-05 11:55,KEDW,101828.7,2.5,-9.4,94450.0,276.12,1.19164
2026-04-05 13:55,KEDW,101896.4,2.5,-10.1,94512.8,276.12,1.19243
2026-04-05 14:55,KEDW,101930.3,6.7,-6.6,94544.2,280.32,1.17496
2026-04-05 15:55,KEDW,101930.3,11.2,-5.7,94544.2,284.82,1.15639
2026-04-05 16:55,KEDW,101896.4,15.9,-8.4,94512.8,289.52,1.13724
2026-04-05 17:55,KEDW,101896.4,18.8,-12.3,94512.8,292.42,1.12596
2026-04-05 18:55,KEDW,101828.7,22.6,-15.0,94450.0,296.22,1.11078
2026-04-05 21:55,KEDW,101591.7,27.4,-18.3,94230.1,301.02,1.09052
2026-04-06 00:55,KEDW,101456.2,27.6,-18.1,94104.5,301.22,1.08835
2026-04-06 01:55,KEDW,101456.2,25.2,-13.1,94104.5,298.82,1.09709
2026-04-06 02:55,KEDW,101456.2,22.1,-1.3,94104.5,295.72,1.10859
2026-04-06 03:55,KEDW,101523.9,20.6,-3.8,94167.3,294.22,1.11498
2026-04-06 04:55,KEDW,101557.8,19.5,-6.2,94198.7,293.12,1.11954
2026-04-06 05:55,KEDW,101557.8,17.9,-5.4,94198.7,291.52,1.12569
2026-04-06 06:55,KEDW,101523.9,17.3,-4.6,94167.3,290.92,1.12763
2026-04-06 07:55,KEDW,101557.8,16.7,-2.4,94198.7,290.32,1.13034
2026-04-06 09:55,KEDW,101456.2,16.3,-2.3,94104.5,289.92,1.13077
2026-04-06 15:55,KEDW,101591.7,20.4,-2.7,94230.1,294.02,1.11649
2026-04-06 19:55,KEDW,101490.1,27.9,-7.9,94135.9,301.52,1.08763
2026-04-06 20:55,KEDW,101422.4,29.0,-8.6,94073.1,302.62,1.08295
2026-04-06 21:55,KEDW,101320.8,29.3,-8.4,93978.9,302.92,1.08079
2026-04-07 01:55,KEDW,101320.8,24.7,-2.0,93978.9,298.32,1.09746
2026-04-07 02:55,KEDW,101354.6,21.7,-1.6,94010.3,295.32,1.10898
2026-04-07 03:55,KEDW,101422.4,20.2,0.1,94073.1,293.82,1.11539
2026-04-07 05:55,KEDW,101490.1,17.5,0.6,94135.9,291.12,1.12648
2026-04-07 07:55,KEDW,101523.9,17.2,-0.1,94167.3,290.82,1.12802
2026-04-07 10:55,KEDW,101422.4,15.3,2.5,94073.1,288.92,1.13430
2026-04-07 11:55,KEDW,101422.4,14.7,3.2,94073.1,288.32,1.13666
2026-04-07 13:55,KEDW,101490.1,13.2,2.1,94135.9,286.82,1.14337
2026-04-07 17:57,KEDW,101523.9,25.0,-1.0,94167.3,298.62,1.09856
2026-04-07 18:18,KEDW,101523.9,27.0,-2.0,94167.3,300.62,1.09125
2026-04-07 21:55,KEDW,101253.0,30.1,-6.3,93916.0,303.72,1.07723
2026-04-07 22:55,KEDW,101151.4,30.6,-4.5,93821.8,304.22,1.07438
2026-04-07 23:55,KEDW,101151.4,30.5,-6.0,93821.8,304.12,1.07473
2026-04-08 00:55,KEDW,101151.4,27.5,-0.6,93821.8,301.12,1.08544
2026-04-08 01:55,KEDW,101185.3,24.7,-1.2,93853.2,298.32,1.09599
2026-04-08 02:55,KEDW,101219.2,22.3,-0.5,93884.6,295.92,1.10525
2026-04-08 03:55,KEDW,101320.8,20.4,-0.9,93978.9,294.02,1.11351
2026-04-08 04:55,KEDW,101388.5,19.3,-1.8,94041.7,292.92,1.11844
2026-04-08 05:55,KEDW,101354.6,17.0,-2.1,94010.3,290.62,1.12691
2026-04-08 09:55,KEDW,101320.8,14.3,-0.6,93978.9,287.92,1.13710
2026-04-08 11:55,KEDW,101253.0,12.9,1.2,93916.0,286.52,1.14189
2026-04-08 12:55,KEDW,101286.9,11.3,1.2,93947.5,284.92,1.14869
2026-04-08 13:55,KEDW,101354.6,10.6,0.3,94010.3,284.22,1.15229
2026-04-08 15:55,KEDW,101388.5,19.7,-2.0,94041.7,293.32,1.11691
2026-04-08 17:55,KEDW,101354.6,25.5,-6.0,94010.3,299.12,1.09489
2026-04-08 18:10,KEDW,101354.6,26.0,-7.0,94010.3,299.62,1.09306
2026-04-08 19:55,KEDW,101219.2,27.8,-6.6,93884.6,301.42,1.08508
2026-04-08 21:55,KEDW,101117.6,29.8,-8.0,93790.4,303.42,1.07685
2026-04-08 22:55,KEDW,101083.7,29.2,-4.3,93759.0,302.82,1.07862
2026-04-08 23:06,KEDW,101083.7,29.0,-5.0,93759.0,302.62,1.07933
2026-04-09 00:55,KEDW,101049.8,26.6,-4.1,93727.6,300.22,1.08760
2026-04-09 01:55,KEDW,101083.7,24.4,-3.9,93759.0,298.02,1.09599
2026-04-09 02:55,KEDW,101117.6,22.3,-3.2,93790.4,295.92,1.10414
2026-04-09 03:55,KEDW,101185.3,20.0,-3.7,93853.2,293.62,1.11354
2026-04-09 04:55,KEDW,101253.0,18.0,-1.3,93916.0,291.62,1.12192
2026-04-09 05:55,KEDW,101253.0,16.9,-0.8,93916.0,290.52,1.12617
2026-04-09 07:55,KEDW,101286.9,14.8,-0.9,93947.5,288.42,1.13475
2026-04-09 09:55,KEDW,101219.2,14.5,0.0,93884.6,288.12,1.13517
2026-04-09 11:55,KEDW,101185.3,15.0,2.2,93853.2,288.62,1.13283
2026-04-09 13:55,KEDW,101253.0,14.8,4.2,93916.0,288.42,1.13437
2026-04-09 14:55,KEDW,101286.9,17.9,6.4,93947.5,291.52,1.12268
2026-04-09 16:55,KEDW,101320.8,24.0,4.9,93978.9,297.62,1.10004
2026-04-09 17:55,KEDW,101286.9,26.0,3.9,93947.5,299.62,1.09233
2026-04-09 18:55,KEDW,101253.0,26.9,3.4,93916.0,300.52,1.08870
2026-04-09 19:55,KEDW,101185.3,27.6,5.2,93853.2,301.22,1.08544
2026-04-09 20:55,KEDW,101151.4,28.1,3.0,93821.8,301.72,1.08328
2026-04-09 21:55,KEDW,101151.4,26.6,3.1,93821.8,300.22,1.08869
2026-04-09 22:55,KEDW,101151.4,26.8,6.2,93821.8,300.42,1.08797
2026-04-09 23:55,KEDW,101151.4,24.0,9.2,93821.8,297.62,1.09820
2026-04-10 00:55,KEDW,101151.4,23.7,8.9,93821.8,297.32,1.09931
2026-04-10 01:55,KEDW,101151.4,21.9,8.7,93821.8,295.52,1.10601
2026-04-10 02:55,KEDW,101219.2,20.3,8.3,93884.6,293.92,1.11277
2026-04-10 04:55,KEDW,101320.8,17.4,8.3,93978.9,291.02,1.12499
2026-04-10 05:55,KEDW,101320.8,16.9,9.1,93978.9,290.52,1.12693
2026-04-10 06:55,KEDW,101320.8,15.9,8.9,93978.9,289.52,1.13082
2026-04-10 08:55,KEDW,101286.9,14.2,8.6,93947.5,287.82,1.13712
2026-04-10 09:55,KEDW,101253.0,14.0,9.0,93916.0,287.62,1.13753
2026-04-10 10:55,KEDW,101219.2,13.8,8.8,93884.6,287.42,1.13794
2026-04-10 11:55,KEDW,101185.3,13.8,8.6,93853.2,287.42,1.13756
2026-04-10 12:55,KEDW,101219.2,13.4,8.5,93884.6,287.02,1.13952
2026-04-10 15:55,KEDW,101320.8,18.3,8.0,93978.9,291.92,1.12152
2026-04-10 16:55,KEDW,101354.6,20.1,7.5,94010.3,293.72,1.11502
2026-04-10 17:55,KEDW,101388.5,20.9,6.8,94041.7,294.52,1.11236
2026-04-10 18:55,KEDW,101320.8,22.5,5.8,93978.9,296.12,1.10561
2026-04-10 19:55,KEDW,101286.9,23.3,5.7,93947.5,296.92,1.10227
2026-04-10 20:55,KEDW,101286.9,22.6,5.5,93947.5,296.22,1.10487
2026-04-10 23:55,KEDW,101117.6,22.3,5.7,93790.4,295.92,1.10414
2026-04-11 01:55,KEDW,101083.7,19.5,5.2,93759.0,293.12,1.11432
2026-04-11 03:55,KEDW,101185.3,16.3,7.2,93853.2,289.92,1.12775
2026-04-11 05:55,KEDW,101253.0,14.0,8.0,93916.0,287.62,1.13753
2026-04-11 06:55,KEDW,101253.0,13.3,8.1,93916.0,286.92,1.14030
2026-04-11 07:55,KEDW,101286.9,12.6,6.8,93947.5,286.22,1.14347
2026-04-11 12:55,KEDW,101320.8,9.3,5.5,93978.9,282.92,1.15720
2026-04-11 13:55,KEDW,101388.5,9.2,5.6,94041.7,282.82,1.15838
2026-04-11 15:55,KEDW,101456.2,14.3,5.6,94104.5,287.92,1.13862
2026-04-11 17:55,KEDW,101456.2,17.5,3.7,94104.5,291.12,1.12611
2026-04-11 21:55,KEDW,101219.2,20.8,1.6,93884.6,294.42,1.11088
2026-04-11 22:55,KEDW,101151.4,21.1,2.4,93821.8,294.72,1.10901
2026-04-11 23:55,KEDW,101117.6,20.1,2.0,93790.4,293.72,1.11241
2026-04-12 00:55,KEDW,101083.7,19.3,2.2,93759.0,292.92,1.11508
2026-04-12 01:55,KEDW,101117.6,16.9,2.1,93790.4,290.52,1.12467
2026-04-12 03:55,KEDW,101219.2,13.7,1.7,93884.6,287.32,1.13833
2026-04-12 04:55,KEDW,101185.3,12.7,4.4,93853.2,286.32,1.14193
2026-04-12 05:55,KEDW,101219.2,12.0,4.7,93884.6,285.62,1.14511
2026-04-12 06:55,KEDW,101185.3,11.7,5.1,93853.2,285.32,1.14593
2026-04-12 07:55,KEDW,101151.4,11.6,4.1,93821.8,285.22,1.14595
2026-04-12 08:55,KEDW,101151.4,11.7,4.4,93821.8,285.32,1.14555
2026-04-12 09:55,KEDW,101151.4,10.8,5.1,93821.8,284.42,1.14917
2026-04-12 10:55,KEDW,101117.6,11.4,4.8,93790.4,285.02,1.14637
2026-04-12 11:55,KEDW,101083.7,11.6,5.2,93759.0,285.22,1.14518
2026-04-12 12:55,KEDW,101049.8,11.7,6.0,93727.6,285.32,1.14440
2026-04-12 13:55,KEDW,101151.4,12.0,7.1,93821.8,285.62,1.14434
2026-04-12 14:28,KEDW,101185.3,12.0,8.0,93853.2,285.62,1.14473
2026-04-12 15:55,KEDW,101253.0,12.6,9.4,93916.0,286.22,1.14309
2026-04-12 17:55,KEDW,101320.8,15.8,4.5,93978.9,289.42,1.13121
2026-04-12 18:10,KEDW,101320.8,17.0,5.0,93978.9,290.62,1.12654
2026-04-12 19:55,KEDW,101286.9,16.8,4.5,93947.5,290.42,1.12694
2026-04-12 20:25,KEDW,101253.0,17.0,4.0,93916.0,290.62,1.12578
2026-04-12 21:55,KEDW,101219.2,18.9,-4.6,93884.6,292.52,1.11810
2026-04-13 02:55,KEDW,101320.8,13.3,2.5,93978.9,286.92,1.14106
2026-04-13 03:55,KEDW,101388.5,12.3,3.3,94041.7,285.92,1.14582
2026-04-13 04:55,KEDW,101490.1,11.1,3.4,94135.9,284.72,1.15180
2026-04-13 05:55,KEDW,101456.2,10.4,3.2,94104.5,284.02,1.15426
2026-04-13 06:55,KEDW,101523.9,10.1,4.0,94167.3,283.72,1.15625
2026-04-13 08:55,KEDW,101490.1,9.4,2.9,94135.9,283.02,1.15872
2026-04-13 09:55,KEDW,101456.2,9.6,3.1,94104.5,283.22,1.15752
2026-04-13 10:55,KEDW,101456.2,9.5,3.9,94104.5,283.12,1.15793
2026-04-13 11:55,KEDW,101456.2,9.1,4.7,94104.5,282.72,1.15956
2026-04-13 12:55,KEDW,101456.2,9.4,4.8,94104.5,283.02,1.15834
2026-04-13 14:10,KEDW,101490.1,10.0,5.0,94135.9,283.62,1.15627
2026-04-13 16:55,KEDW,101523.9,14.3,0.5,94167.3,287.92,1.13938
2026-04-13 17:55,KEDW,101557.8,15.5,0.1,94198.7,289.12,1.13503
2026-04-13 18:55,KEDW,101523.9,15.8,0.0,94167.3,289.42,1.13348
2026-04-13 19:14,KEDW,101523.9,15.0,0.0,94167.3,288.62,1.13662
2026-04-13 20:55,KEDW,101422.4,16.7,-0.1,94073.1,290.32,1.12883
2026-04-13 21:55,KEDW,101388.5,17.2,-1.0,94041.7,290.82,1.12652
2026-04-13 22:55,KEDW,101354.6,16.7,-1.0,94010.3,290.32,1.12808
2026-04-13 23:55,KEDW,101354.6,16.5,-0.7,94010.3,290.12,1.12886
2026-04-14 00:55,KEDW,101354.6,15.8,-0.4,94010.3,289.42,1.13159
2026-04-14 02:55,KEDW,101456.2,12.5,0.6,94104.5,286.12,1.14579
2026-04-14 03:55,KEDW,101523.9,12.1,-0.1,94167.3,285.72,1.14816
2026-04-14 04:55,KEDW,101625.5,11.2,0.9,94261.6,284.82,1.15294
2026-04-14 05:55,KEDW,101625.5,9.6,1.2,94261.6,283.22,1.15945
2026-04-14 06:55,KEDW,101625.5,9.1,1.5,94261.6,282.72,1.16150
2026-04-14 07:55,KEDW,101659.4,9.1,1.5,94293.0,282.72,1.16189
2026-04-14 08:55,KEDW,101659.4,7.3,1.6,94293.0,280.92,1.16933
2026-04-14 09:55,KEDW,101659.4,7.3,1.2,94293.0,280.92,1.16933
2026-04-14 10:55,KEDW,101659.4,6.6,1.1,94293.0,280.22,1.17225
2026-04-14 11:55,KEDW,101693.3,7.5,1.8,94324.4,281.12,1.16889
2026-04-14 12:55,KEDW,101693.3,6.5,1.2,94324.4,280.12,1.17306
2026-04-14 13:55,KEDW,101727.1,6.7,1.8,94355.8,280.32,1.17262
2026-04-14 14:55,KEDW,101794.9,10.0,2.1,94418.6,283.62,1.15974
2026-04-14 15:55,KEDW,101828.7,13.8,2.1,94450.0,287.42,1.14479
2026-04-14 19:55,KEDW,101727.1,20.7,-5.2,94355.8,294.32,1.11684
2026-04-14 20:55,KEDW,101659.4,21.9,-3.5,94293.0,295.52,1.11156
2026-04-14 21:55,KEDW,101591.7,23.5,-6.5,94230.1,297.12,1.10484
2026-04-14 22:55,KEDW,101490.1,23.4,-5.6,94135.9,297.02,1.10411
2026-04-14 23:55,KEDW,101456.2,23.2,-2.4,94104.5,296.82,1.10448
2026-04-15 00:55,KEDW,101456.2,21.4,-2.5,94104.5,295.02,1.11122
2026-04-15 01:55,KEDW,101456.2,19.1,-0.3,94104.5,292.72,1.11995
2026-04-15 04:55,KEDW,101625.5,13.1,2.3,94261.6,286.72,1.14530
2026-04-15 05:55,KEDW,101659.4,12.3,3.3,94293.0,285.92,1.14888
2026-04-15 06:55,KEDW,101625.5,12.1,2.8,94261.6,285.72,1.14930
2026-04-15 07:55,KEDW,101625.5,10.9,2.7,94261.6,284.52,1.15415
2026-04-15 08:55,KEDW,101625.5,9.5,2.6,94261.6,283.12,1.15986
2026-04-15 09:55,KEDW,101591.7,8.5,2.1,94230.1,282.12,1.16358
2026-04-15 10:55,KEDW,101557.8,8.4,1.8,94198.7,282.02,1.16361
2026-04-15 11:55,KEDW,101557.8,6.2,0.3,94198.7,279.82,1.17276
2026-04-15 15:55,KEDW,101659.4,13.9,2.5,94293.0,287.52,1.14249
2026-04-15 16:55,KEDW,101693.3,15.8,2.6,94324.4,289.42,1.13537
2026-04-15 17:55,KEDW,101659.4,20.1,-0.6,94293.0,293.72,1.11837
2026-04-15 18:55,KEDW,101591.7,22.0,-1.3,94230.1,295.62,1.11044
2026-04-15 19:55,KEDW,101523.9,24.1,-4.2,94167.3,297.72,1.10188
2026-04-15 20:58,KEDW,101456.2,26.0,-8.0,94104.5,299.62,1.09416
2026-04-15 21:55,KEDW,101354.6,25.6,-8.3,94010.3,299.22,1.09452
2026-04-15 22:55,KEDW,101320.8,25.5,-3.1,93978.9,299.12,1.09452
2026-04-15 23:55,KEDW,101286.9,24.3,-0.1,93947.5,297.92,1.09857
2026-04-16 00:55,KEDW,101286.9,22.8,3.8,93947.5,296.42,1.10413
2026-04-16 01:55,KEDW,101286.9,20.7,5.5,93947.5,294.32,1.11200
2026-04-16 02:55,KEDW,101320.8,18.4,5.9,93978.9,292.02,1.12114
2026-04-16 03:55,KEDW,101388.5,17.5,3.7,94041.7,291.12,1.12535
2026-04-16 04:55,KEDW,101456.2,16.3,4.3,94104.5,289.92,1.13077
2026-04-16 05:55,KEDW,101422.4,16.3,1.6,94073.1,289.92,1.13039
2026-04-16 06:55,KEDW,101388.5,14.2,2.7,94041.7,287.82,1.13826
2026-04-16 07:55,KEDW,101388.5,13.4,2.6,94041.7,287.02,1.14143
2026-04-16 08:55,KEDW,101320.8,13.2,3.3,93978.9,286.82,1.14146
2026-04-16 09:55,KEDW,101253.0,11.9,2.6,93916.0,285.52,1.14589
2026-04-16 10:55,KEDW,101185.3,14.8,4.8,93853.2,288.42,1.13361
2026-04-16 11:55,KEDW,101151.4,12.6,3.5,93821.8,286.22,1.14194
2026-04-16 12:56,KEDW,101185.3,15.0,3.0,93853.2,288.62,1.13283
2026-04-16 13:55,KEDW,101185.3,12.0,3.2,93853.2,285.62,1.14473
2026-04-16 14:55,KEDW,101219.2,13.8,2.7,93884.6,287.42,1.13794
2026-04-16 15:55,KEDW,101219.2,16.3,1.2,93884.6,289.92,1.12813
2026-04-16 16:55,KEDW,101219.2,18.7,1.2,93884.6,292.32,1.11886
2026-04-16 17:55,KEDW,101219.2,20.3,1.7,93884.6,293.92,1.11277
2026-04-16 18:55,KEDW,101151.4,21.9,2.0,93821.8,295.52,1.10601
2026-04-16 19:55,KEDW,101083.7,22.6,1.0,93759.0,296.22,1.10265
2026-04-16 20:55,KEDW,101016.0,23.7,0.1,93696.2,297.32,1.09784
2026-04-16 21:55,KEDW,100948.3,24.3,-1.6,93633.4,297.92,1.09489
2026-04-16 22:55,KEDW,100914.4,23.8,-0.5,93601.9,297.42,1.09637
2026-04-16 23:55,KEDW,100914.4,22.7,-0.1,93601.9,296.32,1.10044
2026-04-17 00:55,KEDW,100914.4,21.5,1.2,93601.9,295.12,1.10491
2026-04-17 01:55,KEDW,100948.3,18.8,3.4,93633.4,292.42,1.11549
2026-04-17 02:55,KEDW,100914.4,17.3,3.2,93601.9,290.92,1.12086
2026-04-17 03:55,KEDW,101016.0,16.3,4.0,93696.2,289.92,1.12586
2026-04-17 04:55,KEDW,101049.8,15.9,4.0,93727.6,289.52,1.12779
2026-04-17 05:55,KEDW,101049.8,15.0,4.1,93727.6,288.62,1.13131
2026-04-17 06:55,KEDW,101185.3,14.4,2.6,93853.2,288.02,1.13519
2026-04-17 08:55,KEDW,101253.0,12.0,1.9,93916.0,285.62,1.14549
2026-04-17 09:55,KEDW,101354.6,10.0,1.9,94010.3,283.62,1.15473
2026-04-17 10:55,KEDW,101388.5,8.5,1.2,94041.7,282.12,1.16125
2026-04-17 11:55,KEDW,101456.2,7.8,-0.2,94104.5,281.42,1.16492
2026-04-17 12:55,KEDW,101557.8,6.4,-0.8,94198.7,280.02,1.17192
2026-04-17 14:55,KEDW,101828.7,10.7,-2.4,94450.0,284.32,1.15727
2026-04-17 15:55,KEDW,101896.4,14.4,-11.1,94512.8,288.02,1.14317
2026-04-17 16:55,KEDW,101930.3,16.3,-15.4,94544.2,289.92,1.13605
2026-04-17 17:55,KEDW,101930.3,17.5,-17.2,94544.2,291.12,1.13137
2026-04-17 18:55,KEDW,101896.4,18.6,-18.0,94512.8,292.22,1.12673
2026-04-17 19:55,KEDW,101828.7,19.5,-19.1,94450.0,293.12,1.12253
2026-04-17 20:55,KEDW,101794.9,20.4,-20.6,94418.6,294.02,1.11872
2026-04-17 21:55,KEDW,101727.1,20.9,-22.8,94355.8,294.52,1.11608
2026-04-17 22:55,KEDW,101693.3,20.8,-26.1,94324.4,294.42,1.11609
2026-04-17 23:55,KEDW,101625.5,20.9,-30.4,94261.6,294.52,1.11496
2026-04-18 00:55,KEDW,101591.7,20.6,-37.6,94230.1,294.22,1.11573
2026-04-18 01:55,KEDW,101591.7,19.4,-38.3,94230.1,293.02,1.12030
2026-04-18 02:55,KEDW,101591.7,14.6,-24.7,94230.1,288.22,1.13896
2026-04-18 03:55,KEDW,101659.4,12.3,-22.6,94293.0,285.92,1.14888
2026-04-18 04:55,KEDW,101727.1,10.5,-24.0,94355.8,284.12,1.15693
2026-04-18 05:55,KEDW,101761.0,9.5,-23.2,94387.2,283.12,1.16140
2026-04-18 06:55,KEDW,101761.0,8.7,-22.5,94387.2,282.32,1.16470
2026-04-18 07:55,KEDW,101794.9,5.5,-19.1,94418.6,279.12,1.17844
2026-04-18 08:55,KEDW,101761.0,3.5,-18.0,94387.2,277.12,1.18655
2026-04-18 09:55,KEDW,101693.3,4.1,-17.5,94324.4,277.72,1.18320
2026-04-18 10:55,KEDW,101693.3,0.6,-18.2,94324.4,274.22,1.19830
2026-04-18 11:55,KEDW,101659.4,0.9,-16.0,94293.0,274.52,1.19659
2026-04-18 12:55,KEDW,101693.3,-0.4,-15.1,94324.4,273.22,1.20269
2026-04-18 13:55,KEDW,101727.1,0.2,-17.1,94355.8,273.82,1.20045
2026-04-18 14:55,KEDW,101794.9,3.8,-17.7,94418.6,277.42,1.18566
2026-04-18 15:55,KEDW,101794.9,8.3,-17.7,94418.6,281.92,1.16674
2026-04-18 16:55,KEDW,101828.7,13.1,-20.5,94450.0,286.72,1.14759
2026-04-18 17:55,KEDW,101794.9,18.2,-22.1,94418.6,291.82,1.12715
2026-04-18 18:55,KEDW,101727.1,22.4,-29.4,94355.8,296.02,1.11042
2026-04-18 19:55,KEDW,101659.4,23.5,-35.9,94293.0,297.12,1.10558
2026-04-18 20:55,KEDW,101557.8,23.9,-35.6,94198.7,297.52,1.10299
2026-04-18 21:55,KEDW,101490.1,24.6,-35.2,94135.9,298.22,1.09966
2026-04-18 22:55,KEDW,101388.5,25.0,-35.0,94041.7,298.62,1.09709
2026-04-18 23:55,KEDW,101320.8,25.5,-34.7,93978.9,299.12,1.09452
2026-04-19 00:55,KEDW,101286.9,25.2,-34.8,93947.5,298.82,1.09526
2026-04-19 01:55,KEDW,101286.9,23.8,-28.5,93947.5,297.42,1.10041
2026-04-19 02:55,KEDW,101286.9,20.6,-20.4,93947.5,294.22,1.11238
2026-04-19 03:55,KEDW,101354.6,17.4,-20.6,94010.3,291.02,1.12536
2026-04-19 04:55,KEDW,101388.5,15.6,-2.9,94041.7,289.22,1.13275
2026-04-19 05:55,KEDW,101388.5,14.0,-2.4,94041.7,287.62,1.13905
2026-04-19 06:55,KEDW,101388.5,12.3,-2.0,94041.7,285.92,1.14582
2026-04-19 07:55,KEDW,101388.5,10.6,-0.5,94041.7,284.22,1.15267
2026-04-19 08:55,KEDW,101354.6,8.8,-9.2,94010.3,282.42,1.15963
2026-04-19 09:55,KEDW,101320.8,9.4,-10.7,93978.9,283.02,1.15679
2026-04-19 10:55,KEDW,101286.9,8.7,-12.4,93947.5,282.32,1.15927
2026-04-19 11:55,KEDW,101253.0,8.4,-9.5,93916.0,282.02,1.16011
2026-04-19 12:55,KEDW,101253.0,8.4,-7.0,93916.0,282.02,1.16011
2026-04-19 13:55,KEDW,101286.9,6.7,-6.3,93947.5,280.32,1.16754
2026-04-19 14:55,KEDW,101354.6,9.7,-7.1,94010.3,283.32,1.15595
2026-04-19 15:55,KEDW,101388.5,14.7,-6.2,94041.7,288.32,1.13628
2026-04-19 16:55,KEDW,101388.5,17.2,-6.6,94041.7,290.82,1.12652
2026-04-19 17:55,KEDW,101354.6,20.3,-7.2,94010.3,293.92,1.11426
2026-04-19 18:55,KEDW,101354.6,23.2,-8.9,94010.3,296.82,1.10337
2026-04-19 19:55,KEDW,101253.0,25.6,-9.7,93916.0,299.22,1.09343
2026-04-19 20:55,KEDW,101219.2,25.7,-8.2,93884.6,299.32,1.09270
2026-04-19 21:55,KEDW,101117.6,28.1,-7.8,93790.4,301.72,1.08292
2026-04-19 22:55,KEDW,101049.8,27.3,-2.6,93727.6,300.92,1.08507
2026-04-19 23:55,KEDW,101049.8,27.4,-1.5,93727.6,301.02,1.08471
2026-04-20 00:55,KEDW,101049.8,25.8,-1.1,93727.6,299.42,1.09050
2026-04-20 01:55,KEDW,101083.7,23.8,0.1,93759.0,297.42,1.09821
2026-04-20 02:55,KEDW,101117.6,21.0,-1.5,93790.4,294.62,1.10901
2026-04-20 03:55,KEDW,101185.3,19.6,-2.1,93853.2,293.22,1.11506
2026-04-20 04:55,KEDW,101219.2,18.8,-1.1,93884.6,292.42,1.11848
2026-04-20 05:55,KEDW,101286.9,17.5,-1.7,93947.5,291.12,1.12423
2026-04-20 06:55,KEDW,101320.8,14.3,-1.0,93978.9,287.92,1.13710
2026-04-20 07:55,KEDW,101320.8,11.4,0.2,93978.9,285.02,1.14867
2026-04-20 08:55,KEDW,101354.6,10.1,-0.1,94010.3,283.72,1.15432
2026-04-20 09:55,KEDW,101354.6,9.7,-1.7,94010.3,283.32,1.15595
2026-04-20 10:57,KEDW,101354.6,9.9,-0.9,94010.3,283.52,1.15513
2026-04-20 11:55,KEDW,101354.6,7.8,-0.9,94010.3,281.42,1.16375
2026-04-20 12:55,KEDW,101354.6,7.4,-0.6,94010.3,281.02,1.16541
2026-04-20 13:55,KEDW,101388.5,7.8,-0.2,94041.7,281.42,1.16414
2026-04-20 14:55,KEDW,101456.2,12.6,1.0,94104.5,286.22,1.14538
2026-04-20 15:55,KEDW,101490.1,16.6,-3.5,94135.9,290.22,1.12998
2026-04-20 16:55,KEDW,101490.1,20.0,-7.4,94135.9,293.62,1.11689
2026-04-20 17:55,KEDW,101490.1,22.0,-8.7,94135.9,295.62,1.10933
2026-04-20 18:55,KEDW,101456.2,24.1,-8.2,94104.5,297.72,1.10114
2026-04-20 19:55,KEDW,101388.5,25.5,-11.2,94041.7,299.12,1.09526
2026-04-20 20:55,KEDW,101354.6,27.2,-11.6,94010.3,300.82,1.08870
2026-04-20 21:55,KEDW,101286.9,27.3,-11.6,93947.5,300.92,1.08761
2026-04-20 22:55,KEDW,101253.0,26.5,-12.1,93916.0,300.12,1.09015
2026-04-20 23:55,KEDW,101219.2,25.4,-9.8,93884.6,299.02,1.09379
2026-04-21 00:55,KEDW,101151.4,24.5,-9.1,93821.8,298.12,1.09636
2026-04-21 01:55,KEDW,101185.3,22.4,-7.4,93853.2,296.02,1.10451
2026-04-21 02:55,KEDW,101185.3,20.1,0.0,93853.2,293.72,1.11316
2026-04-21 03:55,KEDW,101286.9,18.1,2.0,93947.5,291.72,1.12191
2026-04-21 04:55,KEDW,101320.8,17.5,0.2,93978.9,291.12,1.12460
2026-04-21 05:55,KEDW,101354.6,17.0,-2.1,94010.3,290.62,1.12691
2026-04-21 06:55,KEDW,101354.6,17.1,-8.2,94010.3,290.72,1.12653
2026-04-21 07:55,KEDW,101388.5,15.8,-5.3,94041.7,289.42,1.13196
2026-04-21 08:55,KEDW,101354.6,15.1,-3.3,94010.3,288.72,1.13433
2026-04-21 09:55,KEDW,101354.6,14.0,-4.2,94010.3,287.62,1.13867
2026-04-21 10:55,KEDW,101286.9,14.2,-8.5,93947.5,287.82,1.13712
2026-04-21 11:55,KEDW,101320.8,14.0,-10.0,93978.9,287.62,1.13829
2026-04-21 12:55,KEDW,101354.6,13.2,-9.9,94010.3,286.82,1.14184
2026-04-21 13:55,KEDW,101354.6,13.9,-9.4,94010.3,287.52,1.13906
2026-04-21 14:55,KEDW,101422.4,15.4,-9.6,94073.1,289.02,1.13391
2026-04-21 15:55,KEDW,101456.2,17.5,-5.7,94104.5,291.12,1.12611
2026-04-21 17:56,KEDW,101388.5,22.0,-4.0,94041.7,295.62,1.10822
2026-04-21 18:55,KEDW,101456.2,19.7,3.8,94104.5,293.32,1.11766
2026-04-21 19:55,KEDW,101422.4,19.1,5.9,94073.1,292.72,1.11958
2026-04-21 20:55,KEDW,101490.1,18.2,7.0,94135.9,291.82,1.12378
2026-04-21 21:55,KEDW,101456.2,17.6,7.3,94104.5,291.22,1.12572
2026-04-21 22:55,KEDW,101422.4,16.9,8.1,94073.1,290.52,1.12806
2026-04-21 23:55,KEDW,101422.4,16.8,7.4,94073.1,290.42,1.12844
2026-04-22 00:55,KEDW,101490.1,17.1,5.4,94135.9,290.72,1.12803
2026-04-22 01:55,KEDW,101456.2,15.6,5.2,94104.5,289.22,1.13350
2026-04-22 02:55,KEDW,101523.9,13.9,5.5,94167.3,287.52,1.14097
2026-04-22 03:55,KEDW,101591.7,12.9,5.3,94230.1,286.52,1.14571
2026-04-22 04:55,KEDW,101659.4,11.5,5.4,94293.0,285.12,1.15211
2026-04-22 05:55,KEDW,101693.3,11.0,5.1,94324.4,284.62,1.15451
2026-04-22 06:55,KEDW,101761.0,10.5,4.8,94387.2,284.12,1.15732
2026-04-22 07:55,KEDW,101761.0,9.8,4.2,94387.2,283.42,1.16018
2026-04-22 08:55,KEDW,101761.0,9.2,4.6,94387.2,282.82,1.16264
2026-04-22 09:55,KEDW,101727.1,8.2,4.6,94355.8,281.82,1.16637
2026-04-22 10:55,KEDW,101761.0,8.3,4.5,94387.2,281.92,1.16635
2026-04-22 11:55,KEDW,101761.0,8.1,3.9,94387.2,281.72,1.16718
2026-04-22 12:55,KEDW,101794.9,7.0,3.4,94418.6,280.62,1.17214
2026-04-22 13:55,KEDW,101828.7,8.3,3.4,94450.0,281.92,1.16712
2026-04-22 14:55,KEDW,101828.7,10.8,3.1,94450.0,284.42,1.15687
2026-04-22 15:55,KEDW,101862.6,13.5,1.8,94481.4,287.12,1.14637
2026-04-22 16:55,KEDW,101862.6,15.3,1.1,94481.4,288.92,1.13923
2026-04-22 17:55,KEDW,101862.6,16.9,-0.3,94481.4,290.52,1.13295
2026-04-22 18:55,KEDW,101794.9,18.6,-0.8,94418.6,292.22,1.12561
2026-04-22 19:55,KEDW,101727.1,19.4,-2.3,94355.8,293.02,1.12179
2026-04-22 20:55,KEDW,101693.3,20.8,-3.0,94324.4,294.42,1.11609
2026-04-22 21:55,KEDW,101625.5,20.5,-2.6,94261.6,294.12,1.11648
2026-04-22 22:55,KEDW,101557.8,20.6,-2.5,94198.7,294.22,1.11536
2026-04-22 23:55,KEDW,101523.9,19.4,-2.9,94167.3,293.02,1.11955
2026-04-23 00:55,KEDW,101523.9,18.7,-1.7,94167.3,292.32,1.12223
2026-04-23 01:55,KEDW,101388.5,16.7,-0.5,94041.7,290.32,1.12846
2026-04-23 02:55,KEDW,101557.8,14.7,0.5,94198.7,288.32,1.13818
2026-04-23 03:55,KEDW,101591.7,14.0,0.3,94230.1,287.62,1.14133
2026-04-23 04:55,KEDW,101659.4,13.4,1.1,94293.0,287.02,1.14448
2026-04-23 05:55,KEDW,101591.7,13.3,2.2,94230.1,286.92,1.14412
2026-04-23 06:55,KEDW,101625.5,13.0,1.6,94261.6,286.62,1.14570
2026-04-23 07:55,KEDW,101659.4,13.0,0.4,94293.0,286.62,1.14608
2026-04-23 08:55,KEDW,101557.8,12.8,-1.9,94198.7,286.42,1.14573
2026-04-23 09:55,KEDW,101591.7,9.4,-0.2,94230.1,283.02,1.15988
2026-04-23 10:55,KEDW,101591.7,9.0,0.2,94230.1,282.62,1.16152
2026-04-23 11:55,KEDW,101625.5,9.4,0.6,94261.6,283.02,1.16027
2026-04-23 12:55,KEDW,101659.4,5.8,0.8,94293.0,279.42,1.17561
2026-04-23 13:55,KEDW,101693.3,7.8,2.1,94324.4,281.42,1.16764
2026-04-23 14:55,KEDW,101761.0,11.2,3.2,94387.2,284.82,1.15447
2026-04-23 15:55,KEDW,101727.1,14.3,0.9,94355.8,287.92,1.14166
2026-04-23 16:55,KEDW,101727.1,16.0,-1.6,94355.8,289.62,1.13496
2026-04-23 17:55,KEDW,101693.3,18.0,-2.9,94324.4,291.62,1.12680
2026-04-23 18:55,KEDW,101625.5,19.7,-4.6,94261.6,293.32,1.11952
2026-04-23 19:55,KEDW,101557.8,20.2,-5.6,94198.7,293.82,1.11688
2026-04-23 20:55,KEDW,101490.1,22.1,-7.6,94135.9,295.72,1.10896
2026-04-23 21:55,KEDW,101388.5,22.7,-9.3,94041.7,296.32,1.10561
2026-04-23 22:55,KEDW,101286.9,23.0,-9.1,93947.5,296.62,1.10338
2026-04-23 23:55,KEDW,101219.2,23.3,-10.1,93884.6,296.92,1.10153
2026-04-24 00:55,KEDW,101185.3,23.6,-8.6,93853.2,297.22,1.10005
2026-04-24 01:55,KEDW,101185.3,22.6,-9.4,93853.2,296.22,1.10376
2026-04-24 02:55,KEDW,101185.3,19.5,1.0,93853.2,293.12,1.11544
2026-04-24 03:55,KEDW,101286.9,16.9,0.9,93947.5,290.52,1.12655
2026-04-24 04:55,KEDW,101354.6,15.6,1.3,94010.3,289.22,1.13237
2026-04-24 05:55,KEDW,101354.6,13.5,1.2,94010.3,287.12,1.14065
2026-04-24 06:55,KEDW,101320.8,11.9,1.2,93978.9,285.52,1.14666
2026-04-24 07:55,KEDW,101320.8,11.0,1.2,93978.9,284.62,1.15029
2026-04-24 08:55,KEDW,101253.0,9.3,0.7,93916.0,282.92,1.15642
2026-04-24 09:55,KEDW,101219.2,9.4,0.0,93884.6,283.02,1.15563
2026-04-24 10:55,KEDW,101185.3,7.8,-0.7,93853.2,281.42,1.16181
2026-04-24 11:55,KEDW,101151.4,8.6,-1.5,93821.8,282.22,1.15813
2026-04-24 12:55,KEDW,101185.3,5.5,-1.9,93853.2,279.12,1.17138
2026-04-24 13:55,KEDW,101185.3,8.7,-1.4,93853.2,282.32,1.15811
2026-04-24 14:57,KEDW,101219.2,11.9,-1.3,93884.6,285.52,1.14551
2026-04-24 15:55,KEDW,101185.3,17.6,-3.8,93853.2,291.22,1.12271
2026-04-24 16:55,KEDW,101151.4,20.1,-2.9,93821.8,293.72,1.11278
2026-04-24 17:55,KEDW,101151.4,22.3,-2.5,93821.8,295.92,1.10451
2026-04-24 18:55,KEDW,101049.8,24.0,-3.4,93727.6,297.62,1.09710
2026-04-24 19:55,KEDW,100982.1,25.2,-6.2,93664.8,298.82,1.09196
2026-04-24 20:55,KEDW,100914.4,25.9,-8.1,93601.9,299.52,1.08868
2026-04-24 21:55,KEDW,100846.7,25.7,-2.9,93539.1,299.32,1.08868
2026-04-24 22:55,KEDW,100812.8,25.1,-0.2,93507.7,298.72,1.09050
2026-04-24 23:55,KEDW,100812.8,23.9,3.2,93507.7,297.52,1.09489
2026-04-25 00:55,KEDW,100812.8,22.4,4.4,93507.7,296.02,1.10044
2026-04-25 01:55,KEDW,100846.7,20.4,6.3,93539.1,294.02,1.10830
2026-04-25 02:55,KEDW,100880.5,18.1,6.9,93570.5,291.72,1.11741
2026-04-25 03:55,KEDW,100948.3,16.5,7.4,93633.4,290.12,1.12433
2026-04-25 04:55,KEDW,100982.1,15.3,7.1,93664.8,288.92,1.12938
2026-04-25 05:55,KEDW,100982.1,14.1,7.2,93664.8,287.72,1.13409
2026-04-25 06:55,KEDW,100948.3,13.4,7.2,93633.4,287.02,1.13647
2026-04-25 07:55,KEDW,100948.3,12.8,7.3,93633.4,286.42,1.13885
2026-04-25 08:55,KEDW,100880.5,12.1,7.0,93570.5,285.72,1.14088
2026-04-25 09:55,KEDW,100846.7,12.0,6.5,93539.1,285.62,1.14089
2026-04-25 10:55,KEDW,100778.9,11.7,6.0,93476.3,285.32,1.14133
2026-04-25 11:55,KEDW,100778.9,11.3,6.0,93476.3,284.92,1.14293
2026-04-25 12:55,KEDW,100846.7,11.2,6.7,93539.1,284.82,1.14410
2026-04-25 13:55,KEDW,100880.5,12.0,6.9,93570.5,285.62,1.14128
2026-04-25 14:55,KEDW,100914.4,14.0,6.6,93601.9,287.62,1.13372
2026-04-25 15:55,KEDW,100914.4,15.6,5.5,93601.9,289.22,1.12745
2026-04-25 16:55,KEDW,100948.3,16.4,4.1,93633.4,290.02,1.12472
2026-04-25 17:55,KEDW,100948.3,17.1,2.3,93633.4,290.72,1.12201
2026-04-25 18:55,KEDW,100880.5,19.0,1.5,93570.5,292.62,1.11398
2026-04-25 19:55,KEDW,100812.8,20.6,1.4,93507.7,294.22,1.10717
2026-04-25 20:55,KEDW,100812.8,19.0,2.4,93507.7,292.62,1.11323
2026-04-25 21:55,KEDW,100778.9,18.3,2.6,93476.3,291.92,1.11552
2026-04-25 22:55,KEDW,100778.9,18.7,3.3,93476.3,292.32,1.11400
2026-04-25 23:55,KEDW,100778.9,17.4,3.3,93476.3,291.02,1.11897
2026-04-26 15:55,KEDW,101016.0,12.5,2.9,93696.2,286.12,1.14081
2026-04-26 16:55,KEDW,101016.0,14.6,1.8,93696.2,288.22,1.13250
2026-04-26 17:55,KEDW,101049.8,15.2,-0.2,93727.6,288.82,1.13053
2026-04-26 18:55,KEDW,101083.7,16.4,0.5,93759.0,290.02,1.12623
2026-04-26 19:55,KEDW,101016.0,17.2,0.8,93696.2,290.82,1.12238
2026-04-26 20:55,KEDW,101049.8,17.3,1.3,93727.6,290.92,1.12237
2026-04-26 21:55,KEDW,101049.8,17.4,1.8,93727.6,291.02,1.12198
2026-04-26 22:55,KEDW,100982.1,17.7,3.2,93664.8,291.32,1.12007
2026-04-26 23:55,KEDW,101016.0,16.2,2.9,93696.2,289.82,1.12625
2026-04-27 00:55,KEDW,101083.7,15.5,3.3,93759.0,289.12,1.12973
2026-04-27 01:55,KEDW,101117.6,13.9,3.4,93790.4,287.52,1.13640
2026-04-27 02:55,KEDW,101151.4,12.5,3.7,93821.8,286.12,1.14234
2026-04-27 03:55,KEDW,101219.2,11.4,3.7,93884.6,285.02,1.14752
2026-04-27 04:55,KEDW,101253.0,10.9,3.9,93916.0,284.52,1.14992
2026-04-27 05:55,KEDW,101253.0,10.6,4.1,93916.0,284.22,1.15113
2026-04-27 06:55,KEDW,101286.9,10.4,4.1,93947.5,284.02,1.15233
2026-04-27 07:55,KEDW,101286.9,10.0,4.2,93947.5,283.62,1.15396
2026-04-27 08:55,KEDW,101286.9,9.7,3.9,93947.5,283.32,1.15518
2026-04-27 09:55,KEDW,101253.0,9.8,4.2,93916.0,283.42,1.15438
2026-04-27 10:55,KEDW,101253.0,9.5,3.9,93916.0,283.12,1.15561
2026-04-27 11:55,KEDW,101253.0,8.9,3.3,93916.0,282.52,1.15806
2026-04-27 12:55,KEDW,101253.0,8.9,2.7,93916.0,282.52,1.15806
2026-04-27 13:55,KEDW,101320.8,9.3,2.8,93978.9,282.92,1.15720
2026-04-27 14:55,KEDW,101320.8,11.4,2.9,93978.9,285.02,1.14867
2026-04-27 15:55,KEDW,101320.8,13.2,2.4,93978.9,286.82,1.14146
2026-04-27 16:55,KEDW,101354.6,14.7,1.9,94010.3,288.32,1.13590
2026-04-27 17:55,KEDW,101354.6,15.9,1.6,94010.3,289.52,1.13120
2026-04-27 18:55,KEDW,101354.6,16.9,1.3,94010.3,290.52,1.12730
2026-04-27 19:55,KEDW,101320.8,17.9,1.0,93978.9,291.52,1.12306
2026-04-27 20:55,KEDW,101286.9,18.8,-0.1,93947.5,292.42,1.11923
2026-04-27 21:55,KEDW,101253.0,19.2,0.2,93916.0,292.82,1.11733
2026-04-27 22:55,KEDW,101219.2,18.8,1.3,93884.6,292.42,1.11848
2026-04-27 23:55,KEDW,101253.0,18.4,1.0,93916.0,292.02,1.12039
2026-04-28 00:55,KEDW,101286.9,17.5,0.2,93947.5,291.12,1.12423
2026-04-28 01:55,KEDW,101320.8,16.1,0.2,93978.9,289.72,1.13004
2026-04-28 02:55,KEDW,101388.5,14.1,1.0,94041.7,287.72,1.13865
2026-04-28 03:55,KEDW,101523.9,12.6,1.3,94167.3,286.22,1.14615
2026-04-28 04:55,KEDW,101591.7,11.4,2.9,94230.1,285.02,1.15174
2026-04-28 05:55,KEDW,101591.7,10.6,2.9,94230.1,284.22,1.15498
2026-04-28 06:55,KEDW,101625.5,8.8,2.6,94261.6,282.42,1.16273
2026-04-28 07:55,KEDW,101659.4,7.5,1.8,94293.0,281.12,1.16850
2026-04-28 08:55,KEDW,101659.4,8.3,2.5,94293.0,281.92,1.16518
2026-04-28 09:55,KEDW,101625.5,6.7,2.0,94261.6,280.32,1.17144
2026-04-28 10:55,KEDW,101591.7,5.2,1.1,94230.1,278.82,1.17735
2026-04-28 11:55,KEDW,101625.5,4.1,-0.5,94261.6,277.72,1.18241
2026-04-28 12:55,KEDW,101659.4,3.9,0.2,94293.0,277.52,1.18366
2026-04-28 13:55,KEDW,101761.0,5.0,0.0,94387.2,278.62,1.18016
2026-04-28 14:55,KEDW,101828.7,6.9,0.1,94450.0,280.52,1.17295
2026-04-28 15:55,KEDW,101828.7,10.1,1.2,94450.0,283.72,1.15972
2026-04-28 16:55,KEDW,101828.7,12.8,1.5,94450.0,286.42,1.14879
2026-04-28 17:55,KEDW,101794.9,15.9,1.2,94418.6,289.52,1.13611
2026-04-28 18:55,KEDW,101761.0,18.6,-0.3,94387.2,292.22,1.12524
2026-04-28 19:55,KEDW,101625.5,20.6,-1.3,94261.6,294.22,1.11610
2026-04-28 20:55,KEDW,101557.8,22.6,-5.4,94198.7,296.22,1.10783
2026-04-28 21:55,KEDW,101490.1,23.0,-6.9,94135.9,296.62,1.10559
2026-04-28 22:55,KEDW,101422.4,24.4,-5.8,94073.1,298.02,1.09967
2026-04-28 23:55,KEDW,101388.5,24.7,-5.6,94041.7,298.32,1.09819
2026-04-29 00:55,KEDW,101388.5,24.0,-3.4,94041.7,297.62,1.10078
2026-04-29 01:55,KEDW,101388.5,21.6,3.3,94041.7,295.22,1.10973
2026-04-29 02:55,KEDW,101456.2,18.8,4.2,94104.5,292.42,1.12110
2026-04-29 03:55,KEDW,101523.9,17.0,4.7,94167.3,290.62,1.12880
2026-04-29 04:55,KEDW,101625.5,15.7,4.7,94261.6,289.32,1.13500
2026-04-29 05:55,KEDW,101693.3,14.8,4.8,94324.4,288.42,1.13930
2026-04-29 06:55,KEDW,101693.3,12.5,4.2,94324.4,286.12,1.14846
2026-04-29 07:55,KEDW,101693.3,11.8,4.3,94324.4,285.42,1.15128
2026-04-29 08:55,KEDW,101693.3,9.7,3.4,94324.4,283.32,1.15981
2026-04-29 09:55,KEDW,101625.5,8.7,2.9,94261.6,282.32,1.16315
2026-04-29 10:55,KEDW,101659.4,8.0,2.9,94293.0,281.62,1.16642
2026-04-29 11:55,KEDW,101659.4,6.6,1.9,94293.0,280.22,1.17225
2026-04-29 12:55,KEDW,101727.1,6.4,1.5,94355.8,280.02,1.17387
2026-04-29 13:55,KEDW,101761.0,7.9,1.5,94387.2,281.52,1.16801
2026-04-29 14:55,KEDW,101794.9,11.3,2.6,94418.6,284.92,1.15445
2026-04-29 15:55,KEDW,101761.0,14.5,3.3,94387.2,288.12,1.14125
2026-04-29 16:55,KEDW,101761.0,17.4,3.3,94387.2,291.02,1.12988
2026-04-29 17:55,KEDW,101693.3,19.9,2.3,94324.4,293.52,1.11951
2026-04-29 18:55,KEDW,101625.5,20.9,1.2,94261.6,294.52,1.11496
2026-04-29 19:55,KEDW,101523.9,23.6,-2.9,94167.3,297.22,1.10373
2026-04-29 20:55,KEDW,101456.2,24.6,-5.7,94104.5,298.22,1.09930
2026-04-29 21:55,KEDW,101354.6,25.8,-8.2,94010.3,299.42,1.09379
2026-04-29 22:55,KEDW,101286.9,25.8,-8.2,93947.5,299.42,1.09306
2026-04-29 23:55,KEDW,101219.2,26.6,-8.9,93884.6,300.22,1.08942
2026-04-30 00:55,KEDW,101185.3,26.1,-10.8,93853.2,299.72,1.09087
2026-04-30 01:55,KEDW,101185.3,25.5,-2.2,93853.2,299.12,1.09306
2026-04-30 02:55,KEDW,101253.0,20.4,4.0,93916.0,294.02,1.11277
2026-04-30 03:55,KEDW,101354.6,18.3,4.5,94010.3,291.92,1.12190
2026-04-30 04:55,KEDW,101422.4,16.9,3.9,94073.1,290.52,1.12806
2026-04-30 05:55,KEDW,101422.4,15.7,2.1,94073.1,289.32,1.13273
2026-04-30 06:55,KEDW,101388.5,14.3,2.5,94041.7,287.92,1.13786
2026-04-30 07:55,KEDW,101388.5,13.9,1.8,94041.7,287.52,1.13944
2026-04-30 08:55,KEDW,101354.6,12.7,2.5,94010.3,286.32,1.14384
2026-04-30 09:55,KEDW,101286.9,11.7,2.7,93947.5,285.32,1.14708
2026-04-30 10:55,KEDW,101286.9,10.7,2.5,93947.5,284.32,1.15111
2026-04-30 11:55,KEDW,101253.0,9.8,1.9,93916.0,283.42,1.15438
2026-04-30 12:55,KEDW,101253.0,8.8,1.2,93916.0,282.42,1.15847
2026-04-30 13:55,KEDW,101286.9,10.4,1.7,93947.5,284.02,1.15233
2026-04-30 14:55,KEDW,101320.8,14.4,3.2,93978.9,288.02,1.13671
2026-04-30 15:55,KEDW,101320.8,17.9,3.4,93978.9,291.52,1.12306
2026-04-30 16:55,KEDW,101320.8,20.3,3.1,93978.9,293.92,1.11389
2026-04-30 17:55,KEDW,101286.9,22.9,2.4,93947.5,296.52,1.10375
2026-04-30 18:55,KEDW,101219.2,25.4,0.1,93884.6,299.02,1.09379
2026-04-30 19:55,KEDW,101117.6,27.7,-4.3,93790.4,301.32,1.08435
2026-04-30 20:55,KEDW,101049.8,28.2,-5.1,93727.6,301.82,1.08183
2026-04-30 21:55,KEDW,100982.1,28.8,-5.9,93664.8,302.42,1.07896
2026-04-30 22:55,KEDW,100880.5,29.4,-12.0,93570.5,303.02,1.07574
2026-04-30 23:55,KEDW,100846.7,28.6,-12.5,93539.1,302.22,1.07823
2026-05-01 00:55,KEDW,100846.7,29.1,-12.2,93539.1,302.72,1.07645
2026-05-01 01:55,KEDW,100880.5,26.6,1.1,93570.5,300.22,1.08578
2026-05-01 02:55,KEDW,100948.3,23.8,3.1,93633.4,297.42,1.09673
2026-05-01 03:55,KEDW,101016.0,22.2,3.3,93696.2,295.82,1.10341
2026-05-01 04:55,KEDW,101117.6,21.2,2.9,93790.4,294.82,1.10826
2026-05-01 05:55,KEDW,101151.4,18.2,3.6,93821.8,291.82,1.12003
2026-05-01 06:55,KEDW,101185.3,17.3,3.2,93853.2,290.92,1.12387
2026-05-01 07:55,KEDW,101219.2,16.0,3.4,93884.6,289.62,1.12929
2026-05-01 08:55,KEDW,101219.2,15.3,3.7,93884.6,288.92,1.13203
2026-05-01 09:55,KEDW,101185.3,14.0,3.5,93853.2,287.62,1.13677
2026-05-01 10:55,KEDW,101219.2,13.7,3.2,93884.6,287.32,1.13833
2026-05-01 11:55,KEDW,101219.2,14.0,4.0,93884.6,287.62,1.13715
2026-05-01 12:55,KEDW,101286.9,11.6,3.9,93947.5,285.22,1.14748
2026-05-01 13:55,KEDW,101354.6,13.3,4.4,94010.3,286.92,1.14145
2026-05-01 14:55,KEDW,101422.4,17.5,5.1,94073.1,291.12,1.12573
2026-05-01 15:55,KEDW,101456.2,21.1,5.8,94104.5,294.72,1.11235
2026-05-01 16:55,KEDW,101456.2,23.9,5.3,94104.5,297.52,1.10188
2026-05-01 17:55,KEDW,101422.4,25.4,-0.7,94073.1,299.02,1.09599
2026-05-01 18:55,KEDW,101388.5,27.7,-2.2,94041.7,301.32,1.08726
2026-05-01 19:55,KEDW,101286.9,28.9,-7.2,93947.5,302.52,1.08186
2026-05-01 20:55,KEDW,101253.0,30.0,-7.9,93916.0,303.62,1.07758
2026-05-01 21:55,KEDW,101185.3,29.2,-8.5,93853.2,302.82,1.07971
2026-05-01 22:55,KEDW,101083.7,30.2,-7.7,93759.0,303.82,1.07507
2026-05-01 23:55,KEDW,101049.8,30.3,-9.4,93727.6,303.92,1.07436
2026-05-02 00:55,KEDW,101016.0,29.5,-8.2,93696.2,303.12,1.07683
2026-05-02 01:55,KEDW,101049.8,28.1,1.5,93727.6,301.72,1.08219
2026-05-02 02:55,KEDW,101117.6,24.8,-2.7,93790.4,298.42,1.09489
2026-05-02 03:55,KEDW,101185.3,22.5,-0.3,93853.2,296.12,1.10414
2026-05-02 04:55,KEDW,101253.0,20.9,-1.6,93916.0,294.52,1.11088
2026-05-02 05:55,KEDW,101286.9,19.2,-1.3,93947.5,292.82,1.11770
2026-05-02 06:55,KEDW,101320.8,17.8,-0.5,93978.9,291.42,1.12344
2026-05-02 07:55,KEDW,101320.8,18.6,1.1,93978.9,292.22,1.12037
2026-05-02 08:55,KEDW,101286.9,16.7,1.5,93947.5,290.32,1.12732
2026-05-02 09:55,KEDW,101253.0,14.2,1.1,93916.0,287.82,1.13674
2026-05-02 10:55,KEDW,101286.9,14.5,1.1,93947.5,288.12,1.13593
2026-05-02 11:55,KEDW,101320.8,14.1,-0.4,93978.9,287.72,1.13789
2026-05-02 12:55,KEDW,101320.8,12.5,-0.1,93978.9,286.12,1.14426
2026-05-02 13:55,KEDW,101388.5,14.1,0.3,94041.7,287.72,1.13865
2026-05-02 14:55,KEDW,101422.4,18.5,1.0,94073.1,292.12,1.12188
2026-05-02 15:55,KEDW,101456.2,20.7,0.5,94104.5,294.32,1.11386
2026-05-02 16:55,KEDW,101422.4,23.8,0.1,94073.1,297.42,1.10188
2026-05-02 17:55,KEDW,101354.6,26.6,-1.3,94010.3,300.22,1.09088
2026-05-02 18:55,KEDW,101286.9,30.5,-9.2,93947.5,304.12,1.07617
2026-05-02 19:55,KEDW,101185.3,30.7,-9.1,93853.2,304.32,1.07438
2026-05-02 20:55,KEDW,101117.6,30.9,-5.7,93790.4,304.52,1.07296
2026-05-02 21:55,KEDW,101016.0,31.5,-6.8,93696.2,305.12,1.06977
2026-05-02 22:55,KEDW,100914.4,32.1,-4.8,93601.9,305.72,1.06660
2026-05-02 23:55,KEDW,100880.5,30.9,-3.0,93570.5,304.52,1.07044
2026-05-03 00:55,KEDW,100880.5,29.2,-3.1,93570.5,302.82,1.07645
2026-05-03 01:55,KEDW,100880.5,27.9,-2.1,93570.5,301.52,1.08109
2026-05-03 02:55,KEDW,100914.4,24.9,2.3,93601.9,298.52,1.09233
2026-05-03 03:55,KEDW,101016.0,23.0,3.0,93696.2,296.62,1.10043
2026-05-03 04:55,KEDW,101083.7,21.4,6.5,93759.0,295.02,1.10714
2026-05-03 05:55,KEDW,101083.7,20.4,3.6,93759.0,294.02,1.11091
2026-05-03 06:55,KEDW,101083.7,19.5,4.8,93759.0,293.12,1.11432
2026-05-03 07:55,KEDW,101117.6,17.7,5.6,93790.4,291.32,1.12158
2026-05-03 08:55,KEDW,101117.6,16.2,6.0,93790.4,289.82,1.12738
2026-05-03 09:55,KEDW,101117.6,13.4,5.5,93790.4,287.02,1.13838
2026-05-03 10:55,KEDW,101049.8,14.0,4.6,93727.6,287.62,1.13524
2026-05-03 11:55,KEDW,101049.8,12.3,5.0,93727.6,285.92,1.14199
2026-05-03 12:55,KEDW,101049.8,10.7,4.8,93727.6,284.32,1.14842
2026-05-03 13:55,KEDW,101083.7,12.5,2.4,93759.0,286.12,1.14158
2026-05-03 14:55,KEDW,101117.6,16.0,6.4,93790.4,289.62,1.12816
2026-05-03 15:55,KEDW,101083.7,19.8,3.1,93759.0,293.42,1.11318
2026-05-03 16:55,KEDW,101083.7,22.0,3.6,93759.0,295.62,1.10489
2026-05-03 17:55,KEDW,101117.6,22.3,6.1,93790.4,295.92,1.10414
2026-05-03 18:55,KEDW,101049.8,22.6,6.4,93727.6,296.22,1.10228
2026-05-03 19:55,KEDW,100982.1,23.7,5.1,93664.8,297.32,1.09747
2026-05-03 20:55,KEDW,100914.4,23.8,5.6,93601.9,297.42,1.09637
2026-05-03 21:55,KEDW,100880.5,22.1,6.3,93570.5,295.72,1.10230
2026-05-03 22:55,KEDW,100778.9,20.6,6.9,93476.3,294.22,1.10680
2026-05-03 23:55,KEDW,100778.9,20.1,4.6,93476.3,293.72,1.10869
2026-05-04 00:55,KEDW,100812.8,19.0,4.4,93507.7,292.62,1.11323
2026-05-04 01:55,KEDW,100846.7,16.6,5.2,93539.1,290.22,1.12281
2026-05-04 02:55,KEDW,100948.3,14.6,5.7,93633.4,288.22,1.13174
2026-05-04 03:55,KEDW,101049.8,14.0,5.6,93727.6,287.62,1.13524
2026-05-04 04:55,KEDW,101083.7,13.6,5.2,93759.0,287.22,1.13721
2026-05-04 05:55,KEDW,101117.6,12.6,5.3,93790.4,286.22,1.14156
2026-05-04 06:55,KEDW,101151.4,12.1,5.7,93821.8,285.72,1.14394
2026-05-04 07:55,KEDW,101151.4,11.8,5.4,93821.8,285.42,1.14514
2026-05-04 08:55,KEDW,101185.3,11.5,5.6,93853.2,285.12,1.14673
2026-05-04 09:55,KEDW,101151.4,11.1,5.2,93821.8,284.72,1.14796
2026-05-04 10:55,KEDW,101117.6,10.6,4.9,93790.4,284.22,1.14959
2026-05-04 11:55,KEDW,101083.7,10.1,4.7,93759.0,283.72,1.15123
2026-05-04 12:55,KEDW,101151.4,10.1,5.3,93821.8,283.72,1.15201
2026-05-04 13:55,KEDW,101151.4,10.9,5.4,93821.8,284.52,1.14877
2026-05-04 14:55,KEDW,101151.4,12.1,5.9,93821.8,285.72,1.14394
2026-05-04 15:55,KEDW,101185.3,14.3,4.8,93853.2,287.92,1.13558
2026-05-04 16:55,KEDW,101219.2,15.8,3.9,93884.6,289.42,1.13007
2026-05-04 17:55,KEDW,101219.2,17.2,3.1,93884.6,290.82,1.12463
2026-05-04 18:55,KEDW,101219.2,18.0,2.3,93884.6,291.62,1.12155
2026-05-04 19:55,KEDW,101185.3,18.9,1.8,93853.2,292.52,1.11772
2026-05-04 20:55,KEDW,101185.3,19.6,1.1,93853.2,293.22,1.11506
2026-05-04 21:55,KEDW,101151.4,19.6,2.0,93821.8,293.22,1.11468
2026-05-04 22:55,KEDW,101117.6,18.6,2.0,93790.4,292.22,1.11812
2026-05-04 23:55,KEDW,101083.7,17.9,3.0,93759.0,291.52,1.12043
2026-05-05 00:55,KEDW,101117.6,17.7,3.6,93790.4,291.32,1.12158
2026-05-05 01:55,KEDW,101117.6,15.9,3.7,93790.4,289.52,1.12855
2026-05-05 02:55,KEDW,101117.6,14.0,5.1,93790.4,287.62,1.13601
2026-05-05 03:55,KEDW,101185.3,12.9,4.8,93853.2,286.52,1.14113
2026-05-05 04:55,KEDW,101253.0,12.1,5.0,93916.0,285.72,1.14509
2026-05-05 05:55,KEDW,101219.2,11.4,5.3,93884.6,285.02,1.14752
2026-05-05 06:55,KEDW,101219.2,10.8,5.8,93884.6,284.42,1.14994
2026-05-05 07:55,KEDW,101185.3,10.6,5.1,93853.2,284.22,1.15036
2026-05-05 08:55,KEDW,101151.4,10.3,4.7,93821.8,283.92,1.15119
2026-05-05 09:55,KEDW,101117.6,10.9,4.4,93790.4,284.52,1.14838
2026-05-05 10:55,KEDW,101083.7,10.7,4.2,93759.0,284.32,1.14881
2026-05-05 11:55,KEDW,101083.7,10.5,4.8,93759.0,284.12,1.14961
2026-05-05 12:55,KEDW,101083.7,9.9,4.9,93759.0,283.52,1.15205
2026-05-05 13:55,KEDW,101117.6,10.4,5.0,93790.4,284.02,1.15040
2026-05-05 14:55,KEDW,101117.6,12.5,4.9,93790.4,286.12,1.14196
2026-05-05 15:55,KEDW,101151.4,15.3,4.3,93821.8,288.92,1.13127
2026-05-05 16:55,KEDW,101151.4,16.6,4.0,93821.8,290.22,1.12620
2026-05-05 17:55,KEDW,101151.4,18.5,3.9,93821.8,292.12,1.11888
2026-05-05 18:55,KEDW,101185.3,18.7,2.5,93853.2,292.32,1.11849
2026-05-05 19:55,KEDW,101151.4,19.2,2.5,93821.8,292.82,1.11620
2026-05-05 20:55,KEDW,101117.6,20.2,2.5,93790.4,293.82,1.11203
2026-05-05 21:55,KEDW,101117.6,20.3,2.6,93790.4,293.92,1.11166
2026-05-05 22:55,KEDW,101049.8,19.9,3.1,93727.6,293.52,1.11242
2026-05-05 23:55,KEDW,101083.7,19.1,3.7,93759.0,292.72,1.11584
2026-05-06 00:55,KEDW,101117.6,17.8,4.4,93790.4,291.42,1.12119
2026-05-06 01:55,KEDW,101185.3,16.5,4.2,93853.2,290.12,1.12697
2026-05-06 02:55,KEDW,101253.0,15.0,4.7,93916.0,288.62,1.13359
2026-05-06 03:55,KEDW,101354.6,13.6,4.2,94010.3,287.22,1.14025
2026-05-06 04:55,KEDW,101422.4,12.8,4.5,94073.1,286.42,1.14420
2026-05-06 05:55,KEDW,101456.2,12.3,5.5,94104.5,285.92,1.14659
2026-05-06 06:55,KEDW,101490.1,11.6,4.8,94135.9,285.22,1.14978
2026-05-06 07:55,KEDW,101523.9,11.1,4.5,94167.3,284.72,1.15219
2026-05-06 08:55,KEDW,101557.8,10.1,4.2,94198.7,283.72,1.15663
2026-05-06 09:55,KEDW,101523.9,9.2,4.2,94167.3,282.82,1.15993
2026-05-06 10:55,KEDW,101523.9,9.3,4.5,94167.3,282.92,1.15952
2026-05-06 11:55,KEDW,101557.8,9.6,4.6,94198.7,283.22,1.15868
2026-05-06 12:55,KEDW,101557.8,9.8,4.4,94198.7,283.42,1.15786
2026-05-06 13:55,KEDW,101659.4,10.9,4.6,94293.0,284.52,1.15454
2026-05-06 14:55,KEDW,101727.1,14.3,4.8,94355.8,287.92,1.14166
2026-05-06 15:55,KEDW,101693.3,15.9,4.9,94324.4,289.52,1.13497
2026-05-06 16:55,KEDW,101727.1,18.2,4.7,94355.8,291.82,1.12640
2026-05-06 17:55,KEDW,101727.1,20.4,4.4,94355.8,294.02,1.11798
2026-05-06 18:55,KEDW,101659.4,22.6,3.7,94293.0,296.22,1.10893
2026-05-06 19:55,KEDW,101625.5,24.5,1.4,94261.6,298.12,1.10150
2026-05-06 20:55,KEDW,101557.8,25.4,0.8,94198.7,299.02,1.09745
2026-05-06 21:55,KEDW,101490.1,27.0,-0.1,94135.9,300.62,1.09088
2026-05-06 22:55,KEDW,101422.4,27.8,-1.2,94073.1,301.42,1.08726
2026-05-06 23:55,KEDW,101354.6,28.4,-1.7,94010.3,302.02,1.08438
2026-05-07 00:55,KEDW,101354.6,29.1,-2.1,94010.3,302.72,1.08187
2026-05-07 01:55,KEDW,101354.6,27.9,4.2,94010.3,301.52,1.08618
2026-05-07 02:55,KEDW,101422.4,24.3,6.1,94073.1,297.92,1.10004
2026-05-07 04:55,KEDW,101591.7,20.2,5.4,94230.1,293.82,1.11725
2026-05-07 05:55,KEDW,101591.7,18.7,5.5,94230.1,292.32,1.12298
2026-05-07 06:55,KEDW,101591.7,18.0,5.2,94230.1,291.62,1.12568
2026-05-07 07:55,KEDW,101625.5,17.2,5.8,94261.6,290.82,1.12915
2026-05-07 08:55,KEDW,101625.5,15.6,5.2,94261.6,289.22,1.13540
2026-05-07 09:55,KEDW,101591.7,14.1,5.2,94230.1,287.72,1.14093
2026-05-07 10:55,KEDW,101625.5,12.9,4.8,94261.6,286.52,1.14609
2026-05-07 11:55,KEDW,101591.7,11.5,4.5,94230.1,285.12,1.15134
2026-05-07 12:55,KEDW,101625.5,10.7,3.3,94261.6,284.32,1.15496
2026-05-07 13:55,KEDW,101693.3,12.9,4.1,94324.4,286.52,1.14686
2026-05-07 14:55,KEDW,101693.3,14.8,4.5,94324.4,288.42,1.13930
2026-05-07 15:55,KEDW,101693.3,18.6,4.7,94324.4,292.22,1.12449
2026-05-07 16:55,KEDW,101659.4,22.1,5.1,94293.0,295.72,1.11081
2026-05-07 17:55,KEDW,101625.5,26.4,2.3,94261.6,300.02,1.09452
2026-05-07 18:55,KEDW,101523.9,29.5,0.1,94167.3,303.12,1.08225
2026-05-07 19:55,KEDW,101456.2,31.5,-0.3,94104.5,305.12,1.07444
2026-05-07 20:55,KEDW,101354.6,32.0,-3.4,94010.3,305.62,1.07160
2026-05-07 21:55,KEDW,101253.0,33.1,-4.0,93916.0,306.72,1.06669
2026-05-07 22:55,KEDW,101151.4,34.1,-1.9,93821.8,307.72,1.06216
2026-05-07 23:55,KEDW,101185.3,33.2,-0.1,93853.2,306.82,1.06563
2026-05-08 00:55,KEDW,101185.3,31.2,2.4,93853.2,304.82,1.07262
2026-05-08 01:55,KEDW,101219.2,28.4,5.9,93884.6,302.02,1.08293
2026-05-08 02:55,KEDW,101286.9,25.7,7.3,93947.5,299.32,1.09343
2026-05-08 03:55,KEDW,101354.6,23.9,7.5,94010.3,297.52,1.10078
2026-05-08 04:55,KEDW,101388.5,21.9,7.3,94041.7,295.52,1.10860
2026-05-08 05:55,KEDW,101422.4,20.7,8.3,94073.1,294.32,1.11349
2026-05-08 06:55,KEDW,101422.4,19.2,7.9,94073.1,292.82,1.11919
2026-05-08 07:55,KEDW,101422.4,19.1,7.5,94073.1,292.72,1.11958
2026-05-08 08:55,KEDW,101388.5,18.5,7.0,94041.7,292.12,1.12150
2026-05-08 09:55,KEDW,101354.6,17.6,7.6,94010.3,291.22,1.12459
2026-05-08 10:55,KEDW,101354.6,16.9,7.5,94010.3,290.52,1.12730
2026-05-08 11:55,KEDW,101354.6,16.7,7.6,94010.3,290.32,1.12808
2026-05-08 12:55,KEDW,101388.5,17.5,8.6,94041.7,291.12,1.12535
2026-05-08 13:55,KEDW,101422.4,18.5,9.3,94073.1,292.12,1.12188
2026-05-08 14:55,KEDW,101456.2,22.3,9.8,94104.5,295.92,1.10784
2026-05-08 15:55,KEDW,101456.2,26.1,9.4,94104.5,299.72,1.09379
2026-05-08 16:55,KEDW,101456.2,27.9,6.6,94104.5,301.52,1.08726
2026-05-08 17:55,KEDW,101422.4,28.7,4.9,94073.1,302.32,1.08403
2026-05-08 18:55,KEDW,101354.6,30.5,4.2,94010.3,304.12,1.07689
2026-05-08 19:55,KEDW,101320.8,32.8,-0.4,93978.9,306.42,1.06845
2026-05-08 20:55,KEDW,101253.0,33.8,0.4,93916.0,307.42,1.06426
2026-05-08 21:55,KEDW,101151.4,35.0,2.4,93821.8,308.62,1.05906
2026-05-08 22:55,KEDW,101117.6,34.2,2.9,93790.4,307.82,1.06146
2026-05-08 23:57,KEDW,101083.7,34.0,-1.0,93759.0,307.62,1.06179
2026-05-09 00:55,KEDW,101083.7,31.9,2.9,93759.0,305.52,1.06909
2026-05-09 01:55,KEDW,101117.6,29.3,4.0,93790.4,302.92,1.07863
2026-05-09 02:55,KEDW,101185.3,26.6,4.9,93853.2,300.22,1.08906
2026-05-09 03:55,KEDW,101253.0,23.9,4.8,93916.0,297.52,1.09968
2026-05-09 04:55,KEDW,101286.9,22.4,4.9,93947.5,296.02,1.10562
2026-05-09 05:55,KEDW,101320.8,21.5,4.1,93978.9,295.12,1.10936
2026-05-09 06:55,KEDW,101286.9,21.6,4.2,93947.5,295.22,1.10861
2026-05-09 07:55,KEDW,101286.9,21.1,2.4,93947.5,294.72,1.11049
2026-05-09 08:55,KEDW,101219.2,19.5,1.9,93884.6,293.12,1.11581
2026-05-09 09:55,KEDW,101219.2,17.2,1.6,93884.6,290.82,1.12463
2026-05-09 10:55,KEDW,101219.2,16.0,0.9,93884.6,289.62,1.12929
2026-05-09 11:55,KEDW,101219.2,14.1,1.7,93884.6,287.72,1.13675
2026-05-09 12:55,KEDW,101253.0,14.6,3.1,93916.0,288.22,1.13516
2026-05-09 13:55,KEDW,101320.8,15.1,3.2,93978.9,288.72,1.13395
2026-05-09 14:55,KEDW,101354.6,19.5,4.0,94010.3,293.12,1.11730
2026-05-09 15:55,KEDW,101354.6,23.8,3.7,94010.3,297.42,1.10115
2026-05-09 16:55,KEDW,101320.8,26.3,2.2,93978.9,299.92,1.09161
2026-05-09 17:55,KEDW,101286.9,28.4,1.0,93947.5,302.02,1.08365
2026-05-09 18:55,KEDW,101253.0,30.6,0.0,93916.0,304.22,1.07546
2026-05-09 19:55,KEDW,101185.3,32.0,-1.0,93853.2,305.62,1.06981
2026-05-09 20:55,KEDW,101117.6,32.6,-3.0,93790.4,306.22,1.06700
2026-05-09 21:55,KEDW,101016.0,34.2,-21.8,93696.2,307.82,1.06039
2026-05-09 22:55,KEDW,100914.4,35.1,-13.0,93601.9,308.72,1.05624
2026-05-09 23:55,KEDW,100880.5,36.1,-12.3,93570.5,309.72,1.05247
2026-05-10 00:55,KEDW,100880.5,33.6,6.0,93570.5,307.22,1.06104
2026-05-10 01:55,KEDW,100948.3,31.2,3.2,93633.4,304.82,1.07011
2026-05-10 02:55,KEDW,100982.1,27.8,4.1,93664.8,301.42,1.08254
2026-05-10 03:55,KEDW,101083.7,25.2,4.3,93759.0,298.82,1.09306
2026-05-10 04:55,KEDW,101151.4,23.4,3.8,93821.8,297.02,1.10042
2026-05-10 05:55,KEDW,101185.3,21.8,5.6,93853.2,295.42,1.10675
2026-05-10 06:55,KEDW,101185.3,20.1,6.4,93853.2,293.72,1.11316
2026-05-10 07:55,KEDW,101151.4,19.2,6.0,93821.8,292.82,1.11620
2026-05-10 08:55,KEDW,101117.6,18.0,5.9,93790.4,291.62,1.12042
2026-05-10 09:55,KEDW,101151.4,17.3,4.6,93821.8,290.92,1.12349
2026-05-10 10:55,KEDW,101219.2,15.6,3.7,93884.6,289.22,1.13086
2026-05-10 11:55,KEDW,101253.0,14.2,3.3,93916.0,287.82,1.13674
2026-05-10 12:55,KEDW,101253.0,13.4,2.9,93916.0,287.02,1.13990
2026-05-10 13:55,KEDW,101320.8,15.7,4.1,93978.9,289.32,1.13160
2026-05-10 14:55,KEDW,101388.5,18.1,3.9,94041.7,291.72,1.12304
2026-05-10 15:55,KEDW,101422.4,20.5,4.1,94073.1,294.12,1.11425
2026-05-10 16:55,KEDW,101422.4,24.9,4.1,94073.1,298.52,1.09782
2026-05-10 17:55,KEDW,101422.4,28.2,3.1,94073.1,301.82,1.08582
2026-05-10 18:55,KEDW,101388.5,31.5,2.6,94041.7,305.12,1.07372
2026-05-10 19:55,KEDW,101320.8,34.0,-0.6,93978.9,307.62,1.06428
2026-05-10 20:55,KEDW,101219.2,37.0,-11.7,93884.6,310.62,1.05295
2026-05-10 21:55,KEDW,101151.4,36.9,-11.8,93821.8,310.52,1.05258
2026-05-10 22:55,KEDW,101083.7,37.6,-11.3,93759.0,311.22,1.04951
2026-05-10 23:55,KEDW,101049.8,37.7,-14.8,93727.6,311.32,1.04882
2026-05-11 00:55,KEDW,101049.8,35.8,0.7,93727.6,309.42,1.05526
2026-05-11 01:55,KEDW,101117.6,32.6,2.6,93790.4,306.22,1.06700
2026-05-11 02:55,KEDW,101185.3,29.6,1.1,93853.2,303.22,1.07828
2026-05-11 03:55,KEDW,101253.0,27.6,-0.5,93916.0,301.22,1.08617
2026-05-11 04:55,KEDW,101320.8,26.2,-2.5,93978.9,299.82,1.09197
2026-05-11 05:55,KEDW,101388.5,24.1,2.3,94041.7,297.72,1.10041
2026-05-11 06:55,KEDW,101422.4,24.0,4.4,94073.1,297.62,1.10114
2026-05-11 07:55,KEDW,101422.4,20.1,2.9,94073.1,293.72,1.11577
2026-05-11 08:55,KEDW,101422.4,19.7,4.6,94073.1,293.32,1.11729
2026-05-11 09:55,KEDW,101388.5,18.6,5.1,94041.7,292.22,1.12112
2026-05-11 10:55,KEDW,101388.5,18.3,5.2,94041.7,291.92,1.12227
2026-05-11 11:55,KEDW,101422.4,18.1,5.0,94073.1,291.72,1.12341
2026-05-11 12:55,KEDW,101456.2,14.8,4.5,94104.5,288.42,1.13665
2026-05-11 13:55,KEDW,101490.1,17.2,4.5,94135.9,290.82,1.12764
2026-05-11 14:55,KEDW,101557.8,20.7,3.4,94198.7,294.32,1.11498
2026-05-11 15:55,KEDW,101591.7,23.7,1.9,94230.1,297.32,1.10410
2026-05-11 16:55,KEDW,101557.8,27.2,-2.6,94198.7,300.82,1.09089
2026-05-11 18:55,KEDW,101523.9,33.7,-17.4,94167.3,307.32,1.06746
2026-05-11 19:55,KEDW,101456.2,35.1,-16.5,94104.5,308.72,1.06191
2026-05-11 20:55,KEDW,101388.5,37.2,-15.1,94041.7,310.82,1.05403
2026-05-11 21:59,KEDW,101320.8,38.0,-19.0,93978.9,311.62,1.05062
2026-05-11 22:55,KEDW,101320.8,37.2,-6.4,93978.9,310.82,1.05332
2026-05-11 23:55,KEDW,101354.6,35.7,-9.8,94010.3,309.32,1.05879
2026-05-12 00:55,KEDW,101354.6,34.0,-11.0,94010.3,307.62,1.06464
2026-05-12 01:55,KEDW,101354.6,32.1,-15.1,94010.3,305.72,1.07125
2026-05-12 02:55,KEDW,101388.5,29.1,-12.2,94041.7,302.72,1.08223
2026-05-12 03:55,KEDW,101456.2,26.3,-4.3,94104.5,299.92,1.09306
2026-05-12 04:55,KEDW,101523.9,22.9,-2.0,94167.3,296.52,1.10634
2026-05-12 05:55,KEDW,101490.1,22.7,-0.8,94135.9,296.32,1.10671
2026-05-12 06:55,KEDW,101456.2,21.5,-4.6,94104.5,295.12,1.11084
2026-05-12 07:55,KEDW,101456.2,18.3,-2.1,94104.5,291.92,1.12302
2026-05-12 08:55,KEDW,101422.4,17.0,-1.2,94073.1,290.62,1.12767
2026-05-12 09:55,KEDW,101422.4,15.6,-4.9,94073.1,289.22,1.13313
2026-05-12 10:55,KEDW,101354.6,14.8,-6.1,94010.3,288.42,1.13551
2026-05-12 11:55,KEDW,101388.5,15.4,-4.0,94041.7,289.02,1.13353
2026-05-12 12:55,KEDW,101388.5,14.5,-4.8,94041.7,288.12,1.13707
2026-05-12 13:55,KEDW,101456.2,17.3,-2.9,94104.5,290.92,1.12688
2026-05-12 14:55,KEDW,101490.1,20.0,-3.7,94135.9,293.62,1.11689
2026-05-12 15:55,KEDW,101490.1,24.3,-4.9,94135.9,297.92,1.10077
2026-05-12 16:55,KEDW,101422.4,28.0,-3.0,94073.1,301.62,1.08654
2026-05-12 17:55,KEDW,101422.4,30.5,-2.1,94073.1,304.12,1.07761
2026-05-12 18:55,KEDW,101354.6,33.2,-5.5,94010.3,306.82,1.06741
2026-05-12 19:55,KEDW,101219.2,36.5,-9.2,93884.6,310.12,1.05464
2026-05-12 20:55,KEDW,101083.7,38.6,-14.2,93759.0,312.22,1.04615
2026-05-12 21:55,KEDW,100982.1,38.2,-14.5,93664.8,311.82,1.04644
2026-05-12 22:55,KEDW,101016.0,34.9,0.0,93696.2,308.52,1.05798
2026-05-12 23:55,KEDW,101016.0,34.2,-3.2,93696.2,307.82,1.06039
2026-05-13 00:55,KEDW,101083.7,28.0,7.8,93759.0,301.62,1.08291
2026-05-13 01:55,KEDW,101117.6,25.4,7.0,93790.4,299.02,1.09270
2026-05-13 02:55,KEDW,101219.2,21.7,7.5,93884.6,295.32,1.10750
2026-05-13 03:55,KEDW,101253.0,20.9,5.7,93916.0,294.52,1.11088
2026-05-13 04:55,KEDW,101320.8,20.6,2.4,93978.9,294.22,1.11275
2026-05-13 05:55,KEDW,101354.6,19.9,5.2,94010.3,293.52,1.11578
2026-05-13 06:55,KEDW,101354.6,18.3,4.1,94010.3,291.92,1.12190
2026-05-13 07:55,KEDW,101354.6,17.6,4.9,94010.3,291.22,1.12459
2026-05-13 08:55,KEDW,101320.8,16.3,5.3,93978.9,289.92,1.12926
2026-05-13 09:55,KEDW,101320.8,15.8,6.5,93978.9,289.42,1.13121
2026-05-13 10:55,KEDW,101354.6,16.0,5.9,94010.3,289.62,1.13080
2026-05-13 11:55,KEDW,101388.5,15.2,5.4,94041.7,288.82,1.13432
2026-05-13 12:55,KEDW,101422.4,15.0,8.0,94073.1,288.62,1.13548
2026-05-13 13:55,KEDW,101456.2,16.6,7.5,94104.5,290.22,1.12960
2026-05-13 14:55,KEDW,101490.1,19.4,6.1,94135.9,293.02,1.11918
2026-05-13 15:55,KEDW,101523.9,21.8,4.4,94167.3,295.42,1.11046
2026-05-13 16:55,KEDW,101490.1,24.6,2.7,94135.9,298.22,1.09966
2026-05-13 17:55,KEDW,101557.8,26.4,3.0,94198.7,300.02,1.09379
2026-05-13 18:55,KEDW,101523.9,28.1,1.5,94167.3,301.72,1.08727
2026-05-13 19:55,KEDW,101456.2,28.7,1.2,94104.5,302.32,1.08439
2026-05-13 20:55,KEDW,101388.5,29.1,3.8,94041.7,302.72,1.08223
2026-05-13 21:55,KEDW,101354.6,29.2,5.3,94010.3,302.82,1.08151
2026-05-13 22:55,KEDW,101286.9,29.4,4.8,93947.5,303.02,1.08008
2026-05-13 23:55,KEDW,101286.9,30.2,-3.5,93947.5,303.82,1.07723
2026-05-14 00:55,KEDW,101286.9,28.8,-2.4,93947.5,302.42,1.08222
2026-05-14 01:55,KEDW,101286.9,26.3,-4.3,93947.5,299.92,1.09124
2026-05-14 02:55,KEDW,101320.8,23.9,-6.2,93978.9,297.52,1.10041
2026-05-14 03:55,KEDW,101388.5,22.4,-2.4,94041.7,296.02,1.10673
2026-05-14 04:55,KEDW,101388.5,20.8,-3.7,94041.7,294.42,1.11274
2026-05-14 05:55,KEDW,101354.6,19.2,-1.9,94010.3,292.82,1.11845
2026-05-14 06:55,KEDW,101354.6,19.2,-0.3,94010.3,292.82,1.11845
2026-05-14 07:55,KEDW,101354.6,18.7,1.7,94010.3,292.32,1.12036
2026-05-14 08:55,KEDW,101320.8,18.4,2.2,93978.9,292.02,1.12114
2026-05-14 09:55,KEDW,101286.9,17.4,4.0,93947.5,291.02,1.12461
2026-05-14 10:55,KEDW,101320.8,16.7,5.6,93978.9,290.32,1.12770
2026-05-14 11:55,KEDW,101320.8,15.6,5.5,93978.9,289.22,1.13199
2026-05-14 12:55,KEDW,101354.6,14.7,5.7,94010.3,288.32,1.13590
2026-05-14 13:55,KEDW,101388.5,15.7,6.1,94041.7,289.32,1.13236
2026-05-14 14:55,KEDW,101422.4,19.0,5.4,94073.1,292.62,1.11996
2026-05-14 15:55,KEDW,101456.2,22.4,4.4,94104.5,296.02,1.10747
2026-05-14 16:55,KEDW,101456.2,25.5,1.6,94104.5,299.12,1.09599
2026-05-14 17:55,KEDW,101422.4,27.6,-0.5,94073.1,301.22,1.08798
2026-05-14 18:55,KEDW,101388.5,28.9,-2.3,94041.7,302.52,1.08295
2026-05-14 19:55,KEDW,101354.6,29.9,-2.6,94010.3,303.52,1.07902
2026-05-14 20:55,KEDW,101286.9,31.7,-3.7,93947.5,305.32,1.07194
2026-05-14 21:55,KEDW,101185.3,32.0,-4.9,93853.2,305.62,1.06981
2026-05-14 22:55,KEDW,101117.6,32.6,-7.7,93790.4,306.22,1.06700
2026-05-14 23:55,KEDW,101083.7,32.2,4.9,93759.0,305.82,1.06804
2026-05-15 00:55,KEDW,101083.7,30.4,3.4,93759.0,304.02,1.07436
2026-05-15 01:55,KEDW,101117.6,28.2,4.4,93790.4,301.82,1.08256
2026-05-15 02:55,KEDW,101185.3,25.1,5.8,93853.2,298.72,1.09453
2026-05-15 03:55,KEDW,101219.2,23.5,5.8,93884.6,297.12,1.10079
2026-05-15 04:55,KEDW,101286.9,22.5,5.4,93947.5,296.12,1.10524
2026-05-15 05:55,KEDW,101286.9,21.4,3.6,93947.5,295.02,1.10936
2026-05-15 06:55,KEDW,101253.0,20.3,0.7,93916.0,293.92,1.11314
2026-05-15 07:55,KEDW,101219.2,20.2,-0.5,93884.6,293.82,1.11315
2026-05-15 08:55,KEDW,101185.3,21.2,-0.2,93853.2,294.82,1.10900
2026-05-15 09:55,KEDW,101151.4,17.2,2.4,93821.8,290.82,1.12388
2026-05-15 10:55,KEDW,101117.6,18.1,2.0,93790.4,291.72,1.12004
2026-05-15 11:55,KEDW,101117.6,16.8,3.5,93790.4,290.42,1.12505
2026-05-15 12:55,KEDW,101117.6,16.9,4.6,93790.4,290.52,1.12467
2026-05-15 13:55,KEDW,101151.4,19.2,4.1,93821.8,292.82,1.11620
2026-05-15 14:55,KEDW,101185.3,22.1,3.7,93853.2,295.72,1.10563
2026-05-15 15:55,KEDW,101219.2,25.7,2.4,93884.6,299.32,1.09270
2026-05-15 16:55,KEDW,101151.4,28.0,2.2,93821.8,301.62,1.08364
2026-05-15 17:55,KEDW,101117.6,29.9,1.3,93790.4,303.52,1.07649
2026-05-15 18:55,KEDW,101117.6,31.3,-0.4,93790.4,304.92,1.07155
2026-05-15 19:55,KEDW,101049.8,32.3,-1.9,93727.6,305.92,1.06733
2026-05-15 20:55,KEDW,101016.0,33.3,-5.4,93696.2,306.92,1.06350
2026-05-15 21:55,KEDW,100948.3,32.8,-4.3,93633.4,306.42,1.06452
2026-05-15 22:55,KEDW,100914.4,32.2,-2.0,93601.9,305.82,1.06625
2026-05-15 23:55,KEDW,100880.5,30.7,-3.2,93570.5,304.32,1.07115
2026-05-16 00:55,KEDW,100914.4,29.6,-2.8,93601.9,303.22,1.07539
2026-05-16 01:55,KEDW,100880.5,27.4,1.0,93570.5,301.02,1.08289
2026-05-16 02:55,KEDW,100914.4,25.4,0.8,93601.9,299.02,1.09050
2026-05-16 03:55,KEDW,100948.3,23.6,-3.7,93633.4,297.22,1.09747
2026-05-16 04:55,KEDW,101016.0,23.9,-14.0,93696.2,297.52,1.09710
2026-05-16 05:55,KEDW,101049.8,19.7,1.6,93727.6,293.32,1.11318
2026-05-16 06:55,KEDW,100982.1,20.4,1.3,93664.8,294.02,1.10979
2026-05-16 07:55,KEDW,100948.3,21.9,3.5,93633.4,295.52,1.10379
2026-05-16 08:55,KEDW,100948.3,18.3,5.2,93633.4,291.92,1.11740
2026-05-16 09:55,KEDW,100914.4,17.3,4.6,93601.9,290.92,1.12086
2026-05-16 10:55,KEDW,100914.4,16.3,5.6,93601.9,289.92,1.12473
2026-05-16 11:55,KEDW,100880.5,17.3,2.8,93570.5,290.92,1.12049
2026-05-16 12:55,KEDW,100914.4,15.5,4.2,93601.9,289.12,1.12784
2026-05-16 13:55,KEDW,100948.3,20.0,0.9,93633.4,293.62,1.11093
2026-05-16 14:55,KEDW,100982.1,21.9,0.4,93664.8,295.52,1.10416
2026-05-16 15:55,KEDW,100982.1,23.7,-1.3,93664.8,297.32,1.09747
2026-05-16 16:55,KEDW,100948.3,25.4,-4.1,93633.4,299.02,1.09087
2026-05-16 17:55,KEDW,100948.3,26.1,-2.6,93633.4,299.72,1.08832
2026-05-16 18:55,KEDW,100948.3,26.1,-3.5,93633.4,299.72,1.08832
2026-05-16 19:56,KEDW,100880.5,26.1,-3.3,93570.5,299.72,1.08759
2026-05-16 20:55,KEDW,100812.8,28.4,-9.1,93507.7,302.02,1.07858
2026-05-16 21:55,KEDW,100778.9,27.4,-9.8,93476.3,301.02,1.08180
2026-05-16 22:55,KEDW,100711.2,27.5,-9.7,93413.5,301.12,1.08071
2026-05-16 23:55,KEDW,100643.5,26.0,-3.6,93350.7,299.62,1.08539
2026-05-17 00:55,KEDW,100643.5,25.1,-3.4,93350.7,298.72,1.08866
2026-05-17 01:55,KEDW,100643.5,23.5,-3.8,93350.7,297.12,1.09453
2026-05-17 02:55,KEDW,100643.5,22.0,-5.0,93350.7,295.62,1.10008
2026-05-17 03:55,KEDW,100711.2,21.2,-4.1,93413.5,294.82,1.10381
2026-05-17 04:55,KEDW,100745.1,20.6,-3.2,93444.9,294.22,1.10643
2026-05-17 05:55,KEDW,100812.8,19.8,-2.5,93507.7,293.42,1.11019
2026-05-17 06:55,KEDW,100778.9,19.2,0.7,93476.3,292.82,1.11209
2026-05-17 07:55,KEDW,100745.1,18.1,1.6,93444.9,291.72,1.11591
2026-05-17 08:55,KEDW,100711.2,17.8,0.9,93413.5,291.42,1.11669
2026-05-17 09:55,KEDW,100711.2,17.5,0.6,93413.5,291.12,1.11784
2026-05-17 10:55,KEDW,100677.3,17.0,0.6,93382.1,290.62,1.11938
2026-05-17 11:55,KEDW,100643.5,16.6,0.7,93350.7,290.22,1.12055
2026-05-17 12:55,KEDW,100609.6,15.8,1.1,93319.3,289.42,1.12327
2026-05-17 13:55,KEDW,100643.5,15.4,2.2,93350.7,289.02,1.12520
2026-05-17 14:55,KEDW,100643.5,20.1,1.0,93350.7,293.72,1.10720
2026-05-17 15:55,KEDW,100609.6,22.2,0.1,93319.3,295.82,1.09897
2026-05-17 16:55,KEDW,100541.9,23.9,-0.4,93256.4,297.52,1.09195
2026-05-17 17:55,KEDW,100575.8,24.5,-1.4,93287.8,298.12,1.09012
2026-05-17 18:55,KEDW,100474.2,25.3,-5.1,93193.6,298.92,1.08611
2026-05-17 19:55,KEDW,100406.4,26.1,-3.5,93130.8,299.72,1.08248
2026-05-17 20:58,KEDW,100338.7,28.0,-5.0,93068.0,301.62,1.07493
2026-05-17 21:55,KEDW,100271.0,26.1,-4.5,93005.2,299.72,1.08102
2026-05-17 22:55,KEDW,100271.0,25.5,-5.0,93005.2,299.12,1.08318
2026-05-17 23:55,KEDW,100271.0,24.7,-4.6,93005.2,298.32,1.08609
2026-05-18 00:55,KEDW,100304.8,22.8,-1.3,93036.6,296.42,1.09342
2026-05-18 01:55,KEDW,100338.7,22.1,-1.9,93068.0,295.72,1.09638
2026-05-18 02:55,KEDW,100474.2,20.7,-0.6,93193.6,294.32,1.10308
2026-05-18 03:55,KEDW,100541.9,18.8,2.2,93256.4,292.42,1.11100
2026-05-18 04:55,KEDW,100677.3,17.6,3.5,93382.1,291.22,1.11708
2026-05-18 05:56,KEDW,100778.9,18.0,0.0,93476.3,291.62,1.11667
2026-05-18 06:55,KEDW,100880.5,17.1,-7.4,93570.5,290.72,1.12126
2026-05-18 07:55,KEDW,100948.3,15.3,-7.6,93633.4,288.92,1.12900
2026-05-18 08:55,KEDW,101016.0,14.6,-7.5,93696.2,288.22,1.13250
2026-05-18 09:55,KEDW,101016.0,14.7,-8.7,93696.2,288.32,1.13211
2026-05-18 10:55,KEDW,101083.7,13.7,-9.5,93759.0,287.32,1.13681
2026-05-18 11:55,KEDW,101117.6,11.8,-9.2,93790.4,285.42,1.14476
2026-05-18 12:55,KEDW,101185.3,9.8,-9.3,93853.2,283.42,1.15361
2026-05-18 13:55,KEDW,101286.9,14.0,-9.3,93947.5,287.62,1.13791
2026-05-18 14:55,KEDW,101354.6,16.2,-8.9,94010.3,289.82,1.13002
2026-05-18 15:59,KEDW,101388.5,18.0,-10.0,94041.7,291.62,1.12342
2026-05-18 16:55,KEDW,101422.4,19.5,-11.8,94073.1,293.12,1.11805
2026-05-18 17:56,KEDW,101422.4,21.0,-13.0,94073.1,294.62,1.11236
2026-05-18 18:55,KEDW,101422.4,21.9,-15.5,94073.1,295.52,1.10897
2026-05-18 19:55,KEDW,101422.4,22.6,-16.9,94073.1,296.22,1.10635
2026-05-18 20:55,KEDW,101388.5,23.3,-14.5,94041.7,296.92,1.10337
2026-05-18 21:55,KEDW,101320.8,23.9,-15.9,93978.9,297.52,1.10041
2026-05-18 22:55,KEDW,101286.9,23.5,-16.2,93947.5,297.12,1.10152
2026-05-18 23:55,KEDW,101253.0,24.2,-20.5,93916.0,297.82,1.09857
2026-05-19 00:55,KEDW,101253.0,24.0,-20.6,93916.0,297.62,1.09931
2026-05-19 01:55,KEDW,101253.0,23.5,-18.4,93916.0,297.12,1.10116
2026-05-19 02:55,KEDW,101320.8,21.0,-20.2,93978.9,294.62,1.11124
2026-05-19 03:55,KEDW,101388.5,17.9,-16.9,94041.7,291.52,1.12381
2026-05-19 04:55,KEDW,101456.2,15.0,-16.4,94104.5,288.62,1.13586
2026-05-19 05:55,KEDW,101490.1,14.3,-14.8,94135.9,287.92,1.13900
2026-05-19 06:55,KEDW,101490.1,13.1,-9.4,94135.9,286.72,1.14377
2026-05-19 07:55,KEDW,101523.9,9.8,-15.6,94167.3,283.42,1.15747
2026-05-19 08:55,KEDW,101523.9,9.0,-15.5,94167.3,282.62,1.16075
2026-05-19 09:55,KEDW,101523.9,9.4,-14.5,94167.3,283.02,1.15911
2026-05-19 10:55,KEDW,101523.9,6.5,-14.9,94167.3,280.12,1.17111
2026-05-19 11:55,KEDW,101557.8,6.0,-15.9,94198.7,279.62,1.17359
2026-05-19 12:55,KEDW,101591.7,5.3,-13.7,94230.1,278.92,1.17693
2026-05-19 13:55,KEDW,101693.3,9.8,-10.9,94324.4,283.42,1.15940
2026-05-19 14:55,KEDW,101794.9,11.9,-11.7,94418.6,285.52,1.15203
2026-05-19 15:55,KEDW,101794.9,17.0,-12.6,94418.6,290.62,1.13181
2026-05-19 16:55,KEDW,101794.9,20.8,-12.0,94418.6,294.42,1.11720
2026-05-19 17:55,KEDW,101727.1,25.1,-15.1,94355.8,298.72,1.10039
2026-05-19 19:55,KEDW,101659.4,26.3,-16.4,94293.0,299.92,1.09525
2026-05-19 20:55,KEDW,101591.7,26.1,-16.5,94230.1,299.72,1.09525
2026-05-19 21:55,KEDW,101523.9,27.3,-18.4,94167.3,300.92,1.09016
2026-05-19 22:55,KEDW,101422.4,27.1,-15.8,94073.1,300.72,1.08979
2026-05-19 23:55,KEDW,101388.5,26.9,-18.6,94041.7,300.52,1.09015
2026-05-20 00:55,KEDW,101354.6,27.1,-15.8,94010.3,300.72,1.08906
2026-05-20 01:55,KEDW,101354.6,26.7,-16.1,94010.3,300.32,1.09052
2026-05-20 02:55,KEDW,101354.6,23.6,-14.3,94010.3,297.22,1.10189
2026-05-20 03:55,KEDW,101388.5,21.2,-14.4,94041.7,294.82,1.11123
2026-05-20 04:55,KEDW,101490.1,19.7,-10.5,94135.9,293.32,1.11803
2026-05-20 05:55,KEDW,101523.9,16.6,-9.4,94167.3,290.22,1.13035
2026-05-20 06:55,KEDW,101557.8,14.1,-6.7,94198.7,287.72,1.14055
2026-05-20 07:55,KEDW,101557.8,14.2,-6.1,94198.7,287.82,1.14016
2026-05-20 08:55,KEDW,101523.9,13.6,-6.6,94167.3,287.22,1.14216
2026-05-20 09:55,KEDW,101523.9,11.6,-6.3,94167.3,285.22,1.15017
2026-05-20 10:55,KEDW,101523.9,10.6,-6.7,94167.3,284.22,1.15421
2026-05-20 11:55,KEDW,101523.9,9.6,-6.3,94167.3,283.22,1.15829
2026-05-20 12:55,KEDW,101523.9,8.6,-8.0,94167.3,282.22,1.16239
2026-05-20 13:55,KEDW,101557.8,12.0,-7.4,94198.7,285.62,1.14894
2026-05-20 14:55,KEDW,101557.8,16.3,-6.1,94198.7,289.92,1.13190
2026-05-20 16:55,KEDW,101523.9,23.3,-6.7,94167.3,296.92,1.10485
2026-05-20 18:55,KEDW,101456.2,27.2,-10.0,94104.5,300.82,1.08979
2026-05-20 19:55,KEDW,101388.5,28.7,-14.7,94041.7,302.32,1.08366
2026-05-20 20:55,KEDW,101286.9,29.1,-14.4,93947.5,302.72,1.08115
2026-05-20 21:55,KEDW,101219.2,29.4,-14.2,93884.6,303.02,1.07935
2026-05-20 22:55,KEDW,101117.6,29.7,-16.7,93790.4,303.32,1.07720
2026-05-20 23:55,KEDW,101083.7,30.3,-19.7,93759.0,303.92,1.07472
2026-05-21 00:55,KEDW,101016.0,30.0,-16.5,93696.2,303.62,1.07506
2026-05-21 01:55,KEDW,101016.0,29.4,-16.9,93696.2,303.02,1.07719
2026-05-21 02:55,KEDW,101049.8,25.6,-9.7,93727.6,299.22,1.09123
2026-05-21 03:55,KEDW,101117.6,23.8,-9.7,93790.4,297.42,1.09857
2026-05-21 04:55,KEDW,101185.3,21.8,-7.9,93853.2,295.42,1.10675
2026-05-21 05:55,KEDW,101219.2,20.6,-6.1,93884.6,294.22,1.11164
2026-05-21 06:55,KEDW,101219.2,18.4,-7.1,93884.6,292.02,1.12001
2026-05-21 07:55,KEDW,101185.3,17.3,-6.6,93853.2,290.92,1.12387
2026-05-21 08:55,KEDW,101185.3,15.5,-5.6,93853.2,289.12,1.13087
2026-05-21 09:55,KEDW,101151.4,16.1,-4.5,93821.8,289.72,1.12815
2026-05-21 10:55,KEDW,101151.4,14.9,-4.4,93821.8,288.52,1.13284
2026-05-21 11:55,KEDW,101151.4,13.1,-4.1,93821.8,286.72,1.13995
2026-05-21 12:55,KEDW,101185.3,12.2,-4.0,93853.2,285.82,1.14392
2026-05-21 13:55,KEDW,101219.2,15.5,-3.9,93884.6,289.12,1.13125
2026-05-21 14:55,KEDW,101253.0,20.5,-2.6,93916.0,294.12,1.11239
2026-05-21 15:55,KEDW,101253.0,25.1,-2.5,93916.0,298.72,1.09526
2026-05-21 21:55,KEDW,100914.4,33.1,-17.8,93601.9,306.72,1.06312
2026-05-21 23:40,KEDW,100812.8,33.0,-6.0,93507.7,306.62,1.06240
2026-05-22 01:55,KEDW,100812.8,28.9,-5.8,93507.7,302.52,1.07680
2026-05-22 02:55,KEDW,100846.7,26.3,-3.3,93539.1,299.92,1.08650
2026-05-22 03:55,KEDW,100914.4,23.7,-2.8,93601.9,297.32,1.09673
2026-05-22 04:55,KEDW,100914.4,22.1,-2.6,93601.9,295.72,1.10267
2026-05-22 05:55,KEDW,100914.4,21.2,-1.4,93601.9,294.82,1.10603
2026-05-22 06:55,KEDW,100846.7,19.7,-0.9,93539.1,293.32,1.11094
2026-05-22 07:55,KEDW,100812.8,19.1,0.6,93507.7,292.72,1.11285
2026-05-22 08:55,KEDW,100846.7,18.6,0.7,93539.1,292.22,1.11513
2026-05-22 09:55,KEDW,100812.8,17.6,1.1,93507.7,291.22,1.11858
2026-05-22 10:55,KEDW,100812.8,17.2,1.6,93507.7,290.82,1.12012
2026-05-22 11:55,KEDW,100812.8,17.3,1.7,93507.7,290.92,1.11973
2026-05-22 12:55,KEDW,100812.8,17.2,2.0,93507.7,290.82,1.12012
2026-05-22 13:55,KEDW,100880.5,19.0,1.9,93570.5,292.62,1.11398
2026-05-22 14:55,KEDW,100914.4,22.5,2.0,93601.9,296.12,1.10118
2026-05-22 15:55,KEDW,100880.5,26.1,0.7,93570.5,299.72,1.08759
2026-05-22 16:55,KEDW,100880.5,28.7,-0.5,93570.5,302.32,1.07823
2026-05-22 17:55,KEDW,100846.7,30.4,-1.1,93539.1,304.02,1.07184
2026-05-22 18:55,KEDW,100812.8,31.7,-3.7,93507.7,305.32,1.06692
2026-05-22 19:55,KEDW,100745.1,33.2,-4.0,93444.9,306.82,1.06099
2026-05-22 20:55,KEDW,100711.2,33.0,-9.4,93413.5,306.62,1.06133
2026-05-22 21:55,KEDW,100677.3,33.9,-2.0,93382.1,307.52,1.05787
2026-05-22 22:55,KEDW,100677.3,33.2,-0.1,93382.1,306.82,1.06028
2026-05-22 23:55,KEDW,100677.3,31.6,3.6,93382.1,305.22,1.06584
2026-05-23 00:55,KEDW,100711.2,29.6,6.3,93413.5,303.22,1.07323
2026-05-23 01:55,KEDW,100778.9,27.6,6.9,93476.3,301.22,1.08108
2026-05-23 02:55,KEDW,100812.8,25.0,6.7,93507.7,298.62,1.09086
2026-05-23 03:55,KEDW,100880.5,22.7,8.0,93570.5,296.32,1.10007
2026-05-23 04:55,KEDW,100914.4,21.3,7.9,93601.9,294.92,1.10566
2026-05-23 05:55,KEDW,100948.3,20.5,6.8,93633.4,294.12,1.10904
2026-05-23 06:55,KEDW,100948.3,19.6,6.7,93633.4,293.22,1.11244
2026-05-23 07:55,KEDW,100982.1,18.6,8.3,93664.8,292.22,1.11662
2026-05-23 08:55,KEDW,100982.1,17.3,7.1,93664.8,290.92,1.12161
2026-05-23 09:55,KEDW,101016.0,16.9,6.7,93696.2,290.52,1.12354
2026-05-23 10:55,KEDW,101016.0,16.4,7.3,93696.2,290.02,1.12547
2026-05-23 11:55,KEDW,101016.0,16.2,7.7,93696.2,289.82,1.12625
2026-05-23 12:55,KEDW,101016.0,16.3,7.8,93696.2,289.92,1.12586
2026-05-23 13:55,KEDW,101117.6,18.2,7.3,93790.4,291.82,1.11966
2026-05-23 14:55,KEDW,101185.3,21.8,4.4,93853.2,295.42,1.10675
2026-05-23 15:55,KEDW,101219.2,24.9,3.5,93884.6,298.52,1.09562
2026-05-23 16:55,KEDW,101219.2,26.6,1.1,93884.6,300.22,1.08942
2026-05-23 17:55,KEDW,101185.3,28.4,-0.7,93853.2,302.02,1.08257
2026-05-23 18:55,KEDW,101185.3,30.6,-2.1,93853.2,304.22,1.07474
2026-05-23 19:55,KEDW,101117.6,31.2,-2.8,93790.4,304.82,1.07190
2026-05-23 20:55,KEDW,101083.7,32.5,-4.5,93759.0,306.12,1.06699
2026-05-23 21:55,KEDW,101049.8,32.8,1.8,93727.6,306.42,1.06559
2026-05-23 22:55,KEDW,101016.0,32.9,0.8,93696.2,306.52,1.06489
2026-05-23 23:55,KEDW,101016.0,31.4,-1.4,93696.2,305.02,1.07012
2026-05-24 00:55,KEDW,101049.8,29.7,2.8,93727.6,303.32,1.07648
2026-05-24 16:55,KEDW,101422.4,26.5,3.0,94073.1,300.12,1.09197
2026-05-24 17:55,KEDW,101422.4,28.4,0.1,94073.1,302.02,1.08510
2026-05-24 18:55,KEDW,101354.6,30.8,-1.9,94010.3,304.42,1.07583
2026-05-24 19:55,KEDW,101320.8,31.1,-1.7,93978.9,304.72,1.07441
2026-05-24 20:55,KEDW,101253.0,31.1,-1.7,93916.0,304.72,1.07369
2026-05-24 21:55,KEDW,101151.4,32.5,-1.8,93821.8,306.12,1.06771
2026-05-24 22:55,KEDW,101117.6,32.2,-0.8,93790.4,305.82,1.06840
2026-05-24 23:55,KEDW,101117.6,30.2,0.7,93790.4,303.82,1.07543
2026-05-25 00:55,KEDW,101083.7,29.3,0.0,93759.0,302.92,1.07827
2026-05-25 01:55,KEDW,101117.6,27.3,0.1,93790.4,300.92,1.08580
2026-05-25 03:55,KEDW,101185.3,22.2,4.7,93853.2,295.82,1.10526
2026-05-25 04:55,KEDW,101253.0,20.4,4.8,93916.0,294.02,1.11277
2026-05-25 05:55,KEDW,101253.0,19.4,4.3,93916.0,293.02,1.11656
2026-05-25 06:55,KEDW,101253.0,19.0,5.1,93916.0,292.62,1.11809
2026-05-25 07:55,KEDW,101219.2,18.0,4.9,93884.6,291.62,1.12155
2026-05-25 08:55,KEDW,101185.3,16.9,5.5,93853.2,290.52,1.12542
2026-05-25 10:55,KEDW,101151.4,15.4,6.4,93821.8,289.02,1.13088
2026-05-25 11:55,KEDW,101151.4,14.7,6.0,93821.8,288.32,1.13363
2026-05-25 12:55,KEDW,101185.3,14.6,5.4,93853.2,288.22,1.13440
2026-05-25 13:55,KEDW,101219.2,15.8,5.1,93884.6,289.42,1.13007
2026-05-25 14:55,KEDW,101219.2,19.3,3.4,93884.6,292.92,1.11657
2026-05-25 15:55,KEDW,101219.2,22.8,4.8,93884.6,296.42,1.10339
2026-05-25 16:55,KEDW,101185.3,25.7,4.7,93853.2,299.32,1.09233
2026-05-25 17:55,KEDW,101151.4,27.2,3.6,93821.8,300.82,1.08652
2026-05-25 18:55,KEDW,101117.6,28.9,2.2,93790.4,302.52,1.08005
2026-05-25 19:55,KEDW,101049.8,29.6,1.1,93727.6,303.22,1.07684
2026-05-25 20:55,KEDW,100948.3,30.8,1.2,93633.4,304.42,1.07151
2026-05-25 21:55,KEDW,100880.5,31.1,0.4,93570.5,304.72,1.06974
2026-05-25 22:55,KEDW,100812.8,31.1,-1.7,93507.7,304.72,1.06902
2026-05-25 23:55,KEDW,100778.9,29.3,3.3,93476.3,302.92,1.07501
2026-05-26 00:55,KEDW,100778.9,27.5,3.9,93476.3,301.12,1.08144
2026-05-26 01:55,KEDW,100778.9,24.5,7.2,93476.3,298.12,1.09232
2026-05-26 02:55,KEDW,100812.8,21.5,7.7,93507.7,295.12,1.10380
2026-05-26 03:55,KEDW,100880.5,20.1,7.1,93570.5,293.72,1.10980
2026-05-26 04:55,KEDW,100948.3,18.9,6.4,93633.4,292.52,1.11511
2026-05-26 05:55,KEDW,100914.4,18.1,6.3,93601.9,291.72,1.11779
2026-05-26 06:55,KEDW,100914.4,17.2,5.8,93601.9,290.82,1.12125
2026-05-26 07:55,KEDW,100880.5,15.9,6.1,93570.5,289.52,1.12590
2026-05-26 08:55,KEDW,100846.7,15.1,7.4,93539.1,288.72,1.12864
2026-05-26 09:55,KEDW,100812.8,14.5,7.3,93507.7,288.12,1.13062
2026-05-26 10:55,KEDW,100778.9,13.7,7.2,93476.3,287.32,1.13338
2026-05-26 11:55,KEDW,100778.9,13.1,6.9,93476.3,286.72,1.13575
2026-05-26 12:55,KEDW,100778.9,12.7,6.7,93476.3,286.32,1.13734
2026-05-26 13:55,KEDW,100778.9,13.5,7.0,93476.3,287.12,1.13417
2026-05-26 14:55,KEDW,100745.1,15.4,7.7,93444.9,289.02,1.12634
2026-05-26 15:55,KEDW,100745.1,16.6,7.2,93444.9,290.22,1.12168
2026-05-26 16:55,KEDW,100745.1,17.5,7.2,93444.9,291.12,1.11821
2026-05-26 17:55,KEDW,100812.8,17.4,7.2,93507.7,291.02,1.11935
2026-05-26 18:55,KEDW,100812.8,17.7,7.1,93507.7,291.32,1.11820
2026-05-26 19:55,KEDW,100677.3,19.7,5.3,93382.1,293.32,1.10908
2026-05-26 20:55,KEDW,100643.5,20.7,5.5,93350.7,294.32,1.10494
2026-05-26 21:55,KEDW,100575.8,20.8,5.6,93287.8,294.42,1.10382
2026-05-26 22:55,KEDW,100541.9,20.2,6.2,93256.4,293.82,1.10570
2026-05-26 23:55,KEDW,100508.0,18.1,6.9,93225.0,291.72,1.11329
2026-05-27 00:55,KEDW,100508.0,16.2,7.7,93225.0,289.82,1.12059
2026-05-27 01:55,KEDW,100474.2,15.5,7.3,93193.6,289.12,1.12292
2026-05-27 02:55,KEDW,100541.9,14.2,7.3,93256.4,287.82,1.12875
2026-05-27 03:55,KEDW,100541.9,13.5,7.3,93256.4,287.12,1.13150
2026-05-27 04:55,KEDW,100609.6,13.2,7.0,93319.3,286.82,1.13345
2026-05-27 05:55,KEDW,100609.6,12.8,6.8,93319.3,286.42,1.13503
2026-05-27 06:55,KEDW,100609.6,12.9,6.7,93319.3,286.52,1.13464
2026-05-27 07:55,KEDW,100609.6,12.6,6.2,93319.3,286.22,1.13583
2026-05-27 08:55,KEDW,100609.6,12.1,6.4,93319.3,285.72,1.13781
2026-05-27 09:55,KEDW,100609.6,11.9,6.4,93319.3,285.52,1.13861
2026-05-27 10:55,KEDW,100643.5,12.1,6.4,93350.7,285.72,1.13820
2026-05-27 11:55,KEDW,100643.5,11.0,5.9,93350.7,284.62,1.14260
2026-05-27 12:55,KEDW,100711.2,11.0,5.7,93413.5,284.62,1.14337
2026-05-27 13:55,KEDW,100745.1,12.1,2.8,93444.9,285.72,1.13935
2026-05-27 14:55,KEDW,100812.8,13.6,3.9,93507.7,287.22,1.13416
2026-05-27 15:55,KEDW,100812.8,15.0,4.7,93507.7,288.62,1.12866
2026-05-27 16:55,KEDW,100812.8,16.9,2.1,93507.7,290.52,1.12128
2026-05-27 17:55,KEDW,100778.9,17.9,0.1,93476.3,291.52,1.11705
2026-05-27 18:55,KEDW,100778.9,18.9,0.9,93476.3,292.52,1.11323
2026-05-27 19:55,KEDW,100778.9,19.2,0.2,93476.3,292.82,1.11209
2026-05-27 20:55,KEDW,100745.1,19.4,-0.1,93444.9,293.02,1.11096
2026-05-27 21:55,KEDW,100745.1,20.0,-0.1,93444.9,293.62,1.10869
2026-05-27 22:55,KEDW,100677.3,19.9,-0.2,93382.1,293.52,1.10832
2026-05-27 23:55,KEDW,100677.3,19.9,-0.2,93382.1,293.52,1.10832
2026-05-28 00:55,KEDW,100711.2,17.8,1.7,93413.5,291.42,1.11669
2026-05-28 01:55,KEDW,100745.1,17.0,1.0,93444.9,290.62,1.12014
2026-05-28 02:55,KEDW,100846.7,14.2,3.3,93539.1,287.82,1.13217
2026-05-28 03:55,KEDW,100914.4,12.9,4.6,93601.9,286.52,1.13807
2026-05-28 04:55,KEDW,100982.1,12.6,3.0,93664.8,286.22,1.14003
2026-05-28 05:55,KEDW,101016.0,11.5,3.8,93696.2,285.12,1.14481
2026-05-28 06:55,KEDW,101049.8,11.1,3.1,93727.6,284.72,1.14681
2026-05-28 07:55,KEDW,101083.7,10.2,4.1,93759.0,283.82,1.15083
2026-05-28 08:55,KEDW,101016.0,9.7,4.1,93696.2,283.32,1.15209
2026-05-28 09:55,KEDW,101016.0,9.4,4.0,93696.2,283.02,1.15331
2026-05-28 10:55,KEDW,101016.0,9.0,3.8,93696.2,282.62,1.15494
2026-05-28 11:55,KEDW,101049.8,8.9,3.7,93727.6,282.52,1.15574
2026-05-28 12:55,KEDW,101083.7,9.0,3.8,93759.0,282.62,1.15572
2026-05-28 13:55,KEDW,101117.6,10.2,4.1,93790.4,283.82,1.15121
2026-05-28 14:55,KEDW,101151.4,12.1,3.6,93821.8,285.72,1.14394
2026-05-28 15:55,KEDW,101219.2,14.6,2.8,93884.6,288.22,1.13478
2026-05-28 16:55,KEDW,101219.2,16.6,1.1,93884.6,290.22,1.12696
2026-05-28 17:55,KEDW,101185.3,18.0,1.1,93853.2,291.62,1.12117
2026-05-28 18:59,KEDW,101151.4,19.0,1.0,93821.8,292.62,1.11697
2026-05-28 19:55,KEDW,101117.6,19.7,0.2,93790.4,293.32,1.11393
2026-05-28 20:55,KEDW,101117.6,20.6,0.9,93790.4,294.22,1.11052
2026-05-28 21:55,KEDW,101083.7,19.3,0.8,93759.0,292.92,1.11508
2026-05-28 22:55,KEDW,101049.8,18.9,0.9,93727.6,292.52,1.11623
2026-05-28 23:55,KEDW,101016.0,18.4,2.2,93696.2,292.02,1.11776
2026-05-29 00:55,KEDW,101016.0,16.9,2.5,93696.2,290.52,1.12354
2026-05-29 01:55,KEDW,101083.7,15.2,4.0,93759.0,288.82,1.13091
2026-05-29 02:55,KEDW,101185.3,14.0,4.8,93853.2,287.62,1.13677
2026-05-29 03:55,KEDW,101185.3,12.9,6.3,93853.2,286.52,1.14113
2026-05-29 04:55,KEDW,101253.0,13.1,5.0,93916.0,286.72,1.14110
2026-05-29 05:55,KEDW,101286.9,12.5,5.4,93947.5,286.12,1.14387
2026-05-29 06:55,KEDW,101253.0,11.6,5.7,93916.0,285.22,1.14710
2026-05-29 07:55,KEDW,101253.0,11.3,5.6,93916.0,284.92,1.14831
2026-05-29 08:55,KEDW,101219.2,10.9,6.0,93884.6,284.52,1.14954
2026-05-29 09:55,KEDW,101219.2,10.9,6.0,93884.6,284.52,1.14954
2026-05-29 10:55,KEDW,101219.2,10.4,5.8,93884.6,284.02,1.15156
2026-05-29 11:55,KEDW,101286.9,10.3,6.1,93947.5,283.92,1.15274
2026-05-29 12:55,KEDW,101286.9,9.7,5.7,93947.5,283.32,1.15518
2026-05-29 13:55,KEDW,101354.6,11.8,5.9,94010.3,285.42,1.14744
2026-05-29 14:55,KEDW,101388.5,14.6,5.4,94041.7,288.22,1.13668
2026-05-29 15:55,KEDW,101422.4,16.4,4.1,94073.1,290.02,1.13000
2026-05-29 16:55,KEDW,101388.5,17.2,3.8,94041.7,290.82,1.12652
2026-05-29 17:55,KEDW,101422.4,18.9,3.5,94073.1,292.52,1.12034
2026-05-29 18:55,KEDW,101422.4,20.3,2.6,94073.1,293.92,1.11501
2026-05-29 19:55,KEDW,101388.5,21.3,3.5,94041.7,294.92,1.11085
2026-05-29 20:55,KEDW,101354.6,22.2,3.3,94010.3,295.82,1.10710
2026-05-29 21:55,KEDW,101320.8,21.9,3.5,93978.9,295.52,1.10786
2026-05-29 22:55,KEDW,101286.9,21.7,3.8,93947.5,295.32,1.10824
2026-05-29 23:55,KEDW,101286.9,21.2,4.3,93947.5,294.82,1.11012
2026-05-30 00:55,KEDW,101286.9,20.1,4.2,93947.5,293.72,1.11427
2026-05-30 01:55,KEDW,101320.8,19.2,4.5,93978.9,292.82,1.11807
2026-05-30 02:55,KEDW,101388.5,17.9,4.8,94041.7,291.52,1.12381
2026-05-30 03:55,KEDW,101456.2,17.1,4.7,94104.5,290.72,1.12766
2026-05-30 04:55,KEDW,101490.1,16.8,5.1,94135.9,290.42,1.12920
2026-05-30 05:55,KEDW,101523.9,16.7,5.3,94167.3,290.32,1.12996
2026-05-30 06:55,KEDW,101523.9,15.6,5.2,94167.3,289.22,1.13426
2026-05-30 07:55,KEDW,101523.9,14.7,4.7,94167.3,288.32,1.13780
2026-05-30 08:55,KEDW,101523.9,13.7,5.1,94167.3,287.32,1.14176
2026-05-30 09:55,KEDW,101490.1,12.6,4.8,94135.9,286.22,1.14577
2026-05-30 10:55,KEDW,101490.1,12.0,4.9,94135.9,285.62,1.14817
2026-05-30 11:55,KEDW,101557.8,11.6,5.0,94198.7,285.22,1.15055
2026-05-30 12:55,KEDW,101557.8,10.6,4.7,94198.7,284.22,1.15460
2026-05-30 13:55,KEDW,101625.5,13.5,5.4,94261.6,287.12,1.14370
2026-05-30 14:55,KEDW,101625.5,14.6,4.9,94261.6,288.22,1.13933
2026-05-30 15:55,KEDW,101659.4,18.2,5.1,94293.0,291.82,1.12565
2026-05-30 16:55,KEDW,101659.4,20.8,4.8,94293.0,294.42,1.11571
2026-05-30 17:55,KEDW,101625.5,22.4,4.0,94261.6,296.02,1.10931
2026-05-30 18:55,KEDW,101557.8,24.6,3.3,94198.7,298.22,1.10040
2026-05-30 19:55,KEDW,101490.1,26.2,2.8,94135.9,299.82,1.09379
2026-05-30 21:55,KEDW,101320.8,29.9,-3.8,93978.9,303.52,1.07866
2026-05-30 22:55,KEDW,101286.9,29.5,-4.1,93947.5,303.12,1.07972
2026-05-30 23:55,KEDW,101253.0,28.5,-0.7,93916.0,302.12,1.08293
2026-05-31 00:55,KEDW,101253.0,27.0,-0.1,93916.0,300.62,1.08834
2026-05-31 01:55,KEDW,101286.9,24.9,3.5,93947.5,298.52,1.09636
2026-05-31 02:55,KEDW,101320.8,22.6,4.1,93978.9,296.22,1.10524
2026-05-31 03:55,KEDW,101388.5,21.1,4.6,94041.7,294.72,1.11161
2026-05-31 04:55,KEDW,101422.4,19.6,4.5,94073.1,293.22,1.11767
2026-05-31 05:55,KEDW,101456.2,18.5,4.6,94104.5,292.12,1.12225
2026-05-31 06:55,KEDW,101456.2,17.7,3.9,94104.5,291.32,1.12533
2026-05-31 07:55,KEDW,101422.4,16.5,4.8,94073.1,290.12,1.12961
2026-05-31 08:55,KEDW,101388.5,15.4,5.0,94041.7,289.02,1.13353
2026-05-31 09:55,KEDW,101354.6,14.3,5.1,94010.3,287.92,1.13748
2026-05-31 10:55,KEDW,101354.6,15.0,5.8,94010.3,288.62,1.13472
2026-05-31 11:55,KEDW,101354.6,14.0,5.9,94010.3,287.62,1.13867
2026-05-31 12:55,KEDW,101388.5,12.7,5.6,94041.7,286.32,1.14422
2026-05-31 13:55,KEDW,101456.2,15.4,6.4,94104.5,289.02,1.13429
2026-05-31 14:55,KEDW,101490.1,18.1,6.6,94135.9,291.72,1.12416
2026-05-31 15:55,KEDW,101523.9,20.9,6.8,94167.3,294.52,1.11385
2026-05-31 16:55,KEDW,101490.1,23.3,6.1,94135.9,296.92,1.10448
2026-05-31 17:55,KEDW,101422.4,24.6,4.3,94073.1,298.22,1.09893
2026-05-31 18:55,KEDW,101422.4,27.5,3.2,94073.1,301.12,1.08835
2026-05-31 19:55,KEDW,101320.8,28.8,2.1,93978.9,302.42,1.08258
2026-05-31 21:55,KEDW,101219.2,31.8,-3.6,93884.6,305.42,1.07087
2026-05-31 23:55,KEDW,101083.7,32.2,-8.0,93759.0,305.82,1.06804
2026-06-01 00:55,KEDW,101016.0,32.2,-6.3,93696.2,305.82,1.06733
2026-06-01 01:55,KEDW,101016.0,32.3,-7.9,93696.2,305.92,1.06698
2026-06-01 02:55,KEDW,101049.8,28.2,5.1,93727.6,301.82,1.08183
2026-06-01 03:55,KEDW,101151.4,25.2,6.9,93821.8,298.82,1.09379
2026-06-01 04:55,KEDW,101253.0,22.5,7.1,93916.0,296.12,1.10487
2026-06-01 05:55,KEDW,101253.0,20.9,6.8,93916.0,294.52,1.11088
2026-06-01 06:55,KEDW,101253.0,20.3,7.3,93916.0,293.92,1.11314
2026-06-01 07:55,KEDW,101253.0,18.9,7.0,93916.0,292.52,1.11847
2026-06-01 09:55,KEDW,101219.2,17.9,7.0,93884.6,291.52,1.12193
2026-06-01 10:55,KEDW,101253.0,16.5,6.3,93916.0,290.12,1.12772
2026-06-01 11:55,KEDW,101286.9,15.9,6.1,93947.5,289.52,1.13044
2026-06-01 12:55,KEDW,101286.9,13.6,5.5,93947.5,287.22,1.13949
2026-06-01 13:55,KEDW,101320.8,18.1,6.0,93978.9,291.72,1.12229
2026-06-01 14:55,KEDW,101354.6,20.4,6.0,94010.3,294.02,1.11388
2026-06-01 15:55,KEDW,101388.5,23.7,6.9,94041.7,297.32,1.10189
2026-06-01 16:55,KEDW,101320.8,27.0,5.8,93978.9,300.62,1.08906
2026-06-01 17:55,KEDW,101286.9,28.7,4.2,93947.5,302.32,1.08258
2026-06-01 18:55,KEDW,101286.9,31.5,2.6,93947.5,305.12,1.07264
2026-06-01 19:55,KEDW,101253.0,32.5,-3.1,93916.0,306.12,1.06878
2026-06-01 20:55,KEDW,101185.3,33.5,-3.7,93853.2,307.12,1.06459
2026-06-01 21:55,KEDW,101117.6,34.7,-4.4,93790.4,308.32,1.05974
2026-06-01 22:55,KEDW,101049.8,34.6,-2.9,93727.6,308.22,1.05937
2026-06-01 23:55,KEDW,101049.8,34.3,-1.7,93727.6,307.92,1.06040
2026-06-02 00:55,KEDW,101083.7,31.6,-0.2,93759.0,305.22,1.07014
2026-06-02 01:55,KEDW,101117.6,29.4,-3.0,93790.4,303.02,1.07827
2026-06-02 02:55,KEDW,101219.2,26.4,4.2,93884.6,300.02,1.09015
2026-06-02 03:55,KEDW,101253.0,24.3,4.6,93916.0,297.92,1.09820
2026-06-02 04:55,KEDW,101354.6,23.1,4.1,94010.3,296.72,1.10375
2026-06-02 05:55,KEDW,101388.5,22.0,5.0,94041.7,295.62,1.10822
2026-06-02 06:55,KEDW,101388.5,19.8,5.1,94041.7,293.42,1.11653
2026-06-02 07:55,KEDW,101388.5,18.4,4.2,94041.7,292.02,1.12189
2026-06-02 08:55,KEDW,101354.6,18.7,2.9,94010.3,292.32,1.12036
2026-06-02 09:55,KEDW,101320.8,18.0,4.2,93978.9,291.62,1.12267
2026-06-02 10:55,KEDW,101320.8,16.8,6.0,93978.9,290.42,1.12731
2026-06-02 11:55,KEDW,101354.6,14.8,5.6,94010.3,288.42,1.13551
2026-06-02 12:55,KEDW,101388.5,14.9,4.6,94041.7,288.52,1.13550
2026-06-02 13:55,KEDW,101422.4,18.3,5.5,94073.1,291.92,1.12265
2026-06-02 14:55,KEDW,101422.4,22.0,5.0,94073.1,295.62,1.10859
2026-06-02 15:55,KEDW,101490.1,25.2,3.8,94135.9,298.82,1.09745
2026-06-02 16:55,KEDW,101456.2,27.4,2.4,94104.5,301.02,1.08907
2026-06-02 17:55,KEDW,101456.2,29.1,1.5,94104.5,302.72,1.08295
2026-06-02 18:55,KEDW,101456.2,31.0,-0.7,94104.5,304.62,1.07620
2026-06-02 19:55,KEDW,101422.4,32.8,-2.8,94073.1,306.42,1.06952
2026-06-02 20:55,KEDW,101354.6,34.5,-6.3,94010.3,308.12,1.06291
2026-06-02 21:55,KEDW,101320.8,34.8,-6.1,93978.9,308.42,1.06152
2026-06-02 22:55,KEDW,101253.0,34.7,-8.2,93916.0,308.32,1.06115
2026-06-02 23:55,KEDW,101219.2,35.0,-2.6,93884.6,308.62,1.05977
2026-06-03 00:55,KEDW,101219.2,33.9,-5.0,93884.6,307.52,1.06356
2026-06-03 01:55,KEDW,101253.0,32.3,-7.9,93916.0,305.92,1.06948
2026-06-03 02:55,KEDW,101320.8,29.6,1.9,93978.9,303.22,1.07972
2026-06-03 03:55,KEDW,101354.6,27.7,2.7,94010.3,301.32,1.08690
2026-06-03 04:55,KEDW,101422.4,25.3,2.7,94073.1,298.92,1.09636
2026-06-03 05:55,KEDW,101456.2,21.9,2.6,94104.5,295.52,1.10934
2026-06-03 06:55,KEDW,101456.2,21.3,3.0,94104.5,294.92,1.11160
2026-06-03 07:55,KEDW,101422.4,21.1,2.8,94073.1,294.72,1.11198
2026-06-03 08:55,KEDW,101422.4,20.2,3.0,94073.1,293.82,1.11539
2026-06-03 09:55,KEDW,101388.5,19.5,3.2,94041.7,293.12,1.11768
2026-06-03 10:55,KEDW,101388.5,19.1,2.4,94041.7,292.72,1.11920
2026-06-03 11:55,KEDW,101388.5,17.8,2.1,94041.7,291.42,1.12420
2026-06-03 12:55,KEDW,101422.4,16.3,2.3,94073.1,289.92,1.13039
2026-06-03 13:55,KEDW,101490.1,19.5,2.8,94135.9,293.12,1.11880
2026-06-03 14:55,KEDW,101523.9,23.3,3.2,94167.3,296.92,1.10485
2026-06-03 15:55,KEDW,101523.9,26.9,3.4,94167.3,300.52,1.09161
2026-06-03 16:55,KEDW,101523.9,29.2,1.6,94167.3,302.82,1.08332
2026-06-03 17:55,KEDW,101490.1,31.6,-0.2,94135.9,305.22,1.07444
2026-06-03 18:55,KEDW,101422.4,33.5,-1.0,94073.1,307.12,1.06708
2026-06-03 19:55,KEDW,101354.6,35.6,-5.5,94010.3,309.22,1.05913
2026-06-03 20:55,KEDW,101320.8,36.5,-9.2,93978.9,310.12,1.05570
2026-06-03 21:55,KEDW,101219.2,36.5,-12.1,93884.6,310.12,1.05464
2026-06-03 22:55,KEDW,101117.6,37.0,-8.9,93790.4,310.62,1.05189
2026-06-03 23:59,KEDW,101083.7,37.0,-6.0,93759.0,310.62,1.05154
2026-06-04 00:55,KEDW,101083.7,35.2,-2.5,93759.0,308.82,1.05767
2026-06-04 01:55,KEDW,101151.4,32.5,0.5,93821.8,306.12,1.06771
2026-06-04 02:55,KEDW,101185.3,29.8,2.9,93853.2,303.42,1.07757
2026-06-04 03:55,KEDW,101219.2,28.2,3.1,93884.6,301.82,1.08365
2026-06-04 04:55,KEDW,101286.9,26.8,3.3,93947.5,300.42,1.08942
2026-06-04 05:55,KEDW,101286.9,23.6,1.8,93947.5,297.22,1.10115
2026-06-04 06:55,KEDW,101253.0,23.0,1.3,93916.0,296.62,1.10301
2026-06-04 07:55,KEDW,101219.2,22.6,1.6,93884.6,296.22,1.10413
2026-06-04 08:55,KEDW,101185.3,22.3,0.7,93853.2,295.92,1.10488
2026-06-04 09:55,KEDW,101151.4,20.6,0.4,93821.8,294.22,1.11089
2026-06-04 10:55,KEDW,101151.4,20.4,0.2,93821.8,294.02,1.11165
2026-06-04 11:55,KEDW,101117.6,20.2,1.6,93790.4,293.82,1.11203
2026-06-04 12:55,KEDW,101151.4,18.6,3.2,93821.8,292.22,1.11850
2026-06-04 13:55,KEDW,101185.3,19.7,3.8,93853.2,293.32,1.11468
2026-06-04 14:55,KEDW,101219.2,23.7,4.1,93884.6,297.32,1.10005
2026-06-04 15:55,KEDW,101219.2,26.3,2.9,93884.6,299.92,1.09051
2026-06-04 16:55,KEDW,101185.3,29.2,2.4,93853.2,302.82,1.07971
2026-06-04 17:55,KEDW,101185.3,31.2,1.5,93853.2,304.82,1.07262
2026-06-04 18:55,KEDW,101151.4,32.9,0.8,93821.8,306.52,1.06632
2026-06-04 19:55,KEDW,101083.7,34.9,-1.3,93759.0,308.52,1.05869
2026-06-04 20:55,KEDW,101016.0,37.4,-6.3,93696.2,311.02,1.04948
2026-06-04 21:55,KEDW,100948.3,38.4,-5.5,93633.4,312.02,1.04542
2026-06-04 22:55,KEDW,100914.4,37.6,-8.5,93601.9,311.22,1.04775
2026-06-04 23:55,KEDW,100914.4,37.0,-8.9,93601.9,310.62,1.04977
2026-06-05 00:55,KEDW,100880.5,35.2,-2.5,93570.5,308.82,1.05554
2026-06-05 01:55,KEDW,100914.4,32.5,3.4,93601.9,306.12,1.06521
2026-06-05 02:55,KEDW,100982.1,29.9,2.2,93664.8,303.52,1.07505
2026-06-05 03:55,KEDW,101016.0,28.3,2.5,93696.2,301.92,1.08111
2026-06-05 04:55,KEDW,101083.7,26.3,6.3,93759.0,299.92,1.08905
2026-06-05 05:55,KEDW,101083.7,24.7,6.4,93759.0,298.32,1.09489
2026-06-05 06:55,KEDW,101049.8,23.3,4.3,93727.6,296.92,1.09969
2026-06-05 07:55,KEDW,101016.0,21.8,4.4,93696.2,295.42,1.10490
2026-06-05 08:55,KEDW,101016.0,20.6,1.9,93696.2,294.22,1.10941
2026-06-05 09:55,KEDW,100982.1,21.2,-1.4,93664.8,294.82,1.10678
2026-06-05 10:55,KEDW,100948.3,20.0,-0.6,93633.4,293.62,1.11093
2026-06-05 11:55,KEDW,100982.1,18.3,-0.1,93664.8,291.92,1.11777
2026-06-05 12:55,KEDW,101016.0,17.6,0.7,93696.2,291.22,1.12083
2026-06-05 13:55,KEDW,101049.8,20.5,2.8,93727.6,294.12,1.11016
2026-06-05 14:55,KEDW,101083.7,24.8,2.8,93759.0,298.42,1.09453
2026-06-05 15:55,KEDW,101083.7,28.4,1.8,93759.0,302.02,1.08148
2026-06-05 16:55,KEDW,101049.8,31.6,0.8,93727.6,305.22,1.06978
2026-06-05 17:55,KEDW,101049.8,33.8,-2.1,93727.6,307.42,1.06213
2026-06-05 18:55,KEDW,100982.1,35.1,-5.9,93664.8,308.72,1.05694
2026-06-05 19:55,KEDW,100914.4,35.9,-7.3,93601.9,309.52,1.05351
2026-06-05 20:55,KEDW,100846.7,36.6,-6.8,93539.1,310.22,1.05042
2026-06-05 21:55,KEDW,100812.8,36.5,-6.9,93507.7,310.12,1.05041
2026-06-05 22:55,KEDW,100778.9,36.1,-7.2,93476.3,309.72,1.05141
2026-06-05 23:55,KEDW,100745.1,35.2,-5.8,93444.9,308.82,1.05412
2026-06-06 00:55,KEDW,100745.1,33.4,-5.4,93444.9,307.02,1.06030
2026-06-06 01:55,KEDW,100778.9,31.3,-5.4,93476.3,304.92,1.06796
2026-06-06 02:55,KEDW,100812.8,28.1,1.5,93507.7,301.72,1.07965
2026-06-06 03:55,KEDW,100846.7,25.7,4.7,93539.1,299.32,1.08868
2026-06-06 04:55,KEDW,100880.5,24.0,6.3,93570.5,297.62,1.09526
2026-06-06 05:55,KEDW,100914.4,24.2,1.1,93601.9,297.82,1.09489
2026-06-06 06:55,KEDW,100880.5,23.0,1.9,93570.5,296.62,1.09895
2026-06-06 07:55,KEDW,100914.4,22.5,-0.9,93601.9,296.12,1.10118
2026-06-06 08:55,KEDW,100880.5,21.2,-0.2,93570.5,294.82,1.10566
2026-06-06 09:55,KEDW,100846.7,20.9,-1.0,93539.1,294.52,1.10642
2026-06-06 10:55,KEDW,100846.7,20.5,0.3,93539.1,294.12,1.10792
2026-06-06 11:55,KEDW,100846.7,19.4,0.9,93539.1,293.02,1.11208
2026-06-06 12:55,KEDW,100880.5,19.1,0.6,93570.5,292.72,1.11360
2026-06-06 13:55,KEDW,100914.4,20.8,1.6,93601.9,294.42,1.10754
2026-06-06 14:55,KEDW,100914.4,23.0,1.3,93601.9,296.62,1.09932
2026-06-06 15:55,KEDW,100948.3,27.3,2.4,93633.4,300.92,1.08398
2026-06-06 16:55,KEDW,100880.5,30.4,4.9,93570.5,304.02,1.07220
2026-06-06 17:55,KEDW,100880.5,31.3,4.1,93570.5,304.92,1.06904
2026-06-06 18:55,KEDW,100846.7,32.3,4.1,93539.1,305.92,1.06519
2026-06-06 19:55,KEDW,100778.9,33.3,3.1,93476.3,306.92,1.06100
2026-06-06 20:55,KEDW,100711.2,33.9,3.6,93413.5,307.52,1.05822
2026-06-06 21:55,KEDW,100711.2,33.9,3.6,93413.5,307.52,1.05822
2026-06-06 22:55,KEDW,100677.3,32.8,5.3,93382.1,306.42,1.06166
2026-06-06 23:55,KEDW,100643.5,31.8,5.3,93350.7,305.42,1.06478
2026-06-07 00:55,KEDW,100643.5,30.4,6.3,93350.7,304.02,1.06969
2026-06-07 01:55,KEDW,100643.5,28.4,7.0,93350.7,302.02,1.07677
2026-06-07 02:55,KEDW,100677.3,26.1,6.7,93382.1,299.72,1.08540
2026-06-07 03:55,KEDW,100711.2,23.2,6.9,93413.5,296.82,1.09637
2026-06-07 04:55,KEDW,100778.9,22.3,5.7,93476.3,295.92,1.10044
2026-06-07 05:55,KEDW,100812.8,21.4,5.7,93507.7,295.02,1.10417
2026-06-07 06:55,KEDW,100812.8,20.8,5.2,93507.7,294.42,1.10642
2026-06-07 07:55,KEDW,100778.9,20.3,6.2,93476.3,293.92,1.10793
2026-06-07 08:55,KEDW,100778.9,19.8,5.8,93476.3,293.42,1.10982
2026-06-07 09:55,KEDW,100745.1,18.9,7.0,93444.9,292.52,1.11286
2026-06-07 10:55,KEDW,100778.9,17.6,7.0,93476.3,291.22,1.11820
2026-06-07 11:55,KEDW,100778.9,16.8,7.2,93476.3,290.42,1.12128
2026-06-07 12:55,KEDW,100812.8,15.7,6.9,93507.7,289.32,1.12593
2026-06-07 13:55,KEDW,100812.8,16.9,6.4,93507.7,290.52,1.12128
2026-06-07 14:55,KEDW,100812.8,20.5,2.3,93507.7,294.12,1.10755
2026-06-07 15:55,KEDW,100812.8,23.9,1.5,93507.7,297.52,1.09489
2026-06-07 16:55,KEDW,100778.9,27.1,-0.9,93476.3,300.72,1.08288
2026-06-07 17:55,KEDW,100778.9,28.9,-3.4,93476.3,302.52,1.07644
2026-06-07 18:55,KEDW,100745.1,30.3,-1.2,93444.9,303.92,1.07112
2026-06-07 19:55,KEDW,100711.2,31.5,-1.4,93413.5,305.12,1.06655
2026-06-07 20:55,KEDW,100643.5,32.3,-3.2,93350.7,305.92,1.06304
2026-06-07 21:55,KEDW,100609.6,32.6,-0.5,93319.3,306.22,1.06164
2026-06-07 22:55,KEDW,100609.6,31.6,2.7,93319.3,305.22,1.06512
2026-06-07 23:55,KEDW,100609.6,30.0,5.3,93319.3,303.62,1.07073
2026-06-08 00:55,KEDW,100609.6,28.8,5.6,93319.3,302.42,1.07498
2026-06-08 01:55,KEDW,100643.5,26.8,6.2,93350.7,300.42,1.08250
2026-06-08 02:55,KEDW,100745.1,24.4,6.6,93444.9,298.02,1.09232
2026-06-08 03:55,KEDW,100812.8,21.8,8.0,93507.7,295.42,1.10268
2026-06-08 04:55,KEDW,100846.7,20.6,5.8,93539.1,294.22,1.10755
2026-06-08 05:55,KEDW,100880.5,19.5,4.4,93570.5,293.12,1.11208
2026-06-08 06:55,KEDW,100812.8,19.4,2.7,93507.7,293.02,1.11171
2026-06-08 07:55,KEDW,100812.8,17.8,1.7,93507.7,291.42,1.11781
2026-06-08 08:55,KEDW,100812.8,16.7,2.3,93507.7,290.32,1.12205
2026-06-08 09:55,KEDW,100812.8,16.2,2.6,93507.7,289.82,1.12398
2026-06-08 10:55,KEDW,100812.8,16.3,3.0,93507.7,289.92,1.12360
2026-06-08 11:55,KEDW,100812.8,15.2,5.1,93507.7,288.82,1.12788
2026-06-08 12:55,KEDW,100846.7,14.9,4.3,93539.1,288.52,1.12943
2026-06-08 13:55,KEDW,100914.4,16.2,5.2,93601.9,289.82,1.12512
2026-06-08 14:55,KEDW,100948.3,21.0,3.7,93633.4,294.62,1.10716
2026-06-08 15:55,KEDW,101016.0,22.6,1.6,93696.2,296.22,1.10192
2026-06-08 16:55,KEDW,100982.1,26.0,-0.2,93664.8,299.62,1.08905
2026-06-08 17:55,KEDW,100982.1,28.6,-6.0,93664.8,302.22,1.07968
2026-06-08 18:55,KEDW,101016.0,29.5,-4.1,93696.2,303.12,1.07683
2026-06-08 19:55,KEDW,100982.1,30.6,0.0,93664.8,304.22,1.07258
2026-06-08 20:55,KEDW,100948.3,31.9,-3.5,93633.4,305.52,1.06766
2026-06-08 21:55,KEDW,100914.4,31.9,-2.2,93601.9,305.52,1.06730
2026-06-08 22:55,KEDW,100914.4,30.5,5.0,93601.9,304.12,1.07221
2026-06-08 23:55,KEDW,100948.3,29.0,5.1,93633.4,302.62,1.07789
2026-06-09 00:55,KEDW,100948.3,28.1,5.0,93633.4,301.72,1.08110
2026-06-09 01:55,KEDW,101016.0,27.2,6.0,93696.2,300.82,1.08507
2026-06-09 02:55,KEDW,101049.8,25.0,5.2,93727.6,298.62,1.09343
2026-06-09 03:55,KEDW,101083.7,23.4,5.3,93759.0,297.02,1.09968
2026-06-09 04:55,KEDW,101083.7,23.1,0.8,93759.0,296.72,1.10080
2026-06-09 05:55,KEDW,101117.6,22.1,-0.6,93790.4,295.72,1.10489
2026-06-09 06:55,KEDW,101117.6,22.0,-5.8,93790.4,295.62,1.10526
2026-06-09 07:55,KEDW,101117.6,21.9,-4.3,93790.4,295.52,1.10564
2026-06-09 08:55,KEDW,101016.0,21.9,-0.8,93696.2,295.52,1.10453
2026-06-09 09:55,KEDW,101049.8,20.6,1.9,93727.6,294.22,1.10978
2026-06-09 10:55,KEDW,101083.7,18.1,6.6,93759.0,291.72,1.11966
2026-06-09 11:55,KEDW,101083.7,17.2,7.5,93759.0,290.82,1.12313
2026-06-09 12:55,KEDW,101117.6,16.6,7.5,93790.4,290.22,1.12583
2026-06-09 13:55,KEDW,101117.6,18.4,8.4,93790.4,292.02,1.11889
2026-06-09 14:55,KEDW,101151.4,22.0,7.0,93821.8,295.62,1.10563
2026-06-09 15:55,KEDW,101185.3,23.7,6.9,93853.2,297.32,1.09968
2026-06-09 16:55,KEDW,101151.4,25.8,6.9,93821.8,299.42,1.09160
2026-06-09 17:55,KEDW,101117.6,27.9,6.6,93790.4,301.52,1.08364
2026-06-09 18:55,KEDW,101083.7,30.5,6.4,93759.0,304.12,1.07401
2026-06-09 19:55,KEDW,101049.8,31.9,6.1,93727.6,305.52,1.06873
2026-06-09 20:55,KEDW,100982.1,32.5,6.6,93664.8,306.12,1.06592
2026-06-09 21:55,KEDW,100948.3,33.8,6.9,93633.4,307.42,1.06106
2026-06-09 22:55,KEDW,100880.5,33.3,6.5,93570.5,306.92,1.06207
2026-06-09 23:55,KEDW,100846.7,32.2,7.1,93539.1,305.82,1.06554
2026-06-10 00:55,KEDW,100880.5,31.0,6.8,93570.5,304.62,1.07009
2026-06-10 01:55,KEDW,100880.5,28.8,7.4,93570.5,302.42,1.07788
2026-06-10 02:55,KEDW,100914.4,27.2,7.6,93601.9,300.82,1.08397
2026-06-10 03:55,KEDW,100982.1,24.7,8.2,93664.8,298.32,1.09379
2026-06-10 04:55,KEDW,101083.7,23.3,8.9,93759.0,296.92,1.10005
2026-06-10 06:55,KEDW,101083.7,21.4,8.6,93759.0,295.02,1.10714
2026-06-10 07:55,KEDW,101083.7,21.1,10.0,93759.0,294.72,1.10827
2026-06-10 08:55,KEDW,101049.8,20.3,10.1,93727.6,293.92,1.11091
2026-06-10 09:55,KEDW,101083.7,19.5,10.7,93759.0,293.12,1.11432
2026-06-10 10:55,KEDW,101083.7,18.2,10.5,93759.0,291.82,1.11928
2026-06-10 11:55,KEDW,101083.7,17.5,10.6,93759.0,291.12,1.12197
2026-06-10 12:55,KEDW,101151.4,16.5,10.6,93821.8,290.12,1.12659
2026-06-10 13:55,KEDW,101219.2,18.8,10.9,93884.6,292.42,1.11848
2026-06-10 14:55,KEDW,101253.0,21.2,10.9,93916.0,294.82,1.10975
2026-06-10 15:55,KEDW,101253.0,24.2,10.8,93916.0,297.82,1.09857
2026-06-10 16:55,KEDW,101253.0,27.0,10.2,93916.0,300.62,1.08834
2026-06-10 17:55,KEDW,101219.2,28.3,9.0,93884.6,301.92,1.08329
2026-06-10 18:55,KEDW,101151.4,31.0,8.0,93821.8,304.62,1.07297
2026-06-10 19:55,KEDW,101083.7,32.3,4.9,93759.0,305.92,1.06769
2026-06-10 21:55,KEDW,100880.5,36.5,4.7,93570.5,310.12,1.05111
2026-06-10 22:55,KEDW,100812.8,37.7,4.5,93507.7,311.32,1.04636
2026-06-10 23:55,KEDW,100745.1,38.5,0.0,93444.9,312.12,1.04298
2026-06-11 00:55,KEDW,100745.1,36.4,8.2,93444.9,310.02,1.05004
2026-06-11 01:55,KEDW,100778.9,34.7,9.1,93476.3,308.32,1.05619
2026-06-11 02:55,KEDW,100812.8,32.2,10.8,93507.7,305.82,1.06518
2026-06-11 03:55,KEDW,100846.7,29.3,10.9,93539.1,302.92,1.07574
2026-06-11 04:55,KEDW,100914.4,26.8,10.5,93601.9,300.42,1.08542
2026-06-11 05:55,KEDW,100914.4,25.2,10.6,93601.9,298.82,1.09123
2026-06-11 06:55,KEDW,100914.4,24.1,8.5,93601.9,297.72,1.09526
2026-06-11 07:55,KEDW,100880.5,24.2,5.5,93570.5,297.82,1.09453
2026-06-11 08:55,KEDW,100880.5,23.4,6.6,93570.5,297.02,1.09747
2026-06-11 09:55,KEDW,100846.7,21.9,6.5,93539.1,295.52,1.10267
2026-06-11 10:55,KEDW,100880.5,19.7,6.1,93570.5,293.32,1.11132
2026-06-11 11:55,KEDW,100914.4,19.7,5.7,93601.9,293.32,1.11169
2026-06-11 12:55,KEDW,101016.0,19.9,6.2,93696.2,293.52,1.11205
2026-06-11 13:55,KEDW,101083.7,21.0,6.5,93759.0,294.62,1.10864
2026-06-11 14:55,KEDW,101117.6,24.5,8.4,93790.4,298.12,1.09599
2026-06-11 15:55,KEDW,101117.6,27.5,4.5,93790.4,301.12,1.08507
2026-06-11 16:55,KEDW,101117.6,30.4,3.4,93790.4,304.02,1.07472
2026-06-11 17:55,KEDW,101117.6,32.3,1.4,93790.4,305.92,1.06805
2026-06-11 18:55,KEDW,101083.7,34.6,-0.2,93759.0,308.22,1.05972
2026-06-11 19:55,KEDW,101049.8,35.4,-2.3,93727.6,309.02,1.05663
2026-06-11 20:55,KEDW,100982.1,37.4,-2.4,93664.8,311.02,1.04913
2026-06-11 21:55,KEDW,100914.4,37.5,0.7,93601.9,311.12,1.04809
2026-06-11 22:55,KEDW,100880.5,38.8,5.4,93570.5,312.42,1.04338
2026-06-11 23:55,KEDW,100846.7,37.5,5.4,93539.1,311.12,1.04738
2026-06-12 00:55,KEDW,100880.5,35.8,4.1,93570.5,309.42,1.05349
2026-06-12 01:55,KEDW,100914.4,34.0,4.6,93601.9,307.62,1.06001
2026-06-12 02:55,KEDW,100914.4,30.9,10.2,93601.9,304.52,1.07080
2026-06-12 03:55,KEDW,100982.1,27.9,11.8,93664.8,301.52,1.08218
2026-06-12 04:55,KEDW,101049.8,26.4,11.7,93727.6,300.02,1.08832
2026-06-12 05:55,KEDW,101117.6,25.1,11.6,93790.4,298.72,1.09379
2026-06-12 06:55,KEDW,101117.6,23.9,10.5,93790.4,297.52,1.09820
2026-06-12 07:55,KEDW,101117.6,23.2,9.9,93790.4,296.82,1.10079
2026-06-12 08:55,KEDW,101117.6,22.6,9.4,93790.4,296.22,1.10302
2026-06-12 09:55,KEDW,101083.7,21.3,8.5,93759.0,294.92,1.10751
2026-06-12 10:55,KEDW,101049.8,21.8,8.7,93727.6,295.42,1.10527
2026-06-12 11:55,KEDW,101083.7,20.9,9.2,93759.0,294.52,1.10902
2026-06-12 12:55,KEDW,101117.6,20.7,9.0,93790.4,294.32,1.11014
2026-06-12 13:55,KEDW,101185.3,22.7,8.8,93853.2,296.32,1.10339
2026-06-12 14:55,KEDW,101219.2,26.3,8.7,93884.6,299.92,1.09051
2026-06-12 15:55,KEDW,101219.2,29.9,7.1,93884.6,303.52,1.07758
2026-06-12 16:55,KEDW,101185.3,33.3,4.9,93853.2,306.92,1.06528
2026-06-12 17:55,KEDW,101151.4,35.1,3.6,93821.8,308.72,1.05872
2026-06-12 18:55,KEDW,101117.6,36.9,1.6,93790.4,310.52,1.05223
2026-06-12 19:55,KEDW,101049.8,38.2,-0.2,93727.6,311.82,1.04714
2026-06-12 20:55,KEDW,100982.1,38.9,-1.3,93664.8,312.52,1.04409
2026-06-12 21:55,KEDW,100948.3,39.5,0.7,93633.4,313.12,1.04174
2026-06-12 22:55,KEDW,100880.5,39.4,0.7,93570.5,313.02,1.04138
2026-06-12 23:55,KEDW,100846.7,38.7,1.6,93539.1,312.32,1.04336
2026-06-13 00:55,KEDW,100846.7,37.4,3.2,93539.1,311.02,1.04772
2026-06-13 01:55,KEDW,100880.5,35.0,7.1,93570.5,308.62,1.05622
2026-06-13 02:55,KEDW,100948.3,32.0,7.6,93633.4,305.62,1.06731
2026-06-13 03:55,KEDW,101016.0,29.3,7.2,93696.2,302.92,1.07754
2026-06-13 04:55,KEDW,101117.6,27.5,7.9,93790.4,301.12,1.08507
2026-06-13 05:55,KEDW,101151.4,26.1,7.6,93821.8,299.72,1.09051
2026-06-13 06:55,KEDW,101151.4,25.9,9.2,93821.8,299.52,1.09124
2026-06-13 07:55,KEDW,101117.6,25.3,9.5,93790.4,298.92,1.09306
2026-06-13 08:55,KEDW,101083.7,24.3,9.8,93759.0,297.92,1.09636
2026-06-13 09:55,KEDW,101049.8,23.4,9.0,93727.6,297.02,1.09932
2026-06-13 10:55,KEDW,101016.0,23.8,8.6,93696.2,297.42,1.09747
2026-06-13 11:55,KEDW,101049.8,22.5,8.6,93727.6,296.12,1.10266
2026-06-13 12:55,KEDW,101083.7,21.8,8.7,93759.0,295.42,1.10564
2026-06-13 13:55,KEDW,101117.6,23.6,8.0,93790.4,297.22,1.09931
2026-06-13 14:55,KEDW,101151.4,27.4,7.8,93821.8,301.02,1.08580
2026-06-13 15:55,KEDW,101151.4,31.2,6.9,93821.8,304.82,1.07226
2026-06-13 16:55,KEDW,101117.6,34.5,5.0,93790.4,308.12,1.06042
2026-06-13 17:55,KEDW,101117.6,36.3,2.3,93790.4,309.92,1.05426
2026-06-13 18:55,KEDW,101083.7,37.5,-2.4,93759.0,311.12,1.04985
2026-06-13 19:55,KEDW,101049.8,38.8,1.7,93727.6,312.42,1.04513
2026-06-13 20:55,KEDW,101016.0,38.3,1.3,93696.2,311.92,1.04645
2026-06-13 21:55,KEDW,101016.0,38.1,3.7,93696.2,311.72,1.04712
2026-06-13 22:55,KEDW,100982.1,37.5,5.4,93664.8,311.12,1.04879
2026-06-13 23:55,KEDW,100982.1,36.6,3.7,93664.8,310.22,1.05183
2026-06-14 00:55,KEDW,100982.1,34.8,3.3,93664.8,308.42,1.05797
2026-06-14 01:55,KEDW,101016.0,33.1,5.6,93696.2,306.72,1.06419
2026-06-14 02:55,KEDW,101083.7,30.8,6.6,93759.0,304.42,1.07295
2026-06-14 03:55,KEDW,101117.6,28.3,9.0,93790.4,301.92,1.08220
2026-06-14 04:55,KEDW,101185.3,26.6,9.4,93853.2,300.22,1.08906
2026-06-14 05:55,KEDW,101185.3,25.7,8.6,93853.2,299.32,1.09233
2026-06-14 06:55,KEDW,101219.2,24.3,7.8,93884.6,297.92,1.09783
2026-06-14 07:55,KEDW,101185.3,24.2,5.5,93853.2,297.82,1.09783
2026-06-14 08:55,KEDW,101185.3,23.0,5.9,93853.2,296.62,1.10227
2026-06-14 09:55,KEDW,101185.3,22.7,5.1,93853.2,296.32,1.10339
2026-06-14 10:55,KEDW,101219.2,22.2,2.8,93884.6,295.82,1.10562
2026-06-14 11:55,KEDW,101219.2,21.8,2.5,93884.6,295.42,1.10712
2026-06-14 12:55,KEDW,101253.0,21.8,2.0,93916.0,295.42,1.10749
2026-06-14 13:55,KEDW,101320.8,24.0,3.3,93978.9,297.62,1.10004
2026-06-14 14:55,KEDW,101354.6,26.0,4.4,94010.3,299.62,1.09306
2026-06-14 15:55,KEDW,101388.5,29.5,4.2,94041.7,303.12,1.08080
2026-06-14 16:55,KEDW,101354.6,32.7,1.7,94010.3,306.32,1.06916
2026-06-14 17:55,KEDW,101354.6,35.0,-1.2,94010.3,308.62,1.06119
2026-06-14 18:55,KEDW,101388.5,36.5,-1.5,94041.7,310.12,1.05641
2026-06-14 19:55,KEDW,101354.6,37.4,-0.8,94010.3,311.02,1.05300
2026-06-14 20:55,KEDW,101320.8,37.8,-0.5,93978.9,311.42,1.05129
2026-06-14 21:55,KEDW,101286.9,37.3,4.2,93947.5,310.92,1.05263
2026-06-14 22:55,KEDW,101253.0,36.6,5.7,93916.0,310.22,1.05466
2026-06-14 23:55,KEDW,101219.2,35.5,7.5,93884.6,309.12,1.05805
2026-06-15 00:55,KEDW,101219.2,34.2,8.7,93884.6,307.82,1.06252
2026-06-15 01:55,KEDW,101253.0,32.3,9.1,93916.0,305.92,1.06948
2026-06-15 02:55,KEDW,101286.9,30.1,9.0,93947.5,303.72,1.07759
2026-06-15 03:55,KEDW,101354.6,27.7,8.5,94010.3,301.32,1.08690
2026-06-15 04:55,KEDW,101388.5,26.0,8.5,94041.7,299.62,1.09343
2026-06-15 05:55,KEDW,101422.4,24.9,8.4,94073.1,298.52,1.09782
2026-06-15 06:55,KEDW,101422.4,24.4,7.9,94073.1,298.02,1.09967
2026-06-15 07:55,KEDW,101422.4,23.6,8.0,94073.1,297.22,1.10263
2026-06-15 08:55,KEDW,101422.4,22.7,8.8,94073.1,296.32,1.10597
2026-06-15 09:55,KEDW,101422.4,22.7,10.1,94073.1,296.32,1.10597
2026-06-15 10:55,KEDW,101388.5,21.9,10.4,94041.7,295.52,1.10860
2026-06-15 11:55,KEDW,101422.4,21.0,9.6,94073.1,294.62,1.11236
2026-06-15 12:55,KEDW,101456.2,20.4,10.2,94104.5,294.02,1.11500
2026-06-15 13:55,KEDW,101557.8,23.2,10.3,94198.7,296.82,1.10559
2026-06-15 14:55,KEDW,101557.8,26.2,8.6,94198.7,299.82,1.09452
2026-06-15 15:55,KEDW,101557.8,29.3,7.2,94198.7,302.92,1.08332
2026-06-15 16:55,KEDW,101557.8,31.8,4.5,94198.7,305.42,1.07446
2026-06-15 17:55,KEDW,101557.8,33.6,2.4,94198.7,307.22,1.06816
2026-06-15 18:55,KEDW,101523.9,35.0,0.1,94167.3,308.62,1.06296
2026-06-15 19:55,KEDW,101490.1,37.0,-4.5,94135.9,310.62,1.05576
2026-06-15 20:55,KEDW,101456.2,37.8,-11.2,94104.5,311.42,1.05270
2026-06-15 21:55,KEDW,101388.5,38.0,-19.4,94041.7,311.62,1.05132
2026-06-15 22:55,KEDW,101354.6,38.1,-8.1,94010.3,311.72,1.05063
2026-06-15 23:55,KEDW,101320.8,37.5,-8.5,93978.9,311.12,1.05231
2026-06-16 00:55,KEDW,101320.8,36.5,-6.9,93978.9,310.12,1.05570
2026-06-16 01:55,KEDW,101320.8,34.9,-10.4,93978.9,308.52,1.06118
2026-06-16 02:55,KEDW,101354.6,32.3,-6.2,94010.3,305.92,1.07055
2026-06-16 03:55,KEDW,101422.4,29.5,-0.8,94073.1,303.12,1.08116
2026-06-16 04:55,KEDW,101456.2,28.1,-1.9,94104.5,301.72,1.08654
2026-06-16 05:55,KEDW,101490.1,26.1,-0.9,94135.9,299.72,1.09416
2026-06-16 06:55,KEDW,101490.1,25.1,1.2,94135.9,298.72,1.09782
2026-06-16 07:55,KEDW,101422.4,22.7,2.2,94073.1,296.32,1.10597
2026-06-16 08:55,KEDW,101422.4,22.7,3.7,94073.1,296.32,1.10597
2026-06-16 09:55,KEDW,101422.4,23.8,2.0,94073.1,297.42,1.10188
2026-06-16 10:55,KEDW,101388.5,23.4,1.1,94041.7,297.02,1.10300
2026-06-16 11:55,KEDW,101388.5,21.3,3.0,94041.7,294.92,1.11085
2026-06-16 12:55,KEDW,101422.4,20.8,3.9,94073.1,294.42,1.11311
2026-06-16 13:55,KEDW,101422.4,22.5,4.5,94073.1,296.12,1.10672
2026-06-16 14:55,KEDW,101456.2,27.0,4.7,94104.5,300.62,1.09052
2026-06-16 15:55,KEDW,101490.1,30.3,6.8,94135.9,303.92,1.07904
2026-06-16 16:55,KEDW,101456.2,32.9,6.2,94104.5,306.52,1.06953
2026-06-16 17:55,KEDW,101388.5,34.5,4.1,94041.7,308.12,1.06326
2026-06-16 18:55,KEDW,101354.6,36.7,2.6,94010.3,310.32,1.05537
2026-06-16 19:55,KEDW,101286.9,37.3,1.9,93947.5,310.92,1.05263
2026-06-16 20:55,KEDW,101219.2,38.3,1.3,93884.6,311.92,1.04856
2026-06-16 21:55,KEDW,101151.4,39.4,2.1,93821.8,313.02,1.04417
2026-06-16 22:55,KEDW,101117.6,38.3,2.6,93790.4,311.92,1.04750
2026-06-16 23:55,KEDW,101117.6,37.2,3.0,93790.4,310.82,1.05121
2026-06-17 00:55,KEDW,101083.7,35.8,3.1,93759.0,309.42,1.05561
2026-06-17 01:55,KEDW,101083.7,33.9,2.6,93759.0,307.52,1.06214
2026-06-17 02:55,KEDW,101117.6,31.4,5.7,93790.4,305.02,1.07120
2026-06-17 03:55,KEDW,101151.4,28.6,6.6,93821.8,302.22,1.08149
2026-06-17 04:55,KEDW,101185.3,26.8,5.7,93853.2,300.42,1.08833
2026-06-17 05:55,KEDW,101185.3,25.1,5.3,93853.2,298.72,1.09453
2026-06-17 06:55,KEDW,101151.4,24.8,5.5,93821.8,298.42,1.09526
2026-06-17 07:55,KEDW,101151.4,23.9,6.2,93821.8,297.52,1.09857
2026-06-17 08:55,KEDW,101117.6,22.7,4.7,93790.4,296.32,1.10265
2026-06-17 09:55,KEDW,101083.7,22.4,5.3,93759.0,296.02,1.10340
2026-06-17 10:55,KEDW,101049.8,21.4,6.5,93727.6,295.02,1.10677
2026-06-17 11:55,KEDW,101049.8,20.6,6.5,93727.6,294.22,1.10978
2026-06-17 12:55,KEDW,101117.6,21.2,7.1,93790.4,294.82,1.10826
2026-06-17 13:55,KEDW,101151.4,22.2,7.2,93821.8,295.82,1.10489
2026-06-17 14:55,KEDW,101151.4,27.1,5.9,93821.8,300.72,1.08688
2026-06-17 15:55,KEDW,101151.4,30.4,5.6,93821.8,304.02,1.07508
2026-06-17 16:55,KEDW,101117.6,32.4,4.2,93790.4,306.02,1.06770
2026-06-17 17:55,KEDW,101083.7,34.5,3.1,93759.0,308.12,1.06007
2026-06-17 18:55,KEDW,101049.8,36.0,2.1,93727.6,309.62,1.05458
2026-06-17 19:55,KEDW,101016.0,36.6,1.3,93696.2,310.22,1.05219
2026-06-17 20:55,KEDW,100948.3,37.0,1.6,93633.4,310.62,1.05013
2026-06-17 21:55,KEDW,100914.4,37.2,1.8,93601.9,310.82,1.04910
2026-06-17 22:55,KEDW,100880.5,36.7,2.6,93570.5,310.32,1.05044
2026-06-17 23:55,KEDW,100880.5,35.3,4.7,93570.5,308.92,1.05520
2026-06-18 00:55,KEDW,100880.5,33.4,5.8,93570.5,307.02,1.06173
2026-06-18 01:55,KEDW,100880.5,31.5,6.5,93570.5,305.12,1.06834
2026-06-18 02:55,KEDW,100914.4,28.7,7.8,93601.9,302.32,1.07860
2026-06-18 03:55,KEDW,100982.1,26.2,8.6,93664.8,299.82,1.08832
2026-06-18 04:55,KEDW,101016.0,24.8,8.7,93696.2,298.42,1.09379
2026-06-18 05:55,KEDW,101016.0,23.9,7.5,93696.2,297.52,1.09710
2026-06-18 06:55,KEDW,100982.1,23.1,7.2,93664.8,296.72,1.09969
2026-06-18 07:55,KEDW,100982.1,22.4,6.2,93664.8,296.02,1.10229
2026-06-18 08:55,KEDW,100982.1,21.6,6.7,93664.8,295.22,1.10528
2026-06-18 09:55,KEDW,100982.1,21.2,5.9,93664.8,294.82,1.10678
2026-06-18 10:55,KEDW,100982.1,20.4,7.4,93664.8,294.02,1.10979
2026-06-18 11:55,KEDW,100982.1,19.5,7.6,93664.8,293.12,1.11320
2026-06-18 12:55,KEDW,101016.0,19.4,8.4,93696.2,293.02,1.11395
2026-06-18 13:55,KEDW,101049.8,21.2,7.8,93727.6,294.82,1.10752
2026-06-18 14:55,KEDW,101117.6,24.9,7.5,93790.4,298.52,1.09453
2026-06-18 15:55,KEDW,101117.6,29.2,4.6,93790.4,302.82,1.07898
2026-06-18 16:55,KEDW,101117.6,31.6,5.1,93790.4,305.22,1.07050
2026-06-18 17:55,KEDW,101083.7,33.1,4.8,93759.0,306.72,1.06491
2026-06-18 18:55,KEDW,101049.8,34.3,3.9,93727.6,307.92,1.06040
2026-06-18 19:55,KEDW,101016.0,35.4,1.6,93696.2,309.02,1.05627
2026-06-18 20:55,KEDW,101016.0,36.7,4.8,93696.2,310.32,1.05185
2026-06-18 21:55,KEDW,100948.3,36.6,2.6,93633.4,310.22,1.05148
2026-06-18 22:55,KEDW,100948.3,36.8,1.5,93633.4,310.42,1.05080
2026-06-18 23:55,KEDW,100948.3,34.2,2.9,93633.4,307.82,1.05968
2026-06-19 00:55,KEDW,100948.3,32.1,5.5,93633.4,305.72,1.06696
2026-06-19 01:55,KEDW,100982.1,28.9,8.0,93664.8,302.52,1.07861
2026-06-19 02:55,KEDW,101016.0,26.5,8.0,93696.2,300.12,1.08760
2026-06-19 03:55,KEDW,101083.7,24.6,8.5,93759.0,298.22,1.09526
2026-06-19 04:55,KEDW,101151.4,22.6,9.4,93821.8,296.22,1.10339
2026-06-19 05:55,KEDW,101219.2,21.6,7.4,93884.6,295.22,1.10787
2026-06-19 06:55,KEDW,101185.3,20.5,6.8,93853.2,294.12,1.11164
2026-06-19 07:55,KEDW,101185.3,19.3,7.7,93853.2,292.92,1.11620
2026-06-19 08:55,KEDW,101151.4,18.4,8.6,93821.8,292.02,1.11926
2026-06-19 09:55,KEDW,101151.4,18.2,9.3,93821.8,291.82,1.12003
2026-06-19 10:55,KEDW,101151.4,17.4,8.5,93821.8,291.02,1.12311
2026-06-19 11:55,KEDW,101151.4,17.4,8.3,93821.8,291.02,1.12311
2026-06-19 12:55,KEDW,101219.2,16.4,8.4,93884.6,290.02,1.12774
2026-06-19 13:55,KEDW,101219.2,19.3,9.2,93884.6,292.92,1.11657
2026-06-19 14:55,KEDW,101253.0,21.8,8.0,93916.0,295.42,1.10749
2026-06-19 15:55,KEDW,101253.0,24.8,6.5,93916.0,298.42,1.09636
2026-06-19 16:55,KEDW,101253.0,27.3,3.7,93916.0,300.92,1.08725
2026-06-19 17:55,KEDW,101253.0,29.8,2.9,93916.0,303.42,1.07829
2026-06-19 18:55,KEDW,101219.2,31.3,2.5,93884.6,304.92,1.07263
2026-06-19 19:55,KEDW,101185.3,32.5,1.5,93853.2,306.12,1.06807
2026-06-19 20:55,KEDW,101151.4,33.9,-0.7,93821.8,307.52,1.06285
2026-06-19 21:55,KEDW,101117.6,33.2,-0.1,93790.4,306.82,1.06492
2026-06-19 22:55,KEDW,101083.7,32.2,3.2,93759.0,305.82,1.06804
2026-06-19 23:55,KEDW,101117.6,31.1,-0.6,93790.4,304.72,1.07226
2026-06-20 00:55,KEDW,101117.6,29.3,4.0,93790.4,302.92,1.07863
2026-06-20 01:55,KEDW,101151.4,27.2,5.4,93821.8,300.82,1.08652
2026-06-20 02:55,KEDW,101219.2,24.4,6.2,93884.6,298.02,1.09746
2026-06-20 03:55,KEDW,101253.0,22.7,4.2,93916.0,296.32,1.10413
2026-06-20 04:55,KEDW,101320.8,20.9,5.3,93978.9,294.52,1.11162
2026-06-20 05:55,KEDW,101320.8,19.8,5.1,93978.9,293.42,1.11579
2026-06-20 06:55,KEDW,101320.8,18.8,3.8,93978.9,292.42,1.11960
2026-06-20 07:55,KEDW,101286.9,17.7,3.9,93947.5,291.32,1.12345
2026-06-20 08:55,KEDW,101253.0,17.3,4.3,93916.0,290.92,1.12462
2026-06-20 09:55,KEDW,101219.2,17.2,4.2,93884.6,290.82,1.12463
2026-06-20 10:55,KEDW,101219.2,17.1,3.7,93884.6,290.72,1.12502
2026-06-20 11:55,KEDW,101219.2,17.0,4.0,93884.6,290.62,1.12541
2026-06-20 12:55,KEDW,101219.2,16.4,4.7,93884.6,290.02,1.12774
2026-06-20 13:55,KEDW,101253.0,19.0,5.1,93916.0,292.62,1.11809
2026-06-20 14:55,KEDW,101253.0,21.1,5.0,93916.0,294.72,1.11012
2026-06-20 15:55,KEDW,101286.9,24.1,3.9,93947.5,297.72,1.09930
2026-06-20 16:55,KEDW,101286.9,26.6,2.5,93947.5,300.22,1.09015
2026-06-20 17:55,KEDW,101253.0,28.7,0.4,93916.0,302.32,1.08222
2026-06-20 18:55,KEDW,101219.2,30.7,0.1,93884.6,304.32,1.07474
2026-06-20 19:55,KEDW,101151.4,32.1,-3.4,93821.8,305.72,1.06911
2026-06-20 20:55,KEDW,101117.6,33.1,-4.0,93790.4,306.72,1.06526
2026-06-20 21:55,KEDW,101083.7,33.0,1.9,93759.0,306.62,1.06525
2026-06-20 22:55,KEDW,101016.0,32.4,5.0,93696.2,306.02,1.06663
2026-06-20 23:56,KEDW,101016.0,31.0,7.0,93696.2,304.62,1.07153
2026-06-21 00:55,KEDW,101016.0,29.5,8.0,93696.2,303.12,1.07683
2026-06-21 01:55,KEDW,101016.0,27.8,8.6,93696.2,301.42,1.08291
2026-06-21 02:55,KEDW,101049.8,25.2,8.6,93727.6,298.82,1.09269
2026-06-21 03:55,KEDW,101083.7,23.0,7.9,93759.0,296.62,1.10117
2026-06-21 04:55,KEDW,101083.7,21.8,8.3,93759.0,295.42,1.10564
2026-06-21 05:55,KEDW,101083.7,21.3,7.5,93759.0,294.92,1.10751
2026-06-21 06:55,KEDW,101083.7,20.3,5.9,93759.0,293.92,1.11128
2026-06-21 07:55,KEDW,101049.8,19.0,6.5,93727.6,292.62,1.11585
2026-06-21 08:55,KEDW,101016.0,18.5,5.3,93696.2,292.12,1.11738
2026-06-21 09:55,KEDW,101016.0,18.3,4.5,93696.2,291.92,1.11815
2026-06-21 10:55,KEDW,101016.0,17.7,4.3,93696.2,291.32,1.12045
2026-06-21 11:55,KEDW,101016.0,17.2,5.5,93696.2,290.82,1.12238
2026-06-21 12:55,KEDW,101049.8,16.5,6.3,93727.6,290.12,1.12546
2026-06-21 13:55,KEDW,101083.7,19.0,8.0,93759.0,292.62,1.11622
2026-06-21 14:55,KEDW,101117.6,22.0,8.1,93790.4,295.62,1.10526
2026-06-21 15:55,KEDW,101117.6,24.8,8.7,93790.4,298.42,1.09489
2026-06-21 16:55,KEDW,101083.7,26.8,6.7,93759.0,300.42,1.08724
2026-06-21 17:55,KEDW,101083.7,28.8,5.6,93759.0,302.42,1.08005
2026-06-21 18:55,KEDW,101049.8,29.8,2.9,93727.6,303.42,1.07613
2026-06-21 19:55,KEDW,100982.1,31.6,3.6,93664.8,305.22,1.06906
2026-06-21 20:55,KEDW,100914.4,33.1,2.0,93601.9,306.72,1.06312
2026-06-21 21:55,KEDW,100880.5,34.1,1.7,93570.5,307.72,1.05931
2026-06-21 22:55,KEDW,100812.8,33.8,3.5,93507.7,307.42,1.05963
2026-06-21 23:55,KEDW,100812.8,33.0,6.3,93507.7,306.62,1.06240
2026-06-22 00:55,KEDW,100812.8,31.2,8.8,93507.7,304.82,1.06867
2026-06-22 01:55,KEDW,100846.7,28.9,9.1,93539.1,302.52,1.07716
2026-06-22 02:55,KEDW,100914.4,26.2,10.3,93601.9,299.82,1.08759
2026-06-22 03:55,KEDW,100982.1,23.8,10.5,93664.8,297.42,1.09710
2026-06-22 04:55,KEDW,101049.8,22.1,9.9,93727.6,295.72,1.10415
2026-06-22 05:55,KEDW,101083.7,21.5,8.7,93759.0,295.12,1.10676
2026-06-22 06:55,KEDW,101083.7,20.2,8.8,93759.0,293.82,1.11166
2026-06-22 07:55,KEDW,101049.8,19.4,9.6,93727.6,293.02,1.11432
2026-06-22 08:55,KEDW,101049.8,18.7,7.8,93727.6,292.32,1.11699
2026-06-22 09:55,KEDW,101049.8,18.0,7.7,93727.6,291.62,1.11967
2026-06-22 10:55,KEDW,101049.8,17.4,7.4,93727.6,291.02,1.12198
2026-06-22 11:55,KEDW,101083.7,16.3,7.2,93759.0,289.92,1.12662
2026-06-22 12:55,KEDW,101151.4,15.6,7.9,93821.8,289.22,1.13010
2026-06-22 13:55,KEDW,101185.3,18.9,7.6,93853.2,292.52,1.11772
2026-06-22 14:55,KEDW,101219.2,21.9,8.0,93884.6,295.52,1.10675
2026-06-22 15:55,KEDW,101286.9,25.8,7.8,93947.5,299.42,1.09306
2026-06-22 16:55,KEDW,101253.0,27.8,6.0,93916.0,301.42,1.08545
2026-06-22 17:55,KEDW,101286.9,29.5,4.2,93947.5,303.12,1.07972
2026-06-22 18:55,KEDW,101286.9,30.9,3.8,93947.5,304.52,1.07476
2026-06-22 19:55,KEDW,101253.0,32.5,2.5,93916.0,306.12,1.06878
2026-06-22 20:55,KEDW,101185.3,33.4,0.1,93853.2,307.02,1.06494
2026-06-22 21:55,KEDW,101151.4,34.3,0.8,93821.8,307.92,1.06147
2026-06-22 22:55,KEDW,101117.6,36.5,-0.1,93790.4,310.12,1.05358
2026-06-22 23:55,KEDW,101117.6,35.4,4.8,93790.4,309.02,1.05733
2026-06-23 00:55,KEDW,101151.4,33.8,4.4,93821.8,307.42,1.06319
2026-06-23 01:55,KEDW,101185.3,31.9,0.0,93853.2,305.52,1.07016
2026-06-23 02:55,KEDW,101253.0,29.0,0.6,93916.0,302.62,1.08114
2026-06-23 03:55,KEDW,101320.8,26.1,7.6,93978.9,299.72,1.09233
2026-06-23 04:55,KEDW,101422.4,25.1,1.9,94073.1,298.72,1.09709
2026-06-23 05:55,KEDW,101456.2,24.8,-5.5,94104.5,298.42,1.09856
2026-06-23 06:55,KEDW,101456.2,22.8,-9.2,94104.5,296.42,1.10597
2026-06-23 07:55,KEDW,101456.2,20.0,-1.2,94104.5,293.62,1.11652
2026-06-23 08:55,KEDW,101456.2,19.5,4.0,94104.5,293.12,1.11842
2026-06-23 09:55,KEDW,101490.1,21.1,3.3,94135.9,294.72,1.11272
2026-06-23 10:55,KEDW,101523.9,18.6,2.4,94167.3,292.22,1.12262
2026-06-23 11:55,KEDW,101523.9,16.7,2.7,94167.3,290.32,1.12996
2026-06-23 12:55,KEDW,101557.8,18.1,2.8,94198.7,291.72,1.12492
2026-06-23 13:55,KEDW,101591.7,20.4,2.2,94230.1,294.02,1.11649
2026-06-23 14:55,KEDW,101625.5,23.9,1.5,94261.6,297.52,1.10372
2026-06-23 16:55,KEDW,101659.4,29.2,3.9,94293.0,302.82,1.08476
2026-06-23 17:55,KEDW,101659.4,30.7,2.8,94293.0,304.32,1.07942
2026-06-23 18:55,KEDW,101625.5,34.0,-3.4,94261.6,307.62,1.06748
2026-06-23 19:55,KEDW,101523.9,35.7,-9.8,94167.3,309.32,1.06055
2026-06-23 20:55,KEDW,101456.2,37.6,-14.9,94104.5,311.22,1.05338
2026-06-23 21:55,KEDW,101388.5,38.7,-7.7,94041.7,312.32,1.04897
2026-06-23 22:55,KEDW,101354.6,38.5,-5.5,94010.3,312.12,1.04929
2026-06-23 23:55,KEDW,101320.8,37.5,-0.8,93978.9,311.12,1.05231
2026-06-24 00:55,KEDW,101320.8,37.1,1.7,93978.9,310.72,1.05366
2026-06-24 01:55,KEDW,101320.8,35.0,1.3,93978.9,308.62,1.06083
2026-06-24 02:55,KEDW,101354.6,32.5,3.4,94010.3,306.12,1.06985
2026-06-24 03:55,KEDW,101388.5,30.4,3.4,94041.7,304.02,1.07760
2026-06-24 04:55,KEDW,101490.1,29.2,2.4,94135.9,302.82,1.08296
2026-06-24 05:55,KEDW,101490.1,28.2,2.4,94135.9,301.82,1.08655
2026-06-24 06:55,KEDW,101523.9,26.7,-1.2,94167.3,300.32,1.09234
2026-06-24 07:55,KEDW,101490.1,25.7,-1.2,94135.9,299.32,1.09562
2026-06-24 08:55,KEDW,101490.1,24.5,-3.8,94135.9,298.12,1.10003
2026-06-24 09:55,KEDW,101456.2,24.0,-1.1,94104.5,297.62,1.10151
2026-06-24 10:55,KEDW,101456.2,23.3,4.3,94104.5,296.92,1.10411
2026-06-24 11:55,KEDW,101456.2,22.5,6.3,94104.5,296.12,1.10709
2026-06-24 12:55,KEDW,101490.1,20.5,8.2,94135.9,294.12,1.11499
2026-06-24 13:55,KEDW,101523.9,22.4,8.5,94167.3,296.02,1.10820
2026-06-24 14:55,KEDW,101523.9,25.9,6.0,94167.3,299.52,1.09525
2026-06-24 15:55,KEDW,101523.9,29.4,4.1,94167.3,303.02,1.08260
2026-06-24 16:55,KEDW,101523.9,32.4,-9.8,94167.3,306.02,1.07199
2026-06-24 19:55,KEDW,101388.5,35.3,-5.7,94041.7,308.92,1.06051
2026-06-24 20:55,KEDW,101320.8,36.1,-5.2,93978.9,309.72,1.05706
2026-06-24 21:55,KEDW,101286.9,37.2,-15.1,93947.5,310.82,1.05297
2026-06-24 23:55,KEDW,101151.4,35.6,-16.2,93821.8,309.22,1.05700
2026-06-25 00:55,KEDW,101117.6,36.0,-15.0,93790.4,309.62,1.05529
2026-06-25 01:55,KEDW,101388.5,31.0,-9.0,94041.7,304.62,1.07548
2026-06-25 02:55,KEDW,101422.4,28.3,3.9,94073.1,301.92,1.08546
2026-06-25 03:53,KEDW,101490.1,26.1,4.7,94135.9,299.72,1.09416
2026-06-25 04:55,KEDW,101523.9,25.4,2.2,94167.3,299.02,1.09709
2026-06-25 11:55,KEDW,101117.6,18.9,4.6,93790.4,292.52,1.11698
2026-06-25 12:55,KEDW,101422.4,17.3,1.3,94073.1,290.92,1.12650
2026-06-25 13:55,KEDW,101388.5,17.9,1.9,94041.7,291.52,1.12381
2026-06-25 14:55,KEDW,101422.4,23.8,6.8,94073.1,297.42,1.10188
2026-06-25 15:55,KEDW,101185.3,27.7,9.2,93853.2,301.32,1.08508
2026-06-25 16:55,KEDW,101151.4,30.6,5.1,93821.8,304.22,1.07438
2026-06-25 17:55,KEDW,101151.4,32.6,4.4,93821.8,306.22,1.06736
2026-06-25 18:55,KEDW,101117.6,34.0,3.0,93790.4,307.62,1.06215
2026-06-25 19:55,KEDW,101049.8,35.5,1.7,93727.6,309.12,1.05628
2026-06-25 20:59,KEDW,100982.1,35.5,0.5,93664.8,309.12,1.05558
2026-06-25 21:55,KEDW,100948.3,35.0,0.1,93633.4,308.62,1.05693
2026-06-25 22:55,KEDW,100914.4,34.9,1.3,93601.9,308.52,1.05692
2026-06-25 23:55,KEDW,100880.5,33.8,2.6,93570.5,307.42,1.06035
2026-06-26 00:55,KEDW,100846.7,32.2,4.0,93539.1,305.82,1.06554
2026-06-26 01:55,KEDW,100880.5,30.0,6.6,93570.5,303.62,1.07362
2026-06-26 02:55,KEDW,100914.4,27.5,5.7,93601.9,301.12,1.08289
2026-06-26 03:55,KEDW,100982.1,25.7,6.3,93664.8,299.32,1.09014
2026-06-26 04:55,KEDW,101049.8,24.2,7.3,93727.6,297.82,1.09636
2026-06-26 05:55,KEDW,101049.8,22.9,7.4,93727.6,296.52,1.10117
2026-06-26 06:55,KEDW,101049.8,22.1,7.1,93727.6,295.72,1.10415
2026-06-26 07:55,KEDW,101016.0,21.5,6.2,93696.2,295.12,1.10602
2026-06-26 08:55,KEDW,101016.0,20.2,5.8,93696.2,293.82,1.11092
2026-06-26 09:55,KEDW,100982.1,19.0,5.1,93664.8,292.62,1.11510
2026-06-26 10:55,KEDW,100982.1,19.7,5.7,93664.8,293.32,1.11244
2026-06-26 11:55,KEDW,100982.1,18.3,4.5,93664.8,291.92,1.11777
2026-06-26 12:55,KEDW,101016.0,18.9,3.9,93696.2,292.52,1.11585
2026-06-26 13:55,KEDW,101049.8,21.3,4.4,93727.6,294.92,1.10714
2026-06-26 14:55,KEDW,101083.7,23.7,4.6,93759.0,297.32,1.09857
2026-06-26 15:55,KEDW,101083.7,26.4,4.8,93759.0,300.02,1.08869
2026-06-26 16:55,KEDW,101083.7,29.5,4.2,93759.0,303.12,1.07755
2026-06-26 18:55,KEDW,101049.8,31.7,2.8,93727.6,305.32,1.06943
2026-06-26 19:55,KEDW,101049.8,33.2,3.1,93727.6,306.82,1.06420
2026-06-26 20:55,KEDW,101049.8,32.2,4.9,93727.6,305.82,1.06768
2026-06-26 21:55,KEDW,101016.0,31.7,4.4,93696.2,305.32,1.06907
2026-06-26 22:55,KEDW,101016.0,31.3,4.9,93696.2,304.92,1.07048
2026-06-26 23:55,KEDW,101016.0,30.4,6.3,93696.2,304.02,1.07364
2026-06-27 00:55,KEDW,101049.8,29.5,7.4,93727.6,303.12,1.07719
2026-06-27 01:55,KEDW,101049.8,28.0,8.3,93727.6,301.62,1.08255
2026-06-27 02:55,KEDW,101083.7,25.5,8.0,93759.0,299.12,1.09196
2026-06-27 03:55,KEDW,101151.4,23.7,6.0,93821.8,297.32,1.09931
2026-06-27 04:55,KEDW,101219.2,22.3,4.8,93884.6,295.92,1.10525
2026-06-27 05:55,KEDW,101219.2,21.4,6.1,93884.6,295.02,1.10862
2026-06-27 06:55,KEDW,101185.3,20.3,7.0,93853.2,293.92,1.11240
2026-06-27 07:55,KEDW,101117.6,20.2,6.5,93790.4,293.82,1.11203
2026-06-27 08:55,KEDW,101117.6,20.6,8.6,93790.4,294.22,1.11052
2026-06-27 09:55,KEDW,101117.6,20.0,9.8,93790.4,293.62,1.11279
2026-06-27 10:55,KEDW,101117.6,19.5,10.7,93790.4,293.12,1.11469
2026-06-27 11:55,KEDW,101083.7,19.1,11.9,93759.0,292.72,1.11584
2026-06-27 12:55,KEDW,101117.6,18.1,11.6,93790.4,291.72,1.12004
2026-06-27 13:55,KEDW,101151.4,19.7,11.7,93821.8,293.32,1.11430
2026-06-27 14:55,KEDW,101185.3,21.9,11.3,93853.2,295.52,1.10638
2026-06-27 15:55,KEDW,101219.2,23.5,10.9,93884.6,297.12,1.10079
2026-06-27 16:55,KEDW,101219.2,24.6,9.7,93884.6,298.22,1.09673
2026-06-27 17:55,KEDW,101219.2,25.8,8.3,93884.6,299.42,1.09233
2026-06-27 18:56,KEDW,101151.4,27.0,9.0,93821.8,300.62,1.08724
2026-06-27 19:55,KEDW,101083.7,28.8,7.9,93759.0,302.42,1.08005
2026-06-27 20:55,KEDW,101049.8,29.8,5.1,93727.6,303.42,1.07613
2026-06-27 21:55,KEDW,101016.0,31.3,-0.4,93696.2,304.92,1.07048
2026-06-27 22:55,KEDW,100982.1,29.3,7.2,93664.8,302.92,1.07718
2026-06-27 23:55,KEDW,100948.3,28.3,9.0,93633.4,301.92,1.08039
2026-06-28 00:55,KEDW,100880.5,27.4,10.6,93570.5,301.02,1.08289
2026-06-28 01:55,KEDW,100914.4,25.8,11.2,93601.9,299.42,1.08904
2026-06-28 02:55,KEDW,100948.3,23.2,11.6,93633.4,296.82,1.09895
2026-06-28 03:55,KEDW,101016.0,21.6,11.6,93696.2,295.22,1.10565
2026-06-28 04:55,KEDW,101049.8,19.9,11.9,93727.6,293.52,1.11242
2026-06-28 05:55,KEDW,101049.8,19.1,11.4,93727.6,292.72,1.11546
2026-06-28 06:55,KEDW,101049.8,19.0,11.1,93727.6,292.62,1.11585
2026-06-28 07:55,KEDW,101016.0,19.0,10.8,93696.2,292.62,1.11547
2026-06-28 08:55,KEDW,100982.1,17.8,7.8,93664.8,291.42,1.11969
2026-06-28 09:55,KEDW,100982.1,17.1,8.8,93664.8,290.72,1.12239
2026-06-28 10:55,KEDW,101016.0,16.6,8.8,93696.2,290.22,1.12470
2026-06-28 11:55,KEDW,101016.0,15.8,7.8,93696.2,289.42,1.12781
2026-06-28 12:55,KEDW,101083.7,15.2,8.9,93759.0,288.82,1.13091
2026-06-28 13:55,KEDW,101083.7,16.6,8.8,93759.0,290.22,1.12545
2026-06-28 14:55,KEDW,101016.0,19.0,7.1,93696.2,292.62,1.11547
2026-06-28 15:55,KEDW,101049.8,21.7,5.6,93727.6,295.32,1.10564
2026-06-28 16:55,KEDW,101049.8,23.9,3.8,93727.6,297.52,1.09747
2026-06-28 17:55,KEDW,100982.1,26.5,1.7,93664.8,300.12,1.08723
2026-06-28 18:55,KEDW,100914.4,27.9,-2.1,93601.9,301.52,1.08146
2026-06-28 19:55,KEDW,100948.3,28.1,1.5,93633.4,301.72,1.08110
2026-06-28 20:55,KEDW,100880.5,28.9,-1.3,93570.5,302.52,1.07752
2026-06-28 21:55,KEDW,100846.7,29.4,-12.0,93539.1,303.02,1.07538
2026-06-28 22:55,KEDW,100812.8,28.1,-6.4,93507.7,301.72,1.07965
2026-06-28 23:55,KEDW,100778.9,27.1,-5.9,93476.3,300.72,1.08288
2026-06-29 00:55,KEDW,100745.1,26.5,-6.4,93444.9,300.12,1.08468
2026-06-29 01:55,KEDW,100778.9,25.3,-6.2,93476.3,298.92,1.08940
2026-06-29 02:55,KEDW,100812.8,23.7,-4.5,93507.7,297.32,1.09563
2026-06-29 03:55,KEDW,100812.8,21.6,-1.0,93507.7,295.22,1.10342
2026-06-29 04:55,KEDW,100846.7,20.6,-1.3,93539.1,294.22,1.10755
2026-06-29 05:55,KEDW,100880.5,19.6,-1.0,93570.5,293.22,1.11170
2026-06-29 06:55,KEDW,100880.5,19.2,0.7,93570.5,292.82,1.11322
2026-06-29 07:55,KEDW,100880.5,18.4,0.0,93570.5,292.02,1.11627
2026-06-29 08:55,KEDW,100914.4,17.4,2.6,93601.9,291.02,1.12048
2026-06-29 09:55,KEDW,100948.3,16.2,5.2,93633.4,289.82,1.12549
2026-06-29 10:55,KEDW,100982.1,15.6,5.8,93664.8,289.22,1.12821
2026-06-29 11:55,KEDW,101049.8,13.6,5.2,93727.6,287.22,1.13683
2026-06-29 12:55,KEDW,101083.7,12.8,5.0,93759.0,286.42,1.14038
2026-06-29 13:55,KEDW,101151.4,16.0,5.6,93821.8,289.62,1.12854
2026-06-29 14:55,KEDW,101151.4,19.4,5.1,93821.8,293.02,1.11544
2026-06-29 15:55,KEDW,101185.3,21.9,4.4,93853.2,295.52,1.10638
2026-06-29 16:55,KEDW,101151.4,23.4,3.8,93821.8,297.02,1.10042
2026-06-29 17:55,KEDW,101117.6,25.6,2.3,93790.4,299.22,1.09196
2026-06-29 18:55,KEDW,101049.8,27.7,-3.2,93727.6,301.32,1.08363
2026-06-29 19:55,KEDW,100982.1,30.3,-6.1,93664.8,303.92,1.07364
2026-06-29 20:55,KEDW,100914.4,30.3,-4.7,93601.9,303.92,1.07292
2026-06-29 21:55,KEDW,100846.7,31.8,0.0,93539.1,305.42,1.06693
2026-06-29 22:55,KEDW,100812.8,31.3,0.6,93507.7,304.92,1.06832
2026-06-29 23:55,KEDW,100778.9,29.6,3.5,93476.3,303.22,1.07395
2026-06-30 00:55,KEDW,100745.1,28.3,4.5,93444.9,301.92,1.07821
2026-06-30 01:55,KEDW,100812.8,25.0,8.0,93507.7,298.62,1.09086
2026-06-30 03:55,KEDW,100948.3,20.6,9.8,93633.4,294.22,1.10866
2026-06-30 04:55,KEDW,100982.1,19.7,9.3,93664.8,293.32,1.11244
2026-06-30 05:55,KEDW,101083.7,19.2,8.2,93759.0,292.82,1.11546
2026-06-30 06:55,KEDW,101083.7,17.5,8.9,93759.0,291.12,1.12197
2026-06-30 07:55,KEDW,101049.8,16.8,9.2,93727.6,290.42,1.12430
2026-06-30 08:55,KEDW,101016.0,16.0,8.5,93696.2,289.62,1.12703
2026-06-30 09:55,KEDW,100982.1,16.1,7.6,93664.8,289.72,1.12626
2026-06-30 10:55,KEDW,101016.0,15.2,7.7,93696.2,288.82,1.13015
2026-06-30 11:55,KEDW,101016.0,15.0,7.8,93696.2,288.62,1.13093
2026-06-30 12:55,KEDW,101016.0,14.4,8.1,93696.2,288.02,1.13329
2026-06-30 13:55,KEDW,101083.7,16.1,7.6,93759.0,289.72,1.12739
2026-06-30 14:55,KEDW,101117.6,20.4,6.0,93790.4,294.02,1.11128
2026-06-30 15:55,KEDW,101117.6,23.7,5.6,93790.4,297.32,1.09894
2026-06-30 16:55,KEDW,101117.6,26.4,4.2,93790.4,300.02,1.08905
2026-06-30 17:55,KEDW,101083.7,28.7,3.5,93759.0,302.32,1.08041
2026-06-30 18:55,KEDW,101083.7,29.9,0.4,93759.0,303.52,1.07613
2026-06-30 19:55,KEDW,101016.0,31.3,-0.4,93696.2,304.92,1.07048
2026-06-30 20:55,KEDW,100982.1,31.7,-0.1,93664.8,305.32,1.06871
2026-06-30 21:55,KEDW,100914.4,32.6,3.5,93601.9,306.22,1.06486
2026-06-30 22:55,KEDW,100880.5,32.5,4.3,93570.5,306.12,1.06485
2026-06-30 23:55,KEDW,100880.5,31.8,5.3,93570.5,305.42,1.06729
