time_utc,station,altim_pa,t_station_c,dewp_c,p_pad_pa,t_pad_k,rho_pad
2025-07-01 00:00,KMHV,101219.2,35.0,-4.0,93884.6,309.57,1.05650
2025-07-01 01:00,KMHV,101185.3,34.0,0.0,93853.2,308.57,1.05957
2025-07-01 02:00,KMHV,101185.3,32.0,1.0,93853.2,306.57,1.06648
2025-07-01 03:00,KMHV,101219.2,29.0,0.0,93884.6,303.57,1.07738
2025-07-01 04:00,KMHV,101219.2,27.0,0.0,93884.6,301.57,1.08452
2025-07-01 05:00,KMHV,101253.0,26.0,0.0,93916.0,300.57,1.08850
2025-07-01 06:00,KMHV,101253.0,25.0,0.0,93916.0,299.57,1.09213
2025-07-01 07:00,KMHV,101253.0,26.0,1.0,93916.0,300.57,1.08850
2025-07-01 08:00,KMHV,101219.2,25.0,1.0,93884.6,299.57,1.09176
2025-07-01 09:00,KMHV,101219.2,25.0,1.0,93884.6,299.57,1.09176
2025-07-01 10:00,KMHV,101219.2,24.0,1.0,93884.6,298.57,1.09542
2025-07-01 11:20,KMHV,101253.0,23.0,2.0,93916.0,297.57,1.09947
2025-07-01 12:00,KMHV,101286.9,23.0,3.0,93947.5,297.57,1.09984
2025-07-01 13:00,KMHV,101320.8,23.0,4.0,93978.9,297.57,1.10021
2025-07-01 14:00,KMHV,101354.6,23.0,4.0,94010.3,297.57,1.10057
2025-07-01 15:00,KMHV,101388.5,28.0,5.0,94041.7,302.57,1.08275
2025-07-01 16:00,KMHV,101388.5,30.0,3.0,94041.7,304.57,1.07564
2025-07-01 17:00,KMHV,101354.6,30.0,3.0,94010.3,304.57,1.07528
2025-07-01 18:00,KMHV,101388.5,31.0,1.0,94041.7,305.57,1.07212
2025-07-01 19:00,KMHV,101320.8,32.0,0.0,93978.9,306.57,1.06791
2025-07-01 20:00,KMHV,101320.8,34.0,-5.0,93978.9,308.57,1.06099
2025-07-01 21:00,KMHV,101253.0,35.0,-8.0,93916.0,309.57,1.05685
2025-07-01 22:00,KMHV,101185.3,36.0,-13.0,93853.2,310.57,1.05274
2025-07-01 23:00,KMHV,101151.4,36.0,-15.0,93821.8,310.57,1.05239
2025-07-02 00:00,KMHV,101083.7,36.0,-17.0,93759.0,310.57,1.05169
2025-07-02 01:00,KMHV,101049.8,34.0,-8.0,93727.6,308.57,1.05815
2025-07-02 02:00,KMHV,101049.8,33.0,-4.0,93727.6,307.57,1.06159
2025-07-02 03:00,KMHV,101049.8,31.0,-4.0,93727.6,305.57,1.06854
2025-07-02 04:00,KMHV,101049.8,29.0,1.0,93727.6,303.57,1.07558
2025-07-02 05:00,KMHV,101117.6,28.0,1.0,93790.4,302.57,1.07985
2025-07-02 06:00,KMHV,101083.7,28.0,0.0,93759.0,302.57,1.07949
2025-07-02 07:00,KMHV,101083.7,27.0,2.0,93759.0,301.57,1.08307
2025-07-02 08:00,KMHV,101117.6,26.0,6.0,93790.4,300.57,1.08704
2025-07-02 09:00,KMHV,101083.7,25.0,8.0,93759.0,299.57,1.09030
2025-07-02 10:40,KMHV,101049.8,24.0,8.0,93727.6,298.57,1.09359
2025-07-02 11:00,KMHV,101083.7,24.0,8.0,93759.0,298.57,1.09396
2025-07-02 12:00,KMHV,101117.6,24.0,7.0,93790.4,298.57,1.09432
2025-07-02 13:00,KMHV,101185.3,22.0,5.0,93853.2,296.57,1.10244
2025-07-02 14:00,KMHV,101185.3,25.0,5.0,93853.2,299.57,1.09140
2025-07-02 15:00,KMHV,101253.0,28.0,5.0,93916.0,302.57,1.08130
2025-07-02 16:00,KMHV,101253.0,29.0,4.0,93916.0,303.57,1.07774
2025-07-02 17:00,KMHV,101253.0,31.0,1.0,93916.0,305.57,1.07069
2025-07-02 18:00,KMHV,101286.9,31.0,1.0,93947.5,305.57,1.07104
2025-07-02 19:00,KMHV,101286.9,33.0,-2.0,93947.5,307.57,1.06408
2025-07-02 20:00,KMHV,101219.2,34.0,0.0,93884.6,308.57,1.05992
2025-07-02 21:40,KMHV,101117.6,34.0,-2.0,93790.4,308.57,1.05886
2025-07-02 22:00,KMHV,101117.6,34.0,0.0,93790.4,308.57,1.05886
2025-07-02 23:00,KMHV,101083.7,35.0,0.0,93759.0,309.57,1.05508
2025-07-03 00:00,KMHV,101049.8,34.0,0.0,93727.6,308.57,1.05815
2025-07-03 01:00,KMHV,101016.0,33.0,-1.0,93696.2,307.57,1.06123
2025-07-03 02:00,KMHV,101016.0,32.0,-5.0,93696.2,306.57,1.06469
2025-07-03 03:00,KMHV,101049.8,30.0,-5.0,93727.6,304.57,1.07205
2025-07-03 04:00,KMHV,101083.7,29.0,-3.0,93759.0,303.57,1.07594
2025-07-03 05:00,KMHV,101083.7,28.0,0.0,93759.0,302.57,1.07949
2025-07-03 06:00,KMHV,101151.4,28.0,1.0,93821.8,302.57,1.08022
2025-07-03 07:00,KMHV,101151.4,27.0,2.0,93821.8,301.57,1.08380
2025-07-03 08:00,KMHV,101185.3,27.0,4.0,93853.2,301.57,1.08416
2025-07-03 09:00,KMHV,101185.3,26.0,4.0,93853.2,300.57,1.08777
2025-07-03 10:00,KMHV,101185.3,26.0,5.0,93853.2,300.57,1.08777
2025-07-03 11:00,KMHV,101219.2,25.0,4.0,93884.6,299.57,1.09176
2025-07-03 12:00,KMHV,101253.0,24.0,4.0,93916.0,298.57,1.09579
2025-07-03 13:00,KMHV,101320.8,22.0,4.0,93978.9,296.57,1.10392
2025-07-03 14:00,KMHV,101354.6,25.0,5.0,94010.3,299.57,1.09323
2025-07-03 15:00,KMHV,101422.4,28.0,5.0,94073.1,302.57,1.08311
2025-07-03 16:00,KMHV,101456.2,30.0,4.0,94104.5,304.57,1.07636
2025-07-03 17:00,KMHV,101456.2,30.0,6.0,94104.5,304.57,1.07636
2025-07-03 18:00,KMHV,101422.4,31.0,6.0,94073.1,305.57,1.07248
2025-07-03 19:00,KMHV,101422.4,33.0,6.0,94073.1,307.57,1.06550
2025-07-03 20:00,KMHV,101354.6,34.0,4.0,94010.3,308.57,1.06134
2025-07-03 21:00,KMHV,101286.9,35.0,4.0,93947.5,309.57,1.05720
2025-07-03 22:00,KMHV,101219.2,35.0,4.0,93884.6,309.57,1.05650
2025-07-03 23:00,KMHV,101185.3,35.0,4.0,93853.2,309.57,1.05614
2025-07-04 00:00,KMHV,101185.3,34.0,6.0,93853.2,308.57,1.05957
2025-07-04 01:00,KMHV,101185.3,34.0,6.0,93853.2,308.57,1.05957
2025-07-04 02:00,KMHV,101219.2,32.0,7.0,93884.6,306.57,1.06684
2025-07-04 03:00,KMHV,101219.2,30.0,7.0,93884.6,304.57,1.07384
2025-07-04 04:00,KMHV,101253.0,28.0,3.0,93916.0,302.57,1.08130
2025-07-04 05:00,KMHV,101388.5,27.0,5.0,94041.7,301.57,1.08634
2025-07-04 06:00,KMHV,101422.4,26.0,7.0,94073.1,300.57,1.09032
2025-07-04 07:00,KMHV,101490.1,25.0,1.0,94135.9,299.57,1.09469
2025-07-04 08:00,KMHV,101456.2,24.0,2.0,94104.5,298.57,1.09799
2025-07-04 09:00,KMHV,101456.2,24.0,3.0,94104.5,298.57,1.09799
2025-07-04 10:00,KMHV,101490.1,23.0,5.0,94135.9,297.57,1.10204
2025-07-04 11:00,KMHV,101490.1,22.0,4.0,94135.9,296.57,1.10576
2025-07-04 12:00,KMHV,101490.1,22.0,2.0,94135.9,296.57,1.10576
2025-07-04 13:00,KMHV,101557.8,22.0,1.0,94198.7,296.57,1.10650
2025-07-04 14:00,KMHV,101625.5,24.0,1.0,94261.6,298.57,1.09982
2025-07-04 15:00,KMHV,101693.3,25.0,0.0,94324.4,299.57,1.09688
2025-07-04 16:00,KMHV,101727.1,27.0,0.0,94355.8,301.57,1.08997
2025-07-04 17:00,KMHV,101761.0,28.0,0.0,94387.2,302.57,1.08673
2025-07-04 18:00,KMHV,101761.0,29.0,0.0,94387.2,303.57,1.08315
2025-07-04 19:00,KMHV,101761.0,31.0,0.0,94387.2,305.57,1.07606
2025-07-04 20:00,KMHV,101727.1,32.0,-2.0,94355.8,306.57,1.07219
2025-07-04 21:00,KMHV,101693.3,33.0,0.0,94324.4,307.57,1.06835
2025-07-04 22:00,KMHV,101693.3,33.0,1.0,94324.4,307.57,1.06835
2025-07-04 23:00,KMHV,101693.3,32.0,0.0,94324.4,306.57,1.07183
2025-07-05 00:00,KMHV,101693.3,31.0,0.0,94324.4,305.57,1.07534
2025-07-05 01:00,KMHV,101659.4,30.0,-1.0,94293.0,304.57,1.07851
2025-07-05 02:00,KMHV,101693.3,28.0,1.0,94324.4,302.57,1.08600
2025-07-05 03:00,KMHV,101727.1,26.0,2.0,94355.8,300.57,1.09359
2025-07-05 04:00,KMHV,101761.0,25.0,3.0,94387.2,299.57,1.09761
2025-07-05 05:00,KMHV,101828.7,24.0,2.0,94450.0,298.57,1.10202
2025-07-05 06:00,KMHV,101862.6,23.0,2.0,94481.4,297.57,1.10609
2025-07-05 07:00,KMHV,101828.7,23.0,2.0,94450.0,297.57,1.10572
2025-07-05 08:00,KMHV,101828.7,22.0,2.0,94450.0,296.57,1.10945
2025-07-05 09:00,KMHV,101828.7,22.0,3.0,94450.0,296.57,1.10945
2025-07-05 10:00,KMHV,101794.9,21.0,4.0,94418.6,295.57,1.11283
2025-07-05 11:00,KMHV,101794.9,20.0,5.0,94418.6,294.57,1.11661
2025-07-05 12:00,KMHV,101828.7,20.0,5.0,94450.0,294.57,1.11698
2025-07-05 13:00,KMHV,101896.4,19.0,5.0,94512.8,293.57,1.12153
2025-07-05 14:00,KMHV,101930.3,22.0,4.0,94544.2,296.57,1.11056
2025-07-05 15:00,KMHV,101964.2,25.0,3.0,94575.7,299.57,1.09980
2025-07-05 16:00,KMHV,101964.2,27.0,2.0,94575.7,301.57,1.09251
2025-07-05 17:00,KMHV,101964.2,28.0,0.0,94575.7,302.57,1.08890
2025-07-05 18:00,KMHV,101964.2,30.0,-1.0,94575.7,304.57,1.08175
2025-07-05 19:00,KMHV,101930.3,31.0,-2.0,94544.2,305.57,1.07785
2025-07-05 20:00,KMHV,101896.4,32.0,-6.0,94512.8,306.57,1.07397
2025-07-05 21:00,KMHV,101828.7,33.0,-6.0,94450.0,307.57,1.06977
2025-07-05 22:00,KMHV,101794.9,34.0,-7.0,94418.6,308.57,1.06595
2025-07-05 23:00,KMHV,101727.1,34.0,-5.0,94355.8,308.57,1.06524
2025-07-06 00:00,KMHV,101659.4,34.0,1.0,94293.0,308.57,1.06453
2025-07-06 01:00,KMHV,101659.4,32.0,1.0,94293.0,306.57,1.07148
2025-07-06 02:00,KMHV,101693.3,30.0,1.0,94324.4,304.57,1.07887
2025-07-06 03:00,KMHV,101693.3,27.0,2.0,94324.4,301.57,1.08960
2025-07-06 04:00,KMHV,101693.3,26.0,2.0,94324.4,300.57,1.09323
2025-07-06 05:00,KMHV,101727.1,25.0,3.0,94355.8,299.57,1.09724
2025-07-06 06:00,KMHV,101727.1,25.0,2.0,94355.8,299.57,1.09724
2025-07-06 07:00,KMHV,101727.1,24.0,2.0,94355.8,298.57,1.10092
2025-07-06 08:00,KMHV,101727.1,23.0,2.0,94355.8,297.57,1.10462
2025-07-06 09:00,KMHV,101693.3,23.0,2.0,94324.4,297.57,1.10425
2025-07-06 10:00,KMHV,101659.4,23.0,3.0,94293.0,297.57,1.10388
2025-07-06 11:00,KMHV,101625.5,22.0,2.0,94261.6,296.57,1.10724
2025-07-06 12:00,KMHV,101625.5,20.0,3.0,94261.6,294.57,1.11475
2025-07-06 13:00,KMHV,101659.4,19.0,3.0,94293.0,293.57,1.11892
2025-07-06 14:00,KMHV,101693.3,23.0,2.0,94324.4,297.57,1.10425
2025-07-06 15:00,KMHV,101727.1,24.0,1.0,94355.8,298.57,1.10092
2025-07-06 16:00,KMHV,101727.1,26.0,2.0,94355.8,300.57,1.09359
2025-07-06 17:00,KMHV,101727.1,28.0,1.0,94355.8,302.57,1.08636
2025-07-06 18:00,KMHV,101693.3,30.0,-8.0,94324.4,304.57,1.07887
2025-07-06 19:00,KMHV,101659.4,32.0,-9.0,94293.0,306.57,1.07148
2025-07-06 20:00,KMHV,101591.7,33.0,-16.0,94230.1,307.57,1.06728
2025-07-06 21:00,KMHV,101523.9,34.0,-16.0,94167.3,308.57,1.06311
2025-07-06 22:00,KMHV,101456.2,35.0,-14.0,94104.5,309.57,1.05897
2025-07-06 23:00,KMHV,101422.4,35.0,-12.0,94073.1,309.57,1.05862
2025-07-07 00:00,KMHV,101388.5,35.0,-9.0,94041.7,309.57,1.05827
2025-07-07 01:00,KMHV,101354.6,34.0,-16.0,94010.3,308.57,1.06134
2025-07-07 02:00,KMHV,101388.5,32.0,-12.0,94041.7,306.57,1.06862
2025-07-07 03:00,KMHV,101388.5,29.0,-5.0,94041.7,303.57,1.07918
2025-07-07 04:00,KMHV,101456.2,27.0,-4.0,94104.5,301.57,1.08706
2025-07-07 05:00,KMHV,101456.2,25.0,3.0,94104.5,299.57,1.09432
2025-07-07 06:00,KMHV,101456.2,24.0,2.0,94104.5,298.57,1.09799
2025-07-07 07:00,KMHV,101456.2,23.0,2.0,94104.5,297.57,1.10168
2025-07-07 08:00,KMHV,101422.4,21.0,0.0,94073.1,295.57,1.10876
2025-07-07 09:00,KMHV,101422.4,20.0,-1.0,94073.1,294.57,1.11252
2025-07-07 10:00,KMHV,101422.4,18.0,-2.0,94073.1,292.57,1.12013
2025-07-07 11:00,KMHV,101422.4,17.0,-2.0,94073.1,291.57,1.12397
2025-07-07 12:00,KMHV,101456.2,16.0,-2.0,94104.5,290.57,1.12822
2025-07-07 13:00,KMHV,101490.1,15.0,-5.0,94135.9,289.57,1.13249
2025-07-07 14:00,KMHV,101523.9,20.0,-7.0,94167.3,294.57,1.11364
2025-07-07 15:00,KMHV,101625.5,26.0,-17.0,94261.6,300.57,1.09250
2025-07-07 16:00,KMHV,101625.5,29.0,-20.0,94261.6,303.57,1.08170
2025-07-07 17:00,KMHV,101625.5,30.0,-32.0,94261.6,304.57,1.07815
2025-07-07 18:00,KMHV,101659.4,32.0,-23.0,94293.0,306.57,1.07148
2025-07-07 19:00,KMHV,101659.4,33.0,-16.0,94293.0,307.57,1.06799
2025-07-07 20:00,KMHV,101625.5,34.0,-13.0,94261.6,308.57,1.06418
2025-07-07 21:00,KMHV,101625.5,35.0,-10.0,94261.6,309.57,1.06074
2025-07-07 22:00,KMHV,101625.5,35.0,-11.0,94261.6,309.57,1.06074
2025-07-07 23:00,KMHV,101625.5,35.0,-11.0,94261.6,309.57,1.06074
2025-07-08 00:00,KMHV,101591.7,34.0,-10.0,94230.1,308.57,1.06382
2025-07-08 01:00,KMHV,101557.8,34.0,-5.0,94198.7,308.57,1.06347
2025-07-08 02:00,KMHV,101625.5,32.0,-2.0,94261.6,306.57,1.07112
2025-07-08 03:00,KMHV,101659.4,30.0,-4.0,94293.0,304.57,1.07851
2025-07-08 04:00,KMHV,101659.4,28.0,-6.0,94293.0,302.57,1.08564
2025-07-08 05:00,KMHV,101727.1,26.0,-9.0,94355.8,300.57,1.09359
2025-07-08 06:00,KMHV,101828.7,25.0,-6.0,94450.0,299.57,1.09834
2025-07-08 07:00,KMHV,101828.7,23.0,-3.0,94450.0,297.57,1.10572
2025-07-08 08:00,KMHV,101828.7,23.0,-5.0,94450.0,297.57,1.10572
2025-07-08 09:00,KMHV,101794.9,21.0,-7.0,94418.6,295.57,1.11283
2025-07-08 10:00,KMHV,101794.9,19.0,-7.0,94418.6,293.57,1.12041
2025-07-08 11:00,KMHV,101761.0,20.0,-7.0,94387.2,294.57,1.11624
2025-07-08 12:00,KMHV,101794.9,18.0,-7.0,94418.6,292.57,1.12424
2025-07-08 13:00,KMHV,101862.6,17.0,-6.0,94481.4,291.57,1.12885
2025-07-08 14:00,KMHV,101930.3,23.0,-5.0,94544.2,297.57,1.10682
2025-07-08 15:00,KMHV,101998.0,26.0,-6.0,94607.1,300.57,1.09651
2025-07-08 16:00,KMHV,102065.8,30.0,-8.0,94669.9,304.57,1.08282
2025-07-08 17:00,KMHV,102065.8,32.0,-8.0,94669.9,306.57,1.07576
2025-07-08 18:00,KMHV,102065.8,33.0,-10.0,94669.9,307.57,1.07226
2025-07-08 19:00,KMHV,102099.6,34.0,-10.0,94701.3,308.57,1.06914
2025-07-08 20:00,KMHV,102031.9,35.0,-7.0,94638.5,309.57,1.06498
2025-07-08 21:00,KMHV,101998.0,36.0,-6.0,94607.1,310.57,1.06120
2025-07-08 22:00,KMHV,101930.3,36.0,-5.0,94544.2,310.57,1.06049
2025-07-08 23:00,KMHV,101862.6,36.0,-4.0,94481.4,310.57,1.05979
2025-07-09 00:00,KMHV,101828.7,36.0,-2.0,94450.0,310.57,1.05944
2025-07-09 01:00,KMHV,101828.7,35.0,-2.0,94450.0,309.57,1.06286
2025-07-09 02:00,KMHV,101862.6,34.0,3.0,94481.4,308.57,1.06666
2025-07-09 03:00,KMHV,101896.4,31.0,4.0,94512.8,305.57,1.07749
2025-07-09 04:00,KMHV,101930.3,29.0,3.0,94544.2,303.57,1.08495
2025-07-09 05:00,KMHV,101930.3,28.0,3.0,94544.2,302.57,1.08853
2025-07-09 06:00,KMHV,101930.3,27.0,2.0,94544.2,301.57,1.09214
2025-07-09 07:00,KMHV,101930.3,27.0,1.0,94544.2,301.57,1.09214
2025-07-09 08:00,KMHV,101930.3,26.0,1.0,94544.2,300.57,1.09578
2025-07-09 09:00,KMHV,101896.4,26.0,1.0,94512.8,300.57,1.09541
2025-07-09 10:00,KMHV,101862.6,25.0,1.0,94481.4,299.57,1.09870
2025-07-09 11:00,KMHV,101828.7,24.0,2.0,94450.0,298.57,1.10202
2025-07-09 12:00,KMHV,101862.6,24.0,1.0,94481.4,298.57,1.10238
2025-07-09 13:00,KMHV,101930.3,23.0,1.0,94544.2,297.57,1.10682
2025-07-09 14:00,KMHV,101930.3,26.0,1.0,94544.2,300.57,1.09578
2025-07-09 15:00,KMHV,101964.2,29.0,0.0,94575.7,303.57,1.08531
2025-07-09 16:00,KMHV,101998.0,31.0,0.0,94607.1,305.57,1.07856
2025-07-09 17:00,KMHV,101930.3,32.0,-1.0,94544.2,306.57,1.07433
2025-07-09 18:00,KMHV,101930.3,35.0,-4.0,94544.2,309.57,1.06392
2025-07-09 19:00,KMHV,101896.4,36.0,-5.0,94512.8,310.57,1.06014
2025-07-09 20:00,KMHV,101828.7,37.0,-6.0,94450.0,311.57,1.05604
2025-07-09 21:00,KMHV,101761.0,37.0,-2.0,94387.2,311.57,1.05534
2025-07-09 22:00,KMHV,101761.0,36.0,0.0,94387.2,310.57,1.05873
2025-07-09 23:00,KMHV,101727.1,35.0,1.0,94355.8,309.57,1.06180
2025-07-10 00:00,KMHV,101659.4,35.0,2.0,94293.0,309.57,1.06109
2025-07-10 01:00,KMHV,101659.4,33.0,3.0,94293.0,307.57,1.06799
2025-07-10 02:00,KMHV,101659.4,31.0,4.0,94293.0,305.57,1.07498
2025-07-10 03:00,KMHV,101659.4,28.0,4.0,94293.0,302.57,1.08564
2025-07-10 04:00,KMHV,101693.3,27.0,5.0,94324.4,301.57,1.08960
2025-07-10 05:00,KMHV,101727.1,27.0,3.0,94355.8,301.57,1.08997
2025-07-10 06:00,KMHV,101693.3,27.0,1.0,94324.4,301.57,1.08960
2025-07-10 07:00,KMHV,101693.3,26.0,2.0,94324.4,300.57,1.09323
2025-07-10 08:00,KMHV,101625.5,26.0,3.0,94261.6,300.57,1.09250
2025-07-10 09:00,KMHV,101557.8,25.0,5.0,94198.7,299.57,1.09542
2025-07-10 10:00,KMHV,101591.7,25.0,3.0,94230.1,299.57,1.09578
2025-07-10 11:00,KMHV,101591.7,25.0,2.0,94230.1,299.57,1.09578
2025-07-10 12:00,KMHV,101625.5,24.0,2.0,94261.6,298.57,1.09982
2025-07-10 13:00,KMHV,101693.3,24.0,2.0,94324.4,298.57,1.10055
2025-07-10 14:00,KMHV,101693.3,26.0,2.0,94324.4,300.57,1.09323
2025-07-10 15:00,KMHV,101727.1,29.0,0.0,94355.8,303.57,1.08279
2025-07-10 16:00,KMHV,101761.0,31.0,0.0,94387.2,305.57,1.07606
2025-07-10 17:00,KMHV,101761.0,32.0,-1.0,94387.2,306.57,1.07255
2025-07-10 18:00,KMHV,101761.0,34.0,-3.0,94387.2,308.57,1.06560
2025-07-10 19:00,KMHV,101727.1,35.0,-4.0,94355.8,309.57,1.06180
2025-07-10 20:00,KMHV,101659.4,36.0,-5.0,94293.0,310.57,1.05768
2025-07-10 21:00,KMHV,101557.8,37.0,-5.0,94198.7,311.57,1.05323
2025-07-10 22:00,KMHV,101490.1,38.0,0.0,94135.9,312.57,1.04916
2025-07-10 23:00,KMHV,101422.4,38.0,1.0,94073.1,312.57,1.04846
2025-07-11 00:00,KMHV,101388.5,36.0,2.0,94041.7,310.57,1.05486
2025-07-11 01:00,KMHV,101354.6,34.0,3.0,94010.3,308.57,1.06134
2025-07-11 02:00,KMHV,101354.6,32.0,4.0,94010.3,306.57,1.06826
2025-07-11 03:00,KMHV,101354.6,30.0,4.0,94010.3,304.57,1.07528
2025-07-11 04:00,KMHV,101320.8,29.0,0.0,93978.9,303.57,1.07846
2025-07-11 05:00,KMHV,101354.6,29.0,-3.0,94010.3,303.57,1.07882
2025-07-11 06:00,KMHV,101320.8,28.0,-3.0,93978.9,302.57,1.08202
2025-07-11 07:00,KMHV,101354.6,27.0,-1.0,94010.3,301.57,1.08598
2025-07-11 08:00,KMHV,101320.8,27.0,0.0,93978.9,301.57,1.08561
2025-07-11 09:00,KMHV,101354.6,27.0,-3.0,94010.3,301.57,1.08598
2025-07-11 10:00,KMHV,101320.8,26.0,3.0,93978.9,300.57,1.08922
2025-07-11 11:00,KMHV,101320.8,27.0,1.0,93978.9,301.57,1.08561
2025-07-11 12:00,KMHV,101320.8,26.0,2.0,93978.9,300.57,1.08922
2025-07-11 13:00,KMHV,101388.5,24.0,-2.0,94041.7,298.57,1.09725
2025-07-11 14:00,KMHV,101388.5,28.0,2.0,94041.7,302.57,1.08275
2025-07-11 15:00,KMHV,101456.2,30.0,0.0,94104.5,304.57,1.07636
2025-07-11 16:00,KMHV,101456.2,32.0,-1.0,94104.5,306.57,1.06933
2025-07-11 17:00,KMHV,101456.2,33.0,0.0,94104.5,307.57,1.06586
2025-07-11 18:00,KMHV,101456.2,35.0,3.0,94104.5,309.57,1.05897
2025-07-11 19:00,KMHV,101456.2,38.0,1.0,94104.5,312.57,1.04881
2025-07-11 20:00,KMHV,101422.4,38.0,-1.0,94073.1,312.57,1.04846
2025-07-11 21:00,KMHV,101388.5,38.0,-3.0,94041.7,312.57,1.04811
2025-07-11 22:00,KMHV,101320.8,39.0,0.0,93978.9,313.57,1.04407
2025-07-11 23:00,KMHV,101253.0,40.0,2.0,93916.0,314.57,1.04005
2025-07-12 00:00,KMHV,101253.0,39.0,2.0,93916.0,313.57,1.04337
2025-07-12 01:00,KMHV,101253.0,37.0,2.0,93916.0,311.57,1.05007
2025-07-12 02:00,KMHV,101286.9,35.0,2.0,93947.5,309.57,1.05720
2025-07-12 03:00,KMHV,101286.9,33.0,-1.0,93947.5,307.57,1.06408
2025-07-12 04:00,KMHV,101320.8,31.0,3.0,93978.9,305.57,1.07140
2025-07-12 05:00,KMHV,101354.6,31.0,1.0,94010.3,305.57,1.07176
2025-07-12 06:00,KMHV,101388.5,31.0,-4.0,94041.7,305.57,1.07212
2025-07-12 07:00,KMHV,101388.5,30.0,-1.0,94041.7,304.57,1.07564
2025-07-12 08:00,KMHV,101354.6,30.0,1.0,94010.3,304.57,1.07528
2025-07-12 09:00,KMHV,101354.6,29.0,3.0,94010.3,303.57,1.07882
2025-07-12 10:00,KMHV,101354.6,28.0,1.0,94010.3,302.57,1.08239
2025-07-12 11:00,KMHV,101354.6,27.0,2.0,94010.3,301.57,1.08598
2025-07-12 12:00,KMHV,101388.5,27.0,3.0,94041.7,301.57,1.08634
2025-07-12 13:00,KMHV,101422.4,27.0,4.0,94073.1,301.57,1.08670
2025-07-12 14:00,KMHV,101456.2,29.0,4.0,94104.5,303.57,1.07990
2025-07-12 15:00,KMHV,101523.9,31.0,3.0,94167.3,305.57,1.07355
2025-07-12 16:00,KMHV,101591.7,30.0,3.0,94230.1,304.57,1.07779
2025-07-12 17:00,KMHV,101591.7,33.0,3.0,94230.1,307.57,1.06728
2025-07-12 18:00,KMHV,101591.7,35.0,2.0,94230.1,309.57,1.06039
2025-07-12 19:00,KMHV,101557.8,37.0,2.0,94198.7,311.57,1.05323
2025-07-12 20:00,KMHV,101557.8,37.0,1.0,94198.7,311.57,1.05323
2025-07-12 21:00,KMHV,101490.1,38.0,5.0,94135.9,312.57,1.04916
2025-07-12 22:00,KMHV,101456.2,38.0,5.0,94104.5,312.57,1.04881
2025-07-12 23:00,KMHV,101422.4,38.0,5.0,94073.1,312.57,1.04846
2025-07-13 00:00,KMHV,101388.5,38.0,5.0,94041.7,312.57,1.04811
2025-07-13 01:00,KMHV,101388.5,37.0,5.0,94041.7,311.57,1.05147
2025-07-13 02:00,KMHV,101422.4,35.0,5.0,94073.1,309.57,1.05862
2025-07-13 03:00,KMHV,101456.2,33.0,3.0,94104.5,307.57,1.06586
2025-07-13 04:00,KMHV,101490.1,31.0,4.0,94135.9,305.57,1.07319
2025-07-13 05:00,KMHV,101557.8,31.0,5.0,94198.7,305.57,1.07391
2025-07-13 06:00,KMHV,101523.9,31.0,3.0,94167.3,305.57,1.07355
2025-07-13 07:00,KMHV,101523.9,30.0,3.0,94167.3,304.57,1.07708
2025-07-13 08:00,KMHV,101490.1,29.0,6.0,94135.9,303.57,1.08026
2025-07-13 09:00,KMHV,101490.1,29.0,6.0,94135.9,303.57,1.08026
2025-07-13 10:00,KMHV,101456.2,28.0,5.0,94104.5,302.57,1.08347
2025-07-13 11:00,KMHV,101490.1,27.0,6.0,94135.9,301.57,1.08743
2025-07-13 12:00,KMHV,101523.9,27.0,6.0,94167.3,301.57,1.08779
2025-07-13 13:00,KMHV,101591.7,26.0,6.0,94230.1,300.57,1.09214
2025-07-13 14:00,KMHV,101625.5,27.0,5.0,94261.6,301.57,1.08888
2025-07-13 15:00,KMHV,101659.4,29.0,5.0,94293.0,303.57,1.08206
2025-07-13 16:00,KMHV,101693.3,31.0,6.0,94324.4,305.57,1.07534
2025-07-13 17:00,KMHV,101693.3,33.0,6.0,94324.4,307.57,1.06835
2025-07-13 18:00,KMHV,101693.3,35.0,5.0,94324.4,309.57,1.06145
2025-07-13 19:00,KMHV,101659.4,36.0,3.0,94293.0,310.57,1.05768
2025-07-13 20:00,KMHV,101625.5,37.0,2.0,94261.6,311.57,1.05393
2025-07-13 21:00,KMHV,101591.7,38.0,0.0,94230.1,312.57,1.05021
2025-07-13 22:00,KMHV,101557.8,39.0,-3.0,94198.7,313.57,1.04651
2025-07-13 23:00,KMHV,101490.1,39.0,-1.0,94135.9,313.57,1.04581
2025-07-14 00:00,KMHV,101422.4,39.0,6.0,94073.1,313.57,1.04511
2025-07-14 01:00,KMHV,101422.4,37.0,8.0,94073.1,311.57,1.05182
2025-07-14 02:00,KMHV,101490.1,35.0,8.0,94135.9,309.57,1.05933
2025-07-14 03:00,KMHV,101490.1,33.0,8.0,94135.9,307.57,1.06621
2025-07-14 04:00,KMHV,101490.1,31.0,7.0,94135.9,305.57,1.07319
2025-07-14 05:00,KMHV,101490.1,31.0,6.0,94135.9,305.57,1.07319
2025-07-14 06:00,KMHV,101523.9,31.0,5.0,94167.3,305.57,1.07355
2025-07-14 07:00,KMHV,101523.9,30.0,3.0,94167.3,304.57,1.07708
2025-07-14 08:00,KMHV,101523.9,30.0,2.0,94167.3,304.57,1.07708
2025-07-14 09:00,KMHV,101490.1,29.0,1.0,94135.9,303.57,1.08026
2025-07-14 10:00,KMHV,101490.1,29.0,1.0,94135.9,303.57,1.08026
2025-07-14 11:00,KMHV,101456.2,29.0,3.0,94104.5,303.57,1.07990
2025-07-14 12:00,KMHV,101490.1,28.0,5.0,94135.9,302.57,1.08383
2025-07-14 13:00,KMHV,101523.9,25.0,4.0,94167.3,299.57,1.09505
2025-07-14 14:00,KMHV,101557.8,26.0,5.0,94198.7,300.57,1.09177
2025-07-14 15:00,KMHV,101591.7,30.0,5.0,94230.1,304.57,1.07779
2025-07-14 16:00,KMHV,101659.4,31.0,5.0,94293.0,305.57,1.07498
2025-07-14 17:00,KMHV,101659.4,33.0,5.0,94293.0,307.57,1.06799
2025-07-14 18:00,KMHV,101625.5,35.0,6.0,94261.6,309.57,1.06074
2025-07-14 19:00,KMHV,101557.8,37.0,4.0,94198.7,311.57,1.05323
2025-07-14 20:00,KMHV,101490.1,39.0,4.0,94135.9,313.57,1.04581
2025-07-14 21:00,KMHV,101422.4,40.0,3.0,94073.1,314.57,1.04179
2025-07-14 22:00,KMHV,101354.6,40.0,3.0,94010.3,314.57,1.04110
2025-07-14 23:00,KMHV,101286.9,40.0,2.0,93947.5,314.57,1.04040
2025-07-15 00:00,KMHV,101253.0,40.0,7.0,93916.0,314.57,1.04005
2025-07-15 01:00,KMHV,101219.2,38.0,8.0,93884.6,312.57,1.04636
2025-07-15 02:00,KMHV,101219.2,35.0,8.0,93884.6,309.57,1.05650
2025-07-15 03:00,KMHV,101253.0,33.0,8.0,93916.0,307.57,1.06372
2025-07-15 04:00,KMHV,101253.0,31.0,7.0,93916.0,305.57,1.07069
2025-07-15 05:00,KMHV,101320.8,31.0,7.0,93978.9,305.57,1.07140
2025-07-15 06:00,KMHV,101354.6,30.0,7.0,94010.3,304.57,1.07528
2025-07-15 07:00,KMHV,101388.5,30.0,6.0,94041.7,304.57,1.07564
2025-07-15 08:00,KMHV,101354.6,29.0,6.0,94010.3,303.57,1.07882
2025-07-15 09:00,KMHV,101320.8,29.0,6.0,93978.9,303.57,1.07846
2025-07-15 10:00,KMHV,101286.9,29.0,5.0,93947.5,303.57,1.07810
2025-07-15 11:00,KMHV,101253.0,28.0,4.0,93916.0,302.57,1.08130
2025-07-15 12:00,KMHV,101286.9,28.0,5.0,93947.5,302.57,1.08166
2025-07-15 13:00,KMHV,101354.6,26.0,7.0,94010.3,300.57,1.08959
2025-07-15 14:00,KMHV,101354.6,25.0,9.0,94010.3,299.57,1.09323
2025-07-15 15:00,KMHV,101388.5,28.0,8.0,94041.7,302.57,1.08275
2025-07-15 16:40,KMHV,101388.5,32.0,7.0,94041.7,306.57,1.06862
2025-07-15 17:00,KMHV,101388.5,33.0,7.0,94041.7,307.57,1.06515
2025-07-15 18:00,KMHV,101354.6,34.0,7.0,94010.3,308.57,1.06134
2025-07-15 19:00,KMHV,101354.6,34.0,7.0,94010.3,308.57,1.06134
2025-07-15 20:00,KMHV,101354.6,35.0,7.0,94010.3,309.57,1.05791
2025-07-15 21:00,KMHV,101286.9,36.0,7.0,93947.5,310.57,1.05380
2025-07-15 22:00,KMHV,101253.0,36.0,7.0,93916.0,310.57,1.05345
2025-07-15 23:00,KMHV,101253.0,34.0,6.0,93916.0,308.57,1.06028
2025-07-16 00:00,KMHV,101219.2,35.0,4.0,93884.6,309.57,1.05650
2025-07-16 01:00,KMHV,101151.4,33.0,2.0,93821.8,307.57,1.06266
2025-07-16 02:00,KMHV,101185.3,31.0,2.0,93853.2,305.57,1.06997
2025-07-16 03:00,KMHV,101219.2,30.0,0.0,93884.6,304.57,1.07384
2025-07-16 04:00,KMHV,101219.2,28.0,1.0,93884.6,302.57,1.08094
2025-07-16 05:00,KMHV,101219.2,29.0,6.0,93884.6,303.57,1.07738
2025-07-16 06:00,KMHV,101253.0,27.0,7.0,93916.0,301.57,1.08489
2025-07-16 07:00,KMHV,101253.0,27.0,7.0,93916.0,301.57,1.08489
2025-07-16 08:00,KMHV,101253.0,27.0,5.0,93916.0,301.57,1.08489
2025-07-16 09:00,KMHV,101253.0,24.0,5.0,93916.0,298.57,1.09579
2025-07-16 10:00,KMHV,101320.8,23.0,5.0,93978.9,297.57,1.10021
2025-07-16 11:00,KMHV,101320.8,22.0,5.0,93978.9,296.57,1.10392
2025-07-16 12:00,KMHV,101320.8,22.0,3.0,93978.9,296.57,1.10392
2025-07-16 13:00,KMHV,101354.6,21.0,5.0,94010.3,295.57,1.10802
2025-07-16 14:00,KMHV,101388.5,22.0,4.0,94041.7,296.57,1.10465
2025-07-16 15:00,KMHV,101456.2,25.0,5.0,94104.5,299.57,1.09432
2025-07-16 16:00,KMHV,101456.2,28.0,0.0,94104.5,302.57,1.08347
2025-07-16 17:00,KMHV,101456.2,30.0,1.0,94104.5,304.57,1.07636
2025-07-16 18:00,KMHV,101490.1,31.0,0.0,94135.9,305.57,1.07319
2025-07-16 19:00,KMHV,101456.2,33.0,-3.0,94104.5,307.57,1.06586
2025-07-16 20:00,KMHV,101422.4,34.0,-6.0,94073.1,308.57,1.06205
2025-07-16 21:00,KMHV,101354.6,35.0,-8.0,94010.3,309.57,1.05791
2025-07-16 22:00,KMHV,101320.8,35.0,-4.0,93978.9,309.57,1.05756
2025-07-16 23:00,KMHV,101253.0,35.0,-4.0,93916.0,309.57,1.05685
2025-07-17 00:00,KMHV,101219.2,34.0,-5.0,93884.6,308.57,1.05992
2025-07-17 01:00,KMHV,101185.3,33.0,-4.0,93853.2,307.57,1.06301
2025-07-17 02:00,KMHV,101219.2,31.0,-2.0,93884.6,305.57,1.07033
2025-07-17 03:00,KMHV,101253.0,28.0,-1.0,93916.0,302.57,1.08130
2025-07-17 04:00,KMHV,101320.8,26.0,0.0,93978.9,300.57,1.08922
2025-07-17 05:00,KMHV,101388.5,26.0,6.0,94041.7,300.57,1.08995
2025-07-17 06:00,KMHV,101422.4,25.0,6.0,94073.1,299.57,1.09396
2025-07-17 07:00,KMHV,101388.5,25.0,8.0,94041.7,299.57,1.09359
2025-07-17 08:00,KMHV,101388.5,24.0,8.0,94041.7,298.57,1.09725
2025-07-17 09:00,KMHV,101388.5,23.0,8.0,94041.7,297.57,1.10094
2025-07-17 10:00,KMHV,101388.5,22.0,8.0,94041.7,296.57,1.10465
2025-07-17 11:00,KMHV,101388.5,21.0,6.0,94041.7,295.57,1.10839
2025-07-17 12:00,KMHV,101388.5,21.0,7.0,94041.7,295.57,1.10839
2025-07-17 13:00,KMHV,101422.4,21.0,6.0,94073.1,295.57,1.10876
2025-07-17 14:00,KMHV,101490.1,22.0,5.0,94135.9,296.57,1.10576
2025-07-17 15:00,KMHV,101557.8,26.0,2.0,94198.7,300.57,1.09177
2025-07-17 16:00,KMHV,101557.8,28.0,1.0,94198.7,302.57,1.08456
2025-07-17 17:00,KMHV,101523.9,29.0,1.0,94167.3,303.57,1.08062
2025-07-17 18:00,KMHV,101557.8,31.0,-6.0,94198.7,305.57,1.07391
2025-07-17 19:00,KMHV,101523.9,33.0,-5.0,94167.3,307.57,1.06657
2025-07-17 20:00,KMHV,101456.2,34.0,-4.0,94104.5,308.57,1.06240
2025-07-17 21:00,KMHV,101422.4,33.0,-3.0,94073.1,307.57,1.06550
2025-07-17 22:00,KMHV,101388.5,34.0,-1.0,94041.7,308.57,1.06169
2025-07-17 23:00,KMHV,101320.8,35.0,2.0,93978.9,309.57,1.05756
2025-07-18 00:00,KMHV,101286.9,34.0,2.0,93947.5,308.57,1.06063
2025-07-18 01:00,KMHV,101253.0,34.0,5.0,93916.0,308.57,1.06028
2025-07-18 02:00,KMHV,101253.0,31.0,7.0,93916.0,305.57,1.07069
2025-07-18 03:00,KMHV,101320.8,29.0,8.0,93978.9,303.57,1.07846
2025-07-18 04:00,KMHV,101388.5,28.0,8.0,94041.7,302.57,1.08275
2025-07-18 05:00,KMHV,101422.4,27.0,10.0,94073.1,301.57,1.08670
2025-07-18 06:00,KMHV,101422.4,27.0,8.0,94073.1,301.57,1.08670
2025-07-18 07:00,KMHV,101456.2,27.0,7.0,94104.5,301.57,1.08706
2025-07-18 08:00,KMHV,101456.2,26.0,6.0,94104.5,300.57,1.09068
2025-07-18 09:00,KMHV,101388.5,26.0,6.0,94041.7,300.57,1.08995
2025-07-18 10:00,KMHV,101354.6,25.0,8.0,94010.3,299.57,1.09323
2025-07-18 11:00,KMHV,101456.2,25.0,5.0,94104.5,299.57,1.09432
2025-07-18 12:00,KMHV,101557.8,23.0,5.0,94198.7,297.57,1.10278
2025-07-18 13:00,KMHV,101557.8,23.0,5.0,94198.7,297.57,1.10278
2025-07-18 14:00,KMHV,101625.5,25.0,5.0,94261.6,299.57,1.09615
2025-07-18 15:00,KMHV,101761.0,25.0,6.0,94387.2,299.57,1.09761
2025-07-18 16:00,KMHV,101761.0,28.0,6.0,94387.2,302.57,1.08673
2025-07-18 17:00,KMHV,101727.1,30.0,6.0,94355.8,304.57,1.07923
2025-07-18 18:00,KMHV,101693.3,32.0,5.0,94324.4,306.57,1.07183
2025-07-18 19:00,KMHV,101659.4,33.0,4.0,94293.0,307.57,1.06799
2025-07-18 20:00,KMHV,101591.7,34.0,4.0,94230.1,308.57,1.06382
2025-07-18 21:00,KMHV,101557.8,35.0,4.0,94198.7,309.57,1.06003
2025-07-18 22:00,KMHV,101523.9,36.0,3.0,94167.3,310.57,1.05627
2025-07-18 23:00,KMHV,101490.1,37.0,4.0,94135.9,311.57,1.05253
2025-07-19 00:00,KMHV,101422.4,36.0,5.0,94073.1,310.57,1.05521
2025-07-19 01:00,KMHV,101388.5,35.0,6.0,94041.7,309.57,1.05827
2025-07-19 02:00,KMHV,101422.4,33.0,7.0,94073.1,307.57,1.06550
2025-07-19 03:00,KMHV,101456.2,31.0,7.0,94104.5,305.57,1.07283
2025-07-19 04:00,KMHV,101490.1,29.0,7.0,94135.9,303.57,1.08026
2025-07-19 05:00,KMHV,101523.9,28.0,7.0,94167.3,302.57,1.08419
2025-07-19 06:00,KMHV,101557.8,28.0,6.0,94198.7,302.57,1.08456
2025-07-19 07:00,KMHV,101591.7,28.0,4.0,94230.1,302.57,1.08492
2025-07-19 08:00,KMHV,101591.7,28.0,2.0,94230.1,302.57,1.08492
2025-07-19 09:00,KMHV,101557.8,27.0,3.0,94198.7,301.57,1.08815
2025-07-19 10:00,KMHV,101591.7,27.0,4.0,94230.1,301.57,1.08852
2025-07-19 11:00,KMHV,101557.8,26.0,4.0,94198.7,300.57,1.09177
2025-07-19 12:00,KMHV,101625.5,26.0,5.0,94261.6,300.57,1.09250
2025-07-19 13:00,KMHV,101659.4,25.0,6.0,94293.0,299.57,1.09651
2025-07-19 14:00,KMHV,101693.3,27.0,6.0,94324.4,301.57,1.08960
2025-07-19 15:00,KMHV,101727.1,28.0,3.0,94355.8,302.57,1.08636
2025-07-19 16:00,KMHV,101761.0,30.0,3.0,94387.2,304.57,1.07959
2025-07-19 17:00,KMHV,101761.0,32.0,3.0,94387.2,306.57,1.07255
2025-07-19 18:00,KMHV,101761.0,32.0,5.0,94387.2,306.57,1.07255
2025-07-19 19:00,KMHV,101727.1,34.0,3.0,94355.8,308.57,1.06524
2025-07-19 20:00,KMHV,101693.3,35.0,3.0,94324.4,309.57,1.06145
2025-07-19 21:00,KMHV,101625.5,35.0,2.0,94261.6,309.57,1.06074
2025-07-19 22:00,KMHV,101523.9,36.0,0.0,94167.3,310.57,1.05627
2025-07-19 23:00,KMHV,101456.2,37.0,1.0,94104.5,311.57,1.05217
2025-07-20 00:00,KMHV,101422.4,37.0,6.0,94073.1,311.57,1.05182
2025-07-20 01:00,KMHV,101388.5,35.0,7.0,94041.7,309.57,1.05827
2025-07-20 02:00,KMHV,101422.4,32.0,6.0,94073.1,306.57,1.06898
2025-07-20 03:00,KMHV,101456.2,30.0,6.0,94104.5,304.57,1.07636
2025-07-20 04:00,KMHV,101456.2,29.0,6.0,94104.5,303.57,1.07990
2025-07-20 05:00,KMHV,101456.2,29.0,4.0,94104.5,303.57,1.07990
2025-07-20 06:00,KMHV,101456.2,29.0,1.0,94104.5,303.57,1.07990
2025-07-20 07:00,KMHV,101490.1,28.0,6.0,94135.9,302.57,1.08383
2025-07-20 08:00,KMHV,101490.1,27.0,8.0,94135.9,301.57,1.08743
2025-07-20 09:00,KMHV,101456.2,27.0,8.0,94104.5,301.57,1.08706
2025-07-20 10:00,KMHV,101490.1,26.0,8.0,94135.9,300.57,1.09104
2025-07-20 11:00,KMHV,101422.4,26.0,9.0,94073.1,300.57,1.09032
2025-07-20 12:00,KMHV,101490.1,25.0,6.0,94135.9,299.57,1.09469
2025-07-20 13:00,KMHV,101523.9,23.0,7.0,94167.3,297.57,1.10241
2025-07-20 14:00,KMHV,101523.9,25.0,7.0,94167.3,299.57,1.09505
2025-07-20 15:00,KMHV,101557.8,27.0,7.0,94198.7,301.57,1.08815
2025-07-20 16:00,KMHV,101591.7,29.0,7.0,94230.1,303.57,1.08134
2025-07-20 17:00,KMHV,101557.8,31.0,6.0,94198.7,305.57,1.07391
2025-07-20 18:00,KMHV,101523.9,33.0,5.0,94167.3,307.57,1.06657
2025-07-20 19:00,KMHV,101490.1,35.0,4.0,94135.9,309.57,1.05933
2025-07-20 20:00,KMHV,101456.2,35.0,4.0,94104.5,309.57,1.05897
2025-07-20 21:00,KMHV,101388.5,36.0,4.0,94041.7,310.57,1.05486
2025-07-20 22:00,KMHV,101320.8,37.0,4.0,93978.9,311.57,1.05077
2025-07-20 23:00,KMHV,101286.9,36.0,4.0,93947.5,310.57,1.05380
2025-07-21 00:00,KMHV,101253.0,35.0,4.0,93916.0,309.57,1.05685
2025-07-21 01:00,KMHV,101253.0,34.0,2.0,93916.0,308.57,1.06028
2025-07-21 02:00,KMHV,101253.0,33.0,1.0,93916.0,307.57,1.06372
2025-07-21 03:00,KMHV,101286.9,30.0,5.0,93947.5,304.57,1.07456
2025-07-21 04:00,KMHV,101320.8,29.0,6.0,93978.9,303.57,1.07846
2025-07-21 05:00,KMHV,101354.6,28.0,7.0,94010.3,302.57,1.08239
2025-07-21 06:00,KMHV,101388.5,28.0,5.0,94041.7,302.57,1.08275
2025-07-21 07:00,KMHV,101388.5,27.0,5.0,94041.7,301.57,1.08634
2025-07-21 08:00,KMHV,101388.5,26.0,6.0,94041.7,300.57,1.08995
2025-07-21 09:00,KMHV,101354.6,25.0,6.0,94010.3,299.57,1.09323
2025-07-21 10:00,KMHV,101388.5,22.0,6.0,94041.7,296.57,1.10465
2025-07-21 11:00,KMHV,101354.6,22.0,6.0,94010.3,296.57,1.10428
2025-07-21 12:00,KMHV,101354.6,23.0,5.0,94010.3,297.57,1.10057
2025-07-21 13:00,KMHV,101388.5,21.0,6.0,94041.7,295.57,1.10839
2025-07-21 14:00,KMHV,101388.5,24.0,6.0,94041.7,298.57,1.09725
2025-07-21 15:00,KMHV,101422.4,27.0,4.0,94073.1,301.57,1.08670
2025-07-21 16:00,KMHV,101456.2,28.0,5.0,94104.5,302.57,1.08347
2025-07-21 17:00,KMHV,101456.2,30.0,4.0,94104.5,304.57,1.07636
2025-07-21 18:00,KMHV,101456.2,31.0,2.0,94104.5,305.57,1.07283
2025-07-21 19:00,KMHV,101422.4,32.0,1.0,94073.1,306.57,1.06898
2025-07-21 20:00,KMHV,101388.5,32.0,3.0,94041.7,306.57,1.06862
2025-07-21 21:00,KMHV,101320.8,33.0,5.0,93978.9,307.57,1.06444
2025-07-21 22:00,KMHV,101286.9,33.0,4.0,93947.5,307.57,1.06408
2025-07-21 23:00,KMHV,101219.2,33.0,4.0,93884.6,307.57,1.06337
2025-07-22 00:00,KMHV,101185.3,32.0,4.0,93853.2,306.57,1.06648
2025-07-22 01:00,KMHV,101185.3,31.0,3.0,93853.2,305.57,1.06997
2025-07-22 02:00,KMHV,101219.2,29.0,2.0,93884.6,303.57,1.07738
2025-07-22 03:00,KMHV,101219.2,27.0,2.0,93884.6,301.57,1.08452
2025-07-22 04:00,KMHV,101286.9,26.0,5.0,93947.5,300.57,1.08886
2025-07-22 05:00,KMHV,101320.8,25.0,7.0,93978.9,299.57,1.09286
2025-07-22 06:00,KMHV,101320.8,25.0,7.0,93978.9,299.57,1.09286
2025-07-22 07:00,KMHV,101354.6,24.0,8.0,94010.3,298.57,1.09689
2025-07-22 08:00,KMHV,101320.8,23.0,10.0,93978.9,297.57,1.10021
2025-07-22 09:00,KMHV,101253.0,22.0,11.0,93916.0,296.57,1.10318
2025-07-22 10:00,KMHV,101219.2,22.0,11.0,93884.6,296.57,1.10281
2025-07-22 11:00,KMHV,101253.0,21.0,11.0,93916.0,295.57,1.10691
2025-07-22 12:00,KMHV,101286.9,20.0,11.0,93947.5,294.57,1.11104
2025-07-22 13:00,KMHV,101320.8,20.0,10.0,93978.9,294.57,1.11141
2025-07-22 14:00,KMHV,101320.8,22.0,8.0,93978.9,296.57,1.10392
2025-07-22 15:00,KMHV,101388.5,24.0,6.0,94041.7,298.57,1.09725
2025-07-22 16:00,KMHV,101456.2,26.0,7.0,94104.5,300.57,1.09068
2025-07-22 17:00,KMHV,101456.2,28.0,5.0,94104.5,302.57,1.08347
2025-07-22 18:00,KMHV,101490.1,28.0,6.0,94135.9,302.57,1.08383
2025-07-22 19:00,KMHV,101456.2,30.0,5.0,94104.5,304.57,1.07636
2025-07-22 20:00,KMHV,101422.4,31.0,5.0,94073.1,305.57,1.07248
2025-07-22 21:00,KMHV,101354.6,31.0,4.0,94010.3,305.57,1.07176
2025-07-22 22:00,KMHV,101320.8,32.0,4.0,93978.9,306.57,1.06791
2025-07-22 23:00,KMHV,101286.9,31.0,4.0,93947.5,305.57,1.07104
2025-07-23 00:00,KMHV,101286.9,30.0,5.0,93947.5,304.57,1.07456
2025-07-23 01:00,KMHV,101286.9,29.0,4.0,93947.5,303.57,1.07810
2025-07-23 02:00,KMHV,101320.8,27.0,5.0,93978.9,301.57,1.08561
2025-07-23 03:00,KMHV,101354.6,25.0,4.0,94010.3,299.57,1.09323
2025-07-23 04:00,KMHV,101388.5,24.0,5.0,94041.7,298.57,1.09725
2025-07-23 05:00,KMHV,101490.1,23.0,7.0,94135.9,297.57,1.10204
2025-07-23 06:00,KMHV,101523.9,22.0,5.0,94167.3,296.57,1.10613
2025-07-23 07:00,KMHV,101557.8,22.0,6.0,94198.7,296.57,1.10650
2025-07-23 08:00,KMHV,101557.8,21.0,6.0,94198.7,295.57,1.11024
2025-07-23 09:00,KMHV,101557.8,20.0,4.0,94198.7,294.57,1.11401
2025-07-23 10:00,KMHV,101523.9,20.0,5.0,94167.3,294.57,1.11364
2025-07-23 11:00,KMHV,101557.8,19.0,5.0,94198.7,293.57,1.11781
2025-07-23 12:00,KMHV,101591.7,18.0,5.0,94230.1,292.57,1.12200
2025-07-23 13:00,KMHV,101591.7,19.0,6.0,94230.1,293.57,1.11818
2025-07-23 14:00,KMHV,101625.5,20.0,6.0,94261.6,294.57,1.11475
2025-07-23 15:00,KMHV,101693.3,23.0,6.0,94324.4,297.57,1.10425
2025-07-23 16:00,KMHV,101727.1,25.0,6.0,94355.8,299.57,1.09724
2025-07-23 17:00,KMHV,101761.0,27.0,2.0,94387.2,301.57,1.09033
2025-07-23 18:00,KMHV,101761.0,27.0,1.0,94387.2,301.57,1.09033
2025-07-23 19:00,KMHV,101761.0,29.0,-2.0,94387.2,303.57,1.08315
2025-07-23 20:00,KMHV,101693.3,31.0,-2.0,94324.4,305.57,1.07534
2025-07-23 21:00,KMHV,101659.4,31.0,-2.0,94293.0,305.57,1.07498
2025-07-23 22:00,KMHV,101659.4,31.0,-1.0,94293.0,305.57,1.07498
2025-07-23 23:00,KMHV,101659.4,31.0,-2.0,94293.0,305.57,1.07498
2025-07-24 00:00,KMHV,101659.4,30.0,-3.0,94293.0,304.57,1.07851
2025-07-24 01:00,KMHV,101659.4,29.0,-4.0,94293.0,303.57,1.08206
2025-07-24 02:00,KMHV,101693.3,27.0,-4.0,94324.4,301.57,1.08960
2025-07-24 03:00,KMHV,101761.0,24.0,2.0,94387.2,298.57,1.10128
2025-07-24 04:00,KMHV,101828.7,22.0,3.0,94450.0,296.57,1.10945
2025-07-24 05:00,KMHV,101862.6,21.0,1.0,94481.4,295.57,1.11357
2025-07-24 06:00,KMHV,101862.6,21.0,2.0,94481.4,295.57,1.11357
2025-07-24 07:00,KMHV,101862.6,22.0,5.0,94481.4,296.57,1.10982
2025-07-24 08:00,KMHV,101862.6,21.0,5.0,94481.4,295.57,1.11357
2025-07-24 09:00,KMHV,101862.6,19.0,6.0,94481.4,293.57,1.12116
2025-07-24 10:00,KMHV,101862.6,19.0,6.0,94481.4,293.57,1.12116
2025-07-24 11:00,KMHV,101862.6,18.0,6.0,94481.4,292.57,1.12499
2025-07-24 12:00,KMHV,101896.4,18.0,6.0,94512.8,292.57,1.12537
2025-07-24 13:00,KMHV,101930.3,17.0,5.0,94544.2,291.57,1.12960
2025-07-24 14:00,KMHV,101930.3,18.0,5.0,94544.2,292.57,1.12574
2025-07-24 15:00,KMHV,101964.2,23.0,5.0,94575.7,297.57,1.10719
2025-07-24 16:00,KMHV,102031.9,25.0,3.0,94638.5,299.57,1.10053
2025-07-24 17:00,KMHV,101998.0,26.0,-1.0,94607.1,300.57,1.09651
2025-07-24 18:00,KMHV,101964.2,28.0,-2.0,94575.7,302.57,1.08890
2025-07-24 19:00,KMHV,101964.2,29.0,-5.0,94575.7,303.57,1.08531
2025-07-24 20:00,KMHV,101930.3,30.0,-9.0,94544.2,304.57,1.08139
2025-07-24 21:00,KMHV,101862.6,31.0,-9.0,94481.4,305.57,1.07713
2025-07-24 22:00,KMHV,101828.7,32.0,-8.0,94450.0,306.57,1.07326
2025-07-24 23:00,KMHV,101761.0,32.0,-8.0,94387.2,306.57,1.07255
2025-07-25 00:00,KMHV,101727.1,31.0,-5.0,94355.8,305.57,1.07570
2025-07-25 01:00,KMHV,101727.1,30.0,-2.0,94355.8,304.57,1.07923
2025-07-25 02:00,KMHV,101693.3,28.0,0.0,94324.4,302.57,1.08600
2025-07-25 03:00,KMHV,101727.1,25.0,1.0,94355.8,299.57,1.09724
2025-07-25 04:00,KMHV,101761.0,24.0,-1.0,94387.2,298.57,1.10128
2025-07-25 05:00,KMHV,101794.9,22.0,-6.0,94418.6,296.57,1.10908
2025-07-25 06:00,KMHV,101794.9,22.0,6.0,94418.6,296.57,1.10908
2025-07-25 07:00,KMHV,101761.0,22.0,7.0,94387.2,296.57,1.10871
2025-07-25 08:00,KMHV,101761.0,21.0,7.0,94387.2,295.57,1.11246
2025-07-25 09:00,KMHV,101693.3,20.0,7.0,94324.4,294.57,1.11550
2025-07-25 10:00,KMHV,101693.3,20.0,8.0,94324.4,294.57,1.11550
2025-07-25 11:00,KMHV,101659.4,19.0,8.0,94293.0,293.57,1.11892
2025-07-25 12:00,KMHV,101625.5,18.0,7.0,94261.6,292.57,1.12237
2025-07-25 13:00,KMHV,101625.5,18.0,7.0,94261.6,292.57,1.12237
2025-07-25 14:00,KMHV,101625.5,19.0,8.0,94261.6,293.57,1.11855
2025-07-25 15:00,KMHV,101659.4,22.0,8.0,94293.0,296.57,1.10760
2025-07-25 16:00,KMHV,101693.3,24.0,7.0,94324.4,298.57,1.10055
2025-07-25 17:00,KMHV,101693.3,26.0,6.0,94324.4,300.57,1.09323
2025-07-25 18:00,KMHV,101659.4,27.0,3.0,94293.0,301.57,1.08924
2025-07-25 19:00,KMHV,101625.5,28.0,-3.0,94261.6,302.57,1.08528
2025-07-25 20:00,KMHV,101591.7,30.0,-3.0,94230.1,304.57,1.07779
2025-07-25 21:00,KMHV,101523.9,30.0,-4.0,94167.3,304.57,1.07708
2025-07-25 22:00,KMHV,101456.2,30.0,-3.0,94104.5,304.57,1.07636
2025-07-25 23:00,KMHV,101422.4,30.0,2.0,94073.1,304.57,1.07600
2025-07-26 00:00,KMHV,101354.6,30.0,3.0,94010.3,304.57,1.07528
2025-07-26 01:00,KMHV,101320.8,29.0,8.0,93978.9,303.57,1.07846
2025-07-26 02:00,KMHV,101320.8,27.0,6.0,93978.9,301.57,1.08561
2025-07-26 03:00,KMHV,101354.6,25.0,6.0,94010.3,299.57,1.09323
2025-07-26 04:00,KMHV,101388.5,23.0,8.0,94041.7,297.57,1.10094
2025-07-26 05:00,KMHV,101456.2,23.0,8.0,94104.5,297.57,1.10168
2025-07-26 06:00,KMHV,101456.2,22.0,8.0,94104.5,296.57,1.10539
2025-07-26 07:00,KMHV,101456.2,21.0,8.0,94104.5,295.57,1.10913
2025-07-26 08:00,KMHV,101456.2,21.0,8.0,94104.5,295.57,1.10913
2025-07-26 09:00,KMHV,101422.4,21.0,6.0,94073.1,295.57,1.10876
2025-07-26 10:00,KMHV,101388.5,20.0,8.0,94041.7,294.57,1.11215
2025-07-26 11:00,KMHV,101354.6,20.0,10.0,94010.3,294.57,1.11178
2025-07-26 12:00,KMHV,101320.8,20.0,10.0,93978.9,294.57,1.11141
2025-07-26 13:00,KMHV,101422.4,20.0,9.0,94073.1,294.57,1.11252
2025-07-26 14:00,KMHV,101422.4,21.0,9.0,94073.1,295.57,1.10876
2025-07-26 15:00,KMHV,101456.2,23.0,8.0,94104.5,297.57,1.10168
2025-07-26 16:00,KMHV,101456.2,25.0,6.0,94104.5,299.57,1.09432
2025-07-26 17:00,KMHV,101490.1,27.0,5.0,94135.9,301.57,1.08743
2025-07-26 18:00,KMHV,101490.1,28.0,5.0,94135.9,302.57,1.08383
2025-07-26 19:00,KMHV,101456.2,28.0,5.0,94104.5,302.57,1.08347
2025-07-26 20:00,KMHV,101456.2,29.0,6.0,94104.5,303.57,1.07990
2025-07-26 21:00,KMHV,101422.4,30.0,6.0,94073.1,304.57,1.07600
2025-07-26 22:00,KMHV,101388.5,30.0,5.0,94041.7,304.57,1.07564
2025-07-26 23:00,KMHV,101354.6,31.0,5.0,94010.3,305.57,1.07176
2025-07-27 00:00,KMHV,101320.8,30.0,6.0,93978.9,304.57,1.07492
2025-07-27 01:00,KMHV,101320.8,29.0,6.0,93978.9,303.57,1.07846
2025-07-27 02:00,KMHV,101354.6,27.0,5.0,94010.3,301.57,1.08598
2025-07-27 03:00,KMHV,101388.5,25.0,6.0,94041.7,299.57,1.09359
2025-07-27 04:00,KMHV,101422.4,24.0,7.0,94073.1,298.57,1.09762
2025-07-27 05:00,KMHV,101490.1,23.0,7.0,94135.9,297.57,1.10204
2025-07-27 06:00,KMHV,101456.2,23.0,6.0,94104.5,297.57,1.10168
2025-07-27 07:00,KMHV,101490.1,23.0,5.0,94135.9,297.57,1.10204
2025-07-27 08:00,KMHV,101456.2,22.0,8.0,94104.5,296.57,1.10539
2025-07-27 09:00,KMHV,101456.2,22.0,8.0,94104.5,296.57,1.10539
2025-07-27 10:00,KMHV,101456.2,21.0,8.0,94104.5,295.57,1.10913
2025-07-27 11:00,KMHV,101456.2,21.0,8.0,94104.5,295.57,1.10913
2025-07-27 12:00,KMHV,101490.1,20.0,7.0,94135.9,294.57,1.11327
2025-07-27 13:00,KMHV,101523.9,18.0,7.0,94167.3,292.57,1.12125
2025-07-27 14:00,KMHV,101557.8,21.0,7.0,94198.7,295.57,1.11024
2025-07-27 15:00,KMHV,101591.7,24.0,7.0,94230.1,298.57,1.09945
2025-07-27 16:00,KMHV,101625.5,25.0,7.0,94261.6,299.57,1.09615
2025-07-27 17:00,KMHV,101659.4,27.0,6.0,94293.0,301.57,1.08924
2025-07-27 18:00,KMHV,101659.4,27.0,5.0,94293.0,301.57,1.08924
2025-07-27 19:00,KMHV,101659.4,28.0,4.0,94293.0,302.57,1.08564
2025-07-27 20:00,KMHV,101591.7,30.0,3.0,94230.1,304.57,1.07779
2025-07-27 21:00,KMHV,101557.8,32.0,1.0,94198.7,306.57,1.07041
2025-07-27 22:00,KMHV,101490.1,33.0,0.0,94135.9,307.57,1.06621
2025-07-27 23:00,KMHV,101456.2,34.0,-3.0,94104.5,308.57,1.06240
2025-07-28 00:00,KMHV,101422.4,33.0,5.0,94073.1,307.57,1.06550
2025-07-28 01:00,KMHV,101456.2,32.0,6.0,94104.5,306.57,1.06933
2025-07-28 02:00,KMHV,101456.2,30.0,6.0,94104.5,304.57,1.07636
2025-07-28 03:00,KMHV,101523.9,27.0,6.0,94167.3,301.57,1.08779
2025-07-28 04:00,KMHV,101591.7,26.0,6.0,94230.1,300.57,1.09214
2025-07-28 05:00,KMHV,101591.7,25.0,5.0,94230.1,299.57,1.09578
2025-07-28 06:00,KMHV,101625.5,24.0,5.0,94261.6,298.57,1.09982
2025-07-28 07:00,KMHV,101659.4,24.0,5.0,94293.0,298.57,1.10019
2025-07-28 08:00,KMHV,101659.4,24.0,5.0,94293.0,298.57,1.10019
2025-07-28 09:00,KMHV,101659.4,24.0,5.0,94293.0,298.57,1.10019
2025-07-28 10:00,KMHV,101659.4,23.0,5.0,94293.0,297.57,1.10388
2025-07-28 11:00,KMHV,101625.5,21.0,5.0,94261.6,295.57,1.11098
2025-07-28 12:00,KMHV,101659.4,21.0,7.0,94293.0,295.57,1.11135
2025-07-28 13:00,KMHV,101693.3,21.0,7.0,94324.4,295.57,1.11172
2025-07-28 14:00,KMHV,101761.0,23.0,7.0,94387.2,297.57,1.10499
2025-07-28 15:00,KMHV,101794.9,24.0,5.0,94418.6,298.57,1.10165
2025-07-28 16:00,KMHV,101828.7,26.0,5.0,94450.0,300.57,1.09469
2025-07-28 17:00,KMHV,101828.7,28.0,5.0,94450.0,302.57,1.08745
2025-07-28 18:00,KMHV,101828.7,30.0,4.0,94450.0,304.57,1.08031
2025-07-28 19:00,KMHV,101794.9,31.0,3.0,94418.6,305.57,1.07642
2025-07-28 20:00,KMHV,101761.0,33.0,-5.0,94387.2,307.57,1.06906
2025-07-28 21:00,KMHV,101693.3,33.0,-4.0,94324.4,307.57,1.06835
2025-07-28 22:00,KMHV,101659.4,35.0,-3.0,94293.0,309.57,1.06109
2025-07-28 23:00,KMHV,101625.5,35.0,-5.0,94261.6,309.57,1.06074
2025-07-29 00:00,KMHV,101591.7,34.0,3.0,94230.1,308.57,1.06382
2025-07-29 01:00,KMHV,101625.5,32.0,8.0,94261.6,306.57,1.07112
2025-07-29 02:00,KMHV,101625.5,30.0,8.0,94261.6,304.57,1.07815
2025-07-29 03:00,KMHV,101625.5,27.0,8.0,94261.6,301.57,1.08888
2025-07-29 04:00,KMHV,101659.4,26.0,7.0,94293.0,300.57,1.09286
2025-07-29 05:00,KMHV,101727.1,25.0,7.0,94355.8,299.57,1.09724
2025-07-29 06:00,KMHV,101761.0,25.0,5.0,94387.2,299.57,1.09761
2025-07-29 07:00,KMHV,101727.1,25.0,5.0,94355.8,299.57,1.09724
2025-07-29 08:00,KMHV,101727.1,25.0,7.0,94355.8,299.57,1.09724
2025-07-29 09:00,KMHV,101727.1,24.0,6.0,94355.8,298.57,1.10092
2025-07-29 10:00,KMHV,101794.9,24.0,5.0,94418.6,298.57,1.10165
2025-07-29 11:00,KMHV,101794.9,24.0,4.0,94418.6,298.57,1.10165
2025-07-29 12:00,KMHV,101794.9,24.0,5.0,94418.6,298.57,1.10165
2025-07-29 13:00,KMHV,101828.7,22.0,5.0,94450.0,296.57,1.10945
2025-07-29 14:00,KMHV,101862.6,24.0,5.0,94481.4,298.57,1.10238
2025-07-29 15:00,KMHV,101896.4,27.0,4.0,94512.8,301.57,1.09178
2025-07-29 16:00,KMHV,101930.3,28.0,4.0,94544.2,302.57,1.08853
2025-07-29 17:00,KMHV,101930.3,31.0,4.0,94544.2,305.57,1.07785
2025-07-29 18:00,KMHV,101896.4,31.0,5.0,94512.8,305.57,1.07749
2025-07-29 19:00,KMHV,101896.4,33.0,4.0,94512.8,307.57,1.07048
2025-07-29 20:00,KMHV,101828.7,33.0,3.0,94450.0,307.57,1.06977
2025-07-29 21:00,KMHV,101794.9,34.0,2.0,94418.6,308.57,1.06595
2025-07-29 22:00,KMHV,101727.1,35.0,0.0,94355.8,309.57,1.06180
2025-07-29 23:00,KMHV,101659.4,35.0,2.0,94293.0,309.57,1.06109
2025-07-30 00:00,KMHV,101659.4,33.0,6.0,94293.0,307.57,1.06799
2025-07-30 01:00,KMHV,101625.5,32.0,5.0,94261.6,306.57,1.07112
2025-07-30 02:00,KMHV,101625.5,30.0,4.0,94261.6,304.57,1.07815
2025-07-30 03:00,KMHV,101659.4,28.0,6.0,94293.0,302.57,1.08564
2025-07-30 04:00,KMHV,101659.4,27.0,6.0,94293.0,301.57,1.08924
2025-07-30 05:00,KMHV,101693.3,26.0,5.0,94324.4,300.57,1.09323
2025-07-30 06:00,KMHV,101693.3,26.0,4.0,94324.4,300.57,1.09323
2025-07-30 07:00,KMHV,101659.4,26.0,6.0,94293.0,300.57,1.09286
2025-07-30 08:00,KMHV,101659.4,25.0,6.0,94293.0,299.57,1.09651
2025-07-30 09:00,KMHV,101625.5,25.0,5.0,94261.6,299.57,1.09615
2025-07-30 10:00,KMHV,101625.5,24.0,6.0,94261.6,298.57,1.09982
2025-07-30 11:00,KMHV,101625.5,24.0,5.0,94261.6,298.57,1.09982
2025-07-30 12:00,KMHV,101625.5,23.0,6.0,94261.6,297.57,1.10352
2025-07-30 13:00,KMHV,101659.4,23.0,6.0,94293.0,297.57,1.10388
2025-07-30 14:00,KMHV,101693.3,24.0,6.0,94324.4,298.57,1.10055
2025-07-30 15:00,KMHV,101727.1,26.0,5.0,94355.8,300.57,1.09359
2025-07-30 16:00,KMHV,101761.0,27.0,6.0,94387.2,301.57,1.09033
2025-07-30 17:00,KMHV,101761.0,30.0,3.0,94387.2,304.57,1.07959
2025-07-30 18:00,KMHV,101761.0,31.0,2.0,94387.2,305.57,1.07606
2025-07-30 19:00,KMHV,101727.1,32.0,0.0,94355.8,306.57,1.07219
2025-07-30 20:00,KMHV,101659.4,33.0,1.0,94293.0,307.57,1.06799
2025-07-30 21:00,KMHV,101591.7,34.0,0.0,94230.1,308.57,1.06382
2025-07-30 22:00,KMHV,101591.7,33.0,-1.0,94230.1,307.57,1.06728
2025-07-30 23:00,KMHV,101557.8,33.0,-2.0,94198.7,307.57,1.06693
2025-07-31 00:00,KMHV,101523.9,33.0,-1.0,94167.3,307.57,1.06657
2025-07-31 01:00,KMHV,101523.9,31.0,-2.0,94167.3,305.57,1.07355
2025-07-31 02:00,KMHV,101490.1,30.0,1.0,94135.9,304.57,1.07672
2025-07-31 03:00,KMHV,101523.9,28.0,2.0,94167.3,302.57,1.08419
2025-07-31 04:00,KMHV,101557.8,27.0,1.0,94198.7,301.57,1.08815
2025-07-31 05:00,KMHV,101591.7,25.0,0.0,94230.1,299.57,1.09578
2025-07-31 06:00,KMHV,101591.7,26.0,0.0,94230.1,300.57,1.09214
2025-07-31 07:00,KMHV,101591.7,26.0,-2.0,94230.1,300.57,1.09214
2025-07-31 08:00,KMHV,101591.7,25.0,0.0,94230.1,299.57,1.09578
2025-07-31 09:00,KMHV,101625.5,24.0,1.0,94261.6,298.57,1.09982
2025-07-31 10:00,KMHV,101591.7,24.0,0.0,94230.1,298.57,1.09945
2025-07-31 11:00,KMHV,101591.7,24.0,1.0,94230.1,298.57,1.09945
2025-07-31 12:00,KMHV,101591.7,23.0,0.0,94230.1,297.57,1.10315
2025-07-31 13:00,KMHV,101659.4,22.0,0.0,94293.0,296.57,1.10760
2025-07-31 14:00,KMHV,101727.1,25.0,0.0,94355.8,299.57,1.09724
2025-07-31 15:00,KMHV,101761.0,27.0,0.0,94387.2,301.57,1.09033
2025-07-31 16:00,KMHV,101794.9,28.0,0.0,94418.6,302.57,1.08709
2025-07-31 17:00,KMHV,101794.9,30.0,-2.0,94418.6,304.57,1.07995
2025-07-31 18:00,KMHV,101794.9,31.0,-3.0,94418.6,305.57,1.07642
2025-07-31 19:00,KMHV,101761.0,32.0,-1.0,94387.2,306.57,1.07255
2025-07-31 20:00,KMHV,101727.1,33.0,-3.0,94355.8,307.57,1.06870
2025-07-31 21:00,KMHV,101693.3,34.0,-6.0,94324.4,308.57,1.06489
2025-07-31 22:00,KMHV,101625.5,36.0,-6.0,94261.6,310.57,1.05732
2025-07-31 23:00,KMHV,101591.7,36.0,0.0,94230.1,310.57,1.05697
2025-08-01 00:00,KMHV,101557.8,35.0,-1.0,94198.7,309.57,1.06003
2025-08-01 01:00,KMHV,101557.8,34.0,-1.0,94198.7,308.57,1.06347
2025-08-01 02:00,KMHV,101625.5,32.0,0.0,94261.6,306.57,1.07112
2025-08-01 03:00,KMHV,101659.4,29.0,1.0,94293.0,303.57,1.08206
2025-08-01 04:00,KMHV,101693.3,28.0,0.0,94324.4,302.57,1.08600
2025-08-01 05:00,KMHV,101693.3,28.0,-2.0,94324.4,302.57,1.08600
2025-08-01 06:00,KMHV,101727.1,27.0,0.0,94355.8,301.57,1.08997
2025-08-01 07:00,KMHV,101761.0,27.0,-3.0,94387.2,301.57,1.09033
2025-08-01 08:00,KMHV,101727.1,27.0,-6.0,94355.8,301.57,1.08997
2025-08-01 09:00,KMHV,101727.1,26.0,-4.0,94355.8,300.57,1.09359
2025-08-01 10:00,KMHV,101761.0,24.0,-1.0,94387.2,298.57,1.10128
2025-08-01 11:00,KMHV,101761.0,24.0,1.0,94387.2,298.57,1.10128
2025-08-01 12:00,KMHV,101761.0,23.0,2.0,94387.2,297.57,1.10499
2025-08-01 13:00,KMHV,101828.7,23.0,2.0,94450.0,297.57,1.10572
2025-08-01 14:00,KMHV,101896.4,24.0,-1.0,94512.8,298.57,1.10275
2025-08-01 15:00,KMHV,101930.3,27.0,-1.0,94544.2,301.57,1.09214
2025-08-01 16:00,KMHV,101964.2,29.0,0.0,94575.7,303.57,1.08531
2025-08-01 17:00,KMHV,101998.0,31.0,1.0,94607.1,305.57,1.07856
2025-08-01 18:00,KMHV,101998.0,33.0,-2.0,94607.1,307.57,1.07155
2025-08-01 19:00,KMHV,101964.2,33.0,-1.0,94575.7,307.57,1.07119
2025-08-01 20:00,KMHV,101930.3,35.0,-2.0,94544.2,309.57,1.06392
2025-08-01 21:00,KMHV,101896.4,35.0,-2.0,94512.8,309.57,1.06357
2025-08-01 22:00,KMHV,101828.7,36.0,-1.0,94450.0,310.57,1.05944
2025-08-01 23:00,KMHV,101794.9,36.0,2.0,94418.6,310.57,1.05909
2025-08-02 00:00,KMHV,101794.9,36.0,-1.0,94418.6,310.57,1.05909
2025-08-02 01:00,KMHV,101794.9,34.0,0.0,94418.6,308.57,1.06595
2025-08-02 02:00,KMHV,101862.6,32.0,1.0,94481.4,306.57,1.07362
2025-08-02 03:00,KMHV,101862.6,30.0,2.0,94481.4,304.57,1.08067
2025-08-02 04:00,KMHV,101964.2,29.0,3.0,94575.7,303.57,1.08531
2025-08-02 05:00,KMHV,101998.0,28.0,4.0,94607.1,302.57,1.08926
2025-08-02 06:00,KMHV,102031.9,27.0,5.0,94638.5,301.57,1.09323
2025-08-02 07:00,KMHV,102031.9,27.0,4.0,94638.5,301.57,1.09323
2025-08-02 08:00,KMHV,102031.9,26.0,5.0,94638.5,300.57,1.09687
2025-08-02 09:00,KMHV,101998.0,25.0,3.0,94607.1,299.57,1.10017
2025-08-02 10:00,KMHV,101998.0,24.0,4.0,94607.1,298.57,1.10385
2025-08-02 11:00,KMHV,101998.0,24.0,4.0,94607.1,298.57,1.10385
2025-08-02 12:00,KMHV,101998.0,24.0,4.0,94607.1,298.57,1.10385
2025-08-02 13:00,KMHV,101998.0,23.0,6.0,94607.1,297.57,1.10756
2025-08-02 14:00,KMHV,102031.9,24.0,6.0,94638.5,298.57,1.10422
2025-08-02 15:00,KMHV,102065.8,27.0,4.0,94669.9,301.57,1.09360
2025-08-02 16:00,KMHV,102099.6,29.0,4.0,94701.3,303.57,1.08675
2025-08-02 17:00,KMHV,102099.6,32.0,3.0,94701.3,306.57,1.07612
2025-08-02 18:00,KMHV,102065.8,33.0,1.0,94669.9,307.57,1.07226
2025-08-02 19:00,KMHV,102065.8,34.0,4.0,94669.9,308.57,1.06879
2025-08-02 20:00,KMHV,102031.9,35.0,3.0,94638.5,309.57,1.06498
2025-08-02 21:00,KMHV,101964.2,35.0,2.0,94575.7,309.57,1.06427
2025-08-02 22:00,KMHV,101896.4,35.0,3.0,94512.8,309.57,1.06357
2025-08-02 23:00,KMHV,101862.6,35.0,2.0,94481.4,309.57,1.06321
2025-08-03 00:00,KMHV,101828.7,34.0,2.0,94450.0,308.57,1.06630
2025-08-03 01:00,KMHV,101761.0,33.0,2.0,94387.2,307.57,1.06906
2025-08-03 02:00,KMHV,101727.1,31.0,1.0,94355.8,305.57,1.07570
2025-08-03 03:00,KMHV,101727.1,29.0,0.0,94355.8,303.57,1.08279
2025-08-03 04:00,KMHV,101794.9,27.0,4.0,94418.6,301.57,1.09069
2025-08-03 05:00,KMHV,101761.0,27.0,1.0,94387.2,301.57,1.09033
2025-08-03 06:00,KMHV,101794.9,27.0,2.0,94418.6,301.57,1.09069
2025-08-03 07:00,KMHV,101794.9,26.0,1.0,94418.6,300.57,1.09432
2025-08-03 08:00,KMHV,101794.9,26.0,3.0,94418.6,300.57,1.09432
2025-08-03 09:00,KMHV,101794.9,25.0,4.0,94418.6,299.57,1.09797
2025-08-03 10:00,KMHV,101761.0,25.0,3.0,94387.2,299.57,1.09761
2025-08-03 11:00,KMHV,101727.1,25.0,2.0,94355.8,299.57,1.09724
2025-08-03 12:00,KMHV,101727.1,24.0,2.0,94355.8,298.57,1.10092
2025-08-03 13:00,KMHV,101761.0,24.0,2.0,94387.2,298.57,1.10128
2025-08-03 14:00,KMHV,101794.9,26.0,0.0,94418.6,300.57,1.09432
2025-08-03 15:00,KMHV,101794.9,27.0,0.0,94418.6,301.57,1.09069
2025-08-03 16:00,KMHV,101794.9,28.0,0.0,94418.6,302.57,1.08709
2025-08-03 17:00,KMHV,101794.9,30.0,-1.0,94418.6,304.57,1.07995
2025-08-03 18:00,KMHV,101761.0,32.0,0.0,94387.2,306.57,1.07255
2025-08-03 19:00,KMHV,101693.3,34.0,0.0,94324.4,308.57,1.06489
2025-08-03 20:00,KMHV,101659.4,35.0,-3.0,94293.0,309.57,1.06109
2025-08-03 21:00,KMHV,101625.5,35.0,-1.0,94261.6,309.57,1.06074
2025-08-03 22:00,KMHV,101557.8,35.0,-1.0,94198.7,309.57,1.06003
2025-08-03 23:00,KMHV,101523.9,34.0,-1.0,94167.3,308.57,1.06311
2025-08-04 00:00,KMHV,101523.9,34.0,-1.0,94167.3,308.57,1.06311
2025-08-04 01:00,KMHV,101490.1,32.0,-3.0,94135.9,306.57,1.06969
2025-08-04 02:00,KMHV,101490.1,31.0,-2.0,94135.9,305.57,1.07319
2025-08-04 03:00,KMHV,101490.1,28.0,-1.0,94135.9,302.57,1.08383
2025-08-04 04:00,KMHV,101523.9,28.0,-1.0,94167.3,302.57,1.08419
2025-08-04 05:00,KMHV,101523.9,27.0,-6.0,94167.3,301.57,1.08779
2025-08-04 06:00,KMHV,101490.1,27.0,-2.0,94135.9,301.57,1.08743
2025-08-04 07:00,KMHV,101523.9,26.0,3.0,94167.3,300.57,1.09141
2025-08-04 08:00,KMHV,101523.9,25.0,3.0,94167.3,299.57,1.09505
2025-08-04 09:00,KMHV,101490.1,24.0,3.0,94135.9,298.57,1.09835
2025-08-04 10:00,KMHV,101490.1,24.0,3.0,94135.9,298.57,1.09835
2025-08-04 11:00,KMHV,101456.2,22.0,5.0,94104.5,296.57,1.10539
2025-08-04 12:00,KMHV,101388.5,22.0,0.0,94041.7,296.57,1.10465
2025-08-04 13:00,KMHV,101456.2,22.0,1.0,94104.5,296.57,1.10539
2025-08-04 14:00,KMHV,101490.1,24.0,2.0,94135.9,298.57,1.09835
2025-08-04 15:00,KMHV,101490.1,25.0,2.0,94135.9,299.57,1.09469
2025-08-04 16:00,KMHV,101490.1,28.0,0.0,94135.9,302.57,1.08383
2025-08-04 17:00,KMHV,101523.9,30.0,-1.0,94167.3,304.57,1.07708
2025-08-04 18:00,KMHV,101523.9,31.0,-1.0,94167.3,305.57,1.07355
2025-08-04 19:00,KMHV,101523.9,32.0,-2.0,94167.3,306.57,1.07005
2025-08-04 20:00,KMHV,101490.1,31.0,-2.0,94135.9,305.57,1.07319
2025-08-04 21:00,KMHV,101456.2,31.0,-1.0,94104.5,305.57,1.07283
2025-08-04 22:00,KMHV,101490.1,30.0,-1.0,94135.9,304.57,1.07672
2025-08-04 23:00,KMHV,101422.4,30.0,0.0,94073.1,304.57,1.07600
2025-08-05 00:00,KMHV,101456.2,29.0,0.0,94104.5,303.57,1.07990
2025-08-05 01:00,KMHV,101388.5,28.0,0.0,94041.7,302.57,1.08275
2025-08-05 02:00,KMHV,101388.5,27.0,0.0,94041.7,301.57,1.08634
2025-08-05 03:00,KMHV,101456.2,26.0,0.0,94104.5,300.57,1.09068
2025-08-05 04:40,KMHV,101523.9,24.0,2.0,94167.3,298.57,1.09872
2025-08-05 05:00,KMHV,101490.1,25.0,0.0,94135.9,299.57,1.09469
2025-08-05 06:00,KMHV,101456.2,25.0,-1.0,94104.5,299.57,1.09432
2025-08-05 07:00,KMHV,101523.9,24.0,0.0,94167.3,298.57,1.09872
2025-08-05 08:00,KMHV,101490.1,24.0,0.0,94135.9,298.57,1.09835
2025-08-05 09:00,KMHV,101456.2,24.0,1.0,94104.5,298.57,1.09799
2025-08-05 10:00,KMHV,101523.9,24.0,2.0,94167.3,298.57,1.09872
2025-08-05 11:00,KMHV,101557.8,22.0,-1.0,94198.7,296.57,1.10650
2025-08-05 12:00,KMHV,101557.8,22.0,-1.0,94198.7,296.57,1.10650
2025-08-05 13:00,KMHV,101591.7,22.0,3.0,94230.1,296.57,1.10687
2025-08-05 14:00,KMHV,101659.4,24.0,2.0,94293.0,298.57,1.10019
2025-08-05 15:00,KMHV,101727.1,26.0,2.0,94355.8,300.57,1.09359
2025-08-05 16:00,KMHV,101761.0,27.0,0.0,94387.2,301.57,1.09033
2025-08-05 17:00,KMHV,101794.9,29.0,0.0,94418.6,303.57,1.08351
2025-08-05 18:00,KMHV,101794.9,31.0,1.0,94418.6,305.57,1.07642
2025-08-05 19:00,KMHV,101761.0,33.0,-2.0,94387.2,307.57,1.06906
2025-08-05 20:00,KMHV,101727.1,34.0,1.0,94355.8,308.57,1.06524
2025-08-05 21:00,KMHV,101659.4,36.0,1.0,94293.0,310.57,1.05768
2025-08-05 22:00,KMHV,101625.5,36.0,1.0,94261.6,310.57,1.05732
2025-08-05 23:00,KMHV,101591.7,35.0,2.0,94230.1,309.57,1.06039
2025-08-06 00:00,KMHV,101591.7,34.0,1.0,94230.1,308.57,1.06382
2025-08-06 01:00,KMHV,101625.5,32.0,2.0,94261.6,306.57,1.07112
2025-08-06 02:00,KMHV,101659.4,30.0,3.0,94293.0,304.57,1.07851
2025-08-06 03:00,KMHV,101693.3,28.0,2.0,94324.4,302.57,1.08600
2025-08-06 04:00,KMHV,101727.1,27.0,2.0,94355.8,301.57,1.08997
2025-08-06 05:00,KMHV,101828.7,26.0,2.0,94450.0,300.57,1.09469
2025-08-06 06:00,KMHV,101794.9,26.0,0.0,94418.6,300.57,1.09432
2025-08-06 07:00,KMHV,101828.7,25.0,-1.0,94450.0,299.57,1.09834
2025-08-06 08:00,KMHV,101794.9,25.0,0.0,94418.6,299.57,1.09797
2025-08-06 09:00,KMHV,101794.9,24.0,-1.0,94418.6,298.57,1.10165
2025-08-06 10:00,KMHV,101794.9,24.0,-1.0,94418.6,298.57,1.10165
2025-08-06 11:00,KMHV,101794.9,24.0,0.0,94418.6,298.57,1.10165
2025-08-06 12:00,KMHV,101828.7,23.0,-1.0,94450.0,297.57,1.10572
2025-08-06 13:00,KMHV,101862.6,22.0,-1.0,94481.4,296.57,1.10982
2025-08-06 14:00,KMHV,101930.3,24.0,0.0,94544.2,298.57,1.10312
2025-08-06 15:00,KMHV,101930.3,27.0,0.0,94544.2,301.57,1.09214
2025-08-06 16:00,KMHV,101964.2,27.0,3.0,94575.7,301.57,1.09251
2025-08-06 17:00,KMHV,101930.3,31.0,2.0,94544.2,305.57,1.07785
2025-08-06 18:00,KMHV,101964.2,31.0,0.0,94575.7,305.57,1.07821
2025-08-06 19:00,KMHV,101964.2,34.0,-2.0,94575.7,308.57,1.06772
2025-08-06 20:00,KMHV,101930.3,34.0,-1.0,94544.2,308.57,1.06737
2025-08-06 21:00,KMHV,101862.6,35.0,-2.0,94481.4,309.57,1.06321
2025-08-06 22:00,KMHV,101794.9,38.0,-1.0,94418.6,312.57,1.05231
2025-08-06 23:00,KMHV,101727.1,37.0,0.0,94355.8,311.57,1.05498
2025-08-07 00:00,KMHV,101727.1,36.0,1.0,94355.8,310.57,1.05838
2025-08-07 01:00,KMHV,101727.1,35.0,1.0,94355.8,309.57,1.06180
2025-08-07 02:00,KMHV,101727.1,31.0,2.0,94355.8,305.57,1.07570
2025-08-07 03:00,KMHV,101794.9,29.0,3.0,94418.6,303.57,1.08351
2025-08-07 04:00,KMHV,101828.7,28.0,5.0,94450.0,302.57,1.08745
2025-08-07 05:00,KMHV,101862.6,27.0,5.0,94481.4,301.57,1.09142
2025-08-07 06:00,KMHV,101862.6,27.0,3.0,94481.4,301.57,1.09142
2025-08-07 07:00,KMHV,101828.7,27.0,2.0,94450.0,301.57,1.09106
2025-08-07 08:00,KMHV,101794.9,27.0,1.0,94418.6,301.57,1.09069
2025-08-07 09:00,KMHV,101828.7,27.0,1.0,94450.0,301.57,1.09106
2025-08-07 10:00,KMHV,101794.9,26.0,2.0,94418.6,300.57,1.09432
2025-08-07 11:00,KMHV,101794.9,26.0,3.0,94418.6,300.57,1.09432
2025-08-07 12:00,KMHV,101794.9,25.0,5.0,94418.6,299.57,1.09797
2025-08-07 13:00,KMHV,101794.9,25.0,5.0,94418.6,299.57,1.09797
2025-08-07 14:00,KMHV,101828.7,26.0,5.0,94450.0,300.57,1.09469
2025-08-07 15:00,KMHV,101862.6,29.0,5.0,94481.4,303.57,1.08423
2025-08-07 16:00,KMHV,101828.7,32.0,3.0,94450.0,306.57,1.07326
2025-08-07 17:00,KMHV,101828.7,33.0,2.0,94450.0,307.57,1.06977
2025-08-07 18:00,KMHV,101862.6,34.0,1.0,94481.4,308.57,1.06666
2025-08-07 19:00,KMHV,101828.7,35.0,1.0,94450.0,309.57,1.06286
2025-08-07 20:00,KMHV,101761.0,36.0,0.0,94387.2,310.57,1.05873
2025-08-07 21:00,KMHV,101693.3,38.0,-2.0,94324.4,312.57,1.05126
2025-08-07 22:00,KMHV,101625.5,38.0,1.0,94261.6,312.57,1.05056
2025-08-07 23:00,KMHV,101557.8,38.0,1.0,94198.7,312.57,1.04986
2025-08-08 00:00,KMHV,101523.9,38.0,2.0,94167.3,312.57,1.04951
2025-08-08 01:00,KMHV,101523.9,36.0,2.0,94167.3,310.57,1.05627
2025-08-08 02:00,KMHV,101523.9,34.0,1.0,94167.3,308.57,1.06311
2025-08-08 03:00,KMHV,101523.9,31.0,2.0,94167.3,305.57,1.07355
2025-08-08 04:00,KMHV,101591.7,30.0,2.0,94230.1,304.57,1.07779
2025-08-08 05:00,KMHV,101625.5,29.0,4.0,94261.6,303.57,1.08170
2025-08-08 06:00,KMHV,101591.7,29.0,3.0,94230.1,303.57,1.08134
2025-08-08 07:00,KMHV,101591.7,29.0,2.0,94230.1,303.57,1.08134
2025-08-08 08:00,KMHV,101557.8,27.0,3.0,94198.7,301.57,1.08815
2025-08-08 09:00,KMHV,101557.8,27.0,3.0,94198.7,301.57,1.08815
2025-08-08 10:00,KMHV,101490.1,28.0,3.0,94135.9,302.57,1.08383
2025-08-08 11:00,KMHV,101490.1,26.0,4.0,94135.9,300.57,1.09104
2025-08-08 12:00,KMHV,101490.1,25.0,4.0,94135.9,299.57,1.09469
2025-08-08 13:00,KMHV,101523.9,25.0,4.0,94167.3,299.57,1.09505
2025-08-08 14:00,KMHV,101557.8,26.0,4.0,94198.7,300.57,1.09177
2025-08-08 15:00,KMHV,101557.8,29.0,4.0,94198.7,303.57,1.08098
2025-08-08 16:00,KMHV,101557.8,32.0,2.0,94198.7,306.57,1.07041
2025-08-08 17:00,KMHV,101557.8,35.0,-1.0,94198.7,309.57,1.06003
2025-08-08 18:00,KMHV,101591.7,35.0,-1.0,94230.1,309.57,1.06039
2025-08-08 19:00,KMHV,101523.9,37.0,-5.0,94167.3,311.57,1.05288
2025-08-08 20:00,KMHV,101456.2,38.0,-3.0,94104.5,312.57,1.04881
2025-08-08 21:00,KMHV,101422.4,38.0,-3.0,94073.1,312.57,1.04846
2025-08-08 22:00,KMHV,101388.5,38.0,-3.0,94041.7,312.57,1.04811
2025-08-08 23:00,KMHV,101354.6,38.0,0.0,94010.3,312.57,1.04776
2025-08-09 00:00,KMHV,101354.6,37.0,0.0,94010.3,311.57,1.05112
2025-08-09 01:00,KMHV,101354.6,36.0,1.0,94010.3,310.57,1.05451
2025-08-09 02:00,KMHV,101388.5,34.0,2.0,94041.7,308.57,1.06169
2025-08-09 03:00,KMHV,101422.4,31.0,3.0,94073.1,305.57,1.07248
2025-08-09 04:00,KMHV,101456.2,30.0,4.0,94104.5,304.57,1.07636
2025-08-09 05:00,KMHV,101490.1,29.0,4.0,94135.9,303.57,1.08026
2025-08-09 06:00,KMHV,101523.9,28.0,5.0,94167.3,302.57,1.08419
2025-08-09 07:00,KMHV,101523.9,26.0,5.0,94167.3,300.57,1.09141
2025-08-09 08:00,KMHV,101490.1,26.0,5.0,94135.9,300.57,1.09104
2025-08-09 09:00,KMHV,101490.1,26.0,4.0,94135.9,300.57,1.09104
2025-08-09 10:00,KMHV,101490.1,24.0,4.0,94135.9,298.57,1.09835
2025-08-09 11:00,KMHV,101456.2,24.0,4.0,94104.5,298.57,1.09799
2025-08-09 12:00,KMHV,101490.1,22.0,4.0,94135.9,296.57,1.10576
2025-08-09 13:00,KMHV,101523.9,23.0,3.0,94167.3,297.57,1.10241
2025-08-09 14:00,KMHV,101591.7,24.0,2.0,94230.1,298.57,1.09945
2025-08-09 15:00,KMHV,101625.5,28.0,3.0,94261.6,302.57,1.08528
2025-08-09 16:00,KMHV,101625.5,30.0,2.0,94261.6,304.57,1.07815
2025-08-09 17:00,KMHV,101625.5,32.0,2.0,94261.6,306.57,1.07112
2025-08-09 18:00,KMHV,101625.5,34.0,1.0,94261.6,308.57,1.06418
2025-08-09 19:00,KMHV,101591.7,36.0,0.0,94230.1,310.57,1.05697
2025-08-09 20:00,KMHV,101490.1,37.0,-2.0,94135.9,311.57,1.05253
2025-08-09 21:00,KMHV,101422.4,39.0,-1.0,94073.1,313.57,1.04511
2025-08-09 22:00,KMHV,101388.5,39.0,0.0,94041.7,313.57,1.04477
2025-08-09 23:00,KMHV,101320.8,39.0,0.0,93978.9,313.57,1.04407
2025-08-10 00:00,KMHV,101320.8,39.0,0.0,93978.9,313.57,1.04407
2025-08-10 01:00,KMHV,101286.9,37.0,0.0,93947.5,311.57,1.05042
2025-08-10 02:00,KMHV,101320.8,35.0,1.0,93978.9,309.57,1.05756
2025-08-10 03:00,KMHV,101354.6,33.0,2.0,94010.3,307.57,1.06479
2025-08-10 04:00,KMHV,101388.5,32.0,3.0,94041.7,306.57,1.06862
2025-08-10 05:00,KMHV,101422.4,31.0,4.0,94073.1,305.57,1.07248
2025-08-10 06:00,KMHV,101456.2,30.0,4.0,94104.5,304.57,1.07636
2025-08-10 07:00,KMHV,101490.1,30.0,4.0,94135.9,304.57,1.07672
2025-08-10 08:00,KMHV,101523.9,29.0,4.0,94167.3,303.57,1.08062
2025-08-10 09:00,KMHV,101523.9,29.0,3.0,94167.3,303.57,1.08062
2025-08-10 10:00,KMHV,101523.9,27.0,4.0,94167.3,301.57,1.08779
2025-08-10 11:00,KMHV,101523.9,26.0,3.0,94167.3,300.57,1.09141
2025-08-10 12:00,KMHV,101557.8,27.0,1.0,94198.7,301.57,1.08815
2025-08-10 13:00,KMHV,101625.5,26.0,0.0,94261.6,300.57,1.09250
2025-08-10 14:00,KMHV,101659.4,26.0,1.0,94293.0,300.57,1.09286
2025-08-10 15:00,KMHV,101693.3,31.0,2.0,94324.4,305.57,1.07534
2025-08-10 16:00,KMHV,101727.1,34.0,1.0,94355.8,308.57,1.06524
2025-08-10 17:00,KMHV,101727.1,36.0,0.0,94355.8,310.57,1.05838
2025-08-10 18:00,KMHV,101693.3,39.0,0.0,94324.4,313.57,1.04791
2025-08-10 19:00,KMHV,101693.3,39.0,0.0,94324.4,313.57,1.04791
2025-08-10 20:00,KMHV,101659.4,39.0,1.0,94293.0,313.57,1.04756
2025-08-10 21:00,KMHV,101625.5,40.0,1.0,94261.6,314.57,1.04388
2025-08-10 22:00,KMHV,101591.7,40.0,0.0,94230.1,314.57,1.04353
2025-08-10 23:00,KMHV,101523.9,40.0,0.0,94167.3,314.57,1.04284
2025-08-11 00:00,KMHV,101490.1,39.0,1.0,94135.9,313.57,1.04581
2025-08-11 01:00,KMHV,101490.1,37.0,1.0,94135.9,311.57,1.05253
2025-08-11 02:00,KMHV,101490.1,35.0,4.0,94135.9,309.57,1.05933
2025-08-11 03:00,KMHV,101456.2,33.0,4.0,94104.5,307.57,1.06586
2025-08-11 04:00,KMHV,101557.8,32.0,5.0,94198.7,306.57,1.07041
2025-08-11 05:00,KMHV,101591.7,31.0,5.0,94230.1,305.57,1.07427
2025-08-11 06:00,KMHV,101557.8,31.0,5.0,94198.7,305.57,1.07391
2025-08-11 07:00,KMHV,101591.7,31.0,1.0,94230.1,305.57,1.07427
2025-08-11 08:00,KMHV,101557.8,30.0,5.0,94198.7,304.57,1.07743
2025-08-11 09:00,KMHV,101557.8,29.0,8.0,94198.7,303.57,1.08098
2025-08-11 10:00,KMHV,101557.8,29.0,9.0,94198.7,303.57,1.08098
2025-08-11 11:00,KMHV,101557.8,29.0,7.0,94198.7,303.57,1.08098
2025-08-11 12:00,KMHV,101591.7,29.0,7.0,94230.1,303.57,1.08134
2025-08-11 13:00,KMHV,101625.5,29.0,6.0,94261.6,303.57,1.08170
2025-08-11 14:00,KMHV,101659.4,29.0,7.0,94293.0,303.57,1.08206
2025-08-11 15:00,KMHV,101727.1,31.0,7.0,94355.8,305.57,1.07570
2025-08-11 16:00,KMHV,101727.1,33.0,6.0,94355.8,307.57,1.06870
2025-08-11 17:00,KMHV,101761.0,35.0,5.0,94387.2,309.57,1.06215
2025-08-11 18:00,KMHV,101727.1,37.0,4.0,94355.8,311.57,1.05498
2025-08-11 19:00,KMHV,101693.3,39.0,2.0,94324.4,313.57,1.04791
2025-08-11 20:00,KMHV,101625.5,39.0,2.0,94261.6,313.57,1.04721
2025-08-11 21:00,KMHV,101591.7,39.0,3.0,94230.1,313.57,1.04686
2025-08-11 22:00,KMHV,101523.9,39.0,5.0,94167.3,313.57,1.04616
2025-08-11 23:00,KMHV,101456.2,39.0,5.0,94104.5,313.57,1.04546
2025-08-12 00:00,KMHV,101422.4,38.0,6.0,94073.1,312.57,1.04846
2025-08-12 01:00,KMHV,101388.5,36.0,6.0,94041.7,310.57,1.05486
2025-08-12 02:00,KMHV,101354.6,34.0,6.0,94010.3,308.57,1.06134
2025-08-12 03:00,KMHV,101354.6,32.0,6.0,94010.3,306.57,1.06826
2025-08-12 04:00,KMHV,101388.5,31.0,5.0,94041.7,305.57,1.07212
2025-08-12 05:00,KMHV,101388.5,31.0,2.0,94041.7,305.57,1.07212
2025-08-12 06:00,KMHV,101388.5,31.0,1.0,94041.7,305.57,1.07212
2025-08-12 07:00,KMHV,101422.4,30.0,3.0,94073.1,304.57,1.07600
2025-08-12 08:00,KMHV,101456.2,30.0,5.0,94104.5,304.57,1.07636
2025-08-12 09:00,KMHV,101388.5,29.0,8.0,94041.7,303.57,1.07918
2025-08-12 10:00,KMHV,101354.6,29.0,8.0,94010.3,303.57,1.07882
2025-08-12 11:00,KMHV,101320.8,29.0,7.0,93978.9,303.57,1.07846
2025-08-12 12:00,KMHV,101354.6,28.0,6.0,94010.3,302.57,1.08239
2025-08-12 13:00,KMHV,101456.2,28.0,5.0,94104.5,302.57,1.08347
2025-08-12 14:00,KMHV,101490.1,29.0,4.0,94135.9,303.57,1.08026
2025-08-12 15:00,KMHV,101456.2,31.0,4.0,94104.5,305.57,1.07283
2025-08-12 16:00,KMHV,101490.1,33.0,4.0,94135.9,307.57,1.06621
2025-08-12 17:00,KMHV,101523.9,35.0,4.0,94167.3,309.57,1.05968
2025-08-12 18:00,KMHV,101523.9,37.0,3.0,94167.3,311.57,1.05288
2025-08-12 19:00,KMHV,101490.1,38.0,4.0,94135.9,312.57,1.04916
2025-08-12 20:00,KMHV,101456.2,38.0,5.0,94104.5,312.57,1.04881
2025-08-12 21:00,KMHV,101422.4,39.0,3.0,94073.1,313.57,1.04511
2025-08-12 22:00,KMHV,101388.5,39.0,2.0,94041.7,313.57,1.04477
2025-08-12 23:00,KMHV,101354.6,38.0,3.0,94010.3,312.57,1.04776
2025-08-13 00:00,KMHV,101320.8,37.0,4.0,93978.9,311.57,1.05077
2025-08-13 01:00,KMHV,101286.9,35.0,4.0,93947.5,309.57,1.05720
2025-08-13 02:00,KMHV,101253.0,34.0,4.0,93916.0,308.57,1.06028
2025-08-13 03:00,KMHV,101253.0,32.0,5.0,93916.0,306.57,1.06719
2025-08-13 04:00,KMHV,101320.8,31.0,3.0,93978.9,305.57,1.07140
2025-08-13 05:00,KMHV,101320.8,31.0,4.0,93978.9,305.57,1.07140
2025-08-13 06:00,KMHV,101354.6,31.0,1.0,94010.3,305.57,1.07176
2025-08-13 07:00,KMHV,101354.6,30.0,3.0,94010.3,304.57,1.07528
2025-08-13 08:00,KMHV,101388.5,29.0,5.0,94041.7,303.57,1.07918
2025-08-13 09:00,KMHV,101354.6,29.0,6.0,94010.3,303.57,1.07882
2025-08-13 10:00,KMHV,101354.6,28.0,5.0,94010.3,302.57,1.08239
2025-08-13 11:00,KMHV,101354.6,28.0,2.0,94010.3,302.57,1.08239
2025-08-13 12:00,KMHV,101354.6,28.0,2.0,94010.3,302.57,1.08239
2025-08-13 13:00,KMHV,101388.5,27.0,1.0,94041.7,301.57,1.08634
2025-08-13 14:00,KMHV,101456.2,28.0,3.0,94104.5,302.57,1.08347
2025-08-13 15:00,KMHV,101490.1,29.0,5.0,94135.9,303.57,1.08026
2025-08-13 16:00,KMHV,101490.1,32.0,5.0,94135.9,306.57,1.06969
2025-08-13 17:00,KMHV,101490.1,33.0,5.0,94135.9,307.57,1.06621
2025-08-13 18:00,KMHV,101456.2,34.0,4.0,94104.5,308.57,1.06240
2025-08-13 19:00,KMHV,101456.2,36.0,3.0,94104.5,310.57,1.05556
2025-08-13 20:00,KMHV,101456.2,36.0,1.0,94104.5,310.57,1.05556
2025-08-13 21:00,KMHV,101388.5,37.0,1.0,94041.7,311.57,1.05147
2025-08-13 22:00,KMHV,101286.9,36.0,1.0,93947.5,310.57,1.05380
2025-08-13 23:00,KMHV,101253.0,36.0,2.0,93916.0,310.57,1.05345
2025-08-14 00:00,KMHV,101219.2,35.0,-2.0,93884.6,309.57,1.05650
2025-08-14 01:00,KMHV,101151.4,34.0,-3.0,93821.8,308.57,1.05921
2025-08-14 02:00,KMHV,101151.4,32.0,-2.0,93821.8,306.57,1.06612
2025-08-14 03:00,KMHV,101185.3,30.0,-3.0,93853.2,304.57,1.07348
2025-08-14 04:00,KMHV,101219.2,30.0,-8.0,93884.6,304.57,1.07384
2025-08-14 05:00,KMHV,101219.2,30.0,-1.0,93884.6,304.57,1.07384
2025-08-14 06:00,KMHV,101253.0,29.0,0.0,93916.0,303.57,1.07774
2025-08-14 07:00,KMHV,101219.2,29.0,0.0,93884.6,303.57,1.07738
2025-08-14 08:00,KMHV,101151.4,28.0,1.0,93821.8,302.57,1.08022
2025-08-14 09:00,KMHV,101117.6,27.0,1.0,93790.4,301.57,1.08344
2025-08-14 10:00,KMHV,101253.0,27.0,1.0,93916.0,301.57,1.08489
2025-08-14 11:00,KMHV,101286.9,27.0,1.0,93947.5,301.57,1.08525
2025-08-14 12:00,KMHV,101286.9,26.0,1.0,93947.5,300.57,1.08886
2025-08-14 13:00,KMHV,101320.8,26.0,2.0,93978.9,300.57,1.08922
2025-08-14 14:00,KMHV,101320.8,26.0,2.0,93978.9,300.57,1.08922
2025-08-14 15:00,KMHV,101354.6,29.0,1.0,94010.3,303.57,1.07882
2025-08-14 16:00,KMHV,101354.6,30.0,1.0,94010.3,304.57,1.07528
2025-08-14 17:00,KMHV,101388.5,32.0,0.0,94041.7,306.57,1.06862
2025-08-14 18:00,KMHV,101354.6,34.0,-1.0,94010.3,308.57,1.06134
2025-08-14 19:00,KMHV,101286.9,35.0,-3.0,93947.5,309.57,1.05720
2025-08-14 20:00,KMHV,101286.9,35.0,-6.0,93947.5,309.57,1.05720
2025-08-14 21:00,KMHV,101219.2,35.0,-3.0,93884.6,309.57,1.05650
2025-08-14 22:00,KMHV,101151.4,35.0,-3.0,93821.8,309.57,1.05579
2025-08-14 23:00,KMHV,101117.6,35.0,-3.0,93790.4,309.57,1.05544
2025-08-15 00:00,KMHV,101083.7,34.0,-4.0,93759.0,308.57,1.05850
2025-08-15 01:00,KMHV,101117.6,32.0,-3.0,93790.4,306.57,1.06577
2025-08-15 02:00,KMHV,101117.6,31.0,-2.0,93790.4,305.57,1.06925
2025-08-15 03:00,KMHV,101083.7,29.0,-1.0,93759.0,303.57,1.07594
2025-08-15 04:00,KMHV,101083.7,28.0,-2.0,93759.0,302.57,1.07949
2025-08-15 05:00,KMHV,101117.6,27.0,-4.0,93790.4,301.57,1.08344
2025-08-15 06:00,KMHV,101151.4,28.0,-1.0,93821.8,302.57,1.08022
2025-08-15 07:00,KMHV,101219.2,27.0,3.0,93884.6,301.57,1.08452
2025-08-15 08:00,KMHV,101219.2,26.0,3.0,93884.6,300.57,1.08813
2025-08-15 09:00,KMHV,101185.3,26.0,5.0,93853.2,300.57,1.08777
2025-08-15 10:00,KMHV,101219.2,24.0,5.0,93884.6,298.57,1.09542
2025-08-15 11:00,KMHV,101219.2,24.0,5.0,93884.6,298.57,1.09542
2025-08-15 12:00,KMHV,101219.2,23.0,5.0,93884.6,297.57,1.09910
2025-08-15 13:00,KMHV,101253.0,23.0,4.0,93916.0,297.57,1.09947
2025-08-15 14:00,KMHV,101286.9,24.0,5.0,93947.5,298.57,1.09615
2025-08-15 15:00,KMHV,101354.6,27.0,5.0,94010.3,301.57,1.08598
2025-08-15 16:00,KMHV,101422.4,27.0,4.0,94073.1,301.57,1.08670
2025-08-15 17:00,KMHV,101456.2,28.0,3.0,94104.5,302.57,1.08347
2025-08-15 18:00,KMHV,101490.1,31.0,0.0,94135.9,305.57,1.07319
2025-08-15 19:00,KMHV,101490.1,31.0,1.0,94135.9,305.57,1.07319
2025-08-15 20:00,KMHV,101456.2,33.0,2.0,94104.5,307.57,1.06586
2025-08-15 21:00,KMHV,101422.4,33.0,4.0,94073.1,307.57,1.06550
2025-08-15 22:00,KMHV,101354.6,34.0,4.0,94010.3,308.57,1.06134
2025-08-15 23:00,KMHV,101286.9,34.0,4.0,93947.5,308.57,1.06063
2025-08-16 00:00,KMHV,101286.9,34.0,1.0,93947.5,308.57,1.06063
2025-08-16 01:00,KMHV,101320.8,32.0,-1.0,93978.9,306.57,1.06791
2025-08-16 02:00,KMHV,101320.8,31.0,0.0,93978.9,305.57,1.07140
2025-08-16 03:00,KMHV,101354.6,28.0,0.0,94010.3,302.57,1.08239
2025-08-16 04:00,KMHV,101354.6,27.0,3.0,94010.3,301.57,1.08598
2025-08-16 05:00,KMHV,101422.4,26.0,5.0,94073.1,300.57,1.09032
2025-08-16 06:00,KMHV,101422.4,26.0,2.0,94073.1,300.57,1.09032
2025-08-16 07:00,KMHV,101422.4,26.0,1.0,94073.1,300.57,1.09032
2025-08-16 08:00,KMHV,101456.2,25.0,4.0,94104.5,299.57,1.09432
2025-08-16 09:00,KMHV,101490.1,25.0,4.0,94135.9,299.57,1.09469
2025-08-16 10:00,KMHV,101490.1,24.0,5.0,94135.9,298.57,1.09835
2025-08-16 11:00,KMHV,101490.1,24.0,7.0,94135.9,298.57,1.09835
2025-08-16 12:00,KMHV,101490.1,23.0,8.0,94135.9,297.57,1.10204
2025-08-16 13:00,KMHV,101557.8,22.0,7.0,94198.7,296.57,1.10650
2025-08-16 14:00,KMHV,101625.5,24.0,7.0,94261.6,298.57,1.09982
2025-08-16 15:00,KMHV,101659.4,26.0,6.0,94293.0,300.57,1.09286
2025-08-16 16:00,KMHV,101693.3,28.0,7.0,94324.4,302.57,1.08600
2025-08-16 17:00,KMHV,101727.1,29.0,6.0,94355.8,303.57,1.08279
2025-08-16 18:00,KMHV,101727.1,31.0,7.0,94355.8,305.57,1.07570
2025-08-16 19:00,KMHV,101693.3,32.0,6.0,94324.4,306.57,1.07183
2025-08-16 20:00,KMHV,101659.4,32.0,6.0,94293.0,306.57,1.07148
2025-08-16 21:00,KMHV,101625.5,33.0,6.0,94261.6,307.57,1.06764
2025-08-16 22:00,KMHV,101557.8,33.0,5.0,94198.7,307.57,1.06693
2025-08-16 23:00,KMHV,101523.9,33.0,6.0,94167.3,307.57,1.06657
2025-08-17 00:00,KMHV,101490.1,32.0,7.0,94135.9,306.57,1.06969
2025-08-17 01:00,KMHV,101490.1,31.0,6.0,94135.9,305.57,1.07319
2025-08-17 02:00,KMHV,101523.9,29.0,4.0,94167.3,303.57,1.08062
2025-08-17 03:00,KMHV,101557.8,27.0,4.0,94198.7,301.57,1.08815
2025-08-17 04:00,KMHV,101591.7,26.0,7.0,94230.1,300.57,1.09214
2025-08-17 05:00,KMHV,101591.7,25.0,8.0,94230.1,299.57,1.09578
2025-08-17 06:00,KMHV,101591.7,25.0,9.0,94230.1,299.57,1.09578
2025-08-17 07:00,KMHV,101591.7,25.0,10.0,94230.1,299.57,1.09578
2025-08-17 08:00,KMHV,101625.5,23.0,11.0,94261.6,297.57,1.10352
2025-08-17 09:00,KMHV,101625.5,22.0,11.0,94261.6,296.57,1.10724
2025-08-17 10:00,KMHV,101625.5,21.0,12.0,94261.6,295.57,1.11098
2025-08-17 11:00,KMHV,101591.7,22.0,11.0,94230.1,296.57,1.10687
2025-08-17 12:00,KMHV,101591.7,21.0,12.0,94230.1,295.57,1.11061
2025-08-17 13:00,KMHV,101625.5,20.0,12.0,94261.6,294.57,1.11475
2025-08-17 14:00,KMHV,101659.4,22.0,12.0,94293.0,296.57,1.10760
2025-08-17 15:00,KMHV,101693.3,25.0,12.0,94324.4,299.57,1.09688
2025-08-17 16:00,KMHV,101693.3,27.0,11.0,94324.4,301.57,1.08960
2025-08-17 17:00,KMHV,101693.3,27.0,10.0,94324.4,301.57,1.08960
2025-08-17 18:00,KMHV,101693.3,30.0,10.0,94324.4,304.57,1.07887
2025-08-17 19:00,KMHV,101659.4,31.0,9.0,94293.0,305.57,1.07498
2025-08-17 20:00,KMHV,101591.7,32.0,9.0,94230.1,306.57,1.07076
2025-08-17 21:00,KMHV,101523.9,33.0,8.0,94167.3,307.57,1.06657
2025-08-17 22:00,KMHV,101422.4,32.0,9.0,94073.1,306.57,1.06898
2025-08-17 23:00,KMHV,101388.5,34.0,9.0,94041.7,308.57,1.06169
2025-08-18 00:00,KMHV,101388.5,33.0,10.0,94041.7,307.57,1.06515
2025-08-18 01:00,KMHV,101388.5,31.0,11.0,94041.7,305.57,1.07212
2025-08-18 02:00,KMHV,101422.4,29.0,12.0,94073.1,303.57,1.07954
2025-08-18 03:00,KMHV,101456.2,26.0,11.0,94104.5,300.57,1.09068
2025-08-18 04:00,KMHV,101456.2,26.0,11.0,94104.5,300.57,1.09068
2025-08-18 05:00,KMHV,101523.9,25.0,11.0,94167.3,299.57,1.09505
2025-08-18 06:00,KMHV,101523.9,25.0,12.0,94167.3,299.57,1.09505
2025-08-18 07:00,KMHV,101523.9,24.0,10.0,94167.3,298.57,1.09872
2025-08-18 08:00,KMHV,101523.9,24.0,10.0,94167.3,298.57,1.09872
2025-08-18 09:00,KMHV,101523.9,24.0,11.0,94167.3,298.57,1.09872
2025-08-18 10:00,KMHV,101523.9,23.0,11.0,94167.3,297.57,1.10241
2025-08-18 11:00,KMHV,101557.8,22.0,11.0,94198.7,296.57,1.10650
2025-08-18 12:00,KMHV,101591.7,22.0,12.0,94230.1,296.57,1.10687
2025-08-18 13:00,KMHV,101625.5,21.0,11.0,94261.6,295.57,1.11098
2025-08-18 14:00,KMHV,101693.3,21.0,11.0,94324.4,295.57,1.11172
2025-08-18 15:00,KMHV,101761.0,25.0,11.0,94387.2,299.57,1.09761
2025-08-18 16:00,KMHV,101761.0,26.0,10.0,94387.2,300.57,1.09396
2025-08-18 17:00,KMHV,101794.9,27.0,10.0,94418.6,301.57,1.09069
2025-08-18 18:00,KMHV,101761.0,29.0,9.0,94387.2,303.57,1.08315
2025-08-18 19:00,KMHV,101727.1,30.0,6.0,94355.8,304.57,1.07923
2025-08-18 20:00,KMHV,101659.4,33.0,4.0,94293.0,307.57,1.06799
2025-08-18 21:00,KMHV,101625.5,33.0,-5.0,94261.6,307.57,1.06764
2025-08-18 22:00,KMHV,101557.8,34.0,-3.0,94198.7,308.57,1.06347
2025-08-18 23:00,KMHV,101490.1,35.0,-2.0,94135.9,309.57,1.05933
2025-08-19 00:00,KMHV,101456.2,35.0,-2.0,94104.5,309.57,1.05897
2025-08-19 01:00,KMHV,101490.1,33.0,8.0,94135.9,307.57,1.06621
2025-08-19 02:00,KMHV,101523.9,30.0,9.0,94167.3,304.57,1.07708
2025-08-19 03:00,KMHV,101557.8,27.0,10.0,94198.7,301.57,1.08815
2025-08-19 04:00,KMHV,101625.5,26.0,9.0,94261.6,300.57,1.09250
2025-08-19 05:00,KMHV,101693.3,25.0,8.0,94324.4,299.57,1.09688
2025-08-19 06:00,KMHV,101693.3,25.0,6.0,94324.4,299.57,1.09688
2025-08-19 07:00,KMHV,101727.1,24.0,5.0,94355.8,298.57,1.10092
2025-08-19 08:00,KMHV,101727.1,23.0,5.0,94355.8,297.57,1.10462
2025-08-19 09:00,KMHV,101727.1,23.0,7.0,94355.8,297.57,1.10462
2025-08-19 10:00,KMHV,101727.1,21.0,7.0,94355.8,295.57,1.11209
2025-08-19 11:00,KMHV,101727.1,21.0,7.0,94355.8,295.57,1.11209
2025-08-19 12:00,KMHV,101761.0,20.0,7.0,94387.2,294.57,1.11624
2025-08-19 13:00,KMHV,101828.7,18.0,7.0,94450.0,292.57,1.12462
2025-08-19 14:00,KMHV,101896.4,19.0,6.0,94512.8,293.57,1.12153
2025-08-19 15:00,KMHV,101930.3,23.0,6.0,94544.2,297.57,1.10682
2025-08-19 16:00,KMHV,101964.2,25.0,4.0,94575.7,299.57,1.09980
2025-08-19 17:00,KMHV,101964.2,28.0,-1.0,94575.7,302.57,1.08890
2025-08-19 18:00,KMHV,101930.3,31.0,-10.0,94544.2,305.57,1.07785
2025-08-19 19:00,KMHV,101896.4,32.0,-12.0,94512.8,306.57,1.07397
2025-08-19 20:00,KMHV,101862.6,33.0,-13.0,94481.4,307.57,1.07013
2025-08-19 21:00,KMHV,101828.7,33.0,-11.0,94450.0,307.57,1.06977
2025-08-19 22:00,KMHV,101761.0,34.0,-8.0,94387.2,308.57,1.06560
2025-08-19 23:40,KMHV,101693.3,34.0,-5.0,94324.4,308.57,1.06489
2025-08-20 00:00,KMHV,101693.3,35.0,-5.0,94324.4,309.57,1.06145
2025-08-20 01:00,KMHV,101659.4,34.0,2.0,94293.0,308.57,1.06453
2025-08-20 02:00,KMHV,101693.3,30.0,5.0,94324.4,304.57,1.07887
2025-08-20 03:00,KMHV,101727.1,28.0,6.0,94355.8,302.57,1.08636
2025-08-20 04:00,KMHV,101794.9,27.0,6.0,94418.6,301.57,1.09069
2025-08-20 05:00,KMHV,101828.7,26.0,6.0,94450.0,300.57,1.09469
2025-08-20 06:00,KMHV,101794.9,25.0,6.0,94418.6,299.57,1.09797
2025-08-20 07:00,KMHV,101794.9,25.0,6.0,94418.6,299.57,1.09797
2025-08-20 10:00,KMHV,101761.0,24.0,8.0,94387.2,298.57,1.10128
2025-08-20 11:00,KMHV,101727.1,24.0,7.0,94355.8,298.57,1.10092
2025-08-20 12:00,KMHV,101761.0,23.0,7.0,94387.2,297.57,1.10499
2025-08-20 13:00,KMHV,101761.0,23.0,6.0,94387.2,297.57,1.10499
2025-08-20 14:00,KMHV,101828.7,22.0,5.0,94450.0,296.57,1.10945
2025-08-20 15:00,KMHV,101862.6,24.0,6.0,94481.4,298.57,1.10238
2025-08-20 16:00,KMHV,101896.4,26.0,5.0,94512.8,300.57,1.09541
2025-08-20 17:00,KMHV,101896.4,29.0,5.0,94512.8,303.57,1.08459
2025-08-20 18:00,KMHV,101862.6,31.0,2.0,94481.4,305.57,1.07713
2025-08-20 19:00,KMHV,101828.7,33.0,0.0,94450.0,307.57,1.06977
2025-08-20 20:00,KMHV,101761.0,35.0,-4.0,94387.2,309.57,1.06215
2025-08-20 21:00,KMHV,101693.3,36.0,-2.0,94324.4,310.57,1.05803
2025-08-20 22:00,KMHV,101591.7,37.0,0.0,94230.1,311.57,1.05358
2025-08-20 23:00,KMHV,101557.8,37.0,0.0,94198.7,311.57,1.05323
2025-08-21 00:00,KMHV,101523.9,36.0,3.0,94167.3,310.57,1.05627
2025-08-21 01:00,KMHV,101490.1,34.0,6.0,94135.9,308.57,1.06276
2025-08-21 02:00,KMHV,101523.9,31.0,6.0,94167.3,305.57,1.07355
2025-08-21 03:00,KMHV,101557.8,29.0,5.0,94198.7,303.57,1.08098
2025-08-21 04:00,KMHV,101591.7,28.0,5.0,94230.1,302.57,1.08492
2025-08-21 05:00,KMHV,101625.5,28.0,5.0,94261.6,302.57,1.08528
2025-08-21 06:00,KMHV,101625.5,28.0,5.0,94261.6,302.57,1.08528
2025-08-21 07:00,KMHV,101625.5,28.0,4.0,94261.6,302.57,1.08528
2025-08-21 08:00,KMHV,101625.5,27.0,4.0,94261.6,301.57,1.08888
2025-08-21 09:00,KMHV,101591.7,26.0,4.0,94230.1,300.57,1.09214
2025-08-21 10:00,KMHV,101625.5,25.0,3.0,94261.6,299.57,1.09615
2025-08-21 11:00,KMHV,101591.7,23.0,3.0,94230.1,297.57,1.10315
2025-08-21 12:00,KMHV,101591.7,23.0,3.0,94230.1,297.57,1.10315
2025-08-21 13:00,KMHV,101625.5,22.0,3.0,94261.6,296.57,1.10724
2025-08-21 14:00,KMHV,101659.4,23.0,3.0,94293.0,297.57,1.10388
2025-08-21 15:00,KMHV,101693.3,27.0,4.0,94324.4,301.57,1.08960
2025-08-21 16:00,KMHV,101693.3,29.0,5.0,94324.4,303.57,1.08243
2025-08-21 17:00,KMHV,101727.1,31.0,4.0,94355.8,305.57,1.07570
2025-08-21 18:00,KMHV,101693.3,33.0,3.0,94324.4,307.57,1.06835
2025-08-21 19:00,KMHV,101659.4,35.0,4.0,94293.0,309.57,1.06109
2025-08-21 20:00,KMHV,101591.7,37.0,4.0,94230.1,311.57,1.05358
2025-08-21 21:00,KMHV,101523.9,38.0,4.0,94167.3,312.57,1.04951
2025-08-21 22:00,KMHV,101422.4,38.0,4.0,94073.1,312.57,1.04846
2025-08-21 23:00,KMHV,101354.6,38.0,4.0,94010.3,312.57,1.04776
2025-08-22 00:00,KMHV,101320.8,38.0,4.0,93978.9,312.57,1.04741
2025-08-22 01:00,KMHV,101320.8,37.0,6.0,93978.9,311.57,1.05077
2025-08-22 02:00,KMHV,101286.9,34.0,7.0,93947.5,308.57,1.06063
2025-08-22 03:00,KMHV,101320.8,32.0,7.0,93978.9,306.57,1.06791
2025-08-22 04:00,KMHV,101354.6,31.0,7.0,94010.3,305.57,1.07176
2025-08-22 16:00,KMHV,101557.8,32.0,6.0,94198.7,306.57,1.07041
2025-08-22 17:00,KMHV,101625.5,34.0,6.0,94261.6,308.57,1.06418
2025-08-22 18:00,KMHV,101591.7,36.0,6.0,94230.1,310.57,1.05697
2025-08-22 19:00,KMHV,101557.8,37.0,7.0,94198.7,311.57,1.05323
2025-08-22 20:00,KMHV,101490.1,39.0,7.0,94135.9,313.57,1.04581
2025-08-22 21:00,KMHV,101422.4,40.0,7.0,94073.1,314.57,1.04179
2025-08-22 22:00,KMHV,101354.6,40.0,7.0,94010.3,314.57,1.04110
2025-08-22 23:00,KMHV,101286.9,40.0,7.0,93947.5,314.57,1.04040
2025-08-23 00:00,KMHV,101253.0,40.0,7.0,93916.0,314.57,1.04005
2025-08-23 01:00,KMHV,101253.0,39.0,7.0,93916.0,313.57,1.04337
2025-08-23 02:00,KMHV,101286.9,37.0,8.0,93947.5,311.57,1.05042
2025-08-23 03:00,KMHV,101422.4,34.0,9.0,94073.1,308.57,1.06205
2025-08-23 04:00,KMHV,101456.2,32.0,9.0,94104.5,306.57,1.06933
2025-08-23 05:00,KMHV,101490.1,32.0,9.0,94135.9,306.57,1.06969
2025-08-23 06:00,KMHV,101523.9,31.0,9.0,94167.3,305.57,1.07355
2025-08-23 07:00,KMHV,101523.9,30.0,8.0,94167.3,304.57,1.07708
2025-08-23 08:00,KMHV,101523.9,29.0,7.0,94167.3,303.57,1.08062
2025-08-23 09:00,KMHV,101490.1,30.0,7.0,94135.9,304.57,1.07672
2025-08-23 10:00,KMHV,101490.1,27.0,7.0,94135.9,301.57,1.08743
2025-08-23 11:00,KMHV,101490.1,27.0,7.0,94135.9,301.57,1.08743
2025-08-23 12:00,KMHV,101523.9,26.0,7.0,94167.3,300.57,1.09141
2025-08-23 13:00,KMHV,101557.8,26.0,7.0,94198.7,300.57,1.09177
2025-08-23 14:00,KMHV,101557.8,27.0,8.0,94198.7,301.57,1.08815
2025-08-23 15:00,KMHV,101625.5,28.0,8.0,94261.6,302.57,1.08528
2025-08-23 16:00,KMHV,101625.5,30.0,7.0,94261.6,304.57,1.07815
2025-08-23 17:00,KMHV,101693.3,31.0,7.0,94324.4,305.57,1.07534
2025-08-23 18:00,KMHV,101727.1,34.0,7.0,94355.8,308.57,1.06524
2025-08-23 19:00,KMHV,101794.9,33.0,9.0,94418.6,307.57,1.06942
2025-08-23 20:00,KMHV,101794.9,32.0,8.0,94418.6,306.57,1.07290
2025-08-23 21:00,KMHV,101693.3,34.0,7.0,94324.4,308.57,1.06489
2025-08-23 22:00,KMHV,101625.5,34.0,8.0,94261.6,308.57,1.06418
2025-08-23 23:00,KMHV,101523.9,34.0,8.0,94167.3,308.57,1.06311
2025-08-24 00:00,KMHV,101490.1,35.0,7.0,94135.9,309.57,1.05933
2025-08-24 01:00,KMHV,101456.2,35.0,7.0,94104.5,309.57,1.05897
2025-08-24 02:00,KMHV,101422.4,33.0,10.0,94073.1,307.57,1.06550
2025-08-24 03:00,KMHV,101523.9,32.0,9.0,94167.3,306.57,1.07005
2025-08-24 04:00,KMHV,101557.8,31.0,9.0,94198.7,305.57,1.07391
2025-08-24 05:00,KMHV,101591.7,30.0,9.0,94230.1,304.57,1.07779
2025-08-24 06:00,KMHV,101557.8,30.0,9.0,94198.7,304.57,1.07743
2025-08-24 07:00,KMHV,101557.8,29.0,9.0,94198.7,303.57,1.08098
2025-08-24 08:00,KMHV,101591.7,28.0,9.0,94230.1,302.57,1.08492
2025-08-24 09:00,KMHV,101591.7,28.0,9.0,94230.1,302.57,1.08492
2025-08-24 10:00,KMHV,101591.7,28.0,9.0,94230.1,302.57,1.08492
2025-08-24 11:00,KMHV,101591.7,27.0,9.0,94230.1,301.57,1.08852
2025-08-24 12:00,KMHV,101591.7,26.0,9.0,94230.1,300.57,1.09214
2025-08-24 13:00,KMHV,101625.5,25.0,9.0,94261.6,299.57,1.09615
2025-08-24 14:00,KMHV,101659.4,27.0,9.0,94293.0,301.57,1.08924
2025-08-24 15:00,KMHV,101693.3,30.0,10.0,94324.4,304.57,1.07887
2025-08-24 16:00,KMHV,101693.3,31.0,10.0,94324.4,305.57,1.07534
2025-08-24 17:00,KMHV,101693.3,33.0,10.0,94324.4,307.57,1.06835
2025-08-24 18:00,KMHV,101693.3,34.0,10.0,94324.4,308.57,1.06489
2025-08-24 19:00,KMHV,101625.5,35.0,10.0,94261.6,309.57,1.06074
2025-08-24 20:00,KMHV,101557.8,36.0,9.0,94198.7,310.57,1.05662
2025-08-24 21:00,KMHV,101490.1,38.0,8.0,94135.9,312.57,1.04916
2025-08-24 22:00,KMHV,101354.6,37.0,8.0,94010.3,311.57,1.05112
2025-08-24 23:00,KMHV,101320.8,37.0,10.0,93978.9,311.57,1.05077
2025-08-25 00:00,KMHV,101320.8,35.0,12.0,93978.9,309.57,1.05756
2025-08-25 01:00,KMHV,101320.8,34.0,12.0,93978.9,308.57,1.06099
2025-08-25 02:00,KMHV,101354.6,34.0,10.0,94010.3,308.57,1.06134
2025-08-25 03:00,KMHV,101388.5,32.0,10.0,94041.7,306.57,1.06862
2025-08-25 04:00,KMHV,101422.4,30.0,10.0,94073.1,304.57,1.07600
2025-08-25 05:00,KMHV,101456.2,29.0,11.0,94104.5,303.57,1.07990
2025-08-25 06:00,KMHV,101490.1,29.0,11.0,94135.9,303.57,1.08026
2025-08-25 07:00,KMHV,101490.1,28.0,11.0,94135.9,302.57,1.08383
2025-08-25 08:00,KMHV,101456.2,27.0,11.0,94104.5,301.57,1.08706
2025-08-25 09:00,KMHV,101456.2,27.0,11.0,94104.5,301.57,1.08706
2025-08-25 10:00,KMHV,101422.4,26.0,11.0,94073.1,300.57,1.09032
2025-08-25 11:00,KMHV,101422.4,24.0,11.0,94073.1,298.57,1.09762
2025-08-25 12:00,KMHV,101422.4,24.0,11.0,94073.1,298.57,1.09762
2025-08-25 13:00,KMHV,101456.2,23.0,11.0,94104.5,297.57,1.10168
2025-08-25 14:00,KMHV,101523.9,25.0,10.0,94167.3,299.57,1.09505
2025-08-25 15:00,KMHV,101557.8,27.0,8.0,94198.7,301.57,1.08815
2025-08-25 16:00,KMHV,101591.7,29.0,9.0,94230.1,303.57,1.08134
2025-08-25 17:00,KMHV,101625.5,31.0,9.0,94261.6,305.57,1.07462
2025-08-25 18:00,KMHV,101591.7,33.0,9.0,94230.1,307.57,1.06728
2025-08-25 19:00,KMHV,101557.8,34.0,9.0,94198.7,308.57,1.06347
2025-08-25 20:00,KMHV,101490.1,35.0,8.0,94135.9,309.57,1.05933
2025-08-25 21:00,KMHV,101422.4,36.0,7.0,94073.1,310.57,1.05521
2025-08-25 22:00,KMHV,101320.8,36.0,7.0,93978.9,310.57,1.05415
2025-08-25 23:00,KMHV,101219.2,35.0,9.0,93884.6,309.57,1.05650
2025-08-26 00:00,KMHV,101253.0,31.0,9.0,93916.0,305.57,1.07069
2025-08-26 01:00,KMHV,101388.5,31.0,11.0,94041.7,305.57,1.07212
2025-08-26 02:00,KMHV,101490.1,28.0,12.0,94135.9,302.57,1.08383
2025-08-26 03:00,KMHV,101591.7,25.0,15.0,94230.1,299.57,1.09578
2025-08-26 04:00,KMHV,101625.5,23.0,16.0,94261.6,297.57,1.10352
2025-08-26 05:00,KMHV,101659.4,23.0,15.0,94293.0,297.57,1.10388
2025-08-26 06:00,KMHV,101659.4,23.0,15.0,94293.0,297.57,1.10388
2025-08-26 07:00,KMHV,101659.4,23.0,13.0,94293.0,297.57,1.10388
2025-08-26 08:00,KMHV,101727.1,22.0,13.0,94355.8,296.57,1.10834
2025-08-26 09:00,KMHV,101727.1,22.0,14.0,94355.8,296.57,1.10834
2025-08-26 10:00,KMHV,101693.3,21.0,12.0,94324.4,295.57,1.11172
2025-08-26 11:00,KMHV,101659.4,20.0,12.0,94293.0,294.57,1.11512
2025-08-26 12:00,KMHV,101693.3,20.0,11.0,94324.4,294.57,1.11550
2025-08-26 13:00,KMHV,101693.3,20.0,10.0,94324.4,294.57,1.11550
2025-08-26 14:00,KMHV,101761.0,21.0,11.0,94387.2,295.57,1.11246
2025-08-26 15:00,KMHV,101828.7,24.0,13.0,94450.0,298.57,1.10202
2025-08-26 16:00,KMHV,101828.7,25.0,12.0,94450.0,299.57,1.09834
2025-08-26 17:00,KMHV,101862.6,27.0,12.0,94481.4,301.57,1.09142
2025-08-26 18:00,KMHV,101862.6,29.0,11.0,94481.4,303.57,1.08423
2025-08-26 19:00,KMHV,101794.9,30.0,11.0,94418.6,304.57,1.07995
2025-08-26 20:00,KMHV,101761.0,32.0,11.0,94387.2,306.57,1.07255
2025-08-26 21:00,KMHV,101659.4,33.0,9.0,94293.0,307.57,1.06799
2025-08-26 22:00,KMHV,101591.7,34.0,9.0,94230.1,308.57,1.06382
2025-08-26 23:00,KMHV,101591.7,33.0,8.0,94230.1,307.57,1.06728
2025-08-27 00:00,KMHV,101523.9,33.0,9.0,94167.3,307.57,1.06657
2025-08-27 01:00,KMHV,101557.8,32.0,8.0,94198.7,306.57,1.07041
2025-08-27 02:00,KMHV,101659.4,30.0,8.0,94293.0,304.57,1.07851
2025-08-27 03:00,KMHV,101727.1,28.0,8.0,94355.8,302.57,1.08636
2025-08-27 04:00,KMHV,101862.6,26.0,12.0,94481.4,300.57,1.09505
2025-08-27 05:00,KMHV,101896.4,24.0,13.0,94512.8,298.57,1.10275
2025-08-27 06:00,KMHV,101896.4,24.0,6.0,94512.8,298.57,1.10275
2025-08-27 07:00,KMHV,101896.4,21.0,7.0,94512.8,295.57,1.11394
2025-08-27 08:00,KMHV,101862.6,20.0,7.0,94481.4,294.57,1.11735
2025-08-27 09:00,KMHV,101828.7,21.0,5.0,94450.0,295.57,1.11320
2025-08-27 10:00,KMHV,101862.6,20.0,4.0,94481.4,294.57,1.11735
2025-08-27 11:00,KMHV,101862.6,18.0,5.0,94481.4,292.57,1.12499
2025-08-27 12:00,KMHV,101896.4,19.0,7.0,94512.8,293.57,1.12153
2025-08-27 13:00,KMHV,101930.3,17.0,4.0,94544.2,291.57,1.12960
2025-08-27 14:00,KMHV,101964.2,18.0,4.0,94575.7,292.57,1.12611
2025-08-27 15:00,KMHV,102065.8,22.0,6.0,94669.9,296.57,1.11203
2025-08-27 16:00,KMHV,102065.8,24.0,8.0,94669.9,298.57,1.10458
2025-08-27 17:00,KMHV,102065.8,26.0,7.0,94669.9,300.57,1.09723
2025-08-27 18:00,KMHV,102031.9,31.0,3.0,94638.5,305.57,1.07892
2025-08-27 19:00,KMHV,101964.2,33.0,1.0,94575.7,307.57,1.07119
2025-08-27 20:00,KMHV,101896.4,34.0,0.0,94512.8,308.57,1.06701
2025-08-27 21:00,KMHV,101862.6,34.0,-5.0,94481.4,308.57,1.06666
2025-08-27 22:00,KMHV,101794.9,35.0,-3.0,94418.6,309.57,1.06251
2025-08-27 23:00,KMHV,101727.1,35.0,-2.0,94355.8,309.57,1.06180
2025-08-28 00:00,KMHV,101727.1,34.0,-2.0,94355.8,308.57,1.06524
2025-08-28 01:00,KMHV,101727.1,34.0,0.0,94355.8,308.57,1.06524
2025-08-28 02:00,KMHV,101761.0,31.0,1.0,94387.2,305.57,1.07606
2025-08-28 03:00,KMHV,101828.7,29.0,1.0,94450.0,303.57,1.08387
2025-08-28 04:00,KMHV,101862.6,28.0,4.0,94481.4,302.57,1.08781
2025-08-28 05:00,KMHV,101930.3,28.0,2.0,94544.2,302.57,1.08853
2025-08-28 06:00,KMHV,101930.3,27.0,1.0,94544.2,301.57,1.09214
2025-08-28 07:00,KMHV,101930.3,27.0,-1.0,94544.2,301.57,1.09214
2025-08-28 08:00,KMHV,101896.4,27.0,-3.0,94512.8,301.57,1.09178
2025-08-28 09:00,KMHV,101896.4,26.0,-2.0,94512.8,300.57,1.09541
2025-08-28 10:00,KMHV,101896.4,26.0,-3.0,94512.8,300.57,1.09541
2025-08-28 11:00,KMHV,101896.4,23.0,-2.0,94512.8,297.57,1.10646
2025-08-28 12:00,KMHV,101930.3,22.0,-2.0,94544.2,296.57,1.11056
2025-08-28 13:00,KMHV,101964.2,20.0,-3.0,94575.7,294.57,1.11847
2025-08-28 14:00,KMHV,101998.0,20.0,-2.0,94607.1,294.57,1.11884
2025-08-28 15:00,KMHV,102031.9,23.0,-2.0,94638.5,297.57,1.10793
2025-08-28 16:00,KMHV,102031.9,27.0,-2.0,94638.5,301.57,1.09323
2025-08-28 17:00,KMHV,102031.9,28.0,3.0,94638.5,302.57,1.08962
2025-08-28 18:00,KMHV,101998.0,30.0,4.0,94607.1,304.57,1.08210
2025-08-28 19:00,KMHV,101964.2,31.0,4.0,94575.7,305.57,1.07821
2025-08-28 20:00,KMHV,101930.3,32.0,4.0,94544.2,306.57,1.07433
2025-08-28 21:00,KMHV,101828.7,32.0,4.0,94450.0,306.57,1.07326
2025-08-28 22:00,KMHV,101794.9,32.0,3.0,94418.6,306.57,1.07290
2025-08-28 23:00,KMHV,101761.0,32.0,3.0,94387.2,306.57,1.07255
2025-08-29 00:00,KMHV,101693.3,32.0,1.0,94324.4,306.57,1.07183
2025-08-29 01:00,KMHV,101693.3,31.0,2.0,94324.4,305.57,1.07534
2025-08-29 02:00,KMHV,101693.3,29.0,3.0,94324.4,303.57,1.08243
2025-08-29 03:00,KMHV,101761.0,27.0,4.0,94387.2,301.57,1.09033
2025-08-29 04:00,KMHV,101828.7,26.0,4.0,94450.0,300.57,1.09469
2025-08-29 05:00,KMHV,101862.6,24.0,3.0,94481.4,298.57,1.10238
2025-08-29 06:00,KMHV,101930.3,22.0,3.0,94544.2,296.57,1.11056
2025-08-29 07:00,KMHV,101998.0,21.0,3.0,94607.1,295.57,1.11505
2025-08-29 08:00,KMHV,101998.0,20.0,3.0,94607.1,294.57,1.11884
2025-08-29 09:00,KMHV,101930.3,20.0,3.0,94544.2,294.57,1.11810
2025-08-29 10:00,KMHV,101964.2,19.0,3.0,94575.7,293.57,1.12228
2025-08-29 11:00,KMHV,101930.3,18.0,2.0,94544.2,292.57,1.12574
2025-08-29 12:00,KMHV,101930.3,19.0,5.0,94544.2,293.57,1.12191
2025-08-29 13:00,KMHV,101930.3,18.0,5.0,94544.2,292.57,1.12574
2025-08-29 14:00,KMHV,101998.0,19.0,6.0,94607.1,293.57,1.12265
2025-08-29 15:00,KMHV,102031.9,21.0,5.0,94638.5,295.57,1.11542
2025-08-29 16:00,KMHV,102065.8,24.0,6.0,94669.9,298.57,1.10458
2025-08-29 17:00,KMHV,102099.6,26.0,7.0,94701.3,300.57,1.09760
2025-08-29 18:00,KMHV,102099.6,27.0,7.0,94701.3,301.57,1.09396
2025-08-29 19:00,KMHV,102031.9,30.0,6.0,94638.5,304.57,1.08246
2025-08-29 20:00,KMHV,101964.2,31.0,6.0,94575.7,305.57,1.07821
2025-08-29 21:00,KMHV,101930.3,32.0,5.0,94544.2,306.57,1.07433
2025-08-29 22:00,KMHV,101828.7,33.0,5.0,94450.0,307.57,1.06977
2025-08-29 23:00,KMHV,101761.0,33.0,4.0,94387.2,307.57,1.06906
2025-08-30 00:00,KMHV,101693.3,33.0,4.0,94324.4,307.57,1.06835
2025-08-30 01:00,KMHV,101693.3,33.0,3.0,94324.4,307.57,1.06835
2025-08-30 02:00,KMHV,101693.3,31.0,7.0,94324.4,305.57,1.07534
2025-08-30 03:00,KMHV,101727.1,29.0,6.0,94355.8,303.57,1.08279
2025-08-30 04:00,KMHV,101761.0,28.0,5.0,94387.2,302.57,1.08673
2025-08-30 05:00,KMHV,101761.0,27.0,5.0,94387.2,301.57,1.09033
2025-08-30 06:00,KMHV,101761.0,27.0,5.0,94387.2,301.57,1.09033
2025-08-30 07:00,KMHV,101761.0,27.0,5.0,94387.2,301.57,1.09033
2025-08-30 08:00,KMHV,101727.1,26.0,5.0,94355.8,300.57,1.09359
2025-08-30 09:00,KMHV,101693.3,26.0,5.0,94324.4,300.57,1.09323
2025-08-30 10:00,KMHV,101761.0,25.0,5.0,94387.2,299.57,1.09761
2025-08-30 11:00,KMHV,101727.1,24.0,4.0,94355.8,298.57,1.10092
2025-08-30 12:00,KMHV,101761.0,24.0,4.0,94387.2,298.57,1.10128
2025-08-30 13:00,KMHV,101794.9,21.0,3.0,94418.6,295.57,1.11283
2025-08-30 14:00,KMHV,101828.7,21.0,4.0,94450.0,295.57,1.11320
2025-08-30 15:00,KMHV,101862.6,25.0,4.0,94481.4,299.57,1.09870
2025-08-30 16:00,KMHV,101930.3,27.0,5.0,94544.2,301.57,1.09214
2025-08-30 17:00,KMHV,101930.3,30.0,4.0,94544.2,304.57,1.08139
2025-08-30 18:00,KMHV,101896.4,32.0,4.0,94512.8,306.57,1.07397
2025-08-30 19:00,KMHV,101828.7,33.0,3.0,94450.0,307.57,1.06977
2025-08-30 20:00,KMHV,101761.0,35.0,3.0,94387.2,309.57,1.06215
2025-08-30 21:00,KMHV,101693.3,35.0,1.0,94324.4,309.57,1.06145
2025-08-30 22:00,KMHV,101591.7,35.0,1.0,94230.1,309.57,1.06039
2025-08-30 23:00,KMHV,101557.8,35.0,1.0,94198.7,309.57,1.06003
2025-08-31 00:00,KMHV,101523.9,36.0,0.0,94167.3,310.57,1.05627
2025-08-31 01:00,KMHV,101490.1,35.0,0.0,94135.9,309.57,1.05933
2025-08-31 02:00,KMHV,101490.1,34.0,0.0,94135.9,308.57,1.06276
2025-08-31 03:00,KMHV,101490.1,30.0,7.0,94135.9,304.57,1.07672
2025-08-31 04:00,KMHV,101523.9,29.0,7.0,94167.3,303.57,1.08062
2025-08-31 05:00,KMHV,101557.8,28.0,7.0,94198.7,302.57,1.08456
2025-08-31 06:00,KMHV,101557.8,28.0,6.0,94198.7,302.57,1.08456
2025-08-31 07:00,KMHV,101625.5,26.0,6.0,94261.6,300.57,1.09250
2025-08-31 08:00,KMHV,101625.5,24.0,6.0,94261.6,298.57,1.09982
2025-08-31 09:00,KMHV,101591.7,25.0,6.0,94230.1,299.57,1.09578
2025-08-31 10:00,KMHV,101625.5,26.0,6.0,94261.6,300.57,1.09250
2025-08-31 11:00,KMHV,101625.5,26.0,6.0,94261.6,300.57,1.09250
2025-08-31 12:00,KMHV,101659.4,24.0,6.0,94293.0,298.57,1.10019
2025-08-31 13:00,KMHV,101693.3,20.0,5.0,94324.4,294.57,1.11550
2025-08-31 14:00,KMHV,101727.1,21.0,5.0,94355.8,295.57,1.11209
2025-08-31 15:00,KMHV,101761.0,24.0,6.0,94387.2,298.57,1.10128
2025-08-31 16:00,KMHV,101794.9,29.0,6.0,94418.6,303.57,1.08351
2025-08-31 17:00,KMHV,101794.9,31.0,5.0,94418.6,305.57,1.07642
2025-08-31 18:00,KMHV,101761.0,34.0,5.0,94387.2,308.57,1.06560
2025-08-31 19:00,KMHV,101727.1,35.0,4.0,94355.8,309.57,1.06180
2025-08-31 20:00,KMHV,101659.4,36.0,3.0,94293.0,310.57,1.05768
2025-08-31 21:00,KMHV,101591.7,36.0,2.0,94230.1,310.57,1.05697
2025-08-31 22:00,KMHV,101523.9,37.0,2.0,94167.3,311.57,1.05288
2025-08-31 23:00,KMHV,101456.2,37.0,2.0,94104.5,311.57,1.05217
2025-09-01 00:00,KMHV,101422.4,38.0,3.0,94073.1,312.57,1.04846
2025-09-01 01:00,KMHV,101422.4,36.0,6.0,94073.1,310.57,1.05521
2025-09-01 02:00,KMHV,101490.1,33.0,6.0,94135.9,307.57,1.06621
2025-09-01 03:00,KMHV,101490.1,32.0,6.0,94135.9,306.57,1.06969
2025-09-01 04:00,KMHV,101557.8,30.0,6.0,94198.7,304.57,1.07743
2025-09-01 05:00,KMHV,101591.7,29.0,6.0,94230.1,303.57,1.08134
2025-09-01 06:00,KMHV,101591.7,30.0,5.0,94230.1,304.57,1.07779
2025-09-01 07:00,KMHV,101591.7,29.0,4.0,94230.1,303.57,1.08134
2025-09-01 08:00,KMHV,101591.7,29.0,4.0,94230.1,303.57,1.08134
2025-09-01 09:00,KMHV,101591.7,29.0,5.0,94230.1,303.57,1.08134
2025-09-01 10:00,KMHV,101591.7,28.0,5.0,94230.1,302.57,1.08492
2025-09-01 11:00,KMHV,101625.5,25.0,5.0,94261.6,299.57,1.09615
2025-09-01 12:00,KMHV,101659.4,23.0,5.0,94293.0,297.57,1.10388
2025-09-01 13:00,KMHV,101693.3,23.0,4.0,94324.4,297.57,1.10425
2025-09-01 14:00,KMHV,101693.3,23.0,4.0,94324.4,297.57,1.10425
2025-09-01 15:00,KMHV,101727.1,29.0,4.0,94355.8,303.57,1.08279
2025-09-01 16:00,KMHV,101727.1,31.0,4.0,94355.8,305.57,1.07570
2025-09-01 17:00,KMHV,101761.0,31.0,5.0,94387.2,305.57,1.07606
2025-09-01 18:00,KMHV,101761.0,33.0,4.0,94387.2,307.57,1.06906
2025-09-01 19:00,KMHV,101693.3,36.0,2.0,94324.4,310.57,1.05803
2025-09-01 20:00,KMHV,101625.5,37.0,2.0,94261.6,311.57,1.05393
2025-09-01 21:00,KMHV,101591.7,37.0,2.0,94230.1,311.57,1.05358
2025-09-01 22:00,KMHV,101523.9,38.0,2.0,94167.3,312.57,1.04951
2025-09-01 23:00,KMHV,101490.1,38.0,2.0,94135.9,312.57,1.04916
2025-09-02 00:00,KMHV,101422.4,38.0,3.0,94073.1,312.57,1.04846
2025-09-02 01:00,KMHV,101490.1,36.0,4.0,94135.9,310.57,1.05591
2025-09-02 02:00,KMHV,101490.1,35.0,3.0,94135.9,309.57,1.05933
2025-09-02 03:00,KMHV,101523.9,33.0,3.0,94167.3,307.57,1.06657
2025-09-02 04:00,KMHV,101557.8,31.0,4.0,94198.7,305.57,1.07391
2025-09-02 05:00,KMHV,101591.7,30.0,4.0,94230.1,304.57,1.07779
2025-09-02 06:00,KMHV,101625.5,29.0,4.0,94261.6,303.57,1.08170
2025-09-02 07:00,KMHV,101659.4,28.0,4.0,94293.0,302.57,1.08564
2025-09-02 08:00,KMHV,101693.3,27.0,4.0,94324.4,301.57,1.08960
2025-09-02 09:00,KMHV,101659.4,26.0,3.0,94293.0,300.57,1.09286
2025-09-02 10:00,KMHV,101625.5,25.0,3.0,94261.6,299.57,1.09615
2025-09-02 11:00,KMHV,101591.7,25.0,3.0,94230.1,299.57,1.09578
2025-09-02 12:00,KMHV,101591.7,25.0,3.0,94230.1,299.57,1.09578
2025-09-02 13:00,KMHV,101727.1,25.0,4.0,94355.8,299.57,1.09724
2025-09-02 14:00,KMHV,101727.1,24.0,4.0,94355.8,298.57,1.10092
2025-09-02 15:00,KMHV,101727.1,28.0,5.0,94355.8,302.57,1.08636
2025-09-02 16:00,KMHV,101794.9,31.0,6.0,94418.6,305.57,1.07642
2025-09-02 17:00,KMHV,101896.4,30.0,5.0,94512.8,304.57,1.08103
2025-09-02 18:00,KMHV,101998.0,33.0,9.0,94607.1,307.57,1.07155
2025-09-02 19:00,KMHV,102031.9,32.0,9.0,94638.5,306.57,1.07540
2025-09-02 20:00,KMHV,102031.9,32.0,10.0,94638.5,306.57,1.07540
2025-09-02 21:00,KMHV,102031.9,32.0,10.0,94638.5,306.57,1.07540
2025-09-02 22:00,KMHV,101998.0,31.0,10.0,94607.1,305.57,1.07856
2025-09-02 23:00,KMHV,101930.3,31.0,9.0,94544.2,305.57,1.07785
2025-09-03 00:00,KMHV,101862.6,32.0,9.0,94481.4,306.57,1.07362
2025-09-03 01:00,KMHV,101794.9,31.0,8.0,94418.6,305.57,1.07642
2025-09-03 02:00,KMHV,101794.9,30.0,7.0,94418.6,304.57,1.07995
2025-09-03 03:00,KMHV,101828.7,29.0,7.0,94450.0,303.57,1.08387
2025-09-03 04:00,KMHV,101862.6,27.0,7.0,94481.4,301.57,1.09142
2025-09-03 05:00,KMHV,101896.4,26.0,8.0,94512.8,300.57,1.09541
2025-09-03 06:00,KMHV,101896.4,25.0,7.0,94512.8,299.57,1.09907
2025-09-03 07:00,KMHV,101930.3,23.0,7.0,94544.2,297.57,1.10682
2025-09-03 08:00,KMHV,101930.3,24.0,8.0,94544.2,298.57,1.10312
2025-09-03 09:00,KMHV,101896.4,24.0,8.0,94512.8,298.57,1.10275
2025-09-03 10:00,KMHV,101862.6,22.0,8.0,94481.4,296.57,1.10982
2025-09-03 11:00,KMHV,101862.6,21.0,8.0,94481.4,295.57,1.11357
2025-09-03 12:00,KMHV,101828.7,21.0,8.0,94450.0,295.57,1.11320
2025-09-03 13:00,KMHV,101862.6,20.0,8.0,94481.4,294.57,1.11735
2025-09-03 14:00,KMHV,101896.4,21.0,9.0,94512.8,295.57,1.11394
2025-09-03 15:00,KMHV,101930.3,25.0,10.0,94544.2,299.57,1.09944
2025-09-03 16:00,KMHV,101964.2,27.0,10.0,94575.7,301.57,1.09251
2025-09-03 17:00,KMHV,101998.0,29.0,10.0,94607.1,303.57,1.08567
2025-09-03 18:00,KMHV,101964.2,30.0,11.0,94575.7,304.57,1.08175
2025-09-03 20:00,KMHV,101828.7,31.0,11.0,94450.0,305.57,1.07677
2025-09-03 21:00,KMHV,101761.0,32.0,10.0,94387.2,306.57,1.07255
2025-09-03 22:00,KMHV,101659.4,33.0,10.0,94293.0,307.57,1.06799
2025-09-03 23:00,KMHV,101557.8,34.0,10.0,94198.7,308.57,1.06347
2025-09-04 00:00,KMHV,101490.1,34.0,9.0,94135.9,308.57,1.06276
2025-09-04 01:00,KMHV,101490.1,34.0,9.0,94135.9,308.57,1.06276
2025-09-04 02:00,KMHV,101490.1,33.0,9.0,94135.9,307.57,1.06621
2025-09-04 03:00,KMHV,101557.8,30.0,12.0,94198.7,304.57,1.07743
2025-09-04 04:00,KMHV,101625.5,30.0,10.0,94261.6,304.57,1.07815
2025-09-04 05:00,KMHV,101625.5,29.0,10.0,94261.6,303.57,1.08170
2025-09-04 06:00,KMHV,101625.5,29.0,10.0,94261.6,303.57,1.08170
2025-09-04 07:00,KMHV,101591.7,29.0,8.0,94230.1,303.57,1.08134
2025-09-04 08:00,KMHV,101591.7,28.0,8.0,94230.1,302.57,1.08492
2025-09-04 09:00,KMHV,101591.7,27.0,9.0,94230.1,301.57,1.08852
2025-09-04 10:00,KMHV,101591.7,26.0,9.0,94230.1,300.57,1.09214
2025-09-04 11:00,KMHV,101557.8,24.0,9.0,94198.7,298.57,1.09909
2025-09-04 12:00,KMHV,101557.8,24.0,10.0,94198.7,298.57,1.09909
2025-09-04 13:00,KMHV,101557.8,24.0,9.0,94198.7,298.57,1.09909
2025-09-04 14:00,KMHV,101591.7,24.0,9.0,94230.1,298.57,1.09945
2025-09-04 15:00,KMHV,101625.5,28.0,9.0,94261.6,302.57,1.08528
2025-09-04 16:00,KMHV,101625.5,29.0,9.0,94261.6,303.57,1.08170
2025-09-04 17:00,KMHV,101625.5,30.0,9.0,94261.6,304.57,1.07815
2025-09-04 18:00,KMHV,101591.7,32.0,8.0,94230.1,306.57,1.07076
2025-09-04 19:00,KMHV,101523.9,33.0,8.0,94167.3,307.57,1.06657
2025-09-04 20:00,KMHV,101422.4,34.0,7.0,94073.1,308.57,1.06205
2025-09-04 21:00,KMHV,101354.6,35.0,6.0,94010.3,309.57,1.05791
2025-09-04 22:00,KMHV,101219.2,36.0,5.0,93884.6,310.57,1.05310
2025-09-04 23:00,KMHV,101117.6,35.0,5.0,93790.4,309.57,1.05544
2025-09-05 00:00,KMHV,101117.6,35.0,4.0,93790.4,309.57,1.05544
2025-09-05 01:00,KMHV,101117.6,34.0,2.0,93790.4,308.57,1.05886
2025-09-05 02:00,KMHV,101151.4,32.0,8.0,93821.8,306.57,1.06612
2025-09-05 03:00,KMHV,101185.3,30.0,9.0,93853.2,304.57,1.07348
2025-09-05 04:00,KMHV,101219.2,29.0,9.0,93884.6,303.57,1.07738
2025-09-05 05:00,KMHV,101219.2,29.0,7.0,93884.6,303.57,1.07738
2025-09-05 06:00,KMHV,101219.2,28.0,8.0,93884.6,302.57,1.08094
2025-09-05 07:00,KMHV,101253.0,27.0,9.0,93916.0,301.57,1.08489
2025-09-05 08:00,KMHV,101253.0,27.0,10.0,93916.0,301.57,1.08489
2025-09-05 09:00,KMHV,101219.2,25.0,10.0,93884.6,299.57,1.09176
2025-09-05 10:00,KMHV,101253.0,25.0,10.0,93916.0,299.57,1.09213
2025-09-05 11:00,KMHV,101185.3,25.0,10.0,93853.2,299.57,1.09140
2025-09-05 12:00,KMHV,101219.2,23.0,10.0,93884.6,297.57,1.09910
2025-09-05 13:00,KMHV,101253.0,22.0,9.0,93916.0,296.57,1.10318
2025-09-05 14:00,KMHV,101286.9,22.0,10.0,93947.5,296.57,1.10355
2025-09-05 15:00,KMHV,101354.6,26.0,10.0,94010.3,300.57,1.08959
2025-09-05 16:40,KMHV,101354.6,30.0,8.0,94010.3,304.57,1.07528
2025-09-05 17:00,KMHV,101354.6,30.0,8.0,94010.3,304.57,1.07528
2025-09-05 18:00,KMHV,101354.6,32.0,7.0,94010.3,306.57,1.06826
2025-09-05 19:00,KMHV,101320.8,33.0,2.0,93978.9,307.57,1.06444
2025-09-05 20:00,KMHV,101286.9,34.0,-3.0,93947.5,308.57,1.06063
2025-09-05 21:00,KMHV,101253.0,34.0,-6.0,93916.0,308.57,1.06028
2025-09-05 22:00,KMHV,101185.3,35.0,-5.0,93853.2,309.57,1.05614
2025-09-05 23:00,KMHV,101151.4,35.0,-6.0,93821.8,309.57,1.05579
2025-09-06 00:00,KMHV,101151.4,34.0,-4.0,93821.8,308.57,1.05921
2025-09-06 01:00,KMHV,101151.4,32.0,0.0,93821.8,306.57,1.06612
2025-09-06 02:00,KMHV,101185.3,30.0,1.0,93853.2,304.57,1.07348
2025-09-06 03:00,KMHV,101253.0,28.0,8.0,93916.0,302.57,1.08130
2025-09-06 04:00,KMHV,101320.8,27.0,9.0,93978.9,301.57,1.08561
2025-09-06 05:00,KMHV,101354.6,25.0,9.0,94010.3,299.57,1.09323
2025-09-06 06:00,KMHV,101388.5,25.0,9.0,94041.7,299.57,1.09359
2025-09-06 07:00,KMHV,101422.4,23.0,9.0,94073.1,297.57,1.10131
2025-09-06 08:00,KMHV,101422.4,22.0,7.0,94073.1,296.57,1.10502
2025-09-06 09:00,KMHV,101422.4,22.0,7.0,94073.1,296.57,1.10502
2025-09-06 10:00,KMHV,101456.2,21.0,4.0,94104.5,295.57,1.10913
2025-09-06 11:00,KMHV,101490.1,19.0,4.0,94135.9,293.57,1.11706
2025-09-06 12:00,KMHV,101523.9,18.0,4.0,94167.3,292.57,1.12125
2025-09-06 13:00,KMHV,101591.7,15.0,4.0,94230.1,289.57,1.13362
2025-09-06 14:00,KMHV,101659.4,16.0,3.0,94293.0,290.57,1.13048
2025-09-06 15:00,KMHV,101727.1,25.0,-6.0,94355.8,299.57,1.09724
2025-09-06 16:00,KMHV,101761.0,25.0,0.0,94387.2,299.57,1.09761
2025-09-06 17:00,KMHV,101828.7,28.0,-2.0,94450.0,302.57,1.08745
2025-09-06 18:00,KMHV,101828.7,31.0,-4.0,94450.0,305.57,1.07677
2025-09-06 19:00,KMHV,101828.7,32.0,-6.0,94450.0,306.57,1.07326
2025-09-06 20:00,KMHV,101761.0,33.0,-6.0,94387.2,307.57,1.06906
2025-09-06 21:00,KMHV,101727.1,33.0,-8.0,94355.8,307.57,1.06870
2025-09-06 22:00,KMHV,101693.3,33.0,-8.0,94324.4,307.57,1.06835
2025-09-06 23:00,KMHV,101625.5,33.0,-8.0,94261.6,307.57,1.06764
2025-09-07 00:00,KMHV,101625.5,33.0,-5.0,94261.6,307.57,1.06764
2025-09-07 01:00,KMHV,101625.5,32.0,-4.0,94261.6,306.57,1.07112
2025-09-07 02:00,KMHV,101659.4,30.0,-4.0,94293.0,304.57,1.07851
2025-09-07 03:00,KMHV,101727.1,27.0,-5.0,94355.8,301.57,1.08997
2025-09-07 04:00,KMHV,101828.7,25.0,-4.0,94450.0,299.57,1.09834
2025-09-07 05:00,KMHV,101862.6,21.0,3.0,94481.4,295.57,1.11357
2025-09-07 06:00,KMHV,101896.4,19.0,3.0,94512.8,293.57,1.12153
2025-09-07 07:00,KMHV,101930.3,18.0,2.0,94544.2,292.57,1.12574
2025-09-07 08:00,KMHV,101930.3,18.0,3.0,94544.2,292.57,1.12574
2025-09-07 09:00,KMHV,101896.4,17.0,-1.0,94512.8,291.57,1.12923
2025-09-07 10:00,KMHV,101862.6,18.0,-4.0,94481.4,292.57,1.12499
2025-09-07 11:00,KMHV,101862.6,18.0,-6.0,94481.4,292.57,1.12499
2025-09-07 12:00,KMHV,101896.4,18.0,-8.0,94512.8,292.57,1.12537
2025-09-07 13:00,KMHV,101964.2,16.0,-6.0,94575.7,290.57,1.13386
2025-09-07 14:00,KMHV,101998.0,17.0,-2.0,94607.1,291.57,1.13035
2025-09-07 15:00,KMHV,102065.8,23.0,-2.0,94669.9,297.57,1.10830
2025-09-07 16:00,KMHV,102099.6,27.0,-11.0,94701.3,301.57,1.09396
2025-09-07 17:00,KMHV,102099.6,29.0,-14.0,94701.3,303.57,1.08675
2025-09-07 18:00,KMHV,102099.6,31.0,-15.0,94701.3,305.57,1.07964
2025-09-07 19:00,KMHV,102065.8,32.0,-4.0,94669.9,306.57,1.07576
2025-09-07 20:00,KMHV,102031.9,33.0,-3.0,94638.5,307.57,1.07191
2025-09-07 21:00,KMHV,101964.2,33.0,1.0,94575.7,307.57,1.07119
2025-09-07 22:00,KMHV,101896.4,33.0,1.0,94512.8,307.57,1.07048
2025-09-07 23:00,KMHV,101862.6,33.0,0.0,94481.4,307.57,1.07013
2025-09-08 00:00,KMHV,101828.7,32.0,2.0,94450.0,306.57,1.07326
2025-09-08 01:00,KMHV,101828.7,31.0,2.0,94450.0,305.57,1.07677
2025-09-08 02:00,KMHV,101862.6,29.0,1.0,94481.4,303.57,1.08423
2025-09-08 03:00,KMHV,101896.4,26.0,1.0,94512.8,300.57,1.09541
2025-09-08 04:00,KMHV,101964.2,24.0,4.0,94575.7,298.57,1.10348
2025-09-08 05:00,KMHV,101998.0,24.0,5.0,94607.1,298.57,1.10385
2025-09-08 06:00,KMHV,102031.9,23.0,5.0,94638.5,297.57,1.10793
2025-09-08 07:00,KMHV,102031.9,21.0,4.0,94638.5,295.57,1.11542
2025-09-08 08:00,KMHV,102031.9,20.0,3.0,94638.5,294.57,1.11921
2025-09-08 09:00,KMHV,101998.0,18.0,1.0,94607.1,292.57,1.12649
2025-09-08 10:00,KMHV,101964.2,19.0,1.0,94575.7,293.57,1.12228
2025-09-08 11:00,KMHV,101930.3,20.0,1.0,94544.2,294.57,1.11810
2025-09-08 12:00,KMHV,101930.3,17.0,0.0,94544.2,291.57,1.12960
2025-09-08 13:00,KMHV,101930.3,16.0,0.0,94544.2,290.57,1.13349
2025-09-08 14:00,KMHV,101964.2,17.0,0.0,94575.7,291.57,1.12998
2025-09-08 17:40,KMHV,101964.2,29.0,-9.0,94575.7,303.57,1.08531
2025-09-08 18:00,KMHV,101964.2,29.0,-9.0,94575.7,303.57,1.08531
2025-09-08 19:00,KMHV,101896.4,31.0,-10.0,94512.8,305.57,1.07749
2025-09-08 20:00,KMHV,101794.9,32.0,-10.0,94418.6,306.57,1.07290
2025-09-08 21:00,KMHV,101727.1,33.0,-8.0,94355.8,307.57,1.06870
2025-09-08 22:00,KMHV,101659.4,33.0,-4.0,94293.0,307.57,1.06799
2025-09-08 23:00,KMHV,101591.7,33.0,-4.0,94230.1,307.57,1.06728
2025-09-09 00:00,KMHV,101557.8,31.0,-3.0,94198.7,305.57,1.07391
2025-09-09 01:00,KMHV,101557.8,30.0,-3.0,94198.7,304.57,1.07743
2025-09-09 02:00,KMHV,101557.8,27.0,1.0,94198.7,301.57,1.08815
2025-09-09 03:00,KMHV,101591.7,25.0,3.0,94230.1,299.57,1.09578
2025-09-09 04:00,KMHV,101625.5,24.0,5.0,94261.6,298.57,1.09982
2025-09-09 05:00,KMHV,101625.5,23.0,5.0,94261.6,297.57,1.10352
2025-09-09 06:00,KMHV,101625.5,23.0,6.0,94261.6,297.57,1.10352
2025-09-09 07:00,KMHV,101625.5,23.0,7.0,94261.6,297.57,1.10352
2025-09-09 08:00,KMHV,101591.7,22.0,6.0,94230.1,296.57,1.10687
2025-09-09 09:00,KMHV,101557.8,21.0,7.0,94198.7,295.57,1.11024
2025-09-09 10:00,KMHV,101523.9,20.0,6.0,94167.3,294.57,1.11364
2025-09-09 11:00,KMHV,101456.2,20.0,7.0,94104.5,294.57,1.11290
2025-09-09 12:00,KMHV,101456.2,20.0,7.0,94104.5,294.57,1.11290
2025-09-09 13:00,KMHV,101456.2,19.0,8.0,94104.5,293.57,1.11669
2025-09-09 14:00,KMHV,101456.2,19.0,8.0,94104.5,293.57,1.11669
2025-09-09 15:00,KMHV,101490.1,21.0,8.0,94135.9,295.57,1.10950
2025-09-09 16:00,KMHV,101523.9,22.0,9.0,94167.3,296.57,1.10613
2025-09-09 17:00,KMHV,101490.1,24.0,9.0,94135.9,298.57,1.09835
2025-09-09 18:00,KMHV,101456.2,25.0,7.0,94104.5,299.57,1.09432
2025-09-09 19:00,KMHV,101388.5,27.0,6.0,94041.7,301.57,1.08634
2025-09-09 20:00,KMHV,101286.9,29.0,5.0,93947.5,303.57,1.07810
2025-09-09 21:00,KMHV,101219.2,29.0,5.0,93884.6,303.57,1.07738
2025-09-09 22:00,KMHV,101151.4,29.0,5.0,93821.8,303.57,1.07666
2025-09-09 23:00,KMHV,101117.6,29.0,6.0,93790.4,303.57,1.07630
2025-09-10 00:00,KMHV,101083.7,28.0,7.0,93759.0,302.57,1.07949
2025-09-10 01:00,KMHV,101083.7,26.0,8.0,93759.0,300.57,1.08668
2025-09-10 02:00,KMHV,101117.6,24.0,9.0,93790.4,298.57,1.09432
2025-09-10 03:00,KMHV,101151.4,23.0,9.0,93821.8,297.57,1.09837
2025-09-10 04:00,KMHV,101185.3,22.0,10.0,93853.2,296.57,1.10244
2025-09-10 05:00,KMHV,101219.2,21.0,10.0,93884.6,295.57,1.10654
2025-09-10 06:00,KMHV,101185.3,20.0,10.0,93853.2,294.57,1.10992
2025-09-10 07:00,KMHV,101219.2,18.0,11.0,93884.6,292.57,1.11789
2025-09-10 08:00,KMHV,101185.3,18.0,11.0,93853.2,292.57,1.11751
2025-09-10 09:00,KMHV,101185.3,18.0,10.0,93853.2,292.57,1.11751
2025-09-10 10:00,KMHV,101185.3,17.0,8.0,93853.2,291.57,1.12134
2025-09-10 11:00,KMHV,101151.4,16.0,8.0,93821.8,290.57,1.12483
2025-09-10 12:00,KMHV,101185.3,16.0,9.0,93853.2,290.57,1.12520
2025-09-10 13:00,KMHV,101185.3,16.0,11.0,93853.2,290.57,1.12520
2025-09-10 14:00,KMHV,101219.2,16.0,10.0,93884.6,290.57,1.12558
2025-09-10 15:00,KMHV,101253.0,18.0,10.0,93916.0,292.57,1.11826
2025-09-10 16:00,KMHV,101286.9,20.0,10.0,93947.5,294.57,1.11104
2025-09-10 17:00,KMHV,101286.9,22.0,10.0,93947.5,296.57,1.10355
2025-09-10 18:00,KMHV,101320.8,23.0,9.0,93978.9,297.57,1.10021
2025-09-10 19:00,KMHV,101320.8,24.0,8.0,93978.9,298.57,1.09652
2025-09-10 20:00,KMHV,101286.9,25.0,7.0,93947.5,299.57,1.09250
2025-09-10 21:00,KMHV,101253.0,26.0,6.0,93916.0,300.57,1.08850
2025-09-10 22:00,KMHV,101219.2,26.0,7.0,93884.6,300.57,1.08813
2025-09-10 23:00,KMHV,101185.3,26.0,7.0,93853.2,300.57,1.08777
2025-09-11 00:00,KMHV,101185.3,25.0,6.0,93853.2,299.57,1.09140
2025-09-11 01:00,KMHV,101185.3,24.0,5.0,93853.2,298.57,1.09505
2025-09-11 02:00,KMHV,101219.2,22.0,6.0,93884.6,296.57,1.10281
2025-09-11 03:00,KMHV,101286.9,21.0,8.0,93947.5,295.57,1.10728
2025-09-11 04:00,KMHV,101320.8,20.0,9.0,93978.9,294.57,1.11141
2025-09-11 05:00,KMHV,101354.6,19.0,10.0,94010.3,293.57,1.11557
2025-09-11 06:00,KMHV,101388.5,19.0,9.0,94041.7,293.57,1.11594
2025-09-11 07:00,KMHV,101388.5,19.0,9.0,94041.7,293.57,1.11594
2025-09-11 08:00,KMHV,101422.4,18.0,10.0,94073.1,292.57,1.12013
2025-09-11 09:00,KMHV,101456.2,17.0,10.0,94104.5,291.57,1.12435
2025-09-11 10:00,KMHV,101422.4,17.0,10.0,94073.1,291.57,1.12397
2025-09-11 11:00,KMHV,101422.4,16.0,10.0,94073.1,290.57,1.12784
2025-09-11 12:00,KMHV,101422.4,16.0,10.0,94073.1,290.57,1.12784
2025-09-11 13:00,KMHV,101456.2,16.0,10.0,94104.5,290.57,1.12822
2025-09-11 14:00,KMHV,101456.2,16.0,10.0,94104.5,290.57,1.12822
2025-09-11 15:00,KMHV,101490.1,19.0,9.0,94135.9,293.57,1.11706
2025-09-11 16:00,KMHV,101523.9,21.0,8.0,94167.3,295.57,1.10987
2025-09-11 17:00,KMHV,101523.9,23.0,7.0,94167.3,297.57,1.10241
2025-09-11 18:00,KMHV,101557.8,24.0,7.0,94198.7,298.57,1.09909
2025-09-11 19:00,KMHV,101557.8,25.0,8.0,94198.7,299.57,1.09542
2025-09-11 20:00,KMHV,101490.1,25.0,7.0,94135.9,299.57,1.09469
2025-09-11 21:00,KMHV,101422.4,26.0,7.0,94073.1,300.57,1.09032
2025-09-11 22:00,KMHV,101354.6,27.0,8.0,94010.3,301.57,1.08598
2025-09-11 23:00,KMHV,101320.8,27.0,8.0,93978.9,301.57,1.08561
2025-09-12 00:00,KMHV,101286.9,26.0,8.0,93947.5,300.57,1.08886
2025-09-12 01:00,KMHV,101286.9,24.0,9.0,93947.5,298.57,1.09615
2025-09-12 02:00,KMHV,101286.9,21.0,9.0,93947.5,295.57,1.10728
2025-09-12 03:00,KMHV,101320.8,20.0,8.0,93978.9,294.57,1.11141
2025-09-12 04:00,KMHV,101354.6,19.0,10.0,94010.3,293.57,1.11557
2025-09-12 05:00,KMHV,101388.5,19.0,10.0,94041.7,293.57,1.11594
2025-09-12 06:00,KMHV,101388.5,19.0,9.0,94041.7,293.57,1.11594
2025-09-12 07:00,KMHV,101354.6,19.0,9.0,94010.3,293.57,1.11557
2025-09-12 08:40,KMHV,101388.5,18.0,9.0,94041.7,292.57,1.11976
2025-09-12 09:00,KMHV,101388.5,18.0,10.0,94041.7,292.57,1.11976
2025-09-12 10:00,KMHV,101422.4,18.0,9.0,94073.1,292.57,1.12013
2025-09-12 11:00,KMHV,101388.5,18.0,9.0,94041.7,292.57,1.11976
2025-09-12 12:00,KMHV,101388.5,18.0,9.0,94041.7,292.57,1.11976
2025-09-12 13:00,KMHV,101422.4,17.0,9.0,94073.1,291.57,1.12397
2025-09-12 14:00,KMHV,101456.2,18.0,9.0,94104.5,292.57,1.12050
2025-09-12 15:00,KMHV,101523.9,20.0,10.0,94167.3,294.57,1.11364
2025-09-12 16:00,KMHV,101490.1,22.0,9.0,94135.9,296.57,1.10576
2025-09-12 17:00,KMHV,101523.9,23.0,9.0,94167.3,297.57,1.10241
2025-09-12 18:00,KMHV,101523.9,24.0,9.0,94167.3,298.57,1.09872
2025-09-12 19:00,KMHV,101490.1,25.0,9.0,94135.9,299.57,1.09469
2025-09-12 20:00,KMHV,101422.4,26.0,9.0,94073.1,300.57,1.09032
2025-09-12 21:00,KMHV,101354.6,27.0,9.0,94010.3,301.57,1.08598
2025-09-12 22:00,KMHV,101286.9,28.0,9.0,93947.5,302.57,1.08166
2025-09-12 23:00,KMHV,101253.0,27.0,9.0,93916.0,301.57,1.08489
2025-09-13 00:00,KMHV,101219.2,26.0,10.0,93884.6,300.57,1.08813
2025-09-13 01:00,KMHV,101253.0,25.0,10.0,93916.0,299.57,1.09213
2025-09-13 02:00,KMHV,101253.0,23.0,10.0,93916.0,297.57,1.09947
2025-09-13 03:00,KMHV,101286.9,21.0,11.0,93947.5,295.57,1.10728
2025-09-13 04:00,KMHV,101320.8,21.0,11.0,93978.9,295.57,1.10765
2025-09-13 05:00,KMHV,101354.6,20.0,11.0,94010.3,294.57,1.11178
2025-09-13 06:00,KMHV,101388.5,20.0,11.0,94041.7,294.57,1.11215
2025-09-13 07:00,KMHV,101354.6,20.0,11.0,94010.3,294.57,1.11178
2025-09-13 12:40,KMHV,101388.5,19.0,10.0,94041.7,293.57,1.11594
2025-09-13 13:00,KMHV,101422.4,19.0,10.0,94073.1,293.57,1.11631
2025-09-13 14:00,KMHV,101490.1,19.0,9.0,94135.9,293.57,1.11706
2025-09-13 15:00,KMHV,101490.1,20.0,9.0,94135.9,294.57,1.11327
2025-09-13 16:00,KMHV,101523.9,23.0,9.0,94167.3,297.57,1.10241
2025-09-13 17:00,KMHV,101557.8,25.0,8.0,94198.7,299.57,1.09542
2025-09-13 18:00,KMHV,101557.8,27.0,6.0,94198.7,301.57,1.08815
2025-09-13 19:00,KMHV,101523.9,29.0,5.0,94167.3,303.57,1.08062
2025-09-13 20:00,KMHV,101456.2,29.0,4.0,94104.5,303.57,1.07990
2025-09-13 21:00,KMHV,101354.6,30.0,3.0,94010.3,304.57,1.07528
2025-09-13 22:00,KMHV,101286.9,31.0,2.0,93947.5,305.57,1.07104
2025-09-13 23:00,KMHV,101253.0,31.0,2.0,93916.0,305.57,1.07069
2025-09-14 00:00,KMHV,101219.2,31.0,4.0,93884.6,305.57,1.07033
2025-09-14 01:00,KMHV,101219.2,29.0,9.0,93884.6,303.57,1.07738
2025-09-14 02:00,KMHV,101219.2,27.0,9.0,93884.6,301.57,1.08452
2025-09-14 03:00,KMHV,101253.0,25.0,10.0,93916.0,299.57,1.09213
2025-09-14 04:00,KMHV,101320.8,24.0,10.0,93978.9,298.57,1.09652
2025-09-14 05:00,KMHV,101320.8,23.0,10.0,93978.9,297.57,1.10021
2025-09-14 06:00,KMHV,101320.8,24.0,9.0,93978.9,298.57,1.09652
2025-09-14 07:00,KMHV,101320.8,23.0,9.0,93978.9,297.57,1.10021
2025-09-14 08:00,KMHV,101320.8,23.0,9.0,93978.9,297.57,1.10021
2025-09-14 09:00,KMHV,101388.5,22.0,8.0,94041.7,296.57,1.10465
2025-09-14 10:00,KMHV,101354.6,21.0,8.0,94010.3,295.57,1.10802
2025-09-14 11:00,KMHV,101354.6,22.0,8.0,94010.3,296.57,1.10428
2025-09-14 12:00,KMHV,101354.6,21.0,8.0,94010.3,295.57,1.10802
2025-09-14 13:00,KMHV,101388.5,19.0,7.0,94041.7,293.57,1.11594
2025-09-14 14:00,KMHV,101422.4,18.0,7.0,94073.1,292.57,1.12013
2025-09-14 15:00,KMHV,101456.2,24.0,8.0,94104.5,298.57,1.09799
2025-09-14 16:00,KMHV,101456.2,25.0,7.0,94104.5,299.57,1.09432
2025-09-14 17:00,KMHV,101456.2,26.0,7.0,94104.5,300.57,1.09068
2025-09-14 18:00,KMHV,101456.2,27.0,7.0,94104.5,301.57,1.08706
2025-09-14 19:00,KMHV,101422.4,30.0,6.0,94073.1,304.57,1.07600
2025-09-14 20:00,KMHV,101354.6,32.0,3.0,94010.3,306.57,1.06826
2025-09-14 21:00,KMHV,101286.9,32.0,4.0,93947.5,306.57,1.06755
2025-09-14 22:00,KMHV,101219.2,32.0,4.0,93884.6,306.57,1.06684
2025-09-14 23:00,KMHV,101185.3,32.0,4.0,93853.2,306.57,1.06648
2025-09-15 00:00,KMHV,101151.4,32.0,6.0,93821.8,306.57,1.06612
2025-09-15 01:00,KMHV,101185.3,30.0,5.0,93853.2,304.57,1.07348
2025-09-15 02:00,KMHV,101185.3,27.0,7.0,93853.2,301.57,1.08416
2025-09-15 03:00,KMHV,101219.2,25.0,9.0,93884.6,299.57,1.09176
2025-09-15 04:00,KMHV,101253.0,24.0,9.0,93916.0,298.57,1.09579
2025-09-15 05:00,KMHV,101286.9,24.0,8.0,93947.5,298.57,1.09615
2025-09-15 06:00,KMHV,101286.9,24.0,8.0,93947.5,298.57,1.09615
2025-09-15 07:00,KMHV,101354.6,24.0,5.0,94010.3,298.57,1.09689
2025-09-15 08:00,KMHV,101388.5,23.0,5.0,94041.7,297.57,1.10094
2025-09-15 09:00,KMHV,101388.5,23.0,6.0,94041.7,297.57,1.10094
2025-09-15 10:00,KMHV,101354.6,22.0,6.0,94010.3,296.57,1.10428
2025-09-15 11:00,KMHV,101388.5,20.0,6.0,94041.7,294.57,1.11215
2025-09-15 12:00,KMHV,101388.5,18.0,6.0,94041.7,292.57,1.11976
2025-09-15 13:00,KMHV,101422.4,18.0,6.0,94073.1,292.57,1.12013
2025-09-15 14:00,KMHV,101490.1,17.0,5.0,94135.9,291.57,1.12472
2025-09-15 15:00,KMHV,101557.8,21.0,6.0,94198.7,295.57,1.11024
2025-09-15 16:00,KMHV,101591.7,24.0,7.0,94230.1,298.57,1.09945
2025-09-15 17:00,KMHV,101659.4,25.0,7.0,94293.0,299.57,1.09651
2025-09-15 18:00,KMHV,101659.4,27.0,6.0,94293.0,301.57,1.08924
2025-09-15 19:00,KMHV,101625.5,29.0,4.0,94261.6,303.57,1.08170
2025-09-15 20:00,KMHV,101557.8,31.0,2.0,94198.7,305.57,1.07391
2025-09-15 21:00,KMHV,101490.1,31.0,2.0,94135.9,305.57,1.07319
2025-09-15 22:00,KMHV,101456.2,32.0,1.0,94104.5,306.57,1.06933
2025-09-15 23:00,KMHV,101388.5,33.0,1.0,94041.7,307.57,1.06515
2025-09-16 00:40,KMHV,101354.6,32.0,1.0,94010.3,306.57,1.06826
2025-09-16 01:00,KMHV,101354.6,32.0,4.0,94010.3,306.57,1.06826
2025-09-16 02:00,KMHV,101388.5,30.0,5.0,94041.7,304.57,1.07564
2025-09-16 03:00,KMHV,101456.2,27.0,9.0,94104.5,301.57,1.08706
2025-09-16 04:00,KMHV,101490.1,26.0,8.0,94135.9,300.57,1.09104
2025-09-16 05:00,KMHV,101523.9,25.0,8.0,94167.3,299.57,1.09505
2025-09-16 06:00,KMHV,101523.9,24.0,7.0,94167.3,298.57,1.09872
2025-09-16 07:00,KMHV,101557.8,23.0,6.0,94198.7,297.57,1.10278
2025-09-16 08:00,KMHV,101591.7,22.0,5.0,94230.1,296.57,1.10687
2025-09-16 09:00,KMHV,101591.7,20.0,5.0,94230.1,294.57,1.11438
2025-09-16 10:00,KMHV,101625.5,20.0,2.0,94261.6,294.57,1.11475
2025-09-16 11:00,KMHV,101591.7,19.0,2.0,94230.1,293.57,1.11818
2025-09-16 12:00,KMHV,101625.5,18.0,2.0,94261.6,292.57,1.12237
2025-09-16 13:00,KMHV,101693.3,17.0,3.0,94324.4,291.57,1.12697
2025-09-16 14:00,KMHV,101761.0,17.0,2.0,94387.2,291.57,1.12772
2025-09-16 15:00,KMHV,101828.7,22.0,2.0,94450.0,296.57,1.10945
2025-09-16 16:00,KMHV,101828.7,26.0,2.0,94450.0,300.57,1.09469
2025-09-16 17:00,KMHV,101896.4,28.0,4.0,94512.8,302.57,1.08817
2025-09-16 18:00,KMHV,101896.4,30.0,5.0,94512.8,304.57,1.08103
2025-09-16 19:00,KMHV,101828.7,31.0,9.0,94450.0,305.57,1.07677
2025-09-16 20:00,KMHV,101794.9,32.0,8.0,94418.6,306.57,1.07290
2025-09-16 21:00,KMHV,101693.3,33.0,8.0,94324.4,307.57,1.06835
2025-09-16 22:00,KMHV,101659.4,34.0,9.0,94293.0,308.57,1.06453
2025-09-16 23:00,KMHV,101591.7,34.0,11.0,94230.1,308.57,1.06382
2025-09-17 00:00,KMHV,101557.8,34.0,10.0,94198.7,308.57,1.06347
2025-09-17 01:00,KMHV,101523.9,33.0,11.0,94167.3,307.57,1.06657
2025-09-17 02:00,KMHV,101557.8,31.0,9.0,94198.7,305.57,1.07391
2025-09-17 03:00,KMHV,101557.8,29.0,9.0,94198.7,303.57,1.08098
2025-09-17 04:00,KMHV,101625.5,29.0,8.0,94261.6,303.57,1.08170
2025-09-17 05:00,KMHV,101693.3,28.0,8.0,94324.4,302.57,1.08600
2025-09-17 06:00,KMHV,101727.1,27.0,7.0,94355.8,301.57,1.08997
2025-09-17 07:00,KMHV,101693.3,27.0,6.0,94324.4,301.57,1.08960
2025-09-17 08:00,KMHV,101659.4,26.0,6.0,94293.0,300.57,1.09286
2025-09-17 09:00,KMHV,101659.4,24.0,5.0,94293.0,298.57,1.10019
2025-09-17 10:00,KMHV,101659.4,23.0,3.0,94293.0,297.57,1.10388
2025-09-17 11:00,KMHV,101625.5,25.0,4.0,94261.6,299.57,1.09615
2025-09-17 12:00,KMHV,101625.5,23.0,4.0,94261.6,297.57,1.10352
2025-09-17 13:00,KMHV,101659.4,22.0,5.0,94293.0,296.57,1.10760
2025-09-17 14:00,KMHV,101727.1,22.0,5.0,94355.8,296.57,1.10834
2025-09-17 15:00,KMHV,101761.0,24.0,5.0,94387.2,298.57,1.10128
2025-09-17 16:00,KMHV,101761.0,27.0,5.0,94387.2,301.57,1.09033
2025-09-17 17:00,KMHV,101761.0,30.0,6.0,94387.2,304.57,1.07959
2025-09-17 18:00,KMHV,101727.1,32.0,5.0,94355.8,306.57,1.07219
2025-09-17 19:00,KMHV,101659.4,33.0,8.0,94293.0,307.57,1.06799
2025-09-17 20:00,KMHV,101591.7,33.0,9.0,94230.1,307.57,1.06728
2025-09-17 21:00,KMHV,101490.1,34.0,9.0,94135.9,308.57,1.06276
2025-09-17 22:00,KMHV,101422.4,35.0,8.0,94073.1,309.57,1.05862
2025-09-17 23:00,KMHV,101354.6,34.0,7.0,94010.3,308.57,1.06134
2025-09-18 00:00,KMHV,101320.8,32.0,7.0,93978.9,306.57,1.06791
2025-09-18 01:00,KMHV,101286.9,31.0,7.0,93947.5,305.57,1.07104
2025-09-18 02:00,KMHV,101286.9,29.0,7.0,93947.5,303.57,1.07810
2025-09-18 03:00,KMHV,101253.0,28.0,6.0,93916.0,302.57,1.08130
2025-09-18 04:00,KMHV,101253.0,28.0,6.0,93916.0,302.57,1.08130
2025-09-18 05:00,KMHV,101253.0,28.0,6.0,93916.0,302.57,1.08130
2025-09-18 06:00,KMHV,101286.9,27.0,6.0,93947.5,301.57,1.08525
2025-09-18 07:00,KMHV,101253.0,27.0,6.0,93916.0,301.57,1.08489
2025-09-18 08:00,KMHV,101185.3,27.0,6.0,93853.2,301.57,1.08416
2025-09-18 09:00,KMHV,101185.3,26.0,6.0,93853.2,300.57,1.08777
2025-09-18 10:00,KMHV,101185.3,26.0,6.0,93853.2,300.57,1.08777
2025-09-18 11:00,KMHV,101219.2,24.0,9.0,93884.6,298.57,1.09542
2025-09-18 13:40,KMHV,101388.5,21.0,13.0,94041.7,295.57,1.10839
2025-09-18 14:00,KMHV,101388.5,21.0,14.0,94041.7,295.57,1.10839
2025-09-18 15:00,KMHV,101422.4,22.0,12.0,94073.1,296.57,1.10502
2025-09-18 16:40,KMHV,101490.1,22.0,16.0,94135.9,296.57,1.10576
2025-09-18 17:00,KMHV,101490.1,23.0,15.0,94135.9,297.57,1.10204
2025-09-18 18:00,KMHV,101490.1,22.0,15.0,94135.9,296.57,1.10576
2025-09-18 19:00,KMHV,101456.2,22.0,15.0,94104.5,296.57,1.10539
2025-09-18 20:00,KMHV,101388.5,24.0,16.0,94041.7,298.57,1.09725
2025-09-18 21:00,KMHV,101286.9,21.0,19.0,93947.5,295.57,1.10728
2025-09-18 22:00,KMHV,101219.2,22.0,20.0,93884.6,296.57,1.10281
2025-09-18 23:00,KMHV,101185.3,22.0,18.0,93853.2,296.57,1.10244
2025-09-19 00:00,KMHV,101219.2,22.0,18.0,93884.6,296.57,1.10281
2025-09-19 01:00,KMHV,101286.9,18.0,18.0,93947.5,292.57,1.11863
2025-09-19 02:00,KMHV,101286.9,19.0,19.0,93947.5,293.57,1.11482
2025-09-19 03:00,KMHV,101388.5,19.0,17.0,94041.7,293.57,1.11594
2025-09-19 04:00,KMHV,101422.4,19.0,17.0,94073.1,293.57,1.11631
2025-09-19 05:00,KMHV,101422.4,19.0,17.0,94073.1,293.57,1.11631
2025-09-19 06:00,KMHV,101456.2,19.0,16.0,94104.5,293.57,1.11669
2025-09-19 07:00,KMHV,101456.2,19.0,16.0,94104.5,293.57,1.11669
2025-09-19 08:00,KMHV,101456.2,19.0,17.0,94104.5,293.57,1.11669
2025-09-19 09:00,KMHV,101422.4,19.0,17.0,94073.1,293.57,1.11631
2025-09-19 10:00,KMHV,101422.4,18.0,17.0,94073.1,292.57,1.12013
2025-09-19 11:00,KMHV,101456.2,18.0,17.0,94104.5,292.57,1.12050
2025-09-19 12:00,KMHV,101456.2,19.0,17.0,94104.5,293.57,1.11669
2025-09-19 13:00,KMHV,101456.2,19.0,17.0,94104.5,293.57,1.11669
2025-09-19 14:00,KMHV,101523.9,19.0,17.0,94167.3,293.57,1.11743
2025-09-19 15:00,KMHV,101591.7,19.0,17.0,94230.1,293.57,1.11818
2025-09-19 16:00,KMHV,101625.5,20.0,17.0,94261.6,294.57,1.11475
2025-09-19 17:00,KMHV,101659.4,20.0,18.0,94293.0,294.57,1.11512
2025-09-19 18:00,KMHV,101659.4,21.0,18.0,94293.0,295.57,1.11135
2025-09-19 19:00,KMHV,101625.5,22.0,17.0,94261.6,296.57,1.10724
2025-09-19 20:00,KMHV,101591.7,23.0,17.0,94230.1,297.57,1.10315
2025-09-19 21:00,KMHV,101523.9,25.0,16.0,94167.3,299.57,1.09505
2025-09-19 22:00,KMHV,101523.9,24.0,15.0,94167.3,298.57,1.09872
2025-09-19 23:00,KMHV,101490.1,25.0,16.0,94135.9,299.57,1.09469
2025-09-20 00:00,KMHV,101490.1,25.0,15.0,94135.9,299.57,1.09469
2025-09-20 01:00,KMHV,101456.2,25.0,14.0,94104.5,299.57,1.09432
2025-09-20 02:00,KMHV,101456.2,24.0,16.0,94104.5,298.57,1.09799
2025-09-20 03:00,KMHV,101490.1,22.0,16.0,94135.9,296.57,1.10576
2025-09-20 04:00,KMHV,101557.8,21.0,17.0,94198.7,295.57,1.11024
2025-09-20 05:00,KMHV,101591.7,20.0,17.0,94230.1,294.57,1.11438
2025-09-20 06:00,KMHV,101625.5,19.0,17.0,94261.6,293.57,1.11855
2025-09-20 07:00,KMHV,101625.5,19.0,17.0,94261.6,293.57,1.11855
2025-09-20 08:00,KMHV,101625.5,19.0,16.0,94261.6,293.57,1.11855
2025-09-20 09:00,KMHV,101659.4,19.0,16.0,94293.0,293.57,1.11892
2025-09-20 10:00,KMHV,101625.5,18.0,16.0,94261.6,292.57,1.12237
2025-09-20 11:00,KMHV,101659.4,17.0,15.0,94293.0,291.57,1.12660
2025-09-20 12:00,KMHV,101659.4,18.0,15.0,94293.0,292.57,1.12275
2025-09-20 13:00,KMHV,101693.3,17.0,15.0,94324.4,291.57,1.12697
2025-09-20 14:00,KMHV,101761.0,16.0,15.0,94387.2,290.57,1.13161
2025-09-20 15:00,KMHV,101828.7,18.0,15.0,94450.0,292.57,1.12462
2025-09-20 16:00,KMHV,101862.6,21.0,16.0,94481.4,295.57,1.11357
2025-09-20 17:00,KMHV,101930.3,22.0,15.0,94544.2,296.57,1.11056
2025-09-20 18:00,KMHV,101930.3,24.0,15.0,94544.2,298.57,1.10312
2025-09-20 19:00,KMHV,101896.4,26.0,14.0,94512.8,300.57,1.09541
2025-09-20 20:00,KMHV,101794.9,27.0,12.0,94418.6,301.57,1.09069
2025-09-20 21:00,KMHV,101693.3,28.0,10.0,94324.4,302.57,1.08600
2025-09-20 22:00,KMHV,101625.5,29.0,10.0,94261.6,303.57,1.08170
2025-09-20 23:00,KMHV,101591.7,29.0,9.0,94230.1,303.57,1.08134
2025-09-21 00:00,KMHV,101523.9,29.0,10.0,94167.3,303.57,1.08062
2025-09-21 01:00,KMHV,101523.9,29.0,5.0,94167.3,303.57,1.08062
2025-09-21 02:00,KMHV,101523.9,26.0,15.0,94167.3,300.57,1.09141
2025-09-21 03:00,KMHV,101557.8,24.0,14.0,94198.7,298.57,1.09909
2025-09-21 04:00,KMHV,101591.7,23.0,14.0,94230.1,297.57,1.10315
2025-09-21 05:00,KMHV,101625.5,23.0,14.0,94261.6,297.57,1.10352
2025-09-21 06:00,KMHV,101591.7,21.0,15.0,94230.1,295.57,1.11061
2025-09-21 07:00,KMHV,101591.7,22.0,15.0,94230.1,296.57,1.10687
2025-09-21 08:00,KMHV,101591.7,21.0,15.0,94230.1,295.57,1.11061
2025-09-21 09:00,KMHV,101591.7,21.0,14.0,94230.1,295.57,1.11061
2025-09-21 10:00,KMHV,101523.9,21.0,14.0,94167.3,295.57,1.10987
2025-09-21 11:00,KMHV,101523.9,20.0,14.0,94167.3,294.57,1.11364
2025-09-21 12:00,KMHV,101523.9,19.0,14.0,94167.3,293.57,1.11743
2025-09-21 13:00,KMHV,101557.8,18.0,14.0,94198.7,292.57,1.12163
2025-09-21 14:00,KMHV,101625.5,16.0,14.0,94261.6,290.57,1.13010
2025-09-21 15:00,KMHV,101659.4,19.0,15.0,94293.0,293.57,1.11892
2025-09-21 16:00,KMHV,101659.4,22.0,13.0,94293.0,296.57,1.10760
2025-09-21 17:00,KMHV,101659.4,23.0,12.0,94293.0,297.57,1.10388
2025-09-21 18:00,KMHV,101591.7,26.0,9.0,94230.1,300.57,1.09214
2025-09-21 19:00,KMHV,101591.7,28.0,7.0,94230.1,302.57,1.08492
2025-09-21 20:00,KMHV,101523.9,29.0,5.0,94167.3,303.57,1.08062
2025-09-21 21:00,KMHV,101422.4,30.0,3.0,94073.1,304.57,1.07600
2025-09-21 22:00,KMHV,101354.6,30.0,4.0,94010.3,304.57,1.07528
2025-09-21 23:00,KMHV,101320.8,29.0,7.0,93978.9,303.57,1.07846
2025-09-22 00:00,KMHV,101253.0,29.0,8.0,93916.0,303.57,1.07774
2025-09-22 01:00,KMHV,101253.0,28.0,10.0,93916.0,302.57,1.08130
2025-09-22 02:00,KMHV,101253.0,25.0,10.0,93916.0,299.57,1.09213
2025-09-22 03:00,KMHV,101286.9,24.0,12.0,93947.5,298.57,1.09615
2025-09-22 04:00,KMHV,101354.6,23.0,12.0,94010.3,297.57,1.10057
2025-09-22 05:00,KMHV,101354.6,23.0,12.0,94010.3,297.57,1.10057
2025-09-22 06:00,KMHV,101388.5,23.0,10.0,94041.7,297.57,1.10094
2025-09-22 07:00,KMHV,101354.6,22.0,10.0,94010.3,296.57,1.10428
2025-09-22 08:00,KMHV,101388.5,22.0,11.0,94041.7,296.57,1.10465
2025-09-22 09:00,KMHV,101388.5,22.0,10.0,94041.7,296.57,1.10465
2025-09-22 10:00,KMHV,101320.8,21.0,12.0,93978.9,295.57,1.10765
2025-09-22 11:00,KMHV,101354.6,20.0,12.0,94010.3,294.57,1.11178
2025-09-22 12:00,KMHV,101388.5,21.0,13.0,94041.7,295.57,1.10839
2025-09-22 13:00,KMHV,101388.5,21.0,13.0,94041.7,295.57,1.10839
2025-09-22 14:00,KMHV,101456.2,19.0,12.0,94104.5,293.57,1.11669
2025-09-22 15:40,KMHV,101523.9,20.0,12.0,94167.3,294.57,1.11364
2025-09-22 16:00,KMHV,101523.9,21.0,12.0,94167.3,295.57,1.10987
2025-09-22 17:00,KMHV,101557.8,23.0,12.0,94198.7,297.57,1.10278
2025-09-22 18:00,KMHV,101557.8,25.0,11.0,94198.7,299.57,1.09542
2025-09-22 19:00,KMHV,101523.9,27.0,8.0,94167.3,301.57,1.08779
2025-09-22 20:00,KMHV,101456.2,28.0,8.0,94104.5,302.57,1.08347
2025-09-22 21:00,KMHV,101388.5,29.0,7.0,94041.7,303.57,1.07918
2025-09-22 22:00,KMHV,101320.8,30.0,4.0,93978.9,304.57,1.07492
2025-09-22 23:00,KMHV,101253.0,30.0,4.0,93916.0,304.57,1.07420
2025-09-23 00:00,KMHV,101219.2,30.0,4.0,93884.6,304.57,1.07384
2025-09-23 01:00,KMHV,101185.3,30.0,3.0,93853.2,304.57,1.07348
2025-09-23 02:40,KMHV,101253.0,25.0,7.0,93916.0,299.57,1.09213
2025-09-23 03:00,KMHV,101286.9,25.0,9.0,93947.5,299.57,1.09250
2025-09-23 04:00,KMHV,101320.8,25.0,11.0,93978.9,299.57,1.09286
2025-09-23 05:00,KMHV,101354.6,24.0,11.0,94010.3,298.57,1.09689
2025-09-23 06:00,KMHV,101422.4,22.0,12.0,94073.1,296.57,1.10502
2025-09-23 07:00,KMHV,101422.4,21.0,11.0,94073.1,295.57,1.10876
2025-09-23 08:00,KMHV,101422.4,20.0,9.0,94073.1,294.57,1.11252
2025-09-23 09:00,KMHV,101422.4,21.0,8.0,94073.1,295.57,1.10876
2025-09-23 10:00,KMHV,101388.5,19.0,10.0,94041.7,293.57,1.11594
2025-09-23 11:00,KMHV,101388.5,18.0,9.0,94041.7,292.57,1.11976
2025-09-23 12:00,KMHV,101422.4,17.0,9.0,94073.1,291.57,1.12397
2025-09-23 13:00,KMHV,101456.2,17.0,9.0,94104.5,291.57,1.12435
2025-09-23 14:00,KMHV,101523.9,17.0,9.0,94167.3,291.57,1.12510
2025-09-23 15:40,KMHV,101625.5,24.0,9.0,94261.6,298.57,1.09982
2025-09-23 16:00,KMHV,101625.5,24.0,9.0,94261.6,298.57,1.09982
2025-09-23 17:40,KMHV,101659.4,28.0,6.0,94293.0,302.57,1.08564
2025-09-23 18:00,KMHV,101659.4,28.0,6.0,94293.0,302.57,1.08564
2025-09-23 19:40,KMHV,101591.7,31.0,5.0,94230.1,305.57,1.07427
2025-09-23 20:00,KMHV,101557.8,31.0,5.0,94198.7,305.57,1.07391
2025-09-23 21:20,KMHV,101422.4,33.0,4.0,94073.1,307.57,1.06550
2025-09-23 22:00,KMHV,101388.5,33.0,3.0,94041.7,307.57,1.06515
2025-09-23 23:00,KMHV,101354.6,33.0,3.0,94010.3,307.57,1.06479
2025-09-24 00:00,KMHV,101320.8,33.0,6.0,93978.9,307.57,1.06444
2025-09-24 01:40,KMHV,101388.5,31.0,7.0,94041.7,305.57,1.07212
2025-09-24 02:00,KMHV,101422.4,31.0,7.0,94073.1,305.57,1.07248
2025-09-24 04:00,KMHV,101523.9,28.0,9.0,94167.3,302.57,1.08419
2025-09-24 05:00,KMHV,101591.7,27.0,8.0,94230.1,301.57,1.08852
2025-09-24 06:00,KMHV,101591.7,25.0,8.0,94230.1,299.57,1.09578
2025-09-24 07:00,KMHV,101625.5,25.0,8.0,94261.6,299.57,1.09615
2025-09-24 08:00,KMHV,101625.5,24.0,8.0,94261.6,298.57,1.09982
2025-09-24 09:00,KMHV,101625.5,25.0,8.0,94261.6,299.57,1.09615
2025-09-24 10:00,KMHV,101625.5,23.0,10.0,94261.6,297.57,1.10352
2025-09-24 11:00,KMHV,101659.4,23.0,11.0,94293.0,297.57,1.10388
2025-09-24 12:40,KMHV,101659.4,22.0,10.0,94293.0,296.57,1.10760
2025-09-24 13:00,KMHV,101693.3,23.0,9.0,94324.4,297.57,1.10425
2025-09-24 14:00,KMHV,101693.3,22.0,10.0,94324.4,296.57,1.10797
2025-09-24 15:00,KMHV,101761.0,23.0,13.0,94387.2,297.57,1.10499
2025-09-24 16:00,KMHV,101794.9,24.0,13.0,94418.6,298.57,1.10165
2025-09-24 17:00,KMHV,101828.7,26.0,12.0,94450.0,300.57,1.09469
2025-09-24 18:00,KMHV,101828.7,27.0,12.0,94450.0,301.57,1.09106
2025-09-24 19:00,KMHV,101761.0,29.0,11.0,94387.2,303.57,1.08315
2025-09-24 20:00,KMHV,101693.3,31.0,9.0,94324.4,305.57,1.07534
2025-09-24 21:00,KMHV,101625.5,31.0,10.0,94261.6,305.57,1.07462
2025-09-24 22:00,KMHV,101557.8,32.0,10.0,94198.7,306.57,1.07041
2025-09-24 23:00,KMHV,101523.9,33.0,12.0,94167.3,307.57,1.06657
2025-09-25 00:00,KMHV,101523.9,32.0,12.0,94167.3,306.57,1.07005
2025-09-25 01:00,KMHV,101523.9,30.0,12.0,94167.3,304.57,1.07708
2025-09-25 02:00,KMHV,101591.7,26.0,13.0,94230.1,300.57,1.09214
2025-09-25 03:00,KMHV,101659.4,24.0,13.0,94293.0,298.57,1.10019
2025-09-25 04:00,KMHV,101693.3,24.0,13.0,94324.4,298.57,1.10055
2025-09-25 05:00,KMHV,101693.3,24.0,10.0,94324.4,298.57,1.10055
2025-09-25 06:00,KMHV,101693.3,24.0,11.0,94324.4,298.57,1.10055
2025-09-25 07:00,KMHV,101625.5,22.0,11.0,94261.6,296.57,1.10724
2025-09-25 08:00,KMHV,101659.4,22.0,11.0,94293.0,296.57,1.10760
2025-09-25 09:00,KMHV,101659.4,20.0,12.0,94293.0,294.57,1.11512
2025-09-25 10:00,KMHV,101659.4,20.0,13.0,94293.0,294.57,1.11512
2025-09-25 11:00,KMHV,101659.4,19.0,13.0,94293.0,293.57,1.11892
2025-09-25 12:00,KMHV,101659.4,19.0,13.0,94293.0,293.57,1.11892
2025-09-25 13:00,KMHV,101659.4,18.0,13.0,94293.0,292.57,1.12275
2025-09-25 14:00,KMHV,101693.3,18.0,13.0,94324.4,292.57,1.12312
2025-09-25 15:00,KMHV,101693.3,21.0,13.0,94324.4,295.57,1.11172
2025-09-25 16:00,KMHV,101727.1,23.0,13.0,94355.8,297.57,1.10462
2025-09-25 17:00,KMHV,101727.1,24.0,13.0,94355.8,298.57,1.10092
2025-09-25 18:00,KMHV,101727.1,25.0,12.0,94355.8,299.57,1.09724
2025-09-25 19:00,KMHV,101659.4,27.0,11.0,94293.0,301.57,1.08924
2025-09-25 20:00,KMHV,101591.7,27.0,10.0,94230.1,301.57,1.08852
2025-09-25 21:00,KMHV,101490.1,27.0,9.0,94135.9,301.57,1.08743
2025-09-25 22:00,KMHV,101422.4,27.0,9.0,94073.1,301.57,1.08670
2025-09-25 23:00,KMHV,101388.5,26.0,10.0,94041.7,300.57,1.08995
2025-09-26 00:00,KMHV,101354.6,25.0,10.0,94010.3,299.57,1.09323
2025-09-26 01:00,KMHV,101320.8,24.0,10.0,93978.9,298.57,1.09652
2025-09-26 02:00,KMHV,101286.9,22.0,10.0,93947.5,296.57,1.10355
2025-09-26 03:00,KMHV,101219.2,22.0,11.0,93884.6,296.57,1.10281
2025-09-26 04:00,KMHV,101117.6,22.0,10.0,93790.4,296.57,1.10170
2025-09-26 05:00,KMHV,101151.4,21.0,11.0,93821.8,295.57,1.10580
2025-09-26 06:00,KMHV,101185.3,21.0,11.0,93853.2,295.57,1.10617
2025-09-26 07:00,KMHV,101185.3,21.0,11.0,93853.2,295.57,1.10617
2025-09-26 08:00,KMHV,101219.2,21.0,11.0,93884.6,295.57,1.10654
2025-09-26 09:00,KMHV,101219.2,21.0,10.0,93884.6,295.57,1.10654
2025-09-26 10:40,KMHV,101185.3,21.0,9.0,93853.2,295.57,1.10617
2025-09-26 11:00,KMHV,101151.4,21.0,9.0,93821.8,295.57,1.10580
2025-09-26 12:40,KMHV,101185.3,21.0,10.0,93853.2,295.57,1.10617
2025-09-26 13:00,KMHV,101219.2,20.0,10.0,93884.6,294.57,1.11030
2025-09-26 14:00,KMHV,101253.0,21.0,9.0,93916.0,295.57,1.10691
2025-09-26 15:00,KMHV,101286.9,22.0,10.0,93947.5,296.57,1.10355
2025-09-26 16:00,KMHV,101286.9,25.0,9.0,93947.5,299.57,1.09250
2025-09-26 17:40,KMHV,101320.8,26.0,8.0,93978.9,300.57,1.08922
2025-09-26 18:00,KMHV,101320.8,27.0,8.0,93978.9,301.57,1.08561
2025-09-26 19:00,KMHV,101253.0,28.0,8.0,93916.0,302.57,1.08130
2025-09-26 20:00,KMHV,101185.3,29.0,8.0,93853.2,303.57,1.07702
2025-09-26 21:40,KMHV,101083.7,30.0,10.0,93759.0,304.57,1.07240
2025-09-26 22:00,KMHV,101083.7,30.0,9.0,93759.0,304.57,1.07240
2025-09-26 23:00,KMHV,101049.8,30.0,7.0,93727.6,304.57,1.07205
2025-09-27 00:00,KMHV,101016.0,30.0,11.0,93696.2,304.57,1.07169
2025-09-27 01:00,KMHV,101016.0,28.0,12.0,93696.2,302.57,1.07877
2025-09-27 02:00,KMHV,101016.0,25.0,12.0,93696.2,299.57,1.08957
2025-09-27 03:00,KMHV,101083.7,25.0,10.0,93759.0,299.57,1.09030
2025-09-27 04:00,KMHV,101354.6,23.0,9.0,94010.3,297.57,1.10057
2025-09-27 05:40,KMHV,101388.5,22.0,9.0,94041.7,296.57,1.10465
2025-09-27 06:00,KMHV,101490.1,22.0,9.0,94135.9,296.57,1.10576
2025-09-27 07:40,KMHV,101286.9,21.0,9.0,93947.5,295.57,1.10728
2025-09-27 08:00,KMHV,101320.8,20.0,9.0,93978.9,294.57,1.11141
2025-09-27 09:00,KMHV,101320.8,18.0,10.0,93978.9,292.57,1.11901
2025-09-27 10:00,KMHV,101286.9,18.0,11.0,93947.5,292.57,1.11863
2025-09-27 11:00,KMHV,101286.9,17.0,10.0,93947.5,291.57,1.12247
2025-09-27 12:00,KMHV,101286.9,16.0,10.0,93947.5,290.57,1.12633
2025-09-27 13:00,KMHV,101286.9,16.0,9.0,93947.5,290.57,1.12633
2025-09-27 14:00,KMHV,101354.6,16.0,9.0,94010.3,290.57,1.12709
2025-09-27 15:40,KMHV,101422.4,21.0,10.0,94073.1,295.57,1.10876
2025-09-27 16:00,KMHV,101456.2,21.0,10.0,94104.5,295.57,1.10913
2025-09-27 17:40,KMHV,101456.2,23.0,11.0,94104.5,297.57,1.10168
2025-09-27 18:40,KMHV,101422.4,24.0,11.0,94073.1,298.57,1.09762
2025-09-27 19:00,KMHV,101422.4,24.0,10.0,94073.1,298.57,1.09762
2025-09-27 21:00,KMHV,101286.9,26.0,9.0,93947.5,300.57,1.08886
2025-09-27 22:00,KMHV,101219.2,27.0,9.0,93884.6,301.57,1.08452
2025-09-27 23:00,KMHV,101151.4,28.0,9.0,93821.8,302.57,1.08022
2025-09-28 00:00,KMHV,101151.4,28.0,9.0,93821.8,302.57,1.08022
2025-09-28 01:00,KMHV,101151.4,27.0,8.0,93821.8,301.57,1.08380
2025-09-28 02:00,KMHV,101253.0,23.0,11.0,93916.0,297.57,1.09947
2025-09-28 03:40,KMHV,101354.6,21.0,11.0,94010.3,295.57,1.10802
2025-09-28 04:00,KMHV,101388.5,20.0,13.0,94041.7,294.57,1.11215
2025-09-28 05:00,KMHV,101422.4,19.0,13.0,94073.1,293.57,1.11631
2025-09-28 06:00,KMHV,101422.4,18.0,12.0,94073.1,292.57,1.12013
2025-09-28 07:00,KMHV,101422.4,18.0,13.0,94073.1,292.57,1.12013
2025-09-28 08:40,KMHV,101422.4,19.0,13.0,94073.1,293.57,1.11631
2025-09-28 09:00,KMHV,101456.2,19.0,13.0,94104.5,293.57,1.11669
2025-09-28 10:00,KMHV,101422.4,17.0,12.0,94073.1,291.57,1.12397
2025-09-28 11:00,KMHV,101456.2,18.0,13.0,94104.5,292.57,1.12050
2025-09-28 12:00,KMHV,101456.2,18.0,12.0,94104.5,292.57,1.12050
2025-09-28 13:00,KMHV,101557.8,17.0,12.0,94198.7,291.57,1.12547
2025-09-28 14:00,KMHV,101591.7,16.0,12.0,94230.1,290.57,1.12972
2025-09-28 15:20,KMHV,101693.3,18.0,12.0,94324.4,292.57,1.12312
2025-09-28 16:00,KMHV,101727.1,19.0,13.0,94355.8,293.57,1.11967
2025-09-28 17:00,KMHV,101761.0,21.0,13.0,94387.2,295.57,1.11246
2025-09-28 18:00,KMHV,101794.9,22.0,13.0,94418.6,296.57,1.10908
2025-09-28 19:40,KMHV,101727.1,25.0,12.0,94355.8,299.57,1.09724
2025-09-28 20:00,KMHV,101693.3,25.0,12.0,94324.4,299.57,1.09688
2025-09-28 21:00,KMHV,101625.5,27.0,12.0,94261.6,301.57,1.08888
2025-09-28 22:00,KMHV,101557.8,27.0,11.0,94198.7,301.57,1.08815
2025-09-28 23:00,KMHV,101523.9,26.0,11.0,94167.3,300.57,1.09141
2025-09-29 00:00,KMHV,101523.9,26.0,11.0,94167.3,300.57,1.09141
2025-09-29 01:00,KMHV,101523.9,26.0,13.0,94167.3,300.57,1.09141
2025-09-29 02:00,KMHV,101557.8,23.0,13.0,94198.7,297.57,1.10278
2025-09-29 03:00,KMHV,101591.7,22.0,13.0,94230.1,296.57,1.10687
2025-09-29 04:00,KMHV,101625.5,22.0,13.0,94261.6,296.57,1.10724
2025-09-29 05:00,KMHV,101659.4,21.0,13.0,94293.0,295.57,1.11135
2025-09-29 06:40,KMHV,101659.4,19.0,13.0,94293.0,293.57,1.11892
2025-09-29 07:40,KMHV,101625.5,19.0,13.0,94261.6,293.57,1.11855
2025-09-29 08:00,KMHV,101625.5,18.0,13.0,94261.6,292.57,1.12237
2025-09-29 09:00,KMHV,101625.5,17.0,12.0,94261.6,291.57,1.12622
2025-09-29 10:00,KMHV,101625.5,16.0,12.0,94261.6,290.57,1.13010
2025-09-29 11:00,KMHV,101625.5,17.0,11.0,94261.6,291.57,1.12622
2025-09-29 12:00,KMHV,101625.5,15.0,11.0,94261.6,289.57,1.13400
2025-09-29 13:00,KMHV,101659.4,15.0,11.0,94293.0,289.57,1.13438
2025-09-29 14:00,KMHV,101693.3,15.0,11.0,94324.4,289.57,1.13476
2025-09-29 15:00,KMHV,101761.0,18.0,11.0,94387.2,292.57,1.12387
2025-09-29 16:00,KMHV,101761.0,21.0,11.0,94387.2,295.57,1.11246
2025-09-29 17:00,KMHV,101761.0,22.0,10.0,94387.2,296.57,1.10871
2025-09-29 18:00,KMHV,101761.0,24.0,10.0,94387.2,298.57,1.10128
2025-09-29 19:40,KMHV,101625.5,27.0,10.0,94261.6,301.57,1.08888
2025-09-29 20:00,KMHV,101591.7,27.0,10.0,94230.1,301.57,1.08852
2025-09-29 21:40,KMHV,101490.1,28.0,10.0,94135.9,302.57,1.08383
2025-09-29 22:00,KMHV,101456.2,28.0,8.0,94104.5,302.57,1.08347
2025-09-29 23:40,KMHV,101388.5,28.0,6.0,94041.7,302.57,1.08275
2025-09-30 00:40,KMHV,101388.5,26.0,7.0,94041.7,300.57,1.08995
2025-09-30 01:00,KMHV,101388.5,26.0,7.0,94041.7,300.57,1.08995
2025-09-30 02:00,KMHV,101422.4,23.0,9.0,94073.1,297.57,1.10131
2025-09-30 03:00,KMHV,101422.4,22.0,10.0,94073.1,296.57,1.10502
2025-09-30 04:00,KMHV,101456.2,20.0,12.0,94104.5,294.57,1.11290
2025-09-30 05:40,KMHV,101456.2,19.0,11.0,94104.5,293.57,1.11669
2025-09-30 06:00,KMHV,101456.2,18.0,11.0,94104.5,292.57,1.12050
2025-09-30 07:00,KMHV,101456.2,18.0,10.0,94104.5,292.57,1.12050
2025-09-30 08:00,KMHV,101456.2,18.0,12.0,94104.5,292.57,1.12050
2025-09-30 09:40,KMHV,101490.1,18.0,11.0,94135.9,292.57,1.12088
2025-09-30 10:40,KMHV,101490.1,16.0,10.0,94135.9,290.57,1.12859
2025-09-30 11:00,KMHV,101490.1,16.0,10.0,94135.9,290.57,1.12859
2025-09-30 12:00,KMHV,101490.1,16.0,9.0,94135.9,290.57,1.12859
2025-09-30 13:00,KMHV,101523.9,16.0,10.0,94167.3,290.57,1.12897
2025-09-30 14:00,KMHV,101557.8,14.0,10.0,94198.7,288.57,1.13717
2025-09-30 15:00,KMHV,101591.7,18.0,10.0,94230.1,292.57,1.12200
2025-09-30 16:00,KMHV,101625.5,20.0,10.0,94261.6,294.57,1.11475
2025-09-30 17:00,KMHV,101659.4,22.0,8.0,94293.0,296.57,1.10760
2025-09-30 18:00,KMHV,101693.3,23.0,9.0,94324.4,297.57,1.10425
2025-09-30 19:00,KMHV,101693.3,23.0,8.0,94324.4,297.57,1.10425
2025-09-30 20:00,KMHV,101625.5,25.0,7.0,94261.6,299.57,1.09615
2025-09-30 21:00,KMHV,101557.8,25.0,8.0,94198.7,299.57,1.09542
2025-09-30 22:00,KMHV,101523.9,25.0,7.0,94167.3,299.57,1.09505
2025-09-30 23:00,KMHV,101523.9,25.0,6.0,94167.3,299.57,1.09505
2025-10-01 00:00,KMHV,101557.8,24.0,5.0,94198.7,298.57,1.09909
2025-10-01 01:00,KMHV,101591.7,22.0,5.0,94230.1,296.57,1.10687
2025-10-01 02:00,KMHV,101625.5,20.0,9.0,94261.6,294.57,1.11475
2025-10-01 03:00,KMHV,101625.5,20.0,9.0,94261.6,294.57,1.11475
2025-10-01 04:00,KMHV,101591.7,19.0,9.0,94230.1,293.57,1.11818
2025-10-01 05:00,KMHV,101591.7,19.0,8.0,94230.1,293.57,1.11818
2025-10-01 06:00,KMHV,101625.5,19.0,8.0,94261.6,293.57,1.11855
2025-10-01 07:00,KMHV,101625.5,19.0,8.0,94261.6,293.57,1.11855
2025-10-01 08:00,KMHV,101625.5,18.0,9.0,94261.6,292.57,1.12237
2025-10-01 09:00,KMHV,101625.5,18.0,9.0,94261.6,292.57,1.12237
2025-10-01 10:00,KMHV,101625.5,17.0,9.0,94261.6,291.57,1.12622
2025-10-01 11:00,KMHV,101625.5,17.0,9.0,94261.6,291.57,1.12622
2025-10-01 12:00,KMHV,101625.5,17.0,9.0,94261.6,291.57,1.12622
2025-10-01 13:00,KMHV,101659.4,16.0,9.0,94293.0,290.57,1.13048
2025-10-01 14:00,KMHV,101693.3,16.0,8.0,94324.4,290.57,1.13085
2025-10-01 15:40,KMHV,101761.0,19.0,8.0,94387.2,293.57,1.12004
2025-10-01 16:00,KMHV,101761.0,19.0,8.0,94387.2,293.57,1.12004
2025-10-01 17:00,KMHV,101794.9,21.0,8.0,94418.6,295.57,1.11283
2025-10-01 18:00,KMHV,101794.9,22.0,7.0,94418.6,296.57,1.10908
2025-10-01 19:00,KMHV,101727.1,24.0,7.0,94355.8,298.57,1.10092
2025-10-01 20:00,KMHV,101659.4,26.0,6.0,94293.0,300.57,1.09286
2025-10-01 21:00,KMHV,101591.7,27.0,5.0,94230.1,301.57,1.08852
2025-10-01 22:00,KMHV,101523.9,29.0,5.0,94167.3,303.57,1.08062
2025-10-01 23:00,KMHV,101523.9,29.0,4.0,94167.3,303.57,1.08062
2025-10-02 00:40,KMHV,101523.9,26.0,7.0,94167.3,300.57,1.09141
2025-10-02 01:00,KMHV,101557.8,26.0,8.0,94198.7,300.57,1.09177
2025-10-02 02:00,KMHV,101591.7,22.0,10.0,94230.1,296.57,1.10687
2025-10-02 03:40,KMHV,101625.5,21.0,9.0,94261.6,295.57,1.11098
2025-10-02 04:00,KMHV,101625.5,21.0,7.0,94261.6,295.57,1.11098
2025-10-02 05:00,KMHV,101625.5,22.0,6.0,94261.6,296.57,1.10724
2025-10-02 06:00,KMHV,101693.3,20.0,7.0,94324.4,294.57,1.11550
2025-10-02 07:00,KMHV,101693.3,19.0,7.0,94324.4,293.57,1.11930
2025-10-02 08:40,KMHV,101693.3,18.0,6.0,94324.4,292.57,1.12312
2025-10-02 09:00,KMHV,101693.3,18.0,7.0,94324.4,292.57,1.12312
2025-10-02 10:00,KMHV,101659.4,17.0,6.0,94293.0,291.57,1.12660
2025-10-02 11:00,KMHV,101625.5,17.0,4.0,94261.6,291.57,1.12622
2025-10-02 12:00,KMHV,101625.5,16.0,5.0,94261.6,290.57,1.13010
2025-10-02 13:00,KMHV,101693.3,15.0,7.0,94324.4,289.57,1.13476
2025-10-02 14:00,KMHV,101761.0,14.0,7.0,94387.2,288.57,1.13945
2025-10-02 15:40,KMHV,101794.9,21.0,7.0,94418.6,295.57,1.11283
2025-10-02 16:00,KMHV,101794.9,22.0,7.0,94418.6,296.57,1.10908
2025-10-02 17:40,KMHV,101794.9,25.0,3.0,94418.6,299.57,1.09797
2025-10-02 18:00,KMHV,101761.0,25.0,1.0,94387.2,299.57,1.09761
2025-10-02 19:00,KMHV,101727.1,27.0,1.0,94355.8,301.57,1.08997
2025-10-02 20:00,KMHV,101625.5,28.0,1.0,94261.6,302.57,1.08528
2025-10-02 21:40,KMHV,101490.1,30.0,2.0,94135.9,304.57,1.07672
2025-10-02 22:40,KMHV,101490.1,29.0,5.0,94135.9,303.57,1.08026
2025-10-02 23:00,KMHV,101456.2,28.0,7.0,94104.5,302.57,1.08347
2025-10-03 00:00,KMHV,101456.2,27.0,8.0,94104.5,301.57,1.08706
2025-10-03 01:00,KMHV,101490.1,25.0,8.0,94135.9,299.57,1.09469
2025-10-03 02:40,KMHV,101557.8,22.0,7.0,94198.7,296.57,1.10650
2025-10-03 03:00,KMHV,101557.8,22.0,7.0,94198.7,296.57,1.10650
2025-10-03 04:00,KMHV,101591.7,21.0,8.0,94230.1,295.57,1.11061
2025-10-03 05:40,KMHV,101591.7,20.0,10.0,94230.1,294.57,1.11438
2025-10-03 06:00,KMHV,101591.7,20.0,11.0,94230.1,294.57,1.11438
2025-10-03 07:00,KMHV,101591.7,19.0,12.0,94230.1,293.57,1.11818
2025-10-03 08:00,KMHV,101591.7,18.0,12.0,94230.1,292.57,1.12200
2025-10-03 09:40,KMHV,101557.8,16.0,13.0,94198.7,290.57,1.12935
2025-10-03 10:00,KMHV,101557.8,16.0,13.0,94198.7,290.57,1.12935
2025-10-03 11:00,KMHV,101523.9,17.0,13.0,94167.3,291.57,1.12510
2025-10-03 12:00,KMHV,101523.9,16.0,12.0,94167.3,290.57,1.12897
2025-10-03 13:40,KMHV,101557.8,15.0,10.0,94198.7,289.57,1.13325
2025-10-03 14:00,KMHV,101557.8,15.0,10.0,94198.7,289.57,1.13325
2025-10-03 15:00,KMHV,101591.7,16.0,9.0,94230.1,290.57,1.12972
2025-10-03 16:40,KMHV,101625.5,18.0,8.0,94261.6,292.57,1.12237
2025-10-03 17:00,KMHV,101625.5,18.0,7.0,94261.6,292.57,1.12237
2025-10-03 18:00,KMHV,101659.4,18.0,5.0,94293.0,292.57,1.12275
2025-10-03 19:00,KMHV,101625.5,19.0,6.0,94261.6,293.57,1.11855
2025-10-03 20:00,KMHV,101591.7,19.0,5.0,94230.1,293.57,1.11818
2025-10-03 21:00,KMHV,101490.1,20.0,3.0,94135.9,294.57,1.11327
2025-10-03 22:40,KMHV,101422.4,20.0,3.0,94073.1,294.57,1.11252
2025-10-03 23:00,KMHV,101388.5,19.0,2.0,94041.7,293.57,1.11594
2025-10-04 00:00,KMHV,101422.4,18.0,3.0,94073.1,292.57,1.12013
2025-10-04 01:00,KMHV,101422.4,17.0,4.0,94073.1,291.57,1.12397
2025-10-04 02:00,KMHV,101456.2,16.0,5.0,94104.5,290.57,1.12822
2025-10-04 03:00,KMHV,101456.2,15.0,4.0,94104.5,289.57,1.13211
2025-10-04 04:00,KMHV,101422.4,15.0,4.0,94073.1,289.57,1.13173
2025-10-04 05:00,KMHV,101422.4,15.0,1.0,94073.1,289.57,1.13173
2025-10-04 06:00,KMHV,101456.2,15.0,1.0,94104.5,289.57,1.13211
2025-10-04 07:00,KMHV,101388.5,14.0,2.0,94041.7,288.57,1.13528
2025-10-04 08:00,KMHV,101422.4,14.0,3.0,94073.1,288.57,1.13566
2025-10-04 09:00,KMHV,101456.2,14.0,4.0,94104.5,288.57,1.13604
2025-10-04 10:00,KMHV,101456.2,13.0,4.0,94104.5,287.57,1.13999
2025-10-04 11:00,KMHV,101456.2,13.0,3.0,94104.5,287.57,1.13999
2025-10-04 12:00,KMHV,101456.2,13.0,4.0,94104.5,287.57,1.13999
2025-10-04 13:00,KMHV,101490.1,13.0,4.0,94135.9,287.57,1.14037
2025-10-04 14:00,KMHV,101523.9,13.0,4.0,94167.3,287.57,1.14075
2025-10-04 15:40,KMHV,101557.8,17.0,3.0,94198.7,291.57,1.12547
2025-10-04 16:00,KMHV,101557.8,18.0,3.0,94198.7,292.57,1.12163
2025-10-04 17:00,KMHV,101557.8,20.0,2.0,94198.7,294.57,1.11401
2025-10-04 18:00,KMHV,101591.7,20.0,2.0,94230.1,294.57,1.11438
2025-10-04 19:00,KMHV,101523.9,21.0,1.0,94167.3,295.57,1.10987
2025-10-04 20:00,KMHV,101456.2,21.0,0.0,94104.5,295.57,1.10913
2025-10-04 21:00,KMHV,101388.5,22.0,0.0,94041.7,296.57,1.10465
2025-10-04 22:00,KMHV,101320.8,23.0,0.0,93978.9,297.57,1.10021
2025-10-04 23:00,KMHV,101253.0,23.0,0.0,93916.0,297.57,1.09947
2025-10-05 00:00,KMHV,101185.3,23.0,6.0,93853.2,297.57,1.09873
2025-10-05 01:00,KMHV,101151.4,21.0,6.0,93821.8,295.57,1.10580
2025-10-05 02:00,KMHV,101151.4,18.0,5.0,93821.8,292.57,1.11714
2025-10-05 03:00,KMHV,101151.4,17.0,5.0,93821.8,291.57,1.12097
2025-10-05 04:00,KMHV,101219.2,17.0,5.0,93884.6,291.57,1.12172
2025-10-05 05:00,KMHV,101219.2,17.0,5.0,93884.6,291.57,1.12172
2025-10-05 06:00,KMHV,101219.2,17.0,5.0,93884.6,291.57,1.12172
2025-10-05 07:00,KMHV,101185.3,16.0,5.0,93853.2,290.57,1.12520
2025-10-05 08:00,KMHV,101219.2,15.0,4.0,93884.6,289.57,1.12947
2025-10-05 09:00,KMHV,101253.0,13.0,5.0,93916.0,287.57,1.13770
2025-10-05 10:00,KMHV,101219.2,12.0,4.0,93884.6,286.57,1.14129
2025-10-05 11:00,KMHV,101185.3,11.0,3.0,93853.2,285.57,1.14490
2025-10-05 12:00,KMHV,101151.4,10.0,3.0,93821.8,284.57,1.14854
2025-10-05 13:00,KMHV,101185.3,10.0,3.0,93853.2,284.57,1.14893
2025-10-05 14:00,KMHV,101185.3,9.0,3.0,93853.2,283.57,1.15298
2025-10-05 15:00,KMHV,101253.0,15.0,4.0,93916.0,289.57,1.12985
2025-10-05 16:00,KMHV,101320.8,17.0,5.0,93978.9,291.57,1.12285
2025-10-05 17:00,KMHV,101320.8,19.0,5.0,93978.9,293.57,1.11520
2025-10-05 18:00,KMHV,101320.8,21.0,3.0,93978.9,295.57,1.10765
2025-10-05 19:00,KMHV,101286.9,22.0,3.0,93947.5,296.57,1.10355
2025-10-05 21:40,KMHV,101083.7,24.0,1.0,93759.0,298.57,1.09396
2025-10-05 22:00,KMHV,101049.8,25.0,1.0,93727.6,299.57,1.08994
2025-10-05 23:00,KMHV,101016.0,25.0,0.0,93696.2,299.57,1.08957
2025-10-06 00:00,KMHV,100982.1,25.0,-1.0,93664.8,299.57,1.08921
2025-10-06 01:00,KMHV,100982.1,25.0,-1.0,93664.8,299.57,1.08921
2025-10-06 02:00,KMHV,101016.0,22.0,0.0,93696.2,296.57,1.10059
2025-10-06 03:00,KMHV,101016.0,19.0,0.0,93696.2,293.57,1.11184
2025-10-06 04:00,KMHV,101083.7,18.0,0.0,93759.0,292.57,1.11639
2025-10-06 05:00,KMHV,101117.6,17.0,1.0,93790.4,291.57,1.12059
2025-10-06 06:00,KMHV,101185.3,16.0,1.0,93853.2,290.57,1.12520
2025-10-06 07:00,KMHV,101185.3,15.0,2.0,93853.2,289.57,1.12909
2025-10-06 08:00,KMHV,101185.3,16.0,2.0,93853.2,290.57,1.12520
2025-10-06 09:00,KMHV,101185.3,16.0,1.0,93853.2,290.57,1.12520
2025-10-06 10:40,KMHV,101151.4,15.0,1.0,93821.8,289.57,1.12871
2025-10-06 11:40,KMHV,101151.4,14.0,1.0,93821.8,288.57,1.13262
2025-10-06 12:00,KMHV,101151.4,14.0,1.0,93821.8,288.57,1.13262
2025-10-06 13:00,KMHV,101219.2,14.0,0.0,93884.6,288.57,1.13338
2025-10-06 14:20,KMHV,101286.9,13.0,0.0,93947.5,287.57,1.13808
2025-10-06 15:00,KMHV,101320.8,16.0,1.0,93978.9,290.57,1.12671
2025-10-06 16:40,KMHV,101422.4,21.0,1.0,94073.1,295.57,1.10876
2026-01-14 19:55,KMHV,102641.5,19.0,-0.8,95203.9,293.57,1.12973
2026-01-14 21:55,KMHV,102506.0,20.6,-2.1,95078.2,295.17,1.12213
2026-01-14 22:55,KMHV,102472.1,20.7,-2.7,95046.8,295.27,1.12138
2026-01-14 23:55,KMHV,102404.4,19.2,2.2,94984.0,293.77,1.12636
2026-01-15 00:55,KMHV,102370.5,16.7,2.7,94952.6,291.27,1.13565
2026-01-15 01:55,KMHV,102404.4,13.6,-0.3,94984.0,288.17,1.14824
2026-01-15 02:55,KMHV,102404.4,11.3,-0.8,94984.0,285.87,1.15748
2026-01-15 03:55,KMHV,102438.3,11.6,-1.0,95015.4,286.17,1.15665
2026-01-15 04:55,KMHV,102472.1,7.3,0.8,95046.8,281.87,1.17468
2026-01-15 05:55,KMHV,102472.1,7.6,0.1,95046.8,282.17,1.17344
2026-01-15 06:55,KMHV,102472.1,7.9,-0.5,95046.8,282.47,1.17219
2026-01-15 07:55,KMHV,102438.3,6.9,-0.9,95015.4,281.47,1.17596
2026-01-15 08:55,KMHV,102404.4,5.8,-0.6,94984.0,280.37,1.18019
2026-01-15 09:55,KMHV,102370.5,5.7,-0.4,94952.6,280.27,1.18022
2026-01-15 10:55,KMHV,102336.7,5.4,-0.5,94921.2,279.97,1.18109
2026-01-15 11:55,KMHV,102268.9,6.0,-0.9,94858.3,280.57,1.17779
2026-01-15 12:55,KMHV,102235.1,5.5,-1.2,94826.9,280.07,1.17950
2026-01-15 13:55,KMHV,102268.9,5.6,-1.4,94858.3,280.17,1.17947
2026-01-15 14:55,KMHV,102268.9,5.2,-1.3,94858.3,279.77,1.18115
2026-01-15 15:55,KMHV,102302.8,7.0,-0.2,94889.8,281.57,1.17399
2026-01-15 16:55,KMHV,102336.7,14.4,1.4,94921.2,288.97,1.14431
2026-01-15 17:55,KMHV,102370.5,17.3,-0.9,94952.6,291.87,1.13331
2026-01-15 18:55,KMHV,102336.7,18.5,-0.8,94921.2,293.07,1.12830
2026-01-15 19:15,KMHV,102302.8,18.7,-1.9,94889.8,293.27,1.12716
2026-01-15 21:15,KMHV,102065.8,19.7,-2.3,94669.9,294.27,1.12072
2026-01-15 22:55,KMHV,101964.2,20.8,-1.8,94575.7,295.37,1.11544
2026-01-15 23:55,KMHV,101964.2,20.0,0.8,94575.7,294.57,1.11847
2026-01-16 00:55,KMHV,101964.2,17.8,1.5,94575.7,292.37,1.12688
2026-01-16 01:55,KMHV,101930.3,10.4,2.1,94544.2,284.97,1.15576
2026-01-16 02:55,KMHV,101930.3,8.7,1.9,94544.2,283.27,1.16270
2026-01-16 03:55,KMHV,101964.2,8.1,1.0,94575.7,282.67,1.16555
2026-01-16 04:55,KMHV,101998.0,7.7,0.2,94607.1,282.27,1.16759
2026-01-16 05:55,KMHV,101998.0,7.0,-0.1,94607.1,281.57,1.17050
2026-01-16 06:55,KMHV,101998.0,7.5,-0.7,94607.1,282.07,1.16842
2026-01-16 07:55,KMHV,101998.0,7.4,-0.9,94607.1,281.97,1.16883
2026-01-16 08:55,KMHV,101998.0,9.0,-2.4,94607.1,283.57,1.16224
2026-01-16 09:55,KMHV,102031.9,6.1,-1.4,94638.5,280.67,1.17464
2026-01-16 10:55,KMHV,102031.9,3.8,-0.8,94638.5,278.37,1.18434
2026-01-16 11:55,KMHV,101998.0,4.7,-1.1,94607.1,279.27,1.18014
2026-01-16 12:55,KMHV,101998.0,4.6,-1.2,94607.1,279.17,1.18056
2026-01-16 13:55,KMHV,102065.8,6.4,-2.7,94669.9,280.97,1.17377
2026-01-16 14:55,KMHV,102133.5,7.1,-3.6,94732.7,281.67,1.17163
2026-01-16 15:55,KMHV,102167.4,8.1,-3.1,94764.1,282.67,1.16788
2026-01-16 16:55,KMHV,102268.9,12.3,-1.8,94858.3,286.87,1.15192
2026-01-16 17:55,KMHV,102336.7,15.3,-0.9,94921.2,289.87,1.14076
2026-01-16 18:55,KMHV,102302.8,17.4,-2.3,94889.8,291.97,1.13218
2026-01-16 19:55,KMHV,102235.1,18.2,-3.6,94826.9,292.77,1.12833
2026-01-16 21:55,KMHV,102065.8,19.6,-2.9,94669.9,294.17,1.12110
2026-01-16 22:15,KMHV,102031.9,19.6,-2.4,94638.5,294.17,1.12073
2026-01-16 23:55,KMHV,102031.9,19.9,-2.8,94638.5,294.47,1.11959
2026-01-17 00:55,KMHV,101998.0,18.0,-0.8,94607.1,292.57,1.12649
2026-01-17 01:55,KMHV,102065.8,8.5,1.5,94669.9,283.07,1.16507
2026-01-17 02:55,KMHV,102099.6,7.6,-0.1,94701.3,282.17,1.16917
2026-01-17 03:55,KMHV,102167.4,7.1,-1.0,94764.1,281.67,1.17202
2026-01-17 04:55,KMHV,102167.4,6.2,-1.2,94764.1,280.77,1.17578
2026-01-17 05:55,KMHV,102201.2,6.1,-1.2,94795.5,280.67,1.17659
2026-01-17 06:55,KMHV,102201.2,6.2,-2.1,94795.5,280.77,1.17617
2026-01-17 07:55,KMHV,102201.2,5.5,-1.9,94795.5,280.07,1.17911
2026-01-17 08:55,KMHV,102235.1,5.4,-2.0,94826.9,279.97,1.17992
2026-01-17 09:55,KMHV,102235.1,4.3,-1.8,94826.9,278.87,1.18457
2026-01-17 10:55,KMHV,102268.9,5.1,-3.2,94858.3,279.67,1.18158
2026-01-17 11:55,KMHV,102201.2,4.6,-3.5,94795.5,279.17,1.18291
2026-01-17 12:55,KMHV,102235.1,5.5,-3.9,94826.9,280.07,1.17950
2026-01-17 13:55,KMHV,102302.8,4.6,-4.5,94889.8,279.17,1.18409
2026-01-17 14:55,KMHV,102370.5,2.7,-3.6,94952.6,277.27,1.19299
2026-01-17 15:55,KMHV,102404.4,6.4,-2.1,94984.0,280.97,1.17767
2026-01-17 16:55,KMHV,102506.0,10.8,0.5,95078.2,285.37,1.16066
2026-01-17 17:55,KMHV,102573.7,14.5,0.2,95141.0,289.07,1.14656
2026-01-17 18:55,KMHV,102573.7,17.0,-4.3,95141.0,291.57,1.13673
2026-01-17 19:55,KMHV,102506.0,17.3,-5.3,95078.2,291.87,1.13481
2026-01-17 21:55,KMHV,102370.5,18.7,-3.6,94952.6,293.27,1.12790
2026-01-17 22:35,KMHV,102370.5,18.5,-3.7,94952.6,293.07,1.12867
2026-01-18 00:55,KMHV,102404.4,16.8,-2.9,94984.0,291.37,1.13563
2026-01-18 01:55,KMHV,102438.3,8.2,1.6,95015.4,282.77,1.17056
2026-01-18 02:55,KMHV,102472.1,8.0,0.0,95046.8,282.57,1.17177
2026-01-18 03:55,KMHV,102472.1,7.8,-0.3,95046.8,282.37,1.17260
2026-01-18 04:55,KMHV,102472.1,6.8,-1.0,95046.8,281.37,1.17677
2026-01-18 05:55,KMHV,102506.0,6.5,-2.3,95078.2,281.07,1.17842
2026-01-18 06:55,KMHV,102506.0,5.8,-2.4,95078.2,280.37,1.18136
2026-01-19 17:55,KMHV,102235.1,11.3,1.1,94826.9,285.87,1.15557
2026-01-19 18:55,KMHV,102235.1,13.7,1.7,94826.9,288.27,1.14595
2026-01-19 19:55,KMHV,102167.4,16.1,1.4,94764.1,290.67,1.13573
2026-01-19 21:35,KMHV,102065.8,18.3,-1.5,94669.9,292.87,1.12608
2026-01-20 00:55,KMHV,102031.9,17.1,-0.7,94638.5,291.67,1.13034
2026-01-20 01:55,KMHV,102065.8,9.7,2.5,94669.9,284.27,1.16015
2026-01-20 02:55,KMHV,102099.6,8.6,1.1,94701.3,283.17,1.16504
2026-01-20 03:55,KMHV,102201.2,7.3,1.1,94795.5,281.87,1.17158
2026-01-20 04:55,KMHV,102235.1,6.9,0.1,94826.9,281.47,1.17363
2026-01-20 05:55,KMHV,102268.9,8.6,-1.6,94858.3,283.17,1.16697
2026-01-20 06:55,KMHV,102336.7,7.7,-1.8,94921.2,282.27,1.17147
2026-01-20 07:55,KMHV,102268.9,5.8,-1.0,94858.3,280.37,1.17863
2026-01-20 08:55,KMHV,102235.1,5.4,-1.4,94826.9,279.97,1.17992
2026-01-20 09:55,KMHV,102268.9,5.1,-1.5,94858.3,279.67,1.18158
2026-01-20 10:55,KMHV,102235.1,6.1,-2.6,94826.9,280.67,1.17698
2026-01-20 11:55,KMHV,102235.1,5.4,-2.3,94826.9,279.97,1.17992
2026-01-20 12:55,KMHV,102235.1,3.8,-1.9,94826.9,278.37,1.18670
2026-01-20 13:55,KMHV,102268.9,2.9,-1.9,94858.3,277.47,1.19095
2026-01-20 14:55,KMHV,102302.8,2.6,-1.9,94889.8,277.17,1.19263
2026-01-20 15:55,KMHV,102370.5,5.7,-0.5,94952.6,280.27,1.18022
2026-01-20 16:55,KMHV,102404.4,11.3,-0.2,94984.0,285.87,1.15748
2026-01-20 17:55,KMHV,102404.4,13.4,-0.4,94984.0,287.97,1.14904
2026-01-20 18:55,KMHV,102404.4,15.1,-1.5,94984.0,289.67,1.14230
2026-01-20 19:55,KMHV,102336.7,16.4,-1.8,94921.2,290.97,1.13644
2026-01-20 21:55,KMHV,102167.4,17.3,-4.3,94764.1,291.87,1.13106
2026-01-20 22:55,KMHV,102133.5,17.8,-4.3,94732.7,292.37,1.12876
2026-01-20 23:55,KMHV,102133.5,17.1,-2.6,94732.7,291.67,1.13146
2026-01-21 00:55,KMHV,102099.6,15.9,-2.1,94701.3,290.47,1.13576
2026-01-21 01:55,KMHV,102133.5,9.9,3.0,94732.7,284.47,1.16010
2026-01-21 02:55,KMHV,102133.5,8.8,1.7,94732.7,283.37,1.16460
2026-01-21 03:55,KMHV,102167.4,7.8,1.2,94764.1,282.37,1.16912
2026-01-21 04:55,KMHV,102201.2,7.0,-0.7,94795.5,281.57,1.17283
2026-01-21 05:55,KMHV,102201.2,9.1,-2.0,94795.5,283.67,1.16414
2026-01-21 06:55,KMHV,102201.2,7.3,-1.2,94795.5,281.87,1.17158
2026-01-21 07:55,KMHV,102201.2,5.5,-0.7,94795.5,280.07,1.17911
2026-01-21 08:55,KMHV,102167.4,6.4,-0.9,94764.1,280.97,1.17494
2026-01-21 09:55,KMHV,102133.5,6.5,-0.7,94732.7,281.07,1.17413
2026-01-21 10:55,KMHV,102133.5,5.8,-0.5,94732.7,280.37,1.17707
2026-01-21 11:55,KMHV,102099.6,4.9,-0.6,94701.3,279.47,1.18047
2026-01-21 12:55,KMHV,102099.6,5.7,-0.8,94701.3,280.27,1.17710
2026-01-21 13:55,KMHV,102133.5,3.2,-0.8,94732.7,277.77,1.18808
2026-01-21 14:55,KMHV,102167.4,3.1,-0.6,94764.1,277.67,1.18891
2026-01-21 15:55,KMHV,102167.4,4.5,0.4,94764.1,279.07,1.18294
2026-01-21 16:55,KMHV,102235.1,8.8,1.6,94826.9,283.37,1.16576
2026-01-21 17:55,KMHV,102235.1,10.6,0.6,94826.9,285.17,1.15841
2026-01-21 18:55,KMHV,102235.1,12.2,1.2,94826.9,286.77,1.15194
2026-01-21 19:55,KMHV,102099.6,15.1,2.3,94701.3,289.67,1.13890
2026-01-21 21:55,KMHV,101964.2,15.7,0.4,94575.7,290.27,1.13504
2026-01-21 22:55,KMHV,101896.4,15.6,0.3,94512.8,290.17,1.13467
2026-01-21 23:55,KMHV,101896.4,15.2,1.6,94512.8,289.77,1.13624
2026-01-22 00:55,KMHV,101930.3,14.3,1.1,94544.2,288.87,1.14016
2026-01-22 01:55,KMHV,101930.3,12.3,4.8,94544.2,286.87,1.14811
2026-01-22 02:55,KMHV,101896.4,11.0,4.8,94512.8,285.57,1.15295
2026-01-22 03:55,KMHV,101930.3,10.9,3.7,94544.2,285.47,1.15374
2026-01-22 04:55,KMHV,101964.2,9.9,4.8,94575.7,284.47,1.15818
2026-01-22 05:55,KMHV,101862.6,10.2,2.5,94481.4,284.77,1.15581
2026-01-22 06:55,KMHV,101896.4,10.0,2.1,94512.8,284.57,1.15700
2026-01-22 07:55,KMHV,101896.4,8.7,2.8,94512.8,283.27,1.16231
2026-01-22 08:55,KMHV,101828.7,8.6,3.1,94450.0,283.17,1.16195
2026-01-22 09:55,KMHV,101794.9,7.5,1.1,94418.6,282.07,1.16609
2026-01-22 10:55,KMHV,101727.1,6.1,0.7,94355.8,280.67,1.17113
2026-01-22 11:55,KMHV,101727.1,5.9,0.4,94355.8,280.47,1.17196
2026-01-22 12:55,KMHV,101625.5,6.5,0.6,94261.6,281.07,1.16830
2026-01-22 13:55,KMHV,101727.1,8.0,2.1,94355.8,282.57,1.16326
2026-01-22 14:55,KMHV,101727.1,8.8,1.7,94355.8,283.37,1.15997
2026-01-22 15:55,KMHV,101761.0,8.4,2.5,94387.2,282.97,1.16200
2026-01-22 16:55,KMHV,101862.6,9.4,3.2,94481.4,283.97,1.15906
2026-01-22 17:55,KMHV,101828.7,10.3,3.5,94450.0,284.87,1.15502
2026-01-22 18:55,KMHV,101828.7,11.9,2.1,94450.0,286.47,1.14856
2026-01-22 19:55,KMHV,101693.3,12.4,2.8,94324.4,286.97,1.14504
2026-01-22 21:55,KMHV,101557.8,13.7,2.6,94198.7,288.27,1.13836
2026-01-22 22:55,KMHV,101557.8,14.6,0.9,94198.7,289.17,1.13481
2026-01-22 23:55,KMHV,101557.8,14.0,0.5,94198.7,288.57,1.13717
2026-01-23 00:55,KMHV,101557.8,11.4,2.5,94198.7,285.97,1.14751
2026-01-23 01:55,KMHV,101523.9,9.5,2.7,94167.3,284.07,1.15480
2026-01-23 02:55,KMHV,101523.9,9.2,1.1,94167.3,283.77,1.15602
2026-01-23 03:55,KMHV,101591.7,8.6,1.1,94230.1,283.17,1.15924
2026-01-23 04:55,KMHV,101591.7,6.8,1.5,94230.1,281.37,1.16666
2026-01-23 05:55,KMHV,101557.8,5.8,0.5,94198.7,280.37,1.17043
2026-01-23 06:55,KMHV,101523.9,6.7,0.8,94167.3,281.27,1.16630
2026-01-23 07:55,KMHV,101490.1,8.7,0.7,94135.9,283.27,1.15768
2026-01-23 08:55,KMHV,101490.1,8.0,0.7,94135.9,282.57,1.16054
2026-01-23 09:55,KMHV,101456.2,8.0,1.8,94104.5,282.57,1.16016
2026-01-23 10:55,KMHV,101422.4,8.4,1.6,94073.1,282.97,1.15813
2026-01-23 11:55,KMHV,101388.5,8.2,1.7,94041.7,282.77,1.15856
2026-01-23 12:55,KMHV,101388.5,7.9,2.2,94041.7,282.47,1.15979
2026-01-23 13:55,KMHV,101388.5,4.4,1.6,94041.7,278.97,1.17434
2026-01-23 14:55,KMHV,101388.5,4.2,0.6,94041.7,278.77,1.17519
2026-01-23 15:55,KMHV,101388.5,6.5,1.7,94041.7,281.07,1.16557
2026-01-23 16:55,KMHV,101388.5,11.5,0.4,94041.7,286.07,1.14520
2026-01-23 17:55,KMHV,101422.4,13.2,1.2,94073.1,287.77,1.13881
2026-01-23 18:55,KMHV,101354.6,14.7,3.9,94010.3,289.27,1.13215
2026-01-23 19:55,KMHV,101253.0,17.5,2.7,93916.0,292.07,1.12017
2026-01-23 21:55,KMHV,101016.0,18.2,-1.8,93696.2,292.77,1.11488
2026-01-23 22:55,KMHV,101016.0,17.7,-2.0,93696.2,292.27,1.11679
2026-01-23 23:55,KMHV,100982.1,16.5,-0.7,93664.8,291.07,1.12102
2026-01-24 00:55,KMHV,101016.0,15.0,-1.5,93696.2,289.57,1.12720
2026-01-24 01:55,KMHV,101049.8,13.8,-2.0,93727.6,288.37,1.13227
2026-01-24 02:55,KMHV,101083.7,12.8,-3.1,93759.0,287.37,1.13659
2026-01-24 03:55,KMHV,101083.7,12.8,-3.7,93759.0,287.37,1.13659
2026-01-24 04:55,KMHV,101083.7,11.8,-3.2,93759.0,286.37,1.14056
2026-01-24 05:55,KMHV,101117.6,11.5,-3.1,93790.4,286.07,1.14214
2026-01-24 06:55,KMHV,101049.8,11.6,-0.8,93727.6,286.17,1.14097
2026-01-24 07:55,KMHV,101049.8,11.2,-1.0,93727.6,285.77,1.14257
2026-01-24 08:55,KMHV,101049.8,10.3,-0.5,93727.6,284.87,1.14618
2026-01-24 09:55,KMHV,101049.8,5.5,-1.1,93727.6,280.07,1.16582
2026-01-24 10:55,KMHV,101049.8,3.4,-1.3,93727.6,277.97,1.17463
2026-01-24 11:55,KMHV,101016.0,4.9,-0.6,93696.2,279.47,1.16794
2026-01-24 12:55,KMHV,101049.8,4.5,-1.0,93727.6,279.07,1.17000
2026-01-24 13:55,KMHV,101151.4,1.8,-1.2,93821.8,276.37,1.18262
2026-01-24 14:55,KMHV,101185.3,2.2,-1.3,93853.2,276.77,1.18131
2026-01-24 15:55,KMHV,101253.0,3.7,-0.2,93916.0,278.27,1.17573
2026-01-24 16:55,KMHV,101320.8,11.0,-1.3,93978.9,285.57,1.14644
2026-01-24 17:55,KMHV,101388.5,12.3,-2.5,94041.7,286.87,1.14200
2026-01-24 18:55,KMHV,101422.4,13.3,-1.9,94073.1,287.87,1.13842
2026-01-24 19:55,KMHV,101354.6,15.0,-2.3,94010.3,289.57,1.13098
2026-01-24 21:55,KMHV,101253.0,16.0,-5.8,93916.0,290.57,1.12596
2026-01-24 22:55,KMHV,101253.0,15.9,-10.6,93916.0,290.47,1.12634
2026-01-24 23:55,KMHV,101320.8,15.4,-9.3,93978.9,289.97,1.12904
2026-01-25 00:55,KMHV,101388.5,13.4,-11.9,94041.7,287.97,1.13764
2026-01-25 01:55,KMHV,101490.1,9.7,-10.0,94135.9,284.27,1.15360
2026-01-25 02:55,KMHV,101557.8,5.6,-8.3,94198.7,280.17,1.17127
2026-01-25 03:55,KMHV,101659.4,6.1,-9.5,94293.0,280.67,1.17035
2026-01-25 04:55,KMHV,101727.1,1.9,-7.5,94355.8,276.47,1.18892
2026-01-25 05:55,KMHV,101828.7,1.7,-8.1,94450.0,276.27,1.19097
2026-01-25 06:55,KMHV,101862.6,1.8,-8.6,94481.4,276.37,1.19093
2026-01-25 07:55,KMHV,101930.3,1.3,-9.4,94544.2,275.87,1.19389
2026-01-25 08:55,KMHV,101964.2,1.3,-9.9,94575.7,275.87,1.19428
2026-01-25 09:55,KMHV,102031.9,1.6,-10.3,94638.5,276.17,1.19378
2026-01-25 10:55,KMHV,102031.9,-0.4,-10.5,94638.5,274.17,1.20249
2026-01-25 11:55,KMHV,102031.9,-1.2,-10.8,94638.5,273.37,1.20601
2026-01-25 12:55,KMHV,102099.6,-1.5,-11.2,94701.3,273.07,1.20813
2026-01-25 13:55,KMHV,102133.5,-1.8,-11.0,94732.7,272.77,1.20986
2026-01-25 14:55,KMHV,102201.2,-1.7,-10.9,94795.5,272.87,1.21022
2026-01-25 15:55,KMHV,102302.8,0.5,-9.8,94889.8,275.07,1.20173
2026-01-25 16:55,KMHV,102370.5,7.9,-10.7,94952.6,282.47,1.17103
2026-01-25 17:55,KMHV,102404.4,10.2,-12.3,94984.0,284.77,1.16195
2026-01-25 18:55,KMHV,102438.3,11.2,-11.2,95015.4,285.77,1.15827
2026-01-25 19:55,KMHV,102370.5,10.8,-7.4,94952.6,285.37,1.15913
2026-01-25 21:55,KMHV,102268.9,13.8,-13.5,94858.3,288.37,1.14593
2026-01-25 22:55,KMHV,102268.9,13.7,-11.4,94858.3,288.27,1.14633
2026-01-25 23:55,KMHV,102302.8,13.6,-11.8,94889.8,288.17,1.14711
2026-01-26 00:55,KMHV,102370.5,11.8,-11.2,94952.6,286.37,1.15508
2026-01-26 01:55,KMHV,102404.4,6.0,-3.0,94984.0,280.57,1.17935
2026-01-26 02:55,KMHV,102472.1,4.8,-4.1,95046.8,279.37,1.18520
2026-01-26 03:55,KMHV,102506.0,6.1,-4.7,95078.2,280.67,1.18010
2026-01-26 04:55,KMHV,102506.0,5.4,-4.4,95078.2,279.97,1.18305
2026-01-26 05:55,KMHV,102573.7,4.4,-5.0,95141.0,278.97,1.18807
2026-01-26 06:55,KMHV,102573.7,3.4,-5.6,95141.0,277.97,1.19235
2026-01-26 07:55,KMHV,102573.7,2.8,-6.5,95141.0,277.37,1.19493
2026-01-26 08:55,KMHV,102607.6,1.4,-6.3,95172.4,275.97,1.20138
2026-01-26 09:55,KMHV,102607.6,1.6,-7.0,95172.4,276.17,1.20051
2026-01-26 10:55,KMHV,102607.6,1.4,-7.0,95172.4,275.97,1.20138
2026-01-26 11:55,KMHV,102641.5,0.8,-6.9,95203.9,275.37,1.20440
2026-01-26 12:55,KMHV,102641.5,2.0,-7.2,95203.9,276.57,1.19917
2026-01-26 13:55,KMHV,102743.0,2.3,-7.3,95298.1,276.87,1.19906
2026-01-26 14:55,KMHV,102776.9,0.6,-5.7,95329.5,275.17,1.20686
2026-01-26 15:55,KMHV,102810.8,2.4,-5.0,95360.9,276.97,1.19942
2026-01-26 16:55,KMHV,102844.6,6.2,-4.4,95392.3,280.77,1.18357
2026-01-26 17:55,KMHV,102878.5,9.3,-6.4,95423.7,283.87,1.17103
2026-01-26 18:55,KMHV,102878.5,12.3,-8.7,95423.7,286.87,1.15879
2026-01-26 19:55,KMHV,102776.9,12.8,-9.6,95329.5,287.37,1.15563
2026-01-26 21:55,KMHV,102641.5,14.0,-10.0,95203.9,288.57,1.14931
2026-01-26 22:55,KMHV,102573.7,14.1,-9.4,95141.0,288.67,1.14815
2026-01-26 23:55,KMHV,102573.7,14.1,-8.7,95141.0,288.67,1.14815
2026-01-27 00:55,KMHV,102607.6,12.3,-7.1,95172.4,286.87,1.15574
2026-01-27 01:55,KMHV,102641.5,8.6,-7.0,95203.9,283.17,1.17122
2026-01-27 02:55,KMHV,102675.3,5.3,-6.9,95235.3,279.87,1.18542
2026-01-27 03:55,KMHV,102675.3,2.9,-6.2,95235.3,277.47,1.19568
2026-01-27 04:55,KMHV,102743.0,2.1,-6.4,95298.1,276.67,1.19993
2026-01-27 05:55,KMHV,102743.0,4.2,-7.9,95298.1,278.77,1.19089
2026-01-27 06:55,KMHV,102709.2,2.2,-7.4,95266.7,276.77,1.19910
2026-01-27 07:55,KMHV,102709.2,2.3,-7.8,95266.7,276.87,1.19866
2026-01-27 08:55,KMHV,102709.2,2.4,-8.5,95266.7,276.97,1.19823
2026-01-27 09:55,KMHV,102709.2,2.3,-9.0,95266.7,276.87,1.19866
2026-01-27 10:55,KMHV,102709.2,0.3,-8.4,95266.7,274.87,1.20739
2026-01-27 11:55,KMHV,102675.3,-1.1,-8.7,95235.3,273.47,1.21317
2026-01-27 12:55,KMHV,102675.3,-1.3,-8.3,95235.3,273.27,1.21405
2026-01-27 13:55,KMHV,102709.2,-2.9,-8.2,95266.7,271.67,1.22161
2026-01-27 14:55,KMHV,102776.9,-2.8,-8.2,95329.5,271.77,1.22196
2026-01-27 15:55,KMHV,102810.8,1.1,-7.2,95360.9,275.67,1.20507
2026-01-27 16:55,KMHV,102878.5,7.0,-8.8,95423.7,281.57,1.18060
2026-01-27 17:55,KMHV,102946.2,9.1,-8.2,95486.5,283.67,1.17263
2026-01-27 18:55,KMHV,102912.4,11.0,-8.1,95455.1,285.57,1.16445
2026-01-27 19:55,KMHV,102810.8,12.3,-8.3,95360.9,286.87,1.15802
2026-01-27 21:55,KMHV,102607.6,14.0,-9.3,95172.4,288.57,1.14893
2026-01-27 22:55,KMHV,102573.7,14.3,-9.6,95141.0,288.87,1.14736
2026-01-27 23:55,KMHV,102573.7,14.2,-10.1,95141.0,288.77,1.14775
2026-01-28 00:55,KMHV,102573.7,12.5,-7.9,95141.0,287.07,1.15455
2026-01-28 01:55,KMHV,102607.6,6.2,-2.2,95172.4,280.77,1.18085
2026-01-28 02:55,KMHV,102675.3,4.9,-4.9,95235.3,279.47,1.18712
2026-01-28 03:55,KMHV,102675.3,4.7,-4.9,95235.3,279.27,1.18797
2026-01-28 04:55,KMHV,102675.3,3.7,-4.7,95235.3,278.27,1.19224
2026-01-28 05:55,KMHV,102709.2,4.0,-6.6,95266.7,278.57,1.19135
2026-01-28 06:55,KMHV,102709.2,3.5,-6.5,95266.7,278.07,1.19349
2026-01-28 07:55,KMHV,102709.2,3.1,-6.3,95266.7,277.67,1.19521
2026-01-28 08:55,KMHV,102675.3,2.9,-5.9,95235.3,277.47,1.19568
2026-01-28 09:55,KMHV,102641.5,2.0,-5.0,95203.9,276.57,1.19917
2026-01-28 10:55,KMHV,102641.5,2.7,-4.7,95203.9,277.27,1.19615
2026-01-28 11:55,KMHV,102607.6,2.6,-4.1,95172.4,277.17,1.19618
2026-01-28 12:55,KMHV,102573.7,3.9,-5.7,95141.0,278.47,1.19021
2026-01-28 13:55,KMHV,102573.7,3.3,-5.7,95141.0,277.87,1.19278
2026-01-28 14:55,KMHV,102539.9,7.3,-7.4,95109.6,281.87,1.17546
2026-01-28 15:55,KMHV,102573.7,10.1,-8.7,95141.0,284.67,1.16428
2026-01-28 16:55,KMHV,102675.3,6.7,-5.0,95235.3,281.27,1.17952
2026-01-28 17:55,KMHV,102776.9,6.4,-4.0,95329.5,280.97,1.18195
2026-01-28 18:55,KMHV,102776.9,10.2,-3.3,95329.5,284.77,1.16618
2026-01-28 19:55,KMHV,102709.2,11.9,-4.6,95266.7,286.47,1.15850
2026-01-28 20:35,KMHV,102641.5,13.7,-4.8,95203.9,288.27,1.15050
2026-01-28 21:55,KMHV,102573.7,14.9,-6.3,95141.0,289.47,1.14498
2026-01-28 22:55,KMHV,102539.9,16.4,-6.4,95109.6,290.97,1.13870
2026-01-28 23:55,KMHV,102539.9,16.1,-6.4,95109.6,290.67,1.13987
2026-01-29 00:55,KMHV,102573.7,14.9,-4.5,95141.0,289.47,1.14498
2026-01-29 01:55,KMHV,102573.7,6.9,-1.8,95141.0,281.47,1.17752
2026-01-29 02:55,KMHV,102607.6,6.0,-3.3,95172.4,280.57,1.18169
2026-01-29 03:55,KMHV,102607.6,5.8,-2.1,95172.4,280.37,1.18253
2026-01-29 04:55,KMHV,102607.6,7.0,-3.7,95172.4,281.57,1.17749
2026-01-29 05:55,KMHV,102641.5,6.6,-4.2,95203.9,281.17,1.17955
2026-01-29 06:55,KMHV,102675.3,3.4,-4.5,95235.3,277.97,1.19353
2026-01-29 07:55,KMHV,102641.5,2.9,-4.7,95203.9,277.47,1.19528
2026-01-29 08:55,KMHV,102675.3,1.9,-4.9,95235.3,276.47,1.20000
2026-01-29 09:55,KMHV,102709.2,1.6,-4.5,95266.7,276.17,1.20170
2026-01-29 10:55,KMHV,102675.3,1.2,-5.0,95235.3,275.77,1.20305
2026-01-29 11:55,KMHV,102641.5,0.6,-5.3,95203.9,275.17,1.20527
2026-01-29 12:55,KMHV,102675.3,0.8,-5.5,95235.3,275.37,1.20480
2026-01-29 13:55,KMHV,102675.3,1.0,-5.5,95235.3,275.57,1.20392
2026-01-29 14:55,KMHV,102776.9,0.9,-5.9,95329.5,275.47,1.20555
2026-01-29 15:55,KMHV,102810.8,3.2,-3.6,95360.9,277.77,1.19596
2026-01-29 16:55,KMHV,102912.4,7.3,-5.2,95455.1,281.87,1.17973
2026-01-29 17:55,KMHV,102946.2,12.1,-4.4,95486.5,286.67,1.16036
2026-01-29 18:55,KMHV,102878.5,14.6,-4.5,95423.7,289.17,1.14957
2026-01-29 19:15,KMHV,102878.5,15.1,-6.4,95423.7,289.67,1.14759
2026-01-29 21:55,KMHV,102675.3,17.0,-6.9,95235.3,291.57,1.13786
2026-01-29 22:55,KMHV,102641.5,17.4,-5.2,95203.9,291.97,1.13592
2026-01-29 23:55,KMHV,102607.6,17.4,-3.9,95172.4,291.97,1.13555
2026-01-30 00:55,KMHV,102607.6,16.1,-2.9,95172.4,290.67,1.14063
2026-01-30 01:55,KMHV,102607.6,8.5,-0.1,95172.4,283.07,1.17125
2026-01-30 02:55,KMHV,102675.3,7.7,-2.0,95235.3,282.27,1.17535
2026-01-30 03:55,KMHV,102743.0,6.1,-2.7,95298.1,280.67,1.18283
2026-01-30 04:55,KMHV,102743.0,5.5,-3.1,95298.1,280.07,1.18536
2026-01-30 05:55,KMHV,102810.8,4.6,-3.4,95360.9,279.17,1.18996
2026-01-30 06:55,KMHV,102844.6,4.6,-4.0,95392.3,279.17,1.19036
2026-01-30 07:55,KMHV,102810.8,4.6,-3.9,95360.9,279.17,1.18996
2026-01-30 08:55,KMHV,102844.6,3.8,-3.8,95392.3,278.37,1.19378
2026-01-30 09:55,KMHV,102844.6,3.3,-3.9,95392.3,277.87,1.19593
2026-01-30 10:55,KMHV,102844.6,3.1,-3.9,95392.3,277.67,1.19679
2026-01-30 11:55,KMHV,102844.6,2.7,-3.9,95392.3,277.27,1.19851
2026-01-30 12:55,KMHV,102844.6,2.5,-3.9,95392.3,277.07,1.19938
2026-01-30 13:55,KMHV,102878.5,1.0,-3.7,95423.7,275.57,1.20630
2026-01-30 14:55,KMHV,102946.2,2.5,-3.8,95486.5,277.07,1.20056
2026-01-30 15:15,KMHV,102912.4,3.4,-3.7,95455.1,277.97,1.19628
2026-01-30 16:55,KMHV,103014.0,10.2,-2.2,95549.4,284.77,1.16887
2026-01-30 17:35,KMHV,103047.8,12.4,-1.3,95580.8,286.97,1.16029
2026-01-30 18:55,KMHV,103047.8,15.0,-3.2,95580.8,289.57,1.14987
2026-01-30 19:55,KMHV,102946.2,17.0,-2.6,95486.5,291.57,1.14086
2026-01-30 21:55,KMHV,102743.0,18.8,-4.1,95298.1,293.37,1.13162
2026-01-30 22:55,KMHV,102743.0,19.4,-3.5,95298.1,293.97,1.12931
2026-01-30 23:55,KMHV,102709.2,19.1,-3.1,95266.7,293.67,1.13009
2026-01-31 00:55,KMHV,102709.2,17.4,0.1,95266.7,291.97,1.13667
2026-01-31 01:55,KMHV,102709.2,9.5,1.6,95266.7,284.07,1.16828
2026-01-31 02:55,KMHV,102743.0,7.8,0.1,95298.1,282.37,1.17570
2026-01-31 03:55,KMHV,102743.0,8.0,-0.7,95298.1,282.57,1.17487
2026-01-31 04:55,KMHV,102776.9,7.7,-0.3,95329.5,282.27,1.17651
2026-01-31 05:55,KMHV,102776.9,7.7,-0.5,95329.5,282.27,1.17651
2026-01-31 06:55,KMHV,102810.8,6.1,-0.7,95360.9,280.67,1.18361
2026-01-31 07:55,KMHV,102776.9,6.0,-0.5,95329.5,280.57,1.18364
2026-01-31 08:55,KMHV,102743.0,6.5,-0.9,95298.1,281.07,1.18114
2026-01-31 09:55,KMHV,102709.2,6.5,-1.7,95266.7,281.07,1.18075
2026-01-31 10:55,KMHV,102709.2,4.9,-1.6,95266.7,279.47,1.18751
2026-01-31 11:55,KMHV,102675.3,4.6,-1.3,95235.3,279.17,1.18840
2026-01-31 12:55,KMHV,102641.5,3.6,-1.4,95203.9,278.17,1.19228
2026-01-31 13:55,KMHV,102675.3,2.9,-1.8,95235.3,277.47,1.19568
2026-01-31 14:55,KMHV,102709.2,2.4,-1.6,95266.7,276.97,1.19823
2026-01-31 15:55,KMHV,102743.0,5.7,0.4,95298.1,280.27,1.18451
2026-01-31 16:55,KMHV,102776.9,11.4,-0.7,95329.5,285.97,1.16129
2026-01-31 17:55,KMHV,102776.9,13.8,-0.7,95329.5,288.37,1.15162
2026-01-31 18:55,KMHV,102743.0,16.0,0.9,95298.1,290.57,1.14253
2026-01-31 19:55,KMHV,102641.5,17.9,0.1,95203.9,292.47,1.13398
2026-01-31 21:55,KMHV,102404.4,19.8,-0.3,94984.0,294.37,1.12406
2026-01-31 22:55,KMHV,102370.5,20.0,0.7,94952.6,294.57,1.12293
2026-01-31 23:55,KMHV,102336.7,20.0,0.9,94921.2,294.57,1.12255
2026-02-01 00:55,KMHV,102302.8,19.1,1.3,94889.8,293.67,1.12562
2026-02-01 01:55,KMHV,102302.8,10.4,3.8,94889.8,284.97,1.15999
2026-02-01 02:55,KMHV,102302.8,9.4,2.1,94889.8,283.97,1.16407
2026-02-01 03:55,KMHV,102302.8,9.3,1.6,94889.8,283.87,1.16448
2026-02-01 04:55,KMHV,102302.8,8.3,1.3,94889.8,282.87,1.16860
2026-02-01 05:55,KMHV,102302.8,7.2,1.2,94889.8,281.77,1.17316
2026-02-01 06:55,KMHV,102302.8,7.8,0.8,94889.8,282.37,1.17067
2026-02-01 07:55,KMHV,102268.9,7.1,0.1,94858.3,281.67,1.17319
2026-02-01 08:55,KMHV,102268.9,7.7,-0.5,94858.3,282.27,1.17069
2026-02-01 09:55,KMHV,102268.9,4.5,-0.3,94858.3,279.07,1.18412
2026-02-01 10:55,KMHV,102235.1,4.3,-0.2,94826.9,278.87,1.18457
2026-02-01 11:55,KMHV,102235.1,4.3,-0.3,94826.9,278.87,1.18457
2026-02-01 12:55,KMHV,102235.1,3.9,-0.6,94826.9,278.47,1.18628
2026-02-01 13:55,KMHV,102235.1,3.8,-0.7,94826.9,278.37,1.18670
2026-02-01 14:55,KMHV,102268.9,3.3,-0.7,94858.3,277.87,1.18923
2026-02-01 15:55,KMHV,102336.7,6.0,1.5,94921.2,280.57,1.17857
2026-02-01 16:55,KMHV,102336.7,12.7,0.9,94921.2,287.27,1.15108
2026-02-01 17:55,KMHV,102370.5,15.1,1.2,94952.6,289.67,1.14192
2026-02-01 18:55,KMHV,102336.7,16.9,1.9,94921.2,291.47,1.13449
2026-02-01 19:55,KMHV,102235.1,17.8,2.3,94826.9,292.37,1.12988
2026-02-01 21:55,KMHV,102031.9,19.2,2.4,94638.5,293.77,1.12226
2026-02-01 22:55,KMHV,101964.2,19.5,3.4,94575.7,294.07,1.12037
2026-02-01 23:55,KMHV,101930.3,20.0,3.3,94544.2,294.57,1.11810
2026-02-02 00:55,KMHV,101964.2,18.8,2.3,94575.7,293.37,1.12304
2026-02-02 01:55,KMHV,101964.2,11.5,3.7,94575.7,286.07,1.15170
2026-02-02 02:55,KMHV,101998.0,9.4,3.7,94607.1,283.97,1.16060
2026-02-02 03:55,KMHV,101998.0,12.2,1.8,94607.1,286.77,1.14927
2026-02-02 04:55,KMHV,102031.9,13.0,2.1,94638.5,287.57,1.14645
2026-02-02 05:55,KMHV,102065.8,12.1,0.6,94669.9,286.67,1.15044
2026-02-02 06:55,KMHV,102099.6,14.4,-1.3,94701.3,288.97,1.14166
2026-02-02 07:55,KMHV,102065.8,14.0,-0.5,94669.9,288.57,1.14286
2026-02-02 08:55,KMHV,102065.8,11.8,-0.3,94669.9,286.37,1.15164
2026-02-02 09:55,KMHV,102065.8,6.9,0.7,94669.9,281.47,1.17169
2026-02-02 10:55,KMHV,102031.9,6.1,0.5,94638.5,280.67,1.17464
2026-02-02 11:55,KMHV,102031.9,4.8,0.1,94638.5,279.37,1.18010
2026-02-02 12:55,KMHV,102031.9,5.2,0.4,94638.5,279.77,1.17842
2026-02-02 13:55,KMHV,102099.6,4.0,-0.1,94701.3,278.57,1.18428
2026-02-02 14:55,KMHV,102133.5,4.3,0.0,94732.7,278.87,1.18340
2026-02-02 15:55,KMHV,102167.4,7.7,1.8,94764.1,282.27,1.16953
2026-02-02 16:55,KMHV,102235.1,12.3,2.3,94826.9,286.87,1.15154
2026-02-02 17:55,KMHV,102302.8,14.5,3.9,94889.8,289.07,1.14353
2026-02-02 18:55,KMHV,102302.8,16.9,4.2,94889.8,291.47,1.13412
2026-02-02 19:55,KMHV,102268.9,18.9,1.5,94858.3,293.47,1.12602
2026-02-02 21:55,KMHV,102167.4,20.9,-0.5,94764.1,295.47,1.11728
2026-02-02 22:55,KMHV,102167.4,20.9,0.8,94764.1,295.47,1.11728
2026-02-02 23:55,KMHV,102167.4,21.2,1.4,94764.1,295.77,1.11615
2026-02-03 00:55,KMHV,102201.2,20.6,1.5,94795.5,295.17,1.11879
2026-02-03 01:55,KMHV,102235.1,11.3,4.2,94826.9,285.87,1.15557
2026-02-03 02:55,KMHV,102268.9,9.7,2.8,94858.3,284.27,1.16246
2026-02-03 03:55,KMHV,102336.7,9.3,2.1,94921.2,283.87,1.16487
2026-02-03 04:55,KMHV,102370.5,10.1,1.2,94952.6,284.67,1.16198
2026-02-03 05:55,KMHV,102438.3,8.6,0.6,95015.4,283.17,1.16891
2026-02-03 06:55,KMHV,102506.0,8.4,-0.2,95078.2,282.97,1.17050
2026-02-03 07:55,KMHV,102506.0,7.8,-1.0,95078.2,282.37,1.17299
2026-02-03 08:55,KMHV,102506.0,6.1,-1.3,95078.2,280.67,1.18010
2026-02-03 09:55,KMHV,102539.9,5.5,-2.1,95109.6,280.07,1.18302
2026-02-03 10:55,KMHV,102539.9,4.8,-2.2,95109.6,279.37,1.18598
2026-02-03 11:55,KMHV,102573.7,3.8,-2.5,95141.0,278.37,1.19063
2026-02-03 12:55,KMHV,102607.6,4.0,-3.0,95172.4,278.57,1.19017
2026-02-03 13:55,KMHV,102641.5,3.0,-2.9,95203.9,277.57,1.19485
2026-02-03 14:55,KMHV,102709.2,3.2,-3.0,95266.7,277.77,1.19478
2026-02-03 15:55,KMHV,102776.9,7.5,-1.2,95329.5,282.07,1.17734
2026-02-03 16:55,KMHV,102844.6,14.1,-0.8,95392.3,288.67,1.15118
2026-02-03 17:55,KMHV,102878.5,16.6,-3.2,95423.7,291.17,1.14167
2026-02-03 18:55,KMHV,102878.5,18.1,-2.4,95423.7,292.67,1.13582
2026-02-03 19:55,KMHV,102810.8,19.5,-2.9,95360.9,294.07,1.12967
2026-02-03 21:55,KMHV,102675.3,21.2,-2.5,95235.3,295.77,1.12170
2026-02-03 22:55,KMHV,102641.5,21.5,-1.4,95203.9,296.07,1.12019
2026-02-03 23:55,KMHV,102675.3,21.1,-2.5,95235.3,295.67,1.12208
2026-02-04 00:55,KMHV,102675.3,19.3,1.2,95235.3,293.87,1.12895
2026-02-04 01:55,KMHV,102675.3,13.6,-0.6,95235.3,288.17,1.15128
2026-02-04 02:55,KMHV,102709.2,11.3,-2.5,95266.7,285.87,1.16093
2026-02-04 03:55,KMHV,102743.0,11.1,-3.0,95298.1,285.67,1.16212
2026-02-04 04:55,KMHV,102743.0,9.0,-2.9,95298.1,283.57,1.17073
2026-02-04 05:55,KMHV,102743.0,7.9,-2.8,95298.1,282.47,1.17529
2026-02-04 06:55,KMHV,102776.9,7.6,-3.4,95329.5,282.17,1.17693
2026-02-04 07:55,KMHV,102776.9,7.3,-3.4,95329.5,281.87,1.17818
2026-02-04 08:55,KMHV,102810.8,6.2,-3.5,95360.9,280.77,1.18318
2026-02-04 09:55,KMHV,102776.9,6.2,-4.3,95329.5,280.77,1.18279
2026-02-04 10:55,KMHV,102743.0,8.0,-5.2,95298.1,282.57,1.17487
2026-02-04 11:55,KMHV,102709.2,3.8,-4.1,95266.7,278.37,1.19221
2026-02-04 12:55,KMHV,102743.0,6.4,-5.3,95298.1,280.97,1.18156
2026-02-04 13:55,KMHV,102743.0,3.5,-4.3,95298.1,278.07,1.19388
2026-02-04 14:55,KMHV,102776.9,3.7,-4.8,95329.5,278.27,1.19342
2026-02-04 15:55,KMHV,102844.6,7.5,-2.8,95392.3,282.07,1.17812
2026-02-04 16:55,KMHV,102810.8,14.6,-4.2,95360.9,289.17,1.14881
2026-02-04 17:55,KMHV,102810.8,17.3,-5.3,95360.9,291.87,1.13819
2026-02-04 18:15,KMHV,102844.6,18.1,-5.5,95392.3,292.67,1.13545
2026-02-04 19:55,KMHV,102709.2,19.9,-4.7,95266.7,294.47,1.12702
2026-02-04 21:55,KMHV,102438.3,22.4,-4.0,95015.4,296.97,1.11459
2026-02-04 22:55,KMHV,102438.3,22.4,-3.0,95015.4,296.97,1.11459
2026-02-04 23:55,KMHV,102404.4,22.1,-4.1,94984.0,296.67,1.11535
2026-02-05 00:55,KMHV,102404.4,20.2,-3.9,94984.0,294.77,1.12253
2026-02-05 01:55,KMHV,102438.3,16.1,-3.4,95015.4,290.67,1.13874
2026-02-05 02:55,KMHV,102472.1,12.1,-3.1,95046.8,286.67,1.15502
2026-02-05 03:55,KMHV,102506.0,9.4,-2.5,95078.2,283.97,1.16638
2026-02-05 04:55,KMHV,102506.0,9.3,-3.1,95078.2,283.87,1.16679
2026-02-05 05:55,KMHV,102472.1,8.2,-3.2,95046.8,282.77,1.17095
2026-02-05 06:55,KMHV,102472.1,7.4,-2.9,95046.8,281.97,1.17427
2026-02-05 07:55,KMHV,102438.3,6.7,-2.8,95015.4,281.27,1.17680
2026-02-05 08:55,KMHV,102336.7,6.0,-2.7,94921.2,280.57,1.17857
2026-02-05 09:55,KMHV,102336.7,5.1,-2.9,94921.2,279.67,1.18236
2026-02-05 10:55,KMHV,102302.8,4.3,-2.8,94889.8,278.87,1.18536
2026-02-05 11:55,KMHV,102302.8,4.8,-2.9,94889.8,279.37,1.18324
2026-02-05 12:55,KMHV,102268.9,4.7,-3.2,94858.3,279.27,1.18327
2026-02-05 13:55,KMHV,102336.7,3.9,-3.0,94921.2,278.47,1.18745
2026-02-05 14:55,KMHV,102336.7,3.9,-2.9,94921.2,278.47,1.18745
2026-02-05 15:55,KMHV,102302.8,10.2,-1.5,94889.8,284.77,1.16080
2026-02-05 16:55,KMHV,102336.7,14.0,0.4,94921.2,288.57,1.14589
2026-02-05 17:55,KMHV,102336.7,15.2,0.0,94921.2,289.77,1.14115
2026-02-05 18:55,KMHV,102268.9,19.3,-2.9,94858.3,293.87,1.12448
2026-02-05 19:55,KMHV,102235.1,19.5,-1.4,94826.9,294.07,1.12335
2026-02-05 21:55,KMHV,102065.8,20.5,-1.9,94669.9,295.07,1.11769
2026-02-05 22:15,KMHV,102031.9,20.2,-2.9,94638.5,294.77,1.11845
2026-02-05 23:55,KMHV,102031.9,19.7,-1.6,94638.5,294.27,1.12035
2026-02-06 00:55,KMHV,101998.0,18.2,0.6,94607.1,292.77,1.12572
2026-02-06 01:55,KMHV,101998.0,13.7,2.8,94607.1,288.27,1.14329
2026-02-06 02:55,KMHV,102031.9,13.4,-0.2,94638.5,287.97,1.14486
2026-02-06 03:55,KMHV,102065.8,11.0,1.0,94669.9,285.57,1.15487
2026-02-06 04:55,KMHV,102099.6,12.3,-1.0,94701.3,286.87,1.15001
2026-02-06 05:55,KMHV,102099.6,10.4,-0.3,94701.3,284.97,1.15768
2026-02-06 06:55,KMHV,102065.8,11.5,-1.0,94669.9,286.07,1.15285
2026-02-06 07:55,KMHV,102099.6,11.4,-0.1,94701.3,285.97,1.15363
2026-02-06 08:55,KMHV,102065.8,11.0,-0.5,94669.9,285.57,1.15487
2026-02-06 09:55,KMHV,102065.8,11.2,-0.8,94669.9,285.77,1.15406
2026-02-06 10:55,KMHV,102099.6,11.5,-0.4,94701.3,286.07,1.15323
2026-02-06 11:55,KMHV,102099.6,13.2,-1.1,94701.3,287.77,1.14642
2026-02-06 12:55,KMHV,102065.8,13.4,-1.5,94669.9,287.97,1.14524
2026-02-06 13:55,KMHV,102133.5,12.8,0.6,94732.7,287.37,1.14839
2026-02-06 14:55,KMHV,102167.4,10.9,1.2,94764.1,285.47,1.15642
2026-02-06 15:55,KMHV,102201.2,11.9,2.7,94795.5,286.47,1.15277
2026-02-06 16:35,KMHV,102268.9,12.9,4.6,94858.3,287.47,1.14952
2026-02-06 18:55,KMHV,102302.8,16.4,4.2,94889.8,290.97,1.13607
2026-02-06 19:55,KMHV,102268.9,16.4,4.8,94858.3,290.97,1.13569
2026-02-06 21:55,KMHV,102065.8,18.9,3.3,94669.9,293.47,1.12378
2026-02-06 22:55,KMHV,102065.8,19.1,3.4,94669.9,293.67,1.12301
2026-02-06 23:55,KMHV,102031.9,18.7,2.3,94638.5,293.27,1.12417
2026-02-07 00:55,KMHV,102065.8,17.7,3.7,94669.9,292.27,1.12839
2026-02-07 01:55,KMHV,102099.6,13.1,4.3,94701.3,287.67,1.14682
2026-02-07 02:55,KMHV,102167.4,11.4,3.7,94764.1,285.97,1.15440
2026-02-07 03:55,KMHV,102201.2,10.5,3.4,94795.5,285.07,1.15843
2026-02-07 04:55,KMHV,102268.9,8.5,3.2,94858.3,283.07,1.16739
2026-02-07 05:55,KMHV,102302.8,10.9,2.9,94889.8,285.47,1.15795
2026-02-07 06:55,KMHV,102336.7,10.1,2.7,94921.2,284.67,1.16159
2026-02-07 07:55,KMHV,102336.7,7.8,2.7,94921.2,282.37,1.17105
2026-02-07 08:55,KMHV,102336.7,8.7,2.3,94921.2,283.27,1.16733
2026-02-07 09:55,KMHV,102336.7,8.5,2.0,94921.2,283.07,1.16816
2026-02-07 10:55,KMHV,102336.7,8.3,1.9,94921.2,282.87,1.16898
2026-02-07 11:55,KMHV,102336.7,5.5,1.7,94921.2,280.07,1.18067
2026-02-07 12:55,KMHV,102370.5,5.3,2.1,94952.6,279.87,1.18191
2026-02-07 13:55,KMHV,102404.4,7.1,1.8,94984.0,281.67,1.17474
2026-02-07 14:55,KMHV,102506.0,7.8,1.6,95078.2,282.37,1.17299
2026-02-07 15:55,KMHV,102539.9,8.9,2.7,95109.6,283.47,1.16883
2026-02-07 16:55,KMHV,102607.6,12.4,3.6,95172.4,286.97,1.15533
2026-02-07 17:55,KMHV,102641.5,14.9,3.3,95203.9,289.47,1.14573
2026-02-07 18:55,KMHV,102641.5,16.7,2.3,95203.9,291.27,1.13865
2026-02-07 19:55,KMHV,102573.7,18.4,1.5,95141.0,292.97,1.13130
2026-02-07 21:55,KMHV,102404.4,19.7,0.6,94984.0,294.27,1.12444
2026-02-07 22:55,KMHV,102404.4,19.9,1.2,94984.0,294.47,1.12368
2026-02-07 23:55,KMHV,102404.4,20.4,-0.2,94984.0,294.97,1.12177
2026-02-08 00:55,KMHV,102404.4,15.6,7.5,94984.0,290.17,1.14033
2026-02-08 01:55,KMHV,102472.1,14.6,5.9,95046.8,289.17,1.14503
2026-02-08 02:55,KMHV,102506.0,12.9,4.4,95078.2,287.47,1.15218
2026-02-08 03:55,KMHV,102506.0,11.2,4.6,95078.2,285.77,1.15904
2026-02-08 04:55,KMHV,102539.9,9.5,3.0,95109.6,284.07,1.16636
2026-02-08 05:55,KMHV,102573.7,9.0,3.1,95141.0,283.57,1.16880
2026-02-08 06:55,KMHV,102607.6,8.9,2.8,95172.4,283.47,1.16960
2026-02-08 07:55,KMHV,102573.7,10.7,2.3,95141.0,285.27,1.16183
2026-02-08 08:55,KMHV,102539.9,11.4,2.0,95109.6,285.97,1.15861
2026-02-08 09:55,KMHV,102539.9,9.3,2.0,95109.6,283.87,1.16718
2026-02-08 10:55,KMHV,102506.0,7.8,2.0,95078.2,282.37,1.17299
2026-02-08 11:55,KMHV,102506.0,6.6,2.2,95078.2,281.17,1.17800
2026-02-08 12:55,KMHV,102539.9,3.9,1.1,95109.6,278.47,1.18981
2026-02-08 13:55,KMHV,102573.7,3.5,1.1,95141.0,278.07,1.19192
2026-02-08 14:55,KMHV,102675.3,3.8,0.9,95235.3,278.37,1.19181
2026-02-08 15:15,KMHV,102709.2,5.0,1.3,95266.7,279.57,1.18709
2026-02-08 16:55,KMHV,102743.0,14.7,3.4,95298.1,289.27,1.14766
2026-02-08 17:55,KMHV,102810.8,15.9,4.3,95360.9,290.47,1.14367
2026-02-08 18:55,KMHV,102810.8,17.1,5.0,95360.9,291.67,1.13897
2026-02-08 19:55,KMHV,102743.0,19.2,4.1,95298.1,293.77,1.13008
2026-02-08 20:35,KMHV,102641.5,19.5,3.4,95203.9,294.07,1.12781
2026-02-08 21:55,KMHV,102506.0,20.5,1.7,95078.2,295.07,1.12251
2026-02-08 22:55,KMHV,102438.3,20.4,0.9,95015.4,294.97,1.12214
2026-02-08 23:55,KMHV,102370.5,20.9,1.4,94952.6,295.47,1.11951
2026-02-09 00:55,KMHV,102370.5,19.5,2.1,94952.6,294.07,1.12483
2026-02-09 01:55,KMHV,102370.5,14.5,4.5,94952.6,289.07,1.14429
2026-02-09 02:55,KMHV,102404.4,14.5,2.9,94984.0,289.07,1.14467
2026-02-09 03:55,KMHV,102336.7,15.7,0.7,94921.2,290.27,1.13918
2026-02-09 04:55,KMHV,102302.8,13.4,2.1,94889.8,287.97,1.14790
2026-02-09 05:55,KMHV,102302.8,15.5,-0.3,94889.8,290.07,1.13959
2026-02-09 06:55,KMHV,102268.9,13.4,1.1,94858.3,287.97,1.14752
2026-02-09 07:55,KMHV,102235.1,13.9,1.5,94826.9,288.47,1.14515
2026-02-09 08:55,KMHV,102201.2,14.1,0.6,94795.5,288.67,1.14398
2026-02-09 09:55,KMHV,102133.5,12.8,0.8,94732.7,287.37,1.14839
2026-02-09 10:55,KMHV,102031.9,12.3,0.5,94638.5,286.87,1.14925
2026-02-09 11:55,KMHV,101964.2,13.8,-2.1,94575.7,288.37,1.14252
2026-02-09 12:55,KMHV,101964.2,11.8,0.2,94575.7,286.37,1.15049
2026-02-09 13:55,KMHV,101964.2,12.6,2.1,94575.7,287.17,1.14729
2026-02-09 14:55,KMHV,101998.0,11.5,3.1,94607.1,286.07,1.15208
2026-02-09 15:55,KMHV,101998.0,13.4,1.6,94607.1,287.97,1.14448
2026-02-09 16:55,KMHV,101964.2,13.2,2.7,94575.7,287.77,1.14490
2026-02-09 17:35,KMHV,101998.0,13.2,1.9,94607.1,287.77,1.14528
2026-02-09 19:55,KMHV,101896.4,16.8,3.7,94512.8,291.37,1.13000
2026-02-09 20:35,KMHV,101828.7,18.0,3.6,94450.0,292.57,1.12462
2026-02-09 21:35,KMHV,101761.0,18.1,1.8,94387.2,292.67,1.12349
2026-02-09 22:55,KMHV,101693.3,18.7,2.1,94324.4,293.27,1.12044
2026-02-09 23:35,KMHV,101659.4,18.2,2.5,94293.0,292.77,1.12198
2026-02-10 00:55,KMHV,101659.4,16.5,3.4,94293.0,291.07,1.12853
2026-02-10 01:55,KMHV,101591.7,13.9,3.1,94230.1,288.47,1.13795
2026-02-10 02:55,KMHV,101591.7,10.6,3.1,94230.1,285.17,1.15111
2026-02-10 03:55,KMHV,101591.7,10.3,2.7,94230.1,284.87,1.15233
2026-02-10 04:55,KMHV,101591.7,11.4,2.5,94230.1,285.97,1.14789
2026-02-10 05:55,KMHV,101591.7,12.1,1.8,94230.1,286.67,1.14509
2026-02-10 06:55,KMHV,101523.9,10.7,2.2,94167.3,285.27,1.14994
2026-02-10 07:55,KMHV,101490.1,11.0,2.1,94135.9,285.57,1.14835
2026-02-10 08:55,KMHV,101456.2,10.4,2.6,94104.5,284.97,1.15039
2026-02-10 09:55,KMHV,101388.5,10.2,2.6,94041.7,284.77,1.15043
2026-02-10 10:55,KMHV,101388.5,11.4,1.0,94041.7,285.97,1.14560
2026-02-10 11:55,KMHV,101354.6,9.5,3.1,94010.3,284.07,1.15288
2026-02-10 12:55,KMHV,101286.9,9.8,2.5,93947.5,284.37,1.15089
2026-02-10 13:55,KMHV,101286.9,9.2,3.0,93947.5,283.77,1.15332
2026-02-10 14:55,KMHV,101388.5,9.0,3.6,94041.7,283.57,1.15529
2026-02-10 15:55,KMHV,101388.5,10.1,2.9,94041.7,284.67,1.15083
2026-02-10 16:55,KMHV,101490.1,10.7,4.9,94135.9,285.27,1.14956
2026-02-10 17:15,KMHV,101490.1,11.3,4.2,94135.9,285.87,1.14715
2026-02-10 18:55,KMHV,101490.1,12.3,1.3,94135.9,286.87,1.14315
2026-02-10 19:55,KMHV,101456.2,12.1,2.2,94104.5,286.67,1.14356
2026-02-10 21:55,KMHV,101388.5,14.5,2.7,94041.7,289.07,1.13331
2026-02-10 22:55,KMHV,101320.8,15.5,3.7,93978.9,290.07,1.12865
2026-02-10 23:55,KMHV,101253.0,15.2,5.7,93916.0,289.77,1.12907
2026-02-11 00:55,KMHV,101253.0,14.3,5.3,93916.0,288.87,1.13258
2026-02-11 01:55,KMHV,101286.9,11.9,4.6,93947.5,286.47,1.14245
2026-02-11 02:55,KMHV,101320.8,12.0,4.2,93978.9,286.57,1.14244
2026-02-11 03:55,KMHV,101253.0,11.4,4.4,93916.0,285.97,1.14407
2026-02-11 04:55,KMHV,101253.0,10.9,4.3,93916.0,285.47,1.14607
2026-02-11 05:55,KMHV,101286.9,11.6,4.0,93947.5,286.17,1.14365
2026-02-11 06:55,KMHV,101320.8,12.4,3.2,93978.9,286.97,1.14084
2026-02-11 07:55,KMHV,101354.6,10.9,5.9,94010.3,285.47,1.14722
2026-02-11 08:55,KMHV,101354.6,9.4,8.3,94010.3,283.97,1.15328
2026-02-11 09:55,KMHV,101354.6,9.0,8.6,94010.3,283.57,1.15491
2026-02-11 10:55,KMHV,101354.6,8.8,8.6,94010.3,283.37,1.15572
2026-02-11 11:55,KMHV,101388.5,9.1,7.7,94041.7,283.67,1.15489
2026-02-11 12:55,KMHV,101456.2,9.0,6.3,94104.5,283.57,1.15607
2026-02-11 13:55,KMHV,101490.1,8.6,6.8,94135.9,283.17,1.15809
2026-02-11 14:55,KMHV,101625.5,9.4,5.7,94261.6,283.97,1.15636
2026-02-11 15:55,KMHV,101693.3,8.8,5.5,94324.4,283.37,1.15959
2026-02-11 16:55,KMHV,101794.9,11.1,4.1,94418.6,285.67,1.15140
2026-02-11 17:55,KMHV,101862.6,11.5,4.3,94481.4,286.07,1.15055
2026-02-11 18:55,KMHV,101930.3,12.3,4.7,94544.2,286.87,1.14811
2026-02-11 19:55,KMHV,101862.6,13.3,3.5,94481.4,287.87,1.14336
2026-02-11 21:55,KMHV,101794.9,13.9,4.3,94418.6,288.47,1.14022
2026-02-11 22:55,KMHV,101828.7,13.6,4.7,94450.0,288.17,1.14179
2026-02-11 23:55,KMHV,101862.6,13.0,4.3,94481.4,287.57,1.14455
2026-02-12 00:55,KMHV,101862.6,12.2,4.8,94481.4,286.77,1.14774
2026-02-12 01:55,KMHV,101930.3,10.2,3.2,94544.2,284.77,1.15657
2026-02-12 02:55,KMHV,101964.2,8.8,3.3,94575.7,283.37,1.16267
2026-02-12 03:55,KMHV,101998.0,7.2,2.4,94607.1,281.77,1.16966
2026-02-12 04:55,KMHV,102031.9,6.9,2.5,94638.5,281.47,1.17130
2026-02-12 05:55,KMHV,102031.9,8.4,1.5,94638.5,282.97,1.16509
2026-02-12 06:55,KMHV,102031.9,8.3,1.4,94638.5,282.87,1.16550
2026-02-12 07:55,KMHV,102065.8,7.0,1.7,94669.9,281.57,1.17127
2026-02-12 08:55,KMHV,102065.8,6.0,1.4,94669.9,280.57,1.17545
2026-02-12 09:55,KMHV,102099.6,5.4,0.7,94701.3,279.97,1.17836
2026-02-12 10:55,KMHV,102065.8,6.1,0.7,94669.9,280.67,1.17503
2026-02-12 11:55,KMHV,102031.9,6.3,0.5,94638.5,280.87,1.17380
2026-02-12 12:55,KMHV,102065.8,4.8,0.1,94669.9,279.37,1.18050
2026-02-12 13:55,KMHV,102099.6,3.6,0.5,94701.3,278.17,1.18598
2026-02-12 14:55,KMHV,102133.5,3.5,-0.1,94732.7,278.07,1.18680
2026-02-12 15:15,KMHV,102167.4,2.8,-0.3,94764.1,277.37,1.19019
2026-02-12 17:55,KMHV,102235.1,11.7,-0.3,94826.9,286.27,1.15395
2026-02-12 18:55,KMHV,102235.1,12.8,0.0,94826.9,287.37,1.14954
2026-02-12 19:55,KMHV,102133.5,13.7,-2.7,94732.7,288.27,1.14481
2026-02-12 21:55,KMHV,101964.2,15.5,-3.3,94575.7,290.07,1.13582
2026-02-12 22:55,KMHV,101930.3,16.1,-4.6,94544.2,290.67,1.13310
2026-02-12 23:55,KMHV,101862.6,15.5,-5.3,94481.4,290.07,1.13469
2026-02-13 00:55,KMHV,101862.6,13.9,2.6,94481.4,288.47,1.14098
2026-02-13 01:55,KMHV,101862.6,11.0,2.5,94481.4,285.57,1.15257
2026-02-13 02:55,KMHV,101896.4,10.2,0.9,94512.8,284.77,1.15619
2026-02-13 03:55,KMHV,101896.4,9.4,1.0,94512.8,283.97,1.15945
2026-02-13 04:55,KMHV,101896.4,8.8,1.4,94512.8,283.37,1.16190
2026-02-13 05:55,KMHV,101930.3,8.3,1.2,94544.2,282.87,1.16434
2026-02-13 06:55,KMHV,101930.3,6.8,1.2,94544.2,281.37,1.17055
2026-02-13 07:55,KMHV,101862.6,6.1,1.0,94481.4,280.67,1.17269
2026-02-13 08:55,KMHV,101862.6,5.0,1.0,94481.4,279.57,1.17730
2026-02-13 09:55,KMHV,101828.7,4.0,-0.3,94450.0,278.57,1.18114
2026-02-13 10:55,KMHV,101761.0,3.5,-0.4,94387.2,278.07,1.18247
2026-02-13 11:55,KMHV,101727.1,4.1,-0.1,94355.8,278.67,1.17953
2026-02-13 12:55,KMHV,101761.0,2.9,-0.6,94387.2,277.47,1.18503
2026-02-13 13:55,KMHV,101761.0,4.1,-0.4,94387.2,278.67,1.17993
2026-02-13 14:55,KMHV,101828.7,3.2,-0.5,94450.0,277.77,1.18454
2026-02-13 15:55,KMHV,101862.6,5.7,2.2,94481.4,280.27,1.17436
2026-02-13 16:55,KMHV,101896.4,9.6,1.5,94512.8,284.17,1.15863
2026-02-13 17:55,KMHV,101930.3,12.5,-0.3,94544.2,287.07,1.14731
2026-02-13 18:55,KMHV,101930.3,13.2,0.6,94544.2,287.77,1.14452
2026-02-13 19:55,KMHV,101828.7,15.3,0.4,94450.0,289.87,1.13509
2026-02-13 20:35,KMHV,101794.9,15.0,2.8,94418.6,289.57,1.13589
2026-02-13 22:35,KMHV,101727.1,16.7,1.8,94355.8,291.27,1.12851
2026-02-13 23:55,KMHV,101693.3,15.9,2.4,94324.4,290.47,1.13124
2026-02-14 00:55,KMHV,101693.3,14.4,2.7,94324.4,288.97,1.13711
2026-02-14 01:55,KMHV,101727.1,11.4,1.4,94355.8,285.97,1.14943
2026-02-14 02:55,KMHV,101761.0,9.9,0.8,94387.2,284.47,1.15587
2026-02-14 03:55,KMHV,101828.7,7.9,1.8,94450.0,282.47,1.16483
2026-02-14 04:55,KMHV,101862.6,7.6,-0.5,94481.4,282.17,1.16646
2026-02-14 05:55,KMHV,101862.6,7.3,-1.2,94481.4,281.87,1.16770
2026-02-14 06:55,KMHV,101862.6,5.4,0.1,94481.4,279.97,1.17562
2026-02-14 07:55,KMHV,101862.6,5.8,-1.7,94481.4,280.37,1.17394
2026-02-14 08:55,KMHV,101862.6,4.3,-2.2,94481.4,278.87,1.18026
2026-02-14 09:55,KMHV,101862.6,3.5,-2.9,94481.4,278.07,1.18365
2026-02-14 10:55,KMHV,101862.6,2.9,-2.7,94481.4,277.47,1.18621
2026-02-14 11:55,KMHV,101862.6,0.7,-3.1,94481.4,275.27,1.19569
2026-02-14 12:55,KMHV,101896.4,0.8,-3.0,94512.8,275.37,1.19566
2026-02-14 13:55,KMHV,101930.3,0.6,-2.9,94544.2,275.17,1.19692
2026-02-14 14:55,KMHV,101998.0,-0.2,-2.5,94607.1,274.37,1.20121
2026-02-14 15:55,KMHV,102065.8,6.0,1.0,94669.9,280.57,1.17545
2026-02-14 16:55,KMHV,102065.8,9.4,1.6,94669.9,283.97,1.16137
2026-02-14 17:55,KMHV,102099.6,11.0,1.1,94701.3,285.57,1.15525
2026-02-14 18:55,KMHV,102065.8,12.3,0.5,94669.9,286.87,1.14963
2026-02-14 19:55,KMHV,101998.0,14.4,1.9,94607.1,288.97,1.14052
2026-02-14 21:55,KMHV,101761.0,17.4,-5.8,94387.2,291.97,1.12618
2026-02-14 22:55,KMHV,101693.3,17.2,-5.1,94324.4,291.77,1.12620
2026-02-14 23:55,KMHV,101659.4,16.4,-2.6,94293.0,290.97,1.12892
2026-02-15 00:55,KMHV,101659.4,14.8,-0.8,94293.0,289.37,1.13516
2026-02-15 01:55,KMHV,101659.4,12.0,1.8,94293.0,286.57,1.14625
2026-02-15 02:55,KMHV,101727.1,10.9,1.8,94355.8,285.47,1.15144
2026-02-15 03:55,KMHV,101761.0,9.9,-1.2,94387.2,284.47,1.15587
2026-02-15 04:55,KMHV,101761.0,8.9,-1.3,94387.2,283.47,1.15995
2026-02-15 05:55,KMHV,101727.1,10.0,0.7,94355.8,284.57,1.15508
2026-02-15 06:55,KMHV,101659.4,10.2,1.1,94293.0,284.77,1.15350
2026-02-15 07:55,KMHV,101659.4,9.9,0.5,94293.0,284.47,1.15472
2026-02-15 08:55,KMHV,101659.4,9.3,0.8,94293.0,283.87,1.15716
2026-02-15 09:55,KMHV,101625.5,8.6,-0.2,94261.6,283.17,1.15963
2026-02-15 10:55,KMHV,101591.7,8.7,0.5,94230.1,283.27,1.15884
2026-02-15 11:55,KMHV,101557.8,8.2,0.8,94198.7,282.77,1.16050
2026-02-15 12:55,KMHV,101557.8,7.4,-0.1,94198.7,281.97,1.16379
2026-02-15 13:55,KMHV,101557.8,4.7,0.9,94198.7,279.27,1.17504
2026-02-15 14:55,KMHV,101591.7,4.4,1.1,94230.1,278.97,1.17670
2026-02-15 15:55,KMHV,101625.5,5.7,1.8,94261.6,280.27,1.17163
2026-02-15 16:55,KMHV,101659.4,8.5,2.0,94293.0,283.07,1.16043
2026-02-15 21:55,KMHV,101388.5,13.2,2.0,94041.7,287.77,1.13843
2026-02-15 22:55,KMHV,101354.6,13.8,1.9,94010.3,288.37,1.13568
2026-02-15 23:55,KMHV,101286.9,12.8,2.1,93947.5,287.37,1.13888
2026-02-16 00:55,KMHV,101320.8,11.7,1.6,93978.9,286.27,1.14363
2026-02-16 01:55,KMHV,101286.9,10.4,0.9,93947.5,284.97,1.14847
2026-02-16 02:55,KMHV,101286.9,9.3,-0.4,93947.5,283.87,1.15292
2026-02-16 03:55,KMHV,101286.9,8.9,-1.1,93947.5,283.47,1.15454
2026-02-16 04:55,KMHV,101286.9,7.6,0.3,93947.5,282.17,1.15986
2026-02-16 05:55,KMHV,101286.9,7.1,0.8,93947.5,281.67,1.16192
2026-02-16 06:55,KMHV,101219.2,6.8,1.2,93884.6,281.37,1.16238
2026-02-16 07:55,KMHV,101151.4,6.2,1.5,93821.8,280.77,1.16409
2026-02-16 08:55,KMHV,101117.6,7.1,1.7,93790.4,281.67,1.15998
2026-02-16 09:55,KMHV,101117.6,7.7,2.1,93790.4,282.27,1.15751
2026-02-16 10:55,KMHV,101049.8,7.9,2.8,93727.6,282.47,1.15592
2026-02-16 11:55,KMHV,100982.1,7.5,3.2,93664.8,282.07,1.15678
2026-02-16 12:55,KMHV,100914.4,7.1,4.5,93601.9,281.67,1.15765
2026-02-16 13:55,KMHV,100914.4,7.6,5.3,93601.9,282.17,1.15560
2026-02-16 14:55,KMHV,100880.5,7.7,5.3,93570.5,282.27,1.15480
2026-02-16 15:55,KMHV,100812.8,7.1,4.6,93507.7,281.67,1.15648
2026-02-16 16:55,KMHV,100812.8,6.7,4.7,93507.7,281.27,1.15813
2026-02-16 17:55,KMHV,100812.8,7.2,5.1,93507.7,281.77,1.15607
2026-02-16 18:55,KMHV,100711.2,7.7,5.8,93413.5,282.27,1.15286
2026-02-16 19:55,KMHV,100575.8,7.7,5.8,93287.8,282.27,1.15131
2026-02-16 21:55,KMHV,100609.6,6.1,3.9,93319.3,280.67,1.15826
2026-02-16 22:55,KMHV,100541.9,5.5,3.8,93256.4,280.07,1.15996
2026-02-16 23:55,KMHV,100508.0,5.4,4.2,93225.0,279.97,1.15999
2026-02-17 00:55,KMHV,100508.0,6.3,3.7,93225.0,280.87,1.15627
2026-02-17 01:55,KMHV,100575.8,5.3,3.6,93287.8,279.87,1.16118
2026-02-17 02:55,KMHV,100643.5,6.1,2.7,93350.7,280.67,1.15865
2026-02-17 03:55,KMHV,100677.3,4.9,2.8,93382.1,279.47,1.16402
2026-02-17 04:55,KMHV,100778.9,4.0,2.0,93476.3,278.57,1.16896
2026-02-17 05:55,KMHV,100880.5,4.7,1.5,93570.5,279.27,1.16721
2026-02-17 06:55,KMHV,100948.3,4.3,1.5,93633.4,278.87,1.16966
2026-02-17 07:55,KMHV,101049.8,3.0,1.0,93727.6,277.57,1.17632
2026-02-17 08:55,KMHV,101083.7,2.7,0.6,93759.0,277.27,1.17799
2026-02-17 09:55,KMHV,101117.6,2.6,0.8,93790.4,277.17,1.17881
2026-02-17 10:55,KMHV,101117.6,3.2,0.0,93790.4,277.77,1.17627
2026-02-17 11:55,KMHV,101117.6,2.6,0.1,93790.4,277.17,1.17881
2026-02-17 12:55,KMHV,101151.4,2.5,0.3,93821.8,277.07,1.17963
2026-02-17 13:55,KMHV,101253.0,3.8,0.3,93916.0,278.37,1.17530
2026-02-17 14:55,KMHV,101320.8,3.3,0.0,93978.9,277.87,1.17821
2026-02-17 15:15,KMHV,101354.6,3.9,0.8,94010.3,278.47,1.17606
2026-02-17 16:55,KMHV,101490.1,7.5,2.2,94135.9,282.07,1.16260
2026-02-17 17:55,KMHV,101523.9,9.3,1.9,94167.3,283.87,1.15562
2026-02-17 18:55,KMHV,101523.9,10.2,2.0,94167.3,284.77,1.15196
2026-02-17 19:35,KMHV,101490.1,10.1,3.5,94135.9,284.67,1.15198
2026-02-17 21:55,KMHV,101286.9,8.8,2.4,93947.5,283.37,1.15495
2026-02-17 22:55,KMHV,101286.9,9.8,1.9,93947.5,284.37,1.15089
2026-02-17 23:55,KMHV,101219.2,8.9,2.8,93884.6,283.47,1.15377
2026-02-18 00:55,KMHV,101185.3,7.1,3.4,93853.2,281.67,1.16076
2026-02-18 01:55,KMHV,101185.3,6.1,3.9,93853.2,280.67,1.16489
2026-02-18 02:55,KMHV,101117.6,5.9,3.5,93790.4,280.47,1.16494
2026-02-18 03:55,KMHV,101049.8,6.1,4.0,93727.6,280.67,1.16333
2026-02-18 04:55,KMHV,100948.3,6.2,4.4,93633.4,280.77,1.16175
2026-02-18 05:55,KMHV,100880.5,5.6,4.4,93570.5,280.17,1.16346
2026-02-18 06:55,KMHV,100812.8,5.5,4.1,93507.7,280.07,1.16309
2026-02-18 07:55,KMHV,100745.1,5.4,3.1,93444.9,279.97,1.16272
2026-02-18 08:55,KMHV,100745.1,4.3,2.0,93444.9,278.87,1.16731
2026-02-18 09:55,KMHV,100745.1,3.4,1.2,93444.9,277.97,1.17109
2026-02-18 10:55,KMHV,100711.2,3.3,1.0,93413.5,277.87,1.17112
2026-02-18 11:55,KMHV,100778.9,2.3,0.7,93476.3,276.87,1.17614
2026-02-18 12:55,KMHV,100846.7,1.2,-0.4,93539.1,275.77,1.18162
2026-02-18 13:55,KMHV,100880.5,1.7,-0.6,93570.5,276.27,1.17988
2026-02-18 14:15,KMHV,100948.3,1.4,-0.8,93633.4,275.97,1.18196
2026-02-18 18:55,KMHV,101591.7,3.3,-2.9,94230.1,277.87,1.18136
2026-02-18 19:55,KMHV,101557.8,3.6,-2.3,94198.7,278.17,1.17969
2026-02-18 21:55,KMHV,101456.2,5.5,-2.0,94104.5,280.07,1.17051
2026-02-18 22:55,KMHV,101422.4,5.6,-2.3,94073.1,280.17,1.16970
2026-02-18 23:55,KMHV,101422.4,5.2,-3.2,94073.1,279.77,1.17138
2026-02-19 00:55,KMHV,101422.4,4.9,-4.1,94073.1,279.47,1.17263
2026-02-19 01:55,KMHV,101422.4,3.8,-3.7,94073.1,278.37,1.17727
2026-02-19 02:55,KMHV,101456.2,3.0,-3.4,94104.5,277.57,1.18106
2026-02-19 03:55,KMHV,101456.2,3.0,-3.6,94104.5,277.57,1.18106
2026-02-19 04:55,KMHV,101422.4,2.9,-3.2,94073.1,277.47,1.18109
2026-02-19 05:55,KMHV,101422.4,3.2,-3.2,94073.1,277.77,1.17981
2026-02-19 06:55,KMHV,101422.4,3.5,-3.0,94073.1,278.07,1.17854
2026-02-19 07:55,KMHV,101388.5,3.3,-2.6,94041.7,277.87,1.17899
2026-02-19 08:55,KMHV,101354.6,2.9,-2.3,94010.3,277.47,1.18030
2026-02-19 09:55,KMHV,101354.6,2.8,-2.3,94010.3,277.37,1.18072
2026-02-19 10:55,KMHV,101286.9,2.5,-2.3,93947.5,277.07,1.18121
2026-02-19 11:55,KMHV,101219.2,1.5,-2.9,93884.6,276.07,1.18470
2026-02-19 12:55,KMHV,101253.0,0.4,-2.6,93916.0,274.97,1.18984
2026-02-19 13:55,KMHV,101151.4,0.5,-2.8,93821.8,275.07,1.18821
2026-02-19 14:55,KMHV,101083.7,1.5,-2.2,93759.0,276.07,1.18311
2026-02-19 15:55,KMHV,100982.1,4.2,-1.3,93664.8,278.77,1.17048
2026-02-19 16:55,KMHV,100982.1,4.1,2.2,93664.8,278.67,1.17090
2026-02-19 17:55,KMHV,100914.4,5.6,2.7,93601.9,280.17,1.16385
2026-02-19 18:55,KMHV,100982.1,4.9,3.7,93664.8,279.47,1.16754
2026-02-19 19:55,KMHV,100948.3,5.3,3.9,93633.4,279.87,1.16549
2026-02-19 20:15,KMHV,100812.8,6.4,4.6,93507.7,280.97,1.15936
2026-02-19 21:55,KMHV,100711.2,7.1,4.0,93413.5,281.67,1.15532
2026-02-19 22:55,KMHV,100677.3,7.1,3.1,93382.1,281.67,1.15493
2026-02-19 23:35,KMHV,100643.5,4.9,2.1,93350.7,279.47,1.16363
2026-02-20 00:55,KMHV,100643.5,4.2,1.4,93350.7,278.77,1.16655
2026-02-20 01:55,KMHV,100711.2,3.9,0.3,93413.5,278.47,1.16859
2026-02-20 02:55,KMHV,100745.1,3.0,0.7,93444.9,277.57,1.17278
2026-02-20 03:55,KMHV,100778.9,2.3,0.4,93476.3,276.87,1.17614
2026-02-20 04:55,KMHV,100812.8,2.9,-0.8,93507.7,277.47,1.17399
2026-02-20 05:55,KMHV,100914.4,2.6,-1.0,93601.9,277.17,1.17644
2026-02-20 06:35,KMHV,100982.1,2.6,-1.3,93664.8,277.17,1.17723
2026-02-20 16:55,KMHV,101625.5,3.6,-2.7,94261.6,278.17,1.18047
2026-02-20 17:55,KMHV,101625.5,4.7,-3.4,94261.6,279.27,1.17583
2026-02-20 18:55,KMHV,101659.4,6.3,-4.4,94293.0,280.87,1.16952
2026-02-20 19:55,KMHV,101625.5,7.6,-7.9,94261.6,282.17,1.16374
2026-02-20 21:55,KMHV,101591.7,8.6,-7.3,94230.1,283.17,1.15924
2026-02-20 22:55,KMHV,101625.5,8.9,-6.9,94261.6,283.47,1.15840
2026-02-20 23:55,KMHV,101625.5,8.7,-5.8,94261.6,283.27,1.15922
2026-02-21 00:55,KMHV,101659.4,8.7,-6.0,94293.0,283.27,1.15961
2026-02-21 01:55,KMHV,101693.3,6.4,-4.8,94324.4,280.97,1.16949
2026-02-21 03:55,KMHV,101828.7,1.2,-2.1,94450.0,275.77,1.19313
2026-02-21 04:55,KMHV,101896.4,0.7,-2.8,94512.8,275.27,1.19609
2026-02-21 05:55,KMHV,101930.3,0.9,-3.5,94544.2,275.47,1.19562
2026-02-21 06:55,KMHV,101964.2,1.2,-3.5,94575.7,275.77,1.19472
2026-02-21 07:55,KMHV,101998.0,0.2,-3.4,94607.1,274.77,1.19946
2026-02-21 08:55,KMHV,102031.9,-0.1,-3.3,94638.5,274.47,1.20117
2026-02-21 09:55,KMHV,102065.8,-0.7,-3.5,94669.9,273.87,1.20420
2026-02-21 10:55,KMHV,102065.8,0.6,-3.8,94669.9,275.17,1.19851
2026-02-21 11:55,KMHV,102099.6,-0.8,-3.7,94701.3,273.77,1.20504
2026-02-21 12:55,KMHV,102133.5,-0.4,-4.2,94732.7,274.17,1.20368
2026-02-21 13:55,KMHV,102167.4,-0.3,-4.3,94764.1,274.27,1.20364
2026-02-21 14:55,KMHV,102268.9,-0.4,-4.6,94858.3,274.17,1.20528
2026-02-21 15:55,KMHV,102336.7,3.6,-3.3,94921.2,278.17,1.18874
2026-02-21 16:55,KMHV,102438.3,7.1,-4.5,95015.4,281.67,1.17513
2026-02-21 17:55,KMHV,102438.3,8.7,-4.8,95015.4,283.27,1.16849
2026-02-21 18:55,KMHV,102472.1,9.8,-4.8,95046.8,284.37,1.16436
2026-02-21 19:55,KMHV,102472.1,10.5,-4.5,95046.8,285.07,1.16150
2026-02-21 20:55,KMHV,102404.4,11.6,-4.7,94984.0,286.17,1.15627
2026-02-21 21:55,KMHV,102302.8,12.1,-4.5,94889.8,286.67,1.15311
2026-02-21 22:55,KMHV,102302.8,12.8,-4.7,94889.8,287.37,1.15030
2026-02-21 23:55,KMHV,102302.8,12.9,-4.3,94889.8,287.47,1.14990
2026-02-22 00:55,KMHV,102302.8,12.4,-4.7,94889.8,286.97,1.15190
2026-02-22 01:55,KMHV,102336.7,9.1,-2.2,94921.2,283.67,1.16569
2026-02-22 02:55,KMHV,102404.4,6.6,-0.5,94984.0,281.17,1.17683
2026-02-22 03:55,KMHV,102472.1,6.0,-1.0,95046.8,280.57,1.18013
2026-02-22 04:35,KMHV,102506.0,6.5,-1.9,95078.2,281.07,1.17842
2026-02-22 05:55,KMHV,102573.7,6.1,-2.0,95141.0,280.67,1.18088
2026-02-22 06:55,KMHV,102573.7,6.0,-2.5,95141.0,280.57,1.18130
2026-02-22 07:55,KMHV,102573.7,4.8,-2.3,95141.0,279.37,1.18637
2026-02-22 08:55,KMHV,102573.7,4.8,-2.8,95141.0,279.37,1.18637
2026-02-22 09:55,KMHV,102573.7,4.8,-3.5,95141.0,279.37,1.18637
2026-02-22 10:55,KMHV,102539.9,2.9,-3.0,95109.6,277.47,1.19410
2026-02-22 11:55,KMHV,102539.9,1.4,-3.0,95109.6,275.97,1.20059
2026-02-22 12:55,KMHV,102539.9,2.4,-3.5,95109.6,276.97,1.19626
2026-02-22 13:55,KMHV,102573.7,2.4,-3.4,95141.0,276.97,1.19665
2026-02-22 14:55,KMHV,102641.5,0.6,-3.3,95203.9,275.17,1.20527
2026-02-22 15:35,KMHV,102709.2,4.2,-1.8,95266.7,278.77,1.19049
2026-02-22 16:55,KMHV,102776.9,9.3,-2.0,95329.5,283.87,1.16988
2026-02-22 17:15,KMHV,102776.9,10.5,-2.2,95329.5,285.07,1.16495
2026-02-22 18:55,KMHV,102810.8,13.0,-3.6,95360.9,287.57,1.15521
2026-02-22 19:55,KMHV,102743.0,13.7,-3.7,95298.1,288.27,1.15164
2026-02-22 20:55,KMHV,102675.3,14.4,-3.6,95235.3,288.97,1.14809
2026-02-22 21:15,KMHV,102641.5,15.0,-2.7,95203.9,289.57,1.14534
2026-02-22 22:55,KMHV,102573.7,15.5,-2.4,95141.0,290.07,1.14261
2026-02-22 23:55,KMHV,102539.9,15.6,-2.2,95109.6,290.17,1.14184
2026-02-23 00:55,KMHV,102539.9,15.5,-2.5,95109.6,290.07,1.14223
2026-02-23 01:55,KMHV,102539.9,13.6,0.0,95109.6,288.17,1.14976
2026-02-23 02:55,KMHV,102573.7,7.0,1.7,95141.0,281.57,1.17710
2026-02-23 03:55,KMHV,102607.6,6.7,1.1,95172.4,281.27,1.17875
2026-02-23 04:55,KMHV,102607.6,7.0,0.5,95172.4,281.57,1.17749
2026-02-23 05:55,KMHV,102641.5,4.7,0.8,95203.9,279.27,1.18758
2026-02-23 06:55,KMHV,102641.5,4.2,0.5,95203.9,278.77,1.18971
2026-02-23 07:55,KMHV,102675.3,3.5,0.2,95235.3,278.07,1.19310
2026-02-23 08:55,KMHV,102675.3,3.0,-0.1,95235.3,277.57,1.19525
2026-02-23 09:55,KMHV,102641.5,2.2,-0.5,95203.9,276.77,1.19831
2026-02-23 10:55,KMHV,102607.6,1.9,-0.8,95172.4,276.47,1.19921
2026-02-23 11:55,KMHV,102573.7,1.3,-1.1,95141.0,275.87,1.20142
2026-02-23 12:55,KMHV,102607.6,1.2,-1.2,95172.4,275.77,1.20226
2026-02-23 13:55,KMHV,102641.5,0.9,-1.4,95203.9,275.47,1.20396
2026-02-23 14:55,KMHV,102641.5,1.6,-1.0,95203.9,276.17,1.20091
2026-02-23 15:55,KMHV,102675.3,7.4,1.6,95235.3,281.97,1.17660
2026-02-23 16:55,KMHV,102709.2,9.4,-0.5,95266.7,283.97,1.16869
2026-02-23 17:55,KMHV,102709.2,12.3,0.2,95266.7,286.87,1.15688
2026-02-23 18:55,KMHV,102675.3,14.8,-0.7,95235.3,289.37,1.14651
2026-02-23 19:55,KMHV,102641.5,16.2,-2.4,95203.9,290.77,1.14061
2026-02-23 20:55,KMHV,102506.0,17.2,-2.7,95078.2,291.77,1.13520
2026-02-23 21:55,KMHV,102438.3,17.6,-2.5,95015.4,292.17,1.13290
2026-02-23 22:55,KMHV,102370.5,18.7,-2.4,94952.6,293.27,1.12790
2026-02-23 23:55,KMHV,102302.8,18.9,-2.0,94889.8,293.47,1.12639
2026-02-24 00:55,KMHV,102235.1,17.9,-2.2,94826.9,292.47,1.12949
2026-02-24 01:55,KMHV,102235.1,14.6,4.0,94826.9,289.17,1.14238
2026-02-24 02:55,KMHV,102268.9,9.8,4.3,94858.3,284.37,1.16205
2026-02-24 03:55,KMHV,102268.9,10.5,3.4,94858.3,285.07,1.15920
2026-02-24 04:55,KMHV,102268.9,10.1,2.4,94858.3,284.67,1.16082
2026-02-24 05:55,KMHV,102235.1,11.2,2.4,94826.9,285.77,1.15597
2026-02-24 06:55,KMHV,102201.2,10.7,1.8,94795.5,285.27,1.15762
2026-02-24 07:55,KMHV,102133.5,9.1,1.1,94732.7,283.67,1.16337
2026-02-24 08:55,KMHV,102133.5,7.8,0.7,94732.7,282.37,1.16873
2026-02-24 09:55,KMHV,102031.9,10.4,-2.4,94638.5,284.97,1.15691
2026-02-24 10:55,KMHV,101964.2,12.4,-5.2,94575.7,286.97,1.14809
2026-02-24 11:55,KMHV,101964.2,14.2,-7.4,94575.7,288.77,1.14093
2026-02-24 12:55,KMHV,101998.0,13.7,-6.1,94607.1,288.27,1.14329
2026-02-24 13:55,KMHV,101964.2,15.4,-5.5,94575.7,289.97,1.13621
2026-02-24 14:55,KMHV,101998.0,15.6,-4.4,94607.1,290.17,1.13580
2026-02-24 15:55,KMHV,101964.2,16.9,-4.1,94575.7,291.47,1.13036
2026-02-24 16:55,KMHV,102031.9,19.3,-4.3,94638.5,293.87,1.12188
2026-02-24 17:15,KMHV,102031.9,20.2,-2.1,94638.5,294.77,1.11845
2026-02-24 18:55,KMHV,101998.0,22.4,0.2,94607.1,296.97,1.10980
2026-02-24 20:55,KMHV,101862.6,23.8,4.0,94481.4,298.37,1.10312
2026-02-24 21:55,KMHV,101794.9,24.2,6.0,94418.6,298.77,1.10091
2026-02-24 22:55,KMHV,101794.9,23.8,5.7,94418.6,298.37,1.10239
2026-02-24 23:55,KMHV,101727.1,22.6,5.0,94355.8,297.17,1.10610
2026-02-25 00:55,KMHV,101727.1,21.1,4.7,94355.8,295.67,1.11172
2026-02-25 01:55,KMHV,101727.1,18.7,4.2,94355.8,293.27,1.12081
2026-02-25 02:55,KMHV,101761.0,17.8,3.4,94387.2,292.37,1.12464
2026-02-25 03:55,KMHV,101761.0,17.3,2.8,94387.2,291.87,1.12657
2026-02-25 04:55,KMHV,101794.9,16.8,2.4,94418.6,291.37,1.12887
2026-02-25 05:55,KMHV,101828.7,16.3,2.7,94450.0,290.87,1.13119
2026-02-25 06:55,KMHV,101828.7,16.2,3.0,94450.0,290.77,1.13158
2026-02-25 07:55,KMHV,101794.9,15.5,4.2,94418.6,290.07,1.13393
2026-02-25 08:55,KMHV,101794.9,15.6,4.4,94418.6,290.17,1.13354
2026-02-25 09:55,KMHV,101761.0,15.7,5.3,94387.2,290.27,1.13277
2026-02-25 10:55,KMHV,101727.1,15.8,4.9,94355.8,290.37,1.13201
2026-02-25 11:55,KMHV,101727.1,15.3,4.2,94355.8,289.87,1.13396
2026-02-25 12:55,KMHV,101794.9,14.7,4.2,94418.6,289.27,1.13707
2026-02-25 13:55,KMHV,101828.7,14.1,4.5,94450.0,288.67,1.13981
2026-02-25 14:55,KMHV,101862.6,14.1,4.1,94481.4,288.67,1.14019
2026-02-25 15:55,KMHV,101930.3,15.6,4.6,94544.2,290.17,1.13505
2026-02-25 16:55,KMHV,101964.2,16.7,5.7,94575.7,291.27,1.13114
2026-02-25 17:55,KMHV,101964.2,18.5,5.9,94575.7,293.07,1.12419
2026-02-25 18:55,KMHV,102031.9,19.8,6.4,94638.5,294.37,1.11997
2026-02-25 19:55,KMHV,101930.3,21.1,7.1,94544.2,295.67,1.11394
2026-02-25 20:55,KMHV,101930.3,19.6,6.7,94544.2,294.17,1.11962
2026-02-25 21:55,KMHV,101862.6,19.2,7.0,94481.4,293.77,1.12040
2026-02-25 22:55,KMHV,101794.9,20.7,8.0,94418.6,295.27,1.11396
2026-02-25 23:55,KMHV,101794.9,20.4,7.3,94418.6,294.97,1.11510
2026-02-26 00:55,KMHV,101828.7,18.8,6.8,94450.0,293.37,1.12155
2026-02-26 01:55,KMHV,101862.6,18.1,6.6,94481.4,292.67,1.12461
2026-02-26 02:55,KMHV,101930.3,16.9,6.9,94544.2,291.47,1.12999
2026-02-26 03:55,KMHV,101964.2,16.2,6.7,94575.7,290.77,1.13308
2026-02-26 04:55,KMHV,102031.9,15.7,8.0,94638.5,290.27,1.13579
2026-02-26 05:55,KMHV,102031.9,16.0,7.9,94638.5,290.57,1.13462
2026-02-26 06:55,KMHV,102099.6,15.7,8.3,94701.3,290.27,1.13654
2026-02-26 07:55,KMHV,102099.6,15.6,8.9,94701.3,290.17,1.13694
2026-02-26 08:55,KMHV,102099.6,15.4,9.2,94701.3,289.97,1.13772
2026-02-26 09:55,KMHV,102099.6,15.7,9.5,94701.3,290.27,1.13654
2026-02-26 10:55,KMHV,102031.9,15.5,9.6,94638.5,290.07,1.13657
2026-02-26 11:55,KMHV,101998.0,16.0,9.5,94607.1,290.57,1.13424
2026-02-26 12:55,KMHV,101964.2,15.8,9.4,94575.7,290.37,1.13465
2026-02-26 13:55,KMHV,101964.2,15.6,9.6,94575.7,290.17,1.13543
2026-02-26 14:55,KMHV,102099.6,16.2,9.6,94701.3,290.77,1.13459
2026-02-26 15:55,KMHV,102133.5,17.4,9.4,94732.7,291.97,1.13030
2026-02-26 16:55,KMHV,102235.1,19.2,9.6,94826.9,293.77,1.12449
2026-02-26 17:55,KMHV,102302.8,20.3,9.3,94889.8,294.87,1.12104
2026-02-26 18:15,KMHV,102302.8,20.6,10.1,94889.8,295.17,1.11990
2026-02-26 19:55,KMHV,102235.1,23.2,9.3,94826.9,297.77,1.10939
2026-02-26 20:55,KMHV,102167.4,24.3,9.7,94764.1,298.87,1.10457
2026-02-26 21:55,KMHV,102099.6,24.7,7.4,94701.3,299.27,1.10237
2026-02-26 22:55,KMHV,102065.8,24.1,11.3,94669.9,298.67,1.10421
2026-02-26 23:55,KMHV,102031.9,22.8,11.5,94638.5,297.37,1.10867
2026-02-27 00:55,KMHV,101998.0,21.4,11.8,94607.1,295.97,1.11355
2026-02-27 01:55,KMHV,102031.9,18.6,11.0,94638.5,293.17,1.12456
2026-02-27 02:55,KMHV,102031.9,17.1,10.4,94638.5,291.67,1.13034
2026-02-27 03:55,KMHV,102065.8,16.5,9.7,94669.9,291.07,1.13304
2026-02-27 04:55,KMHV,102099.6,16.4,9.1,94701.3,290.97,1.13381
2026-02-27 05:55,KMHV,102167.4,16.1,8.7,94764.1,290.67,1.13573
2026-02-27 06:55,KMHV,102201.2,15.2,8.7,94795.5,289.77,1.13964
2026-02-27 07:55,KMHV,102167.4,15.8,8.7,94764.1,290.37,1.13691
2026-02-27 08:55,KMHV,102167.4,15.6,8.4,94764.1,290.17,1.13769
2026-02-27 09:55,KMHV,102133.5,14.4,8.1,94732.7,288.97,1.14204
2026-02-27 10:55,KMHV,102065.8,13.3,7.9,94669.9,287.87,1.14564
2026-02-27 11:55,KMHV,102065.8,11.5,7.9,94669.9,286.07,1.15285
2026-02-27 12:55,KMHV,102099.6,9.1,7.0,94701.3,283.67,1.16299
2026-02-27 13:55,KMHV,102133.5,9.8,6.8,94732.7,284.37,1.16051
2026-02-27 14:55,KMHV,102133.5,9.6,7.0,94732.7,284.17,1.16133
2026-02-27 15:55,KMHV,102235.1,15.4,9.1,94826.9,289.97,1.13923
2026-02-27 16:55,KMHV,102268.9,17.4,10.3,94858.3,291.97,1.13180
2026-02-27 17:55,KMHV,102235.1,19.8,10.1,94826.9,294.37,1.12220
2026-02-27 18:55,KMHV,102235.1,21.7,9.5,94826.9,296.27,1.11500
2026-02-27 19:55,KMHV,102133.5,23.2,10.2,94732.7,297.77,1.10829
2026-02-27 20:55,KMHV,102031.9,24.0,8.6,94638.5,298.57,1.10422
2026-02-27 21:55,KMHV,101964.2,25.1,9.5,94575.7,299.67,1.09943
2026-02-27 22:55,KMHV,101862.6,25.3,10.2,94481.4,299.87,1.09761
2026-02-27 23:55,KMHV,101828.7,24.8,10.4,94450.0,299.37,1.09907
2026-02-28 00:55,KMHV,101761.0,23.1,9.1,94387.2,297.67,1.10461
2026-02-28 01:55,KMHV,101761.0,20.8,8.5,94387.2,295.37,1.11322
2026-02-28 02:55,KMHV,101761.0,20.0,7.0,94387.2,294.57,1.11624
2026-02-28 03:55,KMHV,101794.9,18.2,7.4,94418.6,292.77,1.12348
2026-02-28 04:55,KMHV,101794.9,17.7,6.0,94418.6,292.27,1.12540
2026-02-28 05:55,KMHV,101794.9,18.1,5.0,94418.6,292.67,1.12386
2026-02-28 06:55,KMHV,101828.7,13.4,6.1,94450.0,287.97,1.14258
2026-02-28 07:55,KMHV,101794.9,12.8,5.8,94418.6,287.37,1.14459
2026-02-28 08:55,KMHV,101761.0,12.3,5.5,94387.2,286.87,1.14620
2026-02-28 09:55,KMHV,101693.3,12.2,5.7,94324.4,286.77,1.14584
2026-02-28 10:55,KMHV,101659.4,11.0,5.6,94293.0,285.57,1.15027
2026-02-28 11:55,KMHV,101625.5,11.2,5.7,94261.6,285.77,1.14908
2026-02-28 12:55,KMHV,101659.4,9.5,5.4,94293.0,284.07,1.15634
2026-02-28 13:55,KMHV,101659.4,8.9,4.9,94293.0,283.47,1.15879
2026-02-28 14:55,KMHV,101693.3,9.6,5.8,94324.4,284.17,1.15632
2026-02-28 15:55,KMHV,101727.1,13.9,8.3,94355.8,288.47,1.13946
2026-02-28 16:55,KMHV,101761.0,17.7,7.6,94387.2,292.27,1.12502
2026-02-28 17:55,KMHV,101727.1,19.5,8.6,94355.8,294.07,1.11777
2026-02-28 18:55,KMHV,101727.1,22.0,9.2,94355.8,296.57,1.10834
2026-02-28 19:55,KMHV,101659.4,24.5,8.8,94293.0,299.07,1.09835
2026-02-28 20:55,KMHV,101557.8,26.5,8.3,94198.7,301.07,1.08996
2026-02-28 21:55,KMHV,101490.1,27.4,4.4,94135.9,301.97,1.08599
2026-02-28 22:55,KMHV,101456.2,26.4,3.7,94104.5,300.97,1.08923
2026-02-28 23:55,KMHV,101456.2,25.2,3.5,94104.5,299.77,1.09359
2026-03-01 00:55,KMHV,101456.2,23.6,2.9,94104.5,298.17,1.09946
2026-03-01 01:55,KMHV,101523.9,21.1,2.1,94167.3,295.67,1.10950
2026-03-01 02:55,KMHV,101557.8,20.2,3.1,94198.7,294.77,1.11325
2026-03-01 03:55,KMHV,101591.7,17.9,4.4,94230.1,292.47,1.12238
2026-03-01 04:55,KMHV,101659.4,15.5,5.1,94293.0,290.07,1.13242
2026-03-01 05:55,KMHV,101693.3,14.8,5.3,94324.4,289.37,1.13554
2026-03-01 06:55,KMHV,101693.3,13.9,5.8,94324.4,288.47,1.13908
2026-03-01 07:55,KMHV,101693.3,12.7,6.3,94324.4,287.27,1.14384
2026-03-01 08:55,KMHV,101693.3,14.2,6.7,94324.4,288.77,1.13790
2026-03-01 09:55,KMHV,101693.3,14.2,8.3,94324.4,288.77,1.13790
2026-03-01 10:55,KMHV,101659.4,14.7,9.3,94293.0,289.27,1.13556
2026-03-01 11:55,KMHV,101693.3,15.5,8.7,94324.4,290.07,1.13280
2026-03-01 12:55,KMHV,101693.3,14.7,7.6,94324.4,289.27,1.13593
2026-03-01 13:55,KMHV,101727.1,14.5,7.1,94355.8,289.07,1.13710
2026-03-01 14:55,KMHV,101727.1,15.6,6.1,94355.8,290.17,1.13279
2026-03-01 15:55,KMHV,101794.9,16.4,7.3,94418.6,290.97,1.13043
2026-03-01 16:55,KMHV,101828.7,20.2,3.8,94450.0,294.77,1.11622
2026-03-01 17:35,KMHV,101828.7,21.3,2.8,94450.0,295.87,1.11207
2026-03-01 18:55,KMHV,101794.9,23.1,1.0,94418.6,297.67,1.10498
2026-03-01 19:55,KMHV,101761.0,24.4,0.8,94387.2,298.97,1.09981
2026-03-01 20:55,KMHV,101659.4,24.3,1.1,94293.0,298.87,1.09908
2026-03-01 21:55,KMHV,101625.5,24.5,1.1,94261.6,299.07,1.09798
2026-03-01 22:55,KMHV,101591.7,22.6,0.9,94230.1,297.17,1.10463
2026-03-01 23:55,KMHV,101591.7,22.0,3.0,94230.1,296.57,1.10687
2026-03-02 00:55,KMHV,101591.7,21.0,5.0,94230.1,295.57,1.11061
2026-03-02 01:55,KMHV,101591.7,19.3,6.1,94230.1,293.87,1.11704
2026-03-02 02:55,KMHV,101591.7,18.2,6.3,94230.1,292.77,1.12123
2026-03-02 03:55,KMHV,101659.4,17.5,6.6,94293.0,292.07,1.12467
2026-03-02 04:55,KMHV,101693.3,16.1,7.2,94324.4,290.67,1.13046
2026-03-02 05:55,KMHV,101693.3,15.5,7.2,94324.4,290.07,1.13280
2026-03-02 06:55,KMHV,101625.5,13.8,7.1,94261.6,288.37,1.13872
2026-03-02 07:55,KMHV,101625.5,11.5,7.0,94261.6,286.07,1.14788
2026-03-02 08:55,KMHV,101557.8,11.2,7.1,94198.7,285.77,1.14831
2026-03-02 09:55,KMHV,101523.9,10.4,6.7,94167.3,284.97,1.15115
2026-03-02 10:55,KMHV,101490.1,12.6,7.9,94135.9,287.17,1.14195
2026-03-02 11:55,KMHV,101456.2,13.0,9.2,94104.5,287.57,1.13999
2026-03-02 12:55,KMHV,101456.2,13.2,9.2,94104.5,287.77,1.13919
2026-03-02 13:55,KMHV,101523.9,12.7,8.2,94167.3,287.27,1.14194
2026-03-02 14:55,KMHV,101557.8,11.5,6.7,94198.7,286.07,1.14711
2026-03-02 15:55,KMHV,101625.5,12.7,5.9,94261.6,287.27,1.14308
2026-03-02 16:55,KMHV,101591.7,14.3,4.7,94230.1,288.87,1.13637
2026-03-02 17:35,KMHV,101659.4,14.8,5.5,94293.0,289.37,1.13516
2026-03-02 18:55,KMHV,101659.4,15.7,5.9,94293.0,290.27,1.13164
2026-03-02 19:55,KMHV,101625.5,16.0,5.9,94261.6,290.57,1.13010
2026-03-02 20:55,KMHV,101557.8,16.3,4.7,94198.7,290.87,1.12818
2026-03-02 21:55,KMHV,101490.1,16.4,3.8,94135.9,290.97,1.12704
2026-03-02 22:55,KMHV,101456.2,15.8,4.0,94104.5,290.37,1.12899
2026-03-02 23:55,KMHV,101422.4,15.0,3.4,94073.1,289.57,1.13173
2026-03-03 00:55,KMHV,101456.2,14.0,4.2,94104.5,288.57,1.13604
2026-03-03 01:55,KMHV,101320.8,11.5,3.8,93978.9,286.07,1.14443
2026-03-03 02:55,KMHV,101456.2,12.6,1.8,94104.5,287.17,1.14157
2026-03-03 03:55,KMHV,101456.2,11.5,1.8,94104.5,286.07,1.14596
2026-03-03 04:55,KMHV,101523.9,11.1,1.7,94167.3,285.67,1.14833
2026-03-03 05:55,KMHV,101591.7,11.3,2.6,94230.1,285.87,1.14830
2026-03-03 06:55,KMHV,101625.5,10.8,2.9,94261.6,285.37,1.15069
2026-03-03 07:55,KMHV,101659.4,8.3,0.8,94293.0,282.87,1.16125
2026-03-03 08:55,KMHV,101693.3,8.2,0.7,94324.4,282.77,1.16205
2026-03-03 09:55,KMHV,101727.1,5.3,1.5,94355.8,279.87,1.17448
2026-03-03 10:55,KMHV,101659.4,3.9,1.4,94293.0,278.47,1.17960
2026-03-03 11:55,KMHV,101693.3,3.6,1.4,94324.4,278.17,1.18126
2026-03-03 12:55,KMHV,101761.0,3.0,1.1,94387.2,277.57,1.18460
2026-03-03 13:55,KMHV,101828.7,3.0,1.2,94450.0,277.57,1.18539
2026-03-03 14:55,KMHV,101896.4,3.8,1.7,94512.8,278.37,1.18277
2026-03-03 15:55,KMHV,101964.2,10.4,3.6,94575.7,284.97,1.15615
2026-03-03 16:55,KMHV,102031.9,13.0,4.7,94638.5,287.57,1.14645
2026-03-03 17:55,KMHV,102065.8,16.1,2.3,94669.9,290.67,1.13460
2026-03-03 18:55,KMHV,102065.8,18.0,0.3,94669.9,292.57,1.12724
2026-03-03 19:55,KMHV,102031.9,18.5,1.0,94638.5,293.07,1.12494
2026-03-03 20:55,KMHV,101964.2,19.1,1.4,94575.7,293.67,1.12190
2026-03-03 21:55,KMHV,101930.3,20.1,1.9,94544.2,294.67,1.11772
2026-03-03 22:55,KMHV,101862.6,20.6,0.6,94481.4,295.17,1.11508
2026-03-03 23:35,KMHV,101828.7,20.9,0.6,94450.0,295.47,1.11358
2026-03-04 00:55,KMHV,101794.9,19.9,0.4,94418.6,294.47,1.11699
2026-03-04 01:55,KMHV,101794.9,17.2,1.9,94418.6,291.77,1.12733
2026-03-04 02:55,KMHV,101828.7,10.6,3.0,94450.0,285.17,1.15380
2026-03-04 03:55,KMHV,101828.7,10.5,3.9,94450.0,285.07,1.15421
2026-03-04 04:55,KMHV,101828.7,9.4,2.7,94450.0,283.97,1.15868
2026-03-04 05:55,KMHV,101862.6,9.5,2.9,94481.4,284.07,1.15865
2026-03-04 06:55,KMHV,101828.7,8.8,2.8,94450.0,283.37,1.16113
2026-03-04 07:55,KMHV,101794.9,8.6,2.6,94418.6,283.17,1.16156
2026-03-04 08:55,KMHV,101828.7,8.7,1.7,94450.0,283.27,1.16154
2026-03-04 09:55,KMHV,101794.9,8.2,1.6,94418.6,282.77,1.16321
2026-03-04 10:55,KMHV,101727.1,8.6,1.0,94355.8,283.17,1.16079
2026-03-04 11:55,KMHV,101693.3,8.6,1.8,94324.4,283.17,1.16040
2026-03-04 12:55,KMHV,101727.1,7.5,2.4,94355.8,282.07,1.16532
2026-03-04 13:55,KMHV,101727.1,7.9,3.7,94355.8,282.47,1.16367
2026-03-04 14:55,KMHV,101761.0,11.2,4.3,94387.2,285.77,1.15061
2026-03-04 15:55,KMHV,101794.9,12.7,5.4,94418.6,287.27,1.14499
2026-03-04 16:55,KMHV,101794.9,15.4,5.2,94418.6,289.97,1.13432
2026-03-04 17:55,KMHV,101727.1,18.5,5.0,94355.8,293.07,1.12158
2026-03-04 18:55,KMHV,101693.3,19.4,1.8,94324.4,293.97,1.11777
2026-03-04 19:55,KMHV,101693.3,16.6,6.7,94324.4,291.17,1.12852
2026-03-04 20:55,KMHV,101625.5,15.6,6.7,94261.6,290.17,1.13166
2026-03-04 21:55,KMHV,101523.9,18.0,7.0,94167.3,292.57,1.12125
2026-03-04 22:35,KMHV,101456.2,16.8,5.4,94104.5,291.37,1.12512
2026-03-04 23:55,KMHV,101388.5,15.6,5.2,94041.7,290.17,1.12902
2026-03-05 00:55,KMHV,101320.8,14.7,5.1,93978.9,289.27,1.13177
2026-03-05 01:55,KMHV,101456.2,13.8,5.1,94104.5,288.37,1.13682
2026-03-05 02:55,KMHV,101456.2,13.1,4.8,94104.5,287.67,1.13959
2026-03-05 03:55,KMHV,101456.2,12.8,4.7,94104.5,287.37,1.14078
2026-03-05 04:55,KMHV,101523.9,12.9,4.9,94167.3,287.47,1.14114
2026-03-05 05:55,KMHV,101490.1,12.8,4.9,94135.9,287.37,1.14116
2026-03-05 06:55,KMHV,101557.8,12.2,4.7,94198.7,286.77,1.14431
2026-03-05 07:55,KMHV,101523.9,11.5,3.4,94167.3,286.07,1.14673
2026-03-05 08:55,KMHV,101490.1,10.1,2.5,94135.9,284.67,1.15198
2026-03-05 09:55,KMHV,101354.6,9.4,1.3,94010.3,283.97,1.15328
2026-03-05 10:55,KMHV,101354.6,9.5,-0.3,94010.3,284.07,1.15288
2026-03-05 11:55,KMHV,101388.5,9.2,-2.9,94041.7,283.77,1.15448
2026-03-05 12:55,KMHV,101523.9,7.5,0.6,94167.3,282.07,1.16299
2026-03-05 13:55,KMHV,101557.8,7.2,0.3,94198.7,281.77,1.16462
2026-03-05 14:55,KMHV,101557.8,7.2,-0.2,94198.7,281.77,1.16462
2026-03-05 15:55,KMHV,101659.4,8.3,-0.1,94293.0,282.87,1.16125
2026-03-05 16:55,KMHV,101727.1,11.1,-0.6,94355.8,285.67,1.15063
2026-03-05 17:55,KMHV,101794.9,13.3,-2.0,94418.6,287.87,1.14260
2026-03-05 18:55,KMHV,101794.9,14.7,-4.4,94418.6,289.27,1.13707
2026-03-05 19:55,KMHV,101727.1,16.0,-6.8,94355.8,290.57,1.13123
2026-03-05 20:55,KMHV,101659.4,16.1,-6.5,94293.0,290.67,1.13009
2026-03-05 21:55,KMHV,101591.7,16.7,-2.0,94230.1,291.27,1.12701
2026-03-05 22:55,KMHV,101557.8,16.2,0.9,94198.7,290.77,1.12857
2026-03-05 23:55,KMHV,101523.9,14.7,2.0,94167.3,289.27,1.13404
2026-03-06 00:55,KMHV,101523.9,13.0,1.6,94167.3,287.57,1.14075
2026-03-06 01:55,KMHV,101557.8,10.5,0.8,94198.7,285.07,1.15113
2026-03-06 02:55,KMHV,101591.7,9.8,-1.9,94230.1,284.37,1.15435
2026-03-06 03:55,KMHV,101625.5,9.5,-1.8,94261.6,284.07,1.15596
2026-03-06 04:55,KMHV,101659.4,9.1,-2.0,94293.0,283.67,1.15797
2026-03-06 05:55,KMHV,101727.1,8.6,-1.8,94355.8,283.17,1.16079
2026-03-06 06:55,KMHV,101794.9,8.5,-2.6,94418.6,283.07,1.16197
2026-03-06 07:55,KMHV,101794.9,5.2,-2.3,94418.6,279.77,1.17568
2026-03-06 08:55,KMHV,101794.9,5.2,-3.2,94418.6,279.77,1.17568
2026-03-06 09:55,KMHV,101828.7,6.5,-5.0,94450.0,281.07,1.17063
2026-03-06 10:55,KMHV,101828.7,6.9,-4.9,94450.0,281.47,1.16897
2026-03-06 11:55,KMHV,101896.4,5.0,-4.6,94512.8,279.57,1.17769
2026-03-06 12:55,KMHV,101896.4,3.4,-5.0,94512.8,277.97,1.18447
2026-03-06 13:55,KMHV,101964.2,0.8,-5.0,94575.7,275.37,1.19645
2026-03-06 14:55,KMHV,102031.9,2.4,-4.6,94638.5,276.97,1.19033
2026-03-06 15:55,KMHV,102031.9,8.6,-3.6,94638.5,283.17,1.16427
2026-03-06 16:55,KMHV,102065.8,11.1,-7.0,94669.9,285.67,1.15446
2026-03-06 17:55,KMHV,102099.6,11.0,-7.0,94701.3,285.57,1.15525
2026-03-06 18:55,KMHV,102099.6,12.3,-7.2,94701.3,286.87,1.15001
2026-03-06 19:55,KMHV,102065.8,13.5,-5.8,94669.9,288.07,1.14484
2026-03-06 20:55,KMHV,101964.2,14.4,-5.7,94575.7,288.97,1.14014
2026-03-06 21:55,KMHV,101896.4,15.5,-6.4,94512.8,290.07,1.13506
2026-03-06 22:55,KMHV,101862.6,16.0,-7.3,94481.4,290.57,1.13274
2026-03-06 23:55,KMHV,101828.7,16.1,-7.6,94450.0,290.67,1.13197
2026-03-07 00:55,KMHV,101828.7,16.2,-7.9,94450.0,290.77,1.13158
2026-03-07 01:55,KMHV,101862.6,13.9,-6.7,94481.4,288.47,1.14098
2026-03-07 02:55,KMHV,101896.4,7.6,-3.4,94512.8,282.17,1.16684
2026-03-07 03:55,KMHV,101930.3,7.1,-2.4,94544.2,281.67,1.16930
2026-03-07 04:55,KMHV,101930.3,6.6,-2.0,94544.2,281.17,1.17138
2026-03-07 05:55,KMHV,101964.2,6.8,-3.3,94575.7,281.37,1.17094
2026-03-07 06:55,KMHV,101964.2,8.4,-6.6,94575.7,282.97,1.16432
2026-03-07 07:55,KMHV,101964.2,10.0,-8.2,94575.7,284.57,1.15777
2026-03-07 08:55,KMHV,101930.3,11.6,-9.1,94544.2,286.17,1.15092
2026-03-07 09:55,KMHV,101930.3,9.9,-8.7,94544.2,284.47,1.15779
2026-03-07 10:55,KMHV,101930.3,10.7,-9.1,94544.2,285.27,1.15455
2026-03-07 11:55,KMHV,101896.4,10.6,-9.2,94512.8,285.17,1.15457
2026-03-07 12:55,KMHV,101930.3,9.9,-9.3,94544.2,284.47,1.15779
2026-03-07 13:55,KMHV,101930.3,9.5,-9.1,94544.2,284.07,1.15942
2026-03-07 14:55,KMHV,101998.0,9.9,-9.0,94607.1,284.47,1.15856
2026-03-07 15:55,KMHV,102099.6,11.4,-8.3,94701.3,285.97,1.15363
2026-03-07 16:15,KMHV,102133.5,12.2,-8.3,94732.7,286.77,1.15080
2026-03-07 17:55,KMHV,102167.4,15.2,-8.0,94764.1,289.77,1.13926
2026-03-07 18:55,KMHV,102133.5,16.5,-9.6,94732.7,291.07,1.13380
2026-03-07 19:55,KMHV,102099.6,17.3,-9.8,94701.3,291.87,1.13031
2026-03-07 20:55,KMHV,102065.8,18.2,-10.5,94669.9,292.77,1.12647
2026-03-07 21:55,KMHV,101998.0,18.7,-12.4,94607.1,293.27,1.12380
2026-03-07 22:55,KMHV,101930.3,19.3,-12.4,94544.2,293.87,1.12076
2026-03-07 23:55,KMHV,101862.6,19.0,-12.1,94481.4,293.57,1.12116
2026-03-08 00:55,KMHV,101896.4,18.1,-13.6,94512.8,292.67,1.12498
2026-03-08 01:55,KMHV,101930.3,15.6,-11.6,94544.2,290.17,1.13505
2026-03-08 02:55,KMHV,101964.2,9.5,-8.7,94575.7,284.07,1.15981
2026-03-08 03:55,KMHV,102031.9,7.5,-7.9,94638.5,282.07,1.16881
2026-03-08 04:55,KMHV,102065.8,6.5,-7.6,94669.9,281.07,1.17336
2026-03-08 05:55,KMHV,102031.9,6.4,-8.1,94638.5,280.97,1.17338
2026-03-08 06:55,KMHV,102031.9,8.2,-10.1,94638.5,282.77,1.16592
2026-03-08 07:55,KMHV,101998.0,11.0,-11.8,94607.1,285.57,1.15410
2026-03-08 08:55,KMHV,102065.8,8.9,-10.9,94669.9,283.47,1.16342
2026-03-08 09:55,KMHV,101998.0,9.0,-11.1,94607.1,283.57,1.16224
2026-03-08 10:55,KMHV,101964.2,8.2,-10.3,94575.7,282.77,1.16514
2026-03-08 11:55,KMHV,101998.0,5.1,-9.1,94607.1,279.67,1.17845
2026-03-08 12:55,KMHV,101964.2,4.3,-8.1,94575.7,278.87,1.18144
2026-03-08 13:55,KMHV,101998.0,3.7,-5.4,94607.1,278.27,1.18438
2026-03-08 14:55,KMHV,101998.0,5.0,-4.2,94607.1,279.57,1.17887
2026-03-08 15:55,KMHV,102031.9,11.4,-4.1,94638.5,285.97,1.15287
2026-03-08 16:55,KMHV,102031.9,15.0,-2.9,94638.5,289.57,1.13854
2026-03-08 17:35,KMHV,101998.0,16.6,-4.0,94607.1,291.17,1.13190
2026-03-08 18:55,KMHV,101930.3,19.0,-4.6,94544.2,293.57,1.12191
2026-03-08 19:55,KMHV,101828.7,20.4,-5.0,94450.0,294.97,1.11547
2026-03-08 20:55,KMHV,101693.3,21.3,-5.9,94324.4,295.87,1.11060
2026-03-08 21:55,KMHV,101591.7,22.4,-6.3,94230.1,296.97,1.10538
2026-03-08 22:55,KMHV,101490.1,22.8,-8.1,94135.9,297.37,1.10279
2026-03-08 23:55,KMHV,101422.4,22.6,-8.9,94073.1,297.17,1.10279
2026-03-09 00:55,KMHV,101388.5,22.0,-8.7,94041.7,296.57,1.10465
2026-03-09 01:55,KMHV,101388.5,20.8,-7.7,94041.7,295.37,1.10914
2026-03-09 02:55,KMHV,101388.5,13.1,-0.7,94041.7,287.67,1.13883
2026-03-09 03:55,KMHV,101422.4,13.4,0.5,94073.1,287.97,1.13802
2026-03-09 04:55,KMHV,101456.2,12.8,0.0,94104.5,287.37,1.14078
2026-03-09 05:55,KMHV,101422.4,10.9,-0.9,94073.1,285.47,1.14799
2026-03-09 06:55,KMHV,101422.4,9.9,-1.8,94073.1,284.47,1.15202
2026-03-09 07:55,KMHV,101422.4,9.4,-1.2,94073.1,283.97,1.15405
2026-03-09 08:55,KMHV,101354.6,9.1,-0.2,94010.3,283.67,1.15450
2026-03-09 09:55,KMHV,101320.8,8.1,-2.9,93978.9,282.67,1.15820
2026-03-09 10:55,KMHV,101253.0,5.6,-2.1,93916.0,280.17,1.16775
2026-03-09 11:55,KMHV,101219.2,5.4,-2.3,93884.6,279.97,1.16820
2026-03-09 12:55,KMHV,101253.0,4.2,-2.7,93916.0,278.77,1.17362
2026-03-09 13:55,KMHV,101219.2,3.9,-2.7,93884.6,278.47,1.17449
2026-03-09 14:55,KMHV,101253.0,4.8,-1.6,93916.0,279.37,1.17110
2026-03-09 15:55,KMHV,101286.9,14.0,-1.9,93947.5,288.57,1.13414
2026-03-09 16:55,KMHV,101354.6,14.9,-1.4,94010.3,289.47,1.13137
2026-03-09 17:55,KMHV,101320.8,17.2,-0.9,93978.9,291.77,1.12208
2026-03-09 18:55,KMHV,101320.8,19.6,-0.8,93978.9,294.17,1.11292
2026-03-09 19:55,KMHV,101253.0,21.4,-1.9,93916.0,295.97,1.10541
2026-03-09 20:55,KMHV,101185.3,22.7,-2.9,93853.2,297.27,1.09984
2026-03-09 21:55,KMHV,101117.6,23.2,-4.7,93790.4,297.77,1.09726
2026-03-09 22:55,KMHV,101083.7,23.3,0.1,93759.0,297.87,1.09653
2026-03-09 23:55,KMHV,101083.7,22.1,2.0,93759.0,296.67,1.10096
2026-03-10 00:55,KMHV,101151.4,20.6,2.4,93821.8,295.17,1.10730
2026-03-10 01:55,KMHV,101185.3,17.6,5.4,93853.2,292.17,1.11904
2026-03-10 02:55,KMHV,101219.2,14.2,5.4,93884.6,288.77,1.13260
2026-03-10 03:55,KMHV,101253.0,14.8,3.3,93916.0,289.37,1.13063
2026-03-10 04:55,KMHV,101320.8,16.9,2.6,93978.9,291.47,1.12323
2026-03-10 05:55,KMHV,101320.8,15.7,2.0,93978.9,290.27,1.12787
2026-03-10 06:55,KMHV,101354.6,14.5,2.7,94010.3,289.07,1.13293
2026-03-10 07:55,KMHV,101354.6,15.5,2.4,94010.3,290.07,1.12903
2026-03-10 08:55,KMHV,101354.6,13.0,3.9,94010.3,287.57,1.13884
2026-03-10 09:55,KMHV,101354.6,12.8,3.6,94010.3,287.37,1.13964
2026-03-10 10:55,KMHV,101354.6,13.8,3.2,94010.3,288.37,1.13568
2026-03-10 11:55,KMHV,101320.8,14.1,3.1,93978.9,288.67,1.13413
2026-03-10 12:55,KMHV,101354.6,14.6,3.9,94010.3,289.17,1.13254
2026-03-10 13:55,KMHV,101422.4,14.5,4.4,94073.1,289.07,1.13369
2026-03-10 14:55,KMHV,101456.2,14.1,5.4,94104.5,288.67,1.13564
2026-03-10 15:55,KMHV,101557.8,17.0,4.9,94198.7,291.57,1.12547
2026-03-10 16:55,KMHV,101625.5,18.5,5.2,94261.6,293.07,1.12046
2026-03-10 17:55,KMHV,101659.4,20.0,6.7,94293.0,294.57,1.11512
2026-03-10 18:55,KMHV,101727.1,20.8,6.5,94355.8,295.37,1.11285
2026-03-10 19:55,KMHV,101727.1,21.5,7.4,94355.8,296.07,1.11021
2026-03-10 20:55,KMHV,101659.4,21.9,6.7,94293.0,296.47,1.10798
2026-03-10 21:55,KMHV,101693.3,21.4,7.4,94324.4,295.97,1.11022
2026-03-10 22:55,KMHV,101693.3,21.3,6.2,94324.4,295.87,1.11060
2026-03-10 23:55,KMHV,101761.0,20.1,6.0,94387.2,294.67,1.11586
2026-03-11 00:55,KMHV,101794.9,18.1,7.6,94418.6,292.67,1.12386
2026-03-11 01:55,KMHV,101761.0,17.0,6.8,94387.2,291.57,1.12772
2026-03-11 02:55,KMHV,101862.6,16.1,6.8,94481.4,290.67,1.13235
2026-03-11 03:55,KMHV,101896.4,15.6,7.3,94512.8,290.17,1.13467
2026-03-11 04:55,KMHV,101930.3,15.6,7.2,94544.2,290.17,1.13505
2026-03-11 05:55,KMHV,102031.9,16.2,5.8,94638.5,290.77,1.13384
2026-03-11 06:55,KMHV,102133.5,15.6,6.6,94732.7,290.17,1.13731
2026-03-11 07:55,KMHV,102235.1,15.3,6.8,94826.9,289.87,1.13962
2026-03-11 08:55,KMHV,102268.9,14.8,7.6,94858.3,289.37,1.14197
2026-03-11 09:55,KMHV,102302.8,14.7,6.6,94889.8,289.27,1.14274
2026-03-11 10:55,KMHV,102302.8,13.5,6.0,94889.8,288.07,1.14750
2026-03-11 11:55,KMHV,102336.7,11.9,5.3,94921.2,286.47,1.15429
2026-03-11 12:55,KMHV,102404.4,10.1,5.7,94984.0,284.67,1.16236
2026-03-11 13:55,KMHV,102438.3,7.9,5.1,95015.4,282.47,1.17180
2026-03-11 14:55,KMHV,102539.9,10.3,5.2,95109.6,284.87,1.16308
2026-03-11 15:55,KMHV,102607.6,14.7,7.1,95172.4,289.27,1.14615
2026-03-11 16:55,KMHV,102709.2,17.3,7.4,95266.7,291.87,1.13706
2026-03-11 17:55,KMHV,102709.2,19.2,7.3,95266.7,293.77,1.12971
2026-03-11 18:55,KMHV,102709.2,20.5,6.9,95266.7,295.07,1.12473
2026-03-11 19:55,KMHV,102709.2,23.0,6.9,95266.7,297.57,1.11528
2026-03-11 20:55,KMHV,102675.3,24.2,2.8,95235.3,298.77,1.11044
2026-03-11 21:55,KMHV,102607.6,24.0,7.1,95172.4,298.57,1.11045
2026-03-11 22:55,KMHV,102539.9,24.8,6.4,95109.6,299.37,1.10675
2026-03-11 23:55,KMHV,102539.9,23.7,7.9,95109.6,298.27,1.11083
2026-03-12 00:55,KMHV,102539.9,21.9,7.4,95109.6,296.47,1.11757
2026-03-12 01:55,KMHV,102573.7,18.8,7.7,95141.0,293.37,1.12976
2026-03-12 02:55,KMHV,102573.7,17.2,6.5,95141.0,291.77,1.13595
2026-03-12 03:55,KMHV,102607.6,16.5,4.7,95172.4,291.07,1.13906
2026-03-12 04:55,KMHV,102675.3,14.3,3.3,95235.3,288.87,1.14849
2026-03-12 05:55,KMHV,102709.2,13.5,4.2,95266.7,288.07,1.15206
2026-03-12 06:55,KMHV,102776.9,13.0,4.0,95329.5,287.57,1.15483
2026-03-12 07:55,KMHV,102776.9,11.2,3.8,95329.5,285.77,1.16210
2026-03-12 08:55,KMHV,102743.0,8.9,4.7,95298.1,283.47,1.17114
2026-03-12 09:55,KMHV,102709.2,8.6,4.8,95266.7,283.17,1.17200
2026-03-12 10:55,KMHV,102675.3,9.6,4.2,95235.3,284.17,1.16749
2026-03-12 11:55,KMHV,102675.3,10.5,4.0,95235.3,285.07,1.16380
2026-03-12 12:55,KMHV,102743.0,9.9,4.3,95298.1,284.47,1.16703
2026-03-12 13:55,KMHV,102743.0,6.7,3.9,95298.1,281.27,1.18030
2026-03-12 14:55,KMHV,102776.9,10.5,4.8,95329.5,285.07,1.16495
2026-03-12 15:55,KMHV,102844.6,16.7,6.3,95392.3,291.27,1.14091
2026-03-12 16:55,KMHV,102844.6,19.2,4.9,95392.3,293.77,1.13120
2026-03-12 17:15,KMHV,102844.6,20.1,3.6,95392.3,294.67,1.12774
2026-03-12 18:55,KMHV,102776.9,23.1,1.8,95329.5,297.67,1.11564
2026-03-12 19:55,KMHV,102675.3,25.8,-0.4,95235.3,300.37,1.10452
2026-03-12 20:35,KMHV,102607.6,25.8,-3.3,95172.4,300.37,1.10379
2026-03-12 21:55,KMHV,102438.3,26.6,-2.3,95015.4,301.17,1.09904
2026-03-12 22:55,KMHV,102370.5,26.8,-1.8,94952.6,301.37,1.09759
2026-03-12 23:55,KMHV,102302.8,27.1,-2.9,94889.8,301.67,1.09577
2026-03-13 00:55,KMHV,102235.1,26.3,-2.1,94826.9,300.87,1.09796
2026-03-13 01:55,KMHV,102235.1,21.5,6.8,94826.9,296.07,1.11576
2026-03-13 02:55,KMHV,102235.1,19.3,6.5,94826.9,293.87,1.12411
2026-03-13 03:55,KMHV,102235.1,17.4,6.0,94826.9,291.97,1.13143
2026-03-13 04:55,KMHV,102235.1,16.2,5.1,94826.9,290.77,1.13610
2026-03-13 05:55,KMHV,102235.1,15.2,4.4,94826.9,289.77,1.14002
2026-03-13 06:55,KMHV,102235.1,15.5,4.2,94826.9,290.07,1.13884
2026-03-13 07:55,KMHV,102201.2,13.7,4.1,94795.5,288.27,1.14557
2026-03-13 08:55,KMHV,102201.2,11.2,4.0,94795.5,285.77,1.15559
2026-03-13 09:55,KMHV,102133.5,9.9,3.1,94732.7,284.47,1.16010
2026-03-13 10:55,KMHV,102065.8,9.4,2.3,94669.9,283.97,1.16137
2026-03-13 11:55,KMHV,101998.0,12.3,1.3,94607.1,286.87,1.14887
2026-03-13 12:55,KMHV,102065.8,10.8,1.7,94669.9,285.37,1.15568
2026-03-13 13:55,KMHV,102065.8,8.0,2.0,94669.9,282.57,1.16713
2026-03-13 14:55,KMHV,102065.8,10.9,3.4,94669.9,285.47,1.15527
2026-03-13 15:55,KMHV,102133.5,15.5,4.0,94732.7,290.07,1.13771
2026-03-13 16:55,KMHV,102133.5,18.1,4.2,94732.7,292.67,1.12760
2026-03-13 17:55,KMHV,102133.5,20.4,4.0,94732.7,294.97,1.11881
2026-03-13 18:35,KMHV,102099.6,22.7,3.6,94701.3,297.27,1.10978
2026-03-13 19:55,KMHV,102031.9,25.1,3.1,94638.5,299.67,1.10016
2026-03-13 20:55,KMHV,101930.3,26.4,0.8,94544.2,300.97,1.09432
2026-03-13 21:55,KMHV,101794.9,27.4,-0.3,94418.6,301.97,1.08925
2026-03-13 22:55,KMHV,101727.1,27.0,-0.2,94355.8,301.57,1.08997
2026-03-13 23:55,KMHV,101659.4,26.9,-1.5,94293.0,301.47,1.08960
2026-03-14 00:55,KMHV,101625.5,24.1,6.7,94261.6,298.67,1.09945
2026-03-14 01:55,KMHV,101591.7,21.4,8.5,94230.1,295.97,1.10911
2026-03-14 02:55,KMHV,101625.5,19.5,7.9,94261.6,294.07,1.11665
2026-03-14 03:55,KMHV,101659.4,18.8,7.7,94293.0,293.37,1.11969
2026-03-14 04:55,KMHV,101625.5,17.3,7.9,94261.6,291.87,1.12507
2026-03-14 05:55,KMHV,101625.5,17.4,4.7,94261.6,291.97,1.12468
2026-03-14 06:55,KMHV,101591.7,18.3,3.5,94230.1,292.87,1.12085
2026-03-14 07:55,KMHV,101557.8,16.6,3.9,94198.7,291.17,1.12702
2026-03-14 08:55,KMHV,101523.9,17.6,-0.1,94167.3,292.17,1.12279
2026-03-14 09:55,KMHV,101456.2,17.2,1.7,94104.5,291.77,1.12358
2026-03-14 10:55,KMHV,101456.2,17.3,2.5,94104.5,291.87,1.12319
2026-03-14 11:55,KMHV,101388.5,16.1,4.1,94041.7,290.67,1.12708
2026-03-14 12:55,KMHV,101354.6,16.0,4.4,94010.3,290.57,1.12709
2026-03-14 13:55,KMHV,101422.4,16.3,4.2,94073.1,290.87,1.12668
2026-03-14 14:55,KMHV,101456.2,15.7,6.1,94104.5,290.27,1.12938
2026-03-14 15:55,KMHV,101523.9,17.2,6.9,94167.3,291.77,1.12433
2026-03-14 16:55,KMHV,101557.8,19.3,6.9,94198.7,293.87,1.11666
2026-03-14 17:55,KMHV,101557.8,20.8,7.3,94198.7,295.37,1.11099
2026-03-14 18:35,KMHV,101557.8,22.9,7.0,94198.7,297.47,1.10315
2026-03-14 19:15,KMHV,101557.8,23.7,6.4,94198.7,298.27,1.10019
2026-03-14 20:55,KMHV,101422.4,25.3,6.7,94073.1,299.87,1.09286
2026-03-14 21:55,KMHV,101354.6,24.1,6.0,94010.3,298.67,1.09652
2026-03-14 22:55,KMHV,101422.4,23.8,6.7,94073.1,298.37,1.09836
2026-03-14 23:55,KMHV,101388.5,22.8,5.5,94041.7,297.37,1.10168
2026-03-15 00:55,KMHV,101320.8,22.0,6.0,93978.9,296.57,1.10392
2026-03-15 01:55,KMHV,101354.6,18.8,6.4,94010.3,293.37,1.11633
2026-03-15 02:55,KMHV,101422.4,19.6,4.2,94073.1,294.17,1.11404
2026-03-15 03:55,KMHV,101388.5,18.9,4.0,94041.7,293.47,1.11632
2026-03-15 04:55,KMHV,101456.2,19.2,3.6,94104.5,293.77,1.11593
2026-03-15 05:55,KMHV,101523.9,17.8,4.7,94167.3,292.37,1.12202
2026-03-15 06:55,KMHV,101591.7,17.5,4.2,94230.1,292.07,1.12392
2026-03-15 07:55,KMHV,101591.7,17.5,5.3,94230.1,292.07,1.12392
2026-03-15 08:55,KMHV,101625.5,16.6,6.3,94261.6,291.17,1.12777
2026-03-15 09:55,KMHV,101693.3,15.6,4.5,94324.4,290.17,1.13241
2026-03-15 10:55,KMHV,101693.3,12.2,4.9,94324.4,286.77,1.14584
2026-03-15 11:55,KMHV,101693.3,11.7,4.8,94324.4,286.27,1.14784
2026-03-15 12:55,KMHV,101761.0,9.8,5.0,94387.2,284.37,1.15628
2026-03-15 13:55,KMHV,101862.6,9.4,5.3,94481.4,283.97,1.15906
2026-03-15 14:55,KMHV,101964.2,10.6,6.6,94575.7,285.17,1.15534
2026-03-15 15:55,KMHV,102031.9,15.5,7.4,94638.5,290.07,1.13657
2026-03-15 16:55,KMHV,102065.8,18.5,7.3,94669.9,293.07,1.12531
2026-03-15 17:55,KMHV,102133.5,22.3,4.7,94732.7,296.87,1.11165
2026-03-15 18:55,KMHV,102133.5,24.0,1.7,94732.7,298.57,1.10532
2026-03-15 19:55,KMHV,102065.8,25.3,0.1,94669.9,299.87,1.09979
2026-03-15 20:55,KMHV,101998.0,26.6,1.6,94607.1,301.17,1.09432
2026-03-15 21:55,KMHV,101964.2,26.4,1.6,94575.7,300.97,1.09468
2026-03-15 22:55,KMHV,101896.4,27.4,2.0,94512.8,301.97,1.09033
2026-03-15 23:55,KMHV,101828.7,27.6,0.9,94450.0,302.17,1.08889
2026-03-16 00:55,KMHV,101828.7,27.1,0.7,94450.0,301.67,1.09069
2026-03-16 01:55,KMHV,101828.7,25.9,-0.1,94450.0,300.47,1.09505
2026-03-16 02:55,KMHV,101862.6,17.7,7.2,94481.4,292.27,1.12615
2026-03-16 03:55,KMHV,101896.4,18.0,7.7,94512.8,292.57,1.12537
2026-03-16 04:55,KMHV,101930.3,17.3,6.8,94544.2,291.87,1.12844
2026-03-16 05:55,KMHV,101998.0,16.6,5.3,94607.1,291.17,1.13190
2026-03-16 06:55,KMHV,102031.9,15.4,3.9,94638.5,289.97,1.13697
2026-03-16 07:55,KMHV,101998.0,13.8,5.4,94607.1,288.37,1.14289
2026-03-16 08:55,KMHV,101998.0,12.9,4.9,94607.1,287.47,1.14647
2026-03-16 09:55,KMHV,102031.9,13.0,5.0,94638.5,287.57,1.14645
2026-03-16 10:55,KMHV,101998.0,10.8,4.0,94607.1,285.37,1.15491
2026-03-16 11:55,KMHV,101998.0,11.7,4.1,94607.1,286.27,1.15128
2026-03-16 12:55,KMHV,102031.9,11.6,3.4,94638.5,286.17,1.15206
2026-03-16 13:55,KMHV,102065.8,11.6,2.2,94669.9,286.17,1.15245
2026-03-16 14:55,KMHV,102099.6,12.0,3.4,94701.3,286.57,1.15122
2026-03-16 15:55,KMHV,102167.4,18.8,3.8,94764.1,293.37,1.12528
2026-03-16 16:55,KMHV,102201.2,21.8,2.2,94795.5,296.37,1.11426
2026-03-16 17:55,KMHV,102235.1,24.0,-0.3,94826.9,298.57,1.10642
2026-03-16 18:55,KMHV,102201.2,25.3,-0.3,94795.5,299.87,1.10125
2026-03-16 19:55,KMHV,102133.5,26.3,0.3,94732.7,300.87,1.09687
2026-03-16 20:55,KMHV,102031.9,27.1,0.1,94638.5,301.67,1.09287
2026-03-16 21:55,KMHV,101930.3,27.8,0.4,94544.2,302.37,1.08925
2026-03-16 22:55,KMHV,101896.4,28.3,0.1,94512.8,302.87,1.08709
2026-03-16 23:55,KMHV,101828.7,28.3,0.6,94450.0,302.87,1.08637
2026-03-17 00:55,KMHV,101828.7,28.5,0.9,94450.0,303.07,1.08566
2026-03-17 01:55,KMHV,101828.7,26.9,1.7,94450.0,301.47,1.09142
2026-03-17 02:55,KMHV,101896.4,18.6,4.6,94512.8,293.17,1.12306
2026-03-17 03:55,KMHV,101930.3,18.1,6.0,94544.2,292.67,1.12536
2026-03-17 04:55,KMHV,101964.2,17.0,5.8,94575.7,291.57,1.12998
2026-03-17 05:55,KMHV,101998.0,17.2,6.5,94607.1,291.77,1.12958
2026-03-17 06:55,KMHV,101998.0,16.0,5.7,94607.1,290.57,1.13424
2026-03-17 07:55,KMHV,101964.2,15.4,4.8,94575.7,289.97,1.13621
2026-03-17 08:55,KMHV,101964.2,12.8,4.2,94575.7,287.37,1.14649
2026-03-17 09:55,KMHV,101964.2,14.0,3.2,94575.7,288.57,1.14172
2026-03-17 10:55,KMHV,101930.3,11.4,3.9,94544.2,285.97,1.15172
2026-03-17 11:55,KMHV,101930.3,12.6,3.5,94544.2,287.17,1.14691
2026-03-17 12:55,KMHV,101964.2,12.1,3.4,94575.7,286.67,1.14929
2026-03-17 13:55,KMHV,101998.0,11.0,3.4,94607.1,285.57,1.15410
2026-03-17 14:55,KMHV,102031.9,13.5,5.1,94638.5,288.07,1.14446
2026-03-17 15:55,KMHV,102099.6,20.9,5.7,94701.3,295.47,1.11654
2026-03-17 16:55,KMHV,102133.5,24.7,2.3,94732.7,299.27,1.10273
2026-03-17 17:55,KMHV,102133.5,26.3,2.9,94732.7,300.87,1.09687
2026-03-17 18:55,KMHV,102099.6,27.8,1.2,94701.3,302.37,1.09106
2026-03-17 19:55,KMHV,102099.6,28.7,1.4,94701.3,303.27,1.08783
2026-03-17 20:55,KMHV,101998.0,29.0,1.6,94607.1,303.57,1.08567
2026-03-17 21:55,KMHV,101896.4,30.5,1.8,94512.8,305.07,1.07926
2026-03-17 22:55,KMHV,101828.7,30.9,2.1,94450.0,305.47,1.07713
2026-03-17 23:55,KMHV,101794.9,30.5,2.5,94418.6,305.07,1.07818
2026-03-18 00:55,KMHV,101761.0,30.2,3.1,94387.2,304.77,1.07888
2026-03-18 01:55,KMHV,101761.0,28.1,4.1,94387.2,302.67,1.08637
2026-03-18 02:55,KMHV,101794.9,20.2,5.8,94418.6,294.77,1.11585
2026-03-18 03:55,KMHV,101862.6,20.4,7.5,94481.4,294.97,1.11584
2026-03-18 04:55,KMHV,101896.4,19.7,8.1,94512.8,294.27,1.11886
2026-03-18 05:55,KMHV,101964.2,18.0,7.9,94575.7,292.57,1.12611
2026-03-18 06:55,KMHV,101964.2,17.8,6.8,94575.7,292.37,1.12688
2026-03-18 07:55,KMHV,101998.0,15.6,6.4,94607.1,290.17,1.13580
2026-03-18 08:55,KMHV,101998.0,14.5,6.5,94607.1,289.07,1.14013
2026-03-18 09:55,KMHV,101998.0,13.6,6.7,94607.1,288.17,1.14369
2026-03-18 10:55,KMHV,101964.2,13.2,6.4,94575.7,287.77,1.14490
2026-03-18 11:55,KMHV,101964.2,12.8,5.9,94575.7,287.37,1.14649
2026-03-18 12:55,KMHV,101998.0,12.3,5.7,94607.1,286.87,1.14887
2026-03-18 13:55,KMHV,102031.9,11.6,5.8,94638.5,286.17,1.15206
2026-03-18 14:55,KMHV,102099.6,14.4,7.2,94701.3,288.97,1.14166
2026-03-18 15:55,KMHV,102167.4,20.2,6.5,94764.1,294.77,1.11994
2026-03-18 16:55,KMHV,102235.1,23.0,7.2,94826.9,297.57,1.11013
2026-03-18 17:55,KMHV,102268.9,26.6,7.0,94858.3,301.17,1.09723
2026-03-18 18:55,KMHV,102235.1,28.8,6.7,94826.9,303.37,1.08891
2026-03-18 19:35,KMHV,102235.1,29.7,6.1,94826.9,304.27,1.08569
2026-03-18 20:55,KMHV,102133.5,31.6,5.5,94732.7,306.17,1.07788
2026-03-18 21:55,KMHV,102065.8,32.4,4.9,94669.9,306.97,1.07436
2026-03-18 22:55,KMHV,102031.9,31.9,3.2,94638.5,306.47,1.07575
2026-03-18 23:55,KMHV,101964.2,32.3,3.2,94575.7,306.87,1.07364
2026-03-19 00:55,KMHV,101930.3,31.7,3.1,94544.2,306.27,1.07538
2026-03-19 01:55,KMHV,101964.2,27.7,5.4,94575.7,302.27,1.08998
2026-03-19 02:55,KMHV,102031.9,26.1,7.1,94638.5,300.67,1.09650
2026-03-19 03:55,KMHV,102065.8,25.1,9.0,94669.9,299.67,1.10053
2026-03-19 04:55,KMHV,102133.5,25.0,5.6,94732.7,299.57,1.10163
2026-03-19 05:55,KMHV,102133.5,22.4,8.4,94732.7,296.97,1.11127
2026-03-19 06:55,KMHV,102133.5,24.8,3.9,94732.7,299.37,1.10236
2026-03-19 07:35,KMHV,102133.5,23.9,4.6,94732.7,298.47,1.10569
2026-03-19 08:55,KMHV,102133.5,22.4,4.5,94732.7,296.97,1.11127
2026-03-19 09:55,KMHV,102133.5,18.1,4.4,94732.7,292.67,1.12760
2026-03-19 10:55,KMHV,102099.6,18.6,2.6,94701.3,293.17,1.12530
2026-03-19 11:55,KMHV,102099.6,17.0,3.3,94701.3,291.57,1.13148
2026-03-19 12:55,KMHV,102133.5,14.1,3.4,94732.7,288.67,1.14322
2026-03-19 13:55,KMHV,102201.2,13.0,3.2,94795.5,287.57,1.14836
2026-03-19 14:55,KMHV,102268.9,16.0,4.8,94858.3,290.57,1.13725
2026-03-19 15:55,KMHV,102336.7,21.1,7.0,94921.2,295.67,1.11838
2026-03-19 16:55,KMHV,102370.5,23.8,7.4,94952.6,298.37,1.10862
2026-03-19 17:55,KMHV,102370.5,26.9,6.3,94952.6,301.47,1.09722
2026-03-19 18:55,KMHV,102336.7,29.5,5.0,94921.2,304.07,1.08748
2026-03-19 19:55,KMHV,102268.9,30.7,4.4,94858.3,305.27,1.08249
2026-03-19 20:55,KMHV,102201.2,32.2,3.9,94795.5,306.77,1.07648
2026-03-19 21:55,KMHV,102099.6,32.8,1.4,94701.3,307.37,1.07332
2026-03-19 22:55,KMHV,102031.9,33.1,1.2,94638.5,307.67,1.07156
2026-03-19 23:55,KMHV,101964.2,33.0,0.0,94575.7,307.57,1.07119
2026-03-20 00:55,KMHV,101930.3,33.0,0.9,94544.2,307.57,1.07084
2026-03-20 01:55,KMHV,101964.2,27.8,9.7,94575.7,302.37,1.08962
2026-03-20 02:55,KMHV,101964.2,24.0,10.6,94575.7,298.57,1.10348
2026-03-20 03:55,KMHV,101998.0,22.7,10.7,94607.1,297.27,1.10868
2026-03-20 04:55,KMHV,102031.9,22.2,10.3,94638.5,296.77,1.11091
2026-03-20 05:55,KMHV,102031.9,21.4,9.1,94638.5,295.97,1.11392
2026-03-20 06:55,KMHV,102031.9,21.0,8.7,94638.5,295.57,1.11542
2026-03-20 07:55,KMHV,102031.9,19.6,8.9,94638.5,294.17,1.12073
2026-03-20 08:55,KMHV,102031.9,18.6,7.9,94638.5,293.17,1.12456
2026-03-20 09:55,KMHV,101998.0,16.1,7.6,94607.1,290.67,1.13385
2026-03-20 10:55,KMHV,101964.2,15.9,7.6,94575.7,290.47,1.13426
2026-03-20 11:55,KMHV,101964.2,14.7,7.3,94575.7,289.27,1.13896
2026-03-20 12:55,KMHV,101964.2,13.4,7.1,94575.7,287.97,1.14410
2026-03-20 13:55,KMHV,101998.0,12.3,7.6,94607.1,286.87,1.14887
2026-03-20 14:55,KMHV,102031.9,15.6,8.7,94638.5,290.17,1.13618
2026-03-20 15:55,KMHV,102065.8,21.0,8.6,94669.9,295.57,1.11579
2026-03-20 16:55,KMHV,102099.6,24.3,9.2,94701.3,298.87,1.10384
2026-03-20 17:55,KMHV,102099.6,27.0,7.7,94701.3,301.57,1.09396
2026-03-20 18:55,KMHV,102065.8,30.0,6.3,94669.9,304.57,1.08282
2026-03-20 19:55,KMHV,101998.0,31.8,4.7,94607.1,306.37,1.07575
2026-03-20 20:35,KMHV,101896.4,33.0,3.3,94512.8,307.57,1.07048
2026-03-20 21:55,KMHV,101794.9,33.8,1.5,94418.6,308.37,1.06664
2026-03-20 22:55,KMHV,101693.3,34.2,1.8,94324.4,308.77,1.06420
2026-03-20 23:55,KMHV,101659.4,33.4,1.2,94293.0,307.97,1.06661
2026-03-21 00:55,KMHV,101625.5,32.2,1.3,94261.6,306.77,1.07042
2026-03-21 01:55,KMHV,101625.5,29.2,3.8,94261.6,303.77,1.08099
2026-03-21 02:55,KMHV,101625.5,22.7,3.0,94261.6,297.27,1.10463
2026-03-21 03:55,KMHV,101659.4,21.3,2.8,94293.0,295.87,1.11023
2026-03-21 04:55,KMHV,101693.3,19.9,3.8,94324.4,294.47,1.11588
2026-03-21 05:55,KMHV,101693.3,19.2,7.0,94324.4,293.77,1.11853
2026-03-21 06:55,KMHV,101693.3,17.1,4.9,94324.4,291.67,1.12659
2026-03-21 07:55,KMHV,101659.4,18.6,8.7,94293.0,293.17,1.12045
2026-03-21 08:55,KMHV,101625.5,18.7,9.9,94261.6,293.27,1.11969
2026-03-21 09:55,KMHV,101625.5,19.2,9.6,94261.6,293.77,1.11779
2026-03-21 10:55,KMHV,101557.8,19.0,9.0,94198.7,293.57,1.11781
2026-03-21 11:55,KMHV,101557.8,15.1,8.5,94198.7,289.67,1.13285
2026-03-21 12:55,KMHV,101557.8,14.3,8.1,94198.7,288.87,1.13599
2026-03-21 13:55,KMHV,101591.7,15.7,8.6,94230.1,290.27,1.13089
2026-03-21 14:55,KMHV,101659.4,16.8,9.9,94293.0,291.37,1.12737
2026-03-21 15:55,KMHV,101693.3,21.2,10.2,94324.4,295.77,1.11097
2026-03-21 16:55,KMHV,101693.3,24.2,9.3,94324.4,298.77,1.09982
2026-03-21 17:55,KMHV,101693.3,27.9,7.0,94324.4,302.47,1.08636
2026-03-21 18:55,KMHV,101625.5,29.3,6.0,94261.6,303.87,1.08064
2026-03-21 19:55,KMHV,101591.7,30.7,3.2,94230.1,305.27,1.07532
2026-03-21 20:55,KMHV,101523.9,30.9,3.8,94167.3,305.47,1.07390
2026-03-21 21:55,KMHV,101490.1,30.6,1.8,94135.9,305.17,1.07460
2026-03-21 22:55,KMHV,101456.2,29.9,-0.1,94104.5,304.47,1.07671
2026-03-21 23:55,KMHV,101422.4,29.5,1.2,94073.1,304.07,1.07777
2026-03-22 00:55,KMHV,101422.4,26.9,6.7,94073.1,301.47,1.08706
2026-03-22 01:55,KMHV,101422.4,25.4,6.1,94073.1,299.97,1.09250
2026-03-22 02:55,KMHV,101422.4,24.8,3.2,94073.1,299.37,1.09469
2026-03-22 03:55,KMHV,101422.4,24.7,0.9,94073.1,299.27,1.09505
2026-03-22 04:55,KMHV,101422.4,24.4,-0.2,94073.1,298.97,1.09615
2026-03-22 05:55,KMHV,101422.4,24.0,-3.7,94073.1,298.57,1.09762
2026-03-22 06:55,KMHV,101422.4,23.7,-2.1,94073.1,298.27,1.09872
2026-03-22 07:55,KMHV,101422.4,22.8,0.2,94073.1,297.37,1.10205
2026-03-22 08:55,KMHV,101422.4,22.0,4.8,94073.1,296.57,1.10502
2026-03-22 09:55,KMHV,101354.6,21.4,5.3,94010.3,295.97,1.10652
2026-03-22 10:55,KMHV,101320.8,20.8,6.7,93978.9,295.37,1.10840
2026-03-22 11:55,KMHV,101320.8,20.1,7.9,93978.9,294.67,1.11103
2026-03-22 12:55,KMHV,101354.6,20.5,7.3,94010.3,295.07,1.10990
2026-03-22 13:55,KMHV,101422.4,20.1,7.8,94073.1,294.67,1.11215
2026-03-22 14:55,KMHV,101490.1,17.5,3.7,94135.9,292.07,1.12280
2026-03-22 15:55,KMHV,101557.8,20.9,5.0,94198.7,295.47,1.11062
2026-03-22 16:55,KMHV,101557.8,23.3,6.3,94198.7,297.87,1.10167
2026-03-22 17:55,KMHV,101557.8,27.4,7.5,94198.7,301.97,1.08671
2026-03-22 18:55,KMHV,101557.8,28.5,4.1,94198.7,303.07,1.08277
2026-03-22 19:55,KMHV,101523.9,29.9,2.7,94167.3,304.47,1.07743
2026-03-22 20:55,KMHV,101422.4,30.7,2.3,94073.1,305.27,1.07353
2026-03-22 21:55,KMHV,101320.8,31.5,2.8,93978.9,306.07,1.06965
2026-03-22 22:55,KMHV,101320.8,31.2,6.8,93978.9,305.77,1.07070
2026-03-22 23:55,KMHV,101286.9,29.9,11.1,93947.5,304.47,1.07491
2026-03-23 00:55,KMHV,101286.9,26.8,11.7,93947.5,301.37,1.08597
2026-03-23 01:55,KMHV,101286.9,24.4,11.3,93947.5,298.97,1.09469
2026-03-23 02:55,KMHV,101286.9,23.1,10.4,93947.5,297.67,1.09947
2026-03-23 03:55,KMHV,101388.5,22.2,10.0,94041.7,296.77,1.10391
2026-03-23 04:55,KMHV,101422.4,21.7,9.4,94073.1,296.27,1.10614
2026-03-23 05:55,KMHV,101422.4,21.7,8.2,94073.1,296.27,1.10614
2026-03-23 06:55,KMHV,101422.4,21.2,8.4,94073.1,295.77,1.10801
2026-03-23 07:55,KMHV,101388.5,21.3,6.4,94041.7,295.87,1.10727
2026-03-23 08:55,KMHV,101422.4,21.1,5.8,94073.1,295.67,1.10839
2026-03-23 09:55,KMHV,101388.5,20.7,4.3,94041.7,295.27,1.10952
2026-03-23 10:55,KMHV,101388.5,16.5,4.7,94041.7,291.07,1.12553
2026-03-23 11:55,KMHV,101354.6,19.9,5.1,94010.3,294.47,1.11216
2026-03-23 12:55,KMHV,101388.5,18.9,3.4,94041.7,293.47,1.11632
2026-03-23 13:55,KMHV,101456.2,17.6,4.1,94104.5,292.17,1.12204
2026-03-23 14:55,KMHV,101523.9,20.6,7.7,94167.3,295.17,1.11138
2026-03-23 15:55,KMHV,101591.7,21.8,6.8,94230.1,296.37,1.10761
2026-03-23 16:55,KMHV,101659.4,24.7,6.4,94293.0,299.27,1.09761
2026-03-23 17:55,KMHV,101659.4,26.2,7.4,94293.0,300.77,1.09214
2026-03-23 18:55,KMHV,101625.5,28.1,9.2,94261.6,302.67,1.08492
2026-03-23 19:55,KMHV,101591.7,28.8,8.3,94230.1,303.37,1.08206
2026-03-23 20:55,KMHV,101523.9,28.6,8.9,94167.3,303.17,1.08205
2026-03-23 21:55,KMHV,101490.1,28.7,7.2,94135.9,303.27,1.08133
2026-03-23 22:55,KMHV,101422.4,28.4,6.3,94073.1,302.97,1.08168
2026-03-23 23:55,KMHV,101388.5,27.8,5.3,94041.7,302.37,1.08346
2026-03-24 00:55,KMHV,101388.5,26.5,5.4,94041.7,301.07,1.08814
2026-03-24 01:55,KMHV,101354.6,24.6,5.0,94010.3,299.17,1.09469
2026-03-24 02:55,KMHV,101354.6,23.2,4.3,94010.3,297.77,1.09983
2026-03-24 03:55,KMHV,101523.9,23.7,2.2,94167.3,298.27,1.09982
2026-03-24 04:55,KMHV,101557.8,24.3,0.8,94198.7,298.87,1.09798
2026-03-24 05:55,KMHV,101523.9,25.0,-1.6,94167.3,299.57,1.09505
2026-03-24 06:55,KMHV,101591.7,22.3,1.9,94230.1,296.87,1.10575
2026-03-24 07:55,KMHV,101591.7,22.0,1.8,94230.1,296.57,1.10687
2026-03-24 08:55,KMHV,101625.5,21.2,2.4,94261.6,295.77,1.11023
2026-03-24 09:55,KMHV,101625.5,20.7,2.7,94261.6,295.27,1.11211
2026-03-24 10:55,KMHV,101625.5,21.0,3.6,94261.6,295.57,1.11098
2026-03-24 11:55,KMHV,101625.5,20.2,4.8,94261.6,294.77,1.11400
2026-03-24 12:55,KMHV,101659.4,20.0,6.7,94293.0,294.57,1.11512
2026-03-24 13:55,KMHV,101693.3,18.7,7.4,94324.4,293.27,1.12044
2026-03-24 14:55,KMHV,101727.1,20.4,7.6,94355.8,294.97,1.11435
2026-03-24 15:55,KMHV,101761.0,21.7,4.7,94387.2,296.27,1.10983
2026-03-24 16:55,KMHV,101828.7,24.4,6.9,94450.0,298.97,1.10054
2026-03-24 17:55,KMHV,101828.7,26.1,8.4,94450.0,300.67,1.09432
2026-03-24 18:55,KMHV,101828.7,28.8,8.1,94450.0,303.37,1.08458
2026-03-24 19:55,KMHV,101761.0,30.1,7.8,94387.2,304.67,1.07924
2026-03-24 20:55,KMHV,101693.3,30.8,7.3,94324.4,305.37,1.07605
2026-03-24 21:55,KMHV,101625.5,31.6,5.9,94261.6,306.17,1.07252
2026-03-24 22:55,KMHV,101557.8,32.2,8.3,94198.7,306.77,1.06971
2026-03-24 23:55,KMHV,101557.8,30.2,6.8,94198.7,304.77,1.07673
2026-03-25 00:55,KMHV,101557.8,27.5,5.8,94198.7,302.07,1.08635
2026-03-25 01:55,KMHV,101557.8,24.6,4.9,94198.7,299.17,1.09688
2026-03-25 02:55,KMHV,101557.8,23.1,4.1,94198.7,297.67,1.10241
2026-03-25 03:55,KMHV,101625.5,23.6,4.8,94261.6,298.17,1.10129
2026-03-25 04:55,KMHV,101659.4,23.1,5.1,94293.0,297.67,1.10351
2026-03-25 05:55,KMHV,101693.3,22.9,4.9,94324.4,297.47,1.10462
2026-03-25 06:55,KMHV,101659.4,22.5,4.7,94293.0,297.07,1.10574
2026-03-25 07:55,KMHV,101693.3,20.3,4.9,94324.4,294.87,1.11436
2026-03-25 08:55,KMHV,101693.3,17.0,5.4,94324.4,291.57,1.12697
2026-03-25 09:55,KMHV,101659.4,15.9,5.3,94293.0,290.47,1.13086
2026-03-25 10:55,KMHV,101625.5,16.0,5.5,94261.6,290.57,1.13010
2026-03-25 11:55,KMHV,101625.5,14.8,5.1,94261.6,289.37,1.13479
2026-03-25 12:55,KMHV,101625.5,13.4,5.0,94261.6,287.97,1.14030
2026-03-25 13:55,KMHV,101659.4,12.4,5.0,94293.0,286.97,1.14466
2026-03-25 14:55,KMHV,101693.3,16.5,6.5,94324.4,291.07,1.12891
2026-03-25 15:55,KMHV,101727.1,21.9,5.6,94355.8,296.47,1.10872
2026-03-25 16:55,KMHV,101761.0,24.4,5.0,94387.2,298.97,1.09981
2026-03-25 17:55,KMHV,101727.1,26.2,4.8,94355.8,300.77,1.09287
2026-03-25 18:55,KMHV,101693.3,28.0,6.2,94324.4,302.57,1.08600
2026-03-25 19:55,KMHV,101591.7,29.0,7.5,94230.1,303.57,1.08134
2026-03-25 20:55,KMHV,101523.9,29.3,8.3,94167.3,303.87,1.07956
2026-03-25 21:55,KMHV,101456.2,29.3,7.6,94104.5,303.87,1.07884
2026-03-25 22:55,KMHV,101422.4,27.9,7.1,94073.1,302.47,1.08347
2026-03-25 23:55,KMHV,101388.5,26.4,7.1,94041.7,300.97,1.08850
2026-03-26 00:55,KMHV,101354.6,25.2,7.3,94010.3,299.77,1.09250
2026-03-26 01:55,KMHV,101388.5,22.4,7.3,94041.7,296.97,1.10317
2026-03-26 02:55,KMHV,101388.5,20.6,6.3,94041.7,295.17,1.10989
2026-03-26 03:55,KMHV,101456.2,21.1,4.2,94104.5,295.67,1.10876
2026-03-26 04:55,KMHV,101456.2,20.9,1.9,94104.5,295.47,1.10951
2026-03-26 05:55,KMHV,101456.2,20.5,1.3,94104.5,295.07,1.11101
2026-03-26 06:55,KMHV,101422.4,20.1,4.8,94073.1,294.67,1.11215
2026-03-26 07:55,KMHV,101422.4,19.8,5.4,94073.1,294.37,1.11328
2026-03-26 08:55,KMHV,101422.4,19.2,5.9,94073.1,293.77,1.11555
2026-03-26 09:55,KMHV,101422.4,20.0,1.3,94073.1,294.57,1.11252
2026-03-26 10:55,KMHV,101422.4,16.6,1.8,94073.1,291.17,1.12552
2026-03-26 11:55,KMHV,101422.4,16.5,0.5,94073.1,291.07,1.12590
2026-03-26 12:55,KMHV,101422.4,18.6,-2.7,94073.1,293.17,1.11784
2026-03-26 13:55,KMHV,101422.4,18.7,-4.0,94073.1,293.27,1.11746
2026-03-26 14:55,KMHV,101523.9,17.1,-0.5,94167.3,291.67,1.12471
2026-03-26 15:55,KMHV,101591.7,20.8,-0.2,94230.1,295.37,1.11136
2026-03-26 16:55,KMHV,101659.4,23.4,-1.8,94293.0,297.97,1.10240
2026-03-26 17:55,KMHV,101727.1,25.1,0.0,94355.8,299.67,1.09688
2026-03-26 18:55,KMHV,101693.3,26.9,-0.3,94324.4,301.47,1.08997
2026-03-26 19:55,KMHV,101625.5,28.5,-0.7,94261.6,303.07,1.08349
2026-03-26 20:55,KMHV,101557.8,29.7,1.2,94198.7,304.27,1.07850
2026-03-26 21:55,KMHV,101523.9,29.8,-0.4,94167.3,304.37,1.07778
2026-03-26 22:55,KMHV,101456.2,30.0,5.0,94104.5,304.57,1.07636
2026-03-26 23:55,KMHV,101422.4,29.8,6.4,94073.1,304.37,1.07670
2026-03-27 00:55,KMHV,101422.4,27.6,8.5,94073.1,302.17,1.08454
2026-03-27 01:55,KMHV,101422.4,24.0,8.8,94073.1,298.57,1.09762
2026-03-27 02:55,KMHV,101456.2,22.3,8.0,94104.5,296.87,1.10427
2026-03-27 03:55,KMHV,101523.9,21.3,7.6,94167.3,295.87,1.10875
2026-03-27 04:55,KMHV,101557.8,20.5,6.8,94198.7,295.07,1.11212
2026-03-27 05:55,KMHV,101557.8,20.0,6.4,94198.7,294.57,1.11401
2026-03-27 06:55,KMHV,101591.7,19.6,6.3,94230.1,294.17,1.11590
2026-03-27 07:55,KMHV,101591.7,16.9,7.0,94230.1,291.47,1.12623
2026-03-27 08:55,KMHV,101625.5,16.2,6.6,94261.6,290.77,1.12932
2026-03-27 09:55,KMHV,101557.8,15.2,5.7,94198.7,289.77,1.13246
2026-03-27 10:55,KMHV,101557.8,13.7,5.3,94198.7,288.27,1.13836
2026-03-27 11:55,KMHV,101591.7,13.9,5.5,94230.1,288.47,1.13795
2026-03-27 12:55,KMHV,101625.5,12.2,5.2,94261.6,286.77,1.14507
2026-03-27 13:55,KMHV,101693.3,12.5,4.7,94324.4,287.07,1.14464
2026-03-27 14:55,KMHV,101761.0,17.8,4.6,94387.2,292.37,1.12464
2026-03-27 15:55,KMHV,101794.9,21.7,1.9,94418.6,296.27,1.11020
2026-03-27 16:55,KMHV,101828.7,25.1,-0.2,94450.0,299.67,1.09797
2026-03-27 17:55,KMHV,101828.7,26.2,-1.8,94450.0,300.77,1.09396
2026-03-27 18:55,KMHV,101794.9,27.6,-2.3,94418.6,302.17,1.08853
2026-03-27 19:55,KMHV,101693.3,28.5,-2.4,94324.4,303.07,1.08421
2026-03-27 20:55,KMHV,101625.5,29.9,-1.9,94261.6,304.47,1.07851
2026-03-27 21:55,KMHV,101523.9,30.2,-1.9,94167.3,304.77,1.07637
2026-03-27 22:55,KMHV,101456.2,30.4,-2.4,94104.5,304.97,1.07494
2026-03-27 23:55,KMHV,101388.5,30.1,-2.4,94041.7,304.67,1.07529
2026-03-28 00:55,KMHV,101422.4,27.2,-2.3,94073.1,301.77,1.08598
2026-03-28 01:55,KMHV,101490.1,26.1,-4.7,94135.9,300.67,1.09068
2026-03-28 02:55,KMHV,101490.1,23.4,-0.4,94135.9,297.97,1.10056
2026-03-28 03:55,KMHV,101523.9,21.7,-0.9,94167.3,296.27,1.10725
2026-03-28 04:55,KMHV,101591.7,18.8,5.9,94230.1,293.37,1.11894
2026-03-28 05:55,KMHV,101625.5,18.1,5.0,94261.6,292.67,1.12199
2026-03-28 06:55,KMHV,101625.5,14.9,4.6,94261.6,289.47,1.13439
2026-03-28 07:55,KMHV,101625.5,13.5,4.4,94261.6,288.07,1.13991
2026-03-28 08:55,KMHV,101591.7,14.3,5.4,94230.1,288.87,1.13637
2026-03-28 09:55,KMHV,101591.7,14.2,5.6,94230.1,288.77,1.13676
2026-03-28 10:55,KMHV,101591.7,14.8,5.9,94230.1,289.37,1.13441
2026-03-28 11:55,KMHV,101591.7,14.8,6.2,94230.1,289.37,1.13441
2026-03-28 12:55,KMHV,101591.7,16.4,6.1,94230.1,290.97,1.12817
2026-03-28 13:55,KMHV,101591.7,18.7,6.6,94230.1,293.27,1.11932
2026-03-28 14:55,KMHV,101659.4,19.5,7.3,94293.0,294.07,1.11702
2026-03-28 15:55,KMHV,101693.3,21.5,7.7,94324.4,296.07,1.10984
2026-03-28 16:55,KMHV,101727.1,24.5,5.9,94355.8,299.07,1.09908
2026-03-28 17:55,KMHV,101761.0,26.1,4.5,94387.2,300.67,1.09359
2026-03-28 18:55,KMHV,101727.1,27.6,3.1,94355.8,302.17,1.08780
2026-03-28 19:55,KMHV,101659.4,28.6,3.3,94293.0,303.17,1.08349
2026-03-28 20:55,KMHV,101591.7,29.5,4.9,94230.1,304.07,1.07957
2026-03-28 21:55,KMHV,101523.9,29.7,5.5,94167.3,304.27,1.07814
2026-03-28 22:55,KMHV,101456.2,30.4,2.1,94104.5,304.97,1.07494
2026-03-28 23:55,KMHV,101422.4,28.3,4.6,94073.1,302.87,1.08204
2026-03-29 00:55,KMHV,101456.2,26.3,6.3,94104.5,300.87,1.08959
2026-03-29 01:55,KMHV,101456.2,23.7,5.5,94104.5,298.27,1.09909
2026-03-29 02:55,KMHV,101523.9,22.1,5.9,94167.3,296.67,1.10576
2026-03-29 03:55,KMHV,101591.7,21.3,6.8,94230.1,295.87,1.10949
2026-03-29 04:55,KMHV,101659.4,20.9,6.7,94293.0,295.47,1.11173
2026-03-29 05:55,KMHV,101625.5,20.4,5.1,94261.6,294.97,1.11324
2026-03-29 06:55,KMHV,101625.5,19.5,7.1,94261.6,294.07,1.11665
2026-03-29 07:55,KMHV,101591.7,19.0,6.3,94230.1,293.57,1.11818
2026-03-29 08:55,KMHV,101557.8,19.6,5.1,94198.7,294.17,1.11553
2026-03-29 09:55,KMHV,101523.9,19.9,4.5,94167.3,294.47,1.11402
2026-03-29 10:55,KMHV,101490.1,19.3,5.0,94135.9,293.87,1.11592
2026-03-29 11:55,KMHV,101456.2,17.6,5.8,94104.5,292.17,1.12204
2026-03-29 12:55,KMHV,101456.2,14.2,5.0,94104.5,288.77,1.13525
2026-03-29 13:55,KMHV,101523.9,13.8,6.6,94167.3,288.37,1.13758
2026-03-29 14:55,KMHV,101591.7,17.7,5.0,94230.1,292.27,1.12315
2026-03-29 15:55,KMHV,101625.5,21.1,5.8,94261.6,295.67,1.11061
2026-03-29 16:55,KMHV,101693.3,23.1,5.6,94324.4,297.67,1.10388
2026-03-29 17:55,KMHV,101693.3,25.5,4.8,94324.4,300.07,1.09505
2026-03-29 18:55,KMHV,101659.4,27.4,1.7,94293.0,301.97,1.08780
2026-03-29 19:55,KMHV,101625.5,27.5,2.5,94261.6,302.07,1.08708
2026-03-29 20:55,KMHV,101557.8,29.3,0.7,94198.7,303.87,1.07992
2026-03-29 21:55,KMHV,101490.1,29.4,0.9,94135.9,303.97,1.07884
2026-03-29 22:55,KMHV,101422.4,30.1,-0.7,94073.1,304.67,1.07564
2026-03-29 23:55,KMHV,101388.5,29.2,-2.7,94041.7,303.77,1.07847
2026-03-30 00:55,KMHV,101388.5,27.9,-4.4,94041.7,302.47,1.08311
2026-03-30 01:55,KMHV,101422.4,25.2,-0.5,94073.1,299.77,1.09323
2026-03-30 02:55,KMHV,101490.1,22.2,2.1,94135.9,296.77,1.10501
2026-03-30 03:55,KMHV,101523.9,21.2,3.3,94167.3,295.77,1.10912
2026-03-30 04:55,KMHV,101557.8,21.1,3.3,94198.7,295.67,1.10987
2026-03-30 05:55,KMHV,101523.9,21.0,3.7,94167.3,295.57,1.10987
2026-03-30 06:55,KMHV,101490.1,20.7,3.6,94135.9,295.27,1.11063
2026-03-30 07:55,KMHV,101490.1,20.6,1.8,94135.9,295.17,1.11100
2026-03-30 08:55,KMHV,101490.1,19.0,1.9,94135.9,293.57,1.11706
2026-03-30 09:55,KMHV,101490.1,17.9,2.2,94135.9,292.47,1.12126
2026-03-30 10:55,KMHV,101456.2,18.1,1.3,94104.5,292.67,1.12012
2026-03-30 11:55,KMHV,101490.1,17.7,1.5,94135.9,292.27,1.12203
2026-03-30 12:55,KMHV,101490.1,13.8,1.9,94135.9,288.37,1.13720
2026-03-30 13:55,KMHV,101456.2,15.3,2.4,94104.5,289.87,1.13094
2026-03-30 14:55,KMHV,101490.1,16.0,3.2,94135.9,290.57,1.12859
2026-03-30 15:55,KMHV,101557.8,19.0,3.7,94198.7,293.57,1.11781
2026-03-30 16:55,KMHV,101625.5,23.4,-1.6,94261.6,297.97,1.10203
2026-03-30 17:55,KMHV,101727.1,24.0,-5.9,94355.8,298.57,1.10092
2026-03-30 18:55,KMHV,101659.4,26.3,-5.6,94293.0,300.87,1.09178
2026-03-30 19:55,KMHV,101557.8,27.1,-6.1,94198.7,301.67,1.08779
2026-03-30 20:55,KMHV,101557.8,27.3,-4.6,94198.7,301.87,1.08707
2026-03-30 21:55,KMHV,101490.1,27.7,-3.2,94135.9,302.27,1.08491
2026-03-30 22:55,KMHV,101456.2,26.9,-1.1,94104.5,301.47,1.08742
2026-03-30 23:55,KMHV,101422.4,25.2,-1.7,94073.1,299.77,1.09323
2026-03-31 00:55,KMHV,101456.2,23.9,-0.4,94104.5,298.47,1.09835
2026-03-31 01:55,KMHV,101456.2,21.9,1.6,94104.5,296.47,1.10576
2026-03-31 02:55,KMHV,101490.1,21.4,2.6,94135.9,295.97,1.10800
2026-03-31 03:55,KMHV,101523.9,20.4,4.0,94167.3,294.97,1.11213
2026-03-31 04:55,KMHV,101523.9,17.5,5.4,94167.3,292.07,1.12317
2026-03-31 05:55,KMHV,101523.9,16.3,5.1,94167.3,290.87,1.12780
2026-03-31 06:55,KMHV,101490.1,14.4,5.6,94135.9,288.97,1.13484
2026-03-31 07:55,KMHV,101490.1,13.7,5.5,94135.9,288.27,1.13760
2026-03-31 08:55,KMHV,101422.4,13.6,4.7,94073.1,288.17,1.13723
2026-03-31 09:55,KMHV,101422.4,13.6,4.9,94073.1,288.17,1.13723
2026-03-31 10:55,KMHV,101354.6,15.1,4.8,94010.3,289.67,1.13059
2026-03-31 11:55,KMHV,101320.8,16.3,1.0,93978.9,290.87,1.12555
2026-03-31 12:55,KMHV,101320.8,17.1,-2.6,93978.9,291.67,1.12246
2026-03-31 13:55,KMHV,101320.8,16.2,-1.4,93978.9,290.77,1.12593
2026-03-31 14:55,KMHV,101388.5,17.0,0.5,94041.7,291.57,1.12360
2026-03-31 15:55,KMHV,101388.5,18.8,1.8,94041.7,293.37,1.11670
2026-03-31 16:55,KMHV,101456.2,19.2,1.7,94104.5,293.77,1.11593
2026-03-31 17:55,KMHV,101456.2,20.0,0.9,94104.5,294.57,1.11290
2026-03-31 18:55,KMHV,101456.2,20.8,0.0,94104.5,295.37,1.10988
2026-03-31 19:55,KMHV,101388.5,22.7,-5.0,94041.7,297.27,1.10205
2026-03-31 20:55,KMHV,101354.6,21.4,-0.7,94010.3,295.97,1.10652
2026-03-31 21:55,KMHV,101286.9,20.0,4.4,93947.5,294.57,1.11104
2026-03-31 22:55,KMHV,101286.9,18.7,6.1,93947.5,293.27,1.11596
2026-03-31 23:55,KMHV,101286.9,18.0,6.8,93947.5,292.57,1.11863
2026-04-01 00:55,KMHV,101354.6,16.9,7.2,94010.3,291.47,1.12361
2026-04-01 01:55,KMHV,101354.6,15.0,6.2,94010.3,289.57,1.13098
2026-04-01 02:55,KMHV,101388.5,11.9,8.4,94041.7,286.47,1.14360
2026-04-01 03:55,KMHV,101422.4,11.6,8.2,94073.1,286.17,1.14518
2026-04-01 04:55,KMHV,101388.5,11.1,9.0,94041.7,285.67,1.14680
2026-04-01 05:55,KMHV,101354.6,11.0,9.5,94010.3,285.57,1.14682
2026-04-01 06:55,KMHV,101354.6,11.2,8.8,94010.3,285.77,1.14602
2026-04-01 07:55,KMHV,101320.8,10.9,8.9,93978.9,285.47,1.14684
2026-04-01 08:55,KMHV,101320.8,11.4,6.0,93978.9,285.97,1.14483
2026-04-01 09:55,KMHV,101286.9,11.7,5.6,93947.5,286.27,1.14325
2026-04-01 10:55,KMHV,101219.2,10.4,5.6,93884.6,284.97,1.14770
2026-04-01 11:55,KMHV,101253.0,10.7,5.7,93916.0,285.27,1.14688
2026-04-01 12:55,KMHV,101286.9,10.4,6.3,93947.5,284.97,1.14847
2026-04-01 13:55,KMHV,101354.6,10.3,6.5,94010.3,284.87,1.14964
2026-04-01 14:55,KMHV,101422.4,11.7,6.8,94073.1,286.27,1.14478
2026-04-01 15:55,KMHV,101456.2,13.1,6.5,94104.5,287.67,1.13959
2026-04-01 16:55,KMHV,101490.1,14.8,6.7,94135.9,289.37,1.13327
2026-04-01 17:55,KMHV,101490.1,16.2,5.6,94135.9,290.77,1.12782
2026-04-01 18:55,KMHV,101490.1,18.0,5.7,94135.9,292.57,1.12088
2026-04-01 19:55,KMHV,101456.2,19.0,4.2,94104.5,293.57,1.11669
2026-04-01 20:55,KMHV,101388.5,20.1,3.4,94041.7,294.67,1.11178
2026-04-01 21:55,KMHV,101320.8,20.0,4.5,93978.9,294.57,1.11141
2026-04-01 22:55,KMHV,101286.9,19.8,4.1,93947.5,294.37,1.11179
2026-04-01 23:55,KMHV,101286.9,19.2,4.5,93947.5,293.77,1.11406
2026-04-02 00:55,KMHV,101320.8,17.4,5.2,93978.9,291.97,1.12131
2026-04-02 01:55,KMHV,101320.8,15.7,5.6,93978.9,290.27,1.12787
2026-04-02 02:55,KMHV,101354.6,13.3,8.3,94010.3,287.87,1.13766
2026-04-02 03:55,KMHV,101388.5,12.7,8.8,94041.7,287.27,1.14041
2026-04-02 04:55,KMHV,101456.2,12.1,8.9,94104.5,286.67,1.14356
2026-04-02 05:55,KMHV,101456.2,13.3,6.2,94104.5,287.87,1.13880
2026-04-02 06:55,KMHV,101490.1,11.8,5.6,94135.9,286.37,1.14514
2026-04-02 07:55,KMHV,101456.2,11.1,5.0,94104.5,285.67,1.14757
2026-04-02 08:55,KMHV,101422.4,11.3,5.2,94073.1,285.87,1.14638
2026-04-02 09:55,KMHV,101388.5,11.8,5.7,94041.7,286.37,1.14400
2026-04-02 10:55,KMHV,101354.6,10.9,6.4,94010.3,285.47,1.14722
2026-04-02 11:55,KMHV,101253.0,10.6,6.5,93916.0,285.17,1.14728
2026-04-02 12:55,KMHV,101286.9,10.8,6.4,93947.5,285.37,1.14686
2026-04-02 13:55,KMHV,101320.8,10.3,6.4,93978.9,284.87,1.14925
2026-04-02 14:55,KMHV,101388.5,10.4,7.0,94041.7,284.97,1.14962
2026-04-02 15:55,KMHV,101388.5,10.6,6.8,94041.7,285.17,1.14881
2026-04-02 16:55,KMHV,101456.2,11.2,6.2,94104.5,285.77,1.14717
2026-04-02 17:55,KMHV,101490.1,11.8,6.4,94135.9,286.37,1.14514
2026-04-02 18:55,KMHV,101456.2,12.5,6.0,94104.5,287.07,1.14197
2026-04-02 19:55,KMHV,101286.9,13.8,5.5,93947.5,288.37,1.13493
2026-04-02 20:55,KMHV,101219.2,14.7,5.2,93884.6,289.27,1.13064
2026-04-02 21:55,KMHV,101253.0,15.5,4.3,93916.0,290.07,1.12790
2026-04-02 22:55,KMHV,101253.0,15.2,3.9,93916.0,289.77,1.12907
2026-04-02 23:55,KMHV,101185.3,15.3,3.7,93853.2,289.87,1.12792
2026-04-03 00:55,KMHV,101151.4,14.9,3.7,93821.8,289.47,1.12910
2026-04-03 01:55,KMHV,101219.2,13.4,4.0,93884.6,287.97,1.13574
2026-04-03 02:55,KMHV,101219.2,13.1,3.8,93884.6,287.67,1.13693
2026-04-03 03:55,KMHV,101320.8,12.7,4.4,93978.9,287.27,1.13965
2026-04-03 04:55,KMHV,101422.4,12.6,4.6,94073.1,287.17,1.14119
2026-04-03 05:55,KMHV,101456.2,12.4,4.5,94104.5,286.97,1.14237
2026-04-03 06:15,KMHV,101523.9,12.4,4.5,94167.3,286.97,1.14313
2026-04-03 08:55,KMHV,101659.4,8.7,3.5,94293.0,283.27,1.15961
2026-04-03 11:55,KMHV,101828.7,5.4,2.9,94450.0,279.97,1.17523
2026-04-03 12:55,KMHV,101896.4,5.6,2.7,94512.8,280.17,1.17517
2026-04-03 13:55,KMHV,102031.9,5.8,3.1,94638.5,280.37,1.17590
2026-04-03 14:55,KMHV,102133.5,8.8,3.2,94732.7,283.37,1.16460
2026-04-03 15:55,KMHV,102235.1,13.4,-7.7,94826.9,287.97,1.14714
2026-04-03 16:55,KMHV,102268.9,15.4,-10.6,94858.3,289.97,1.13961
2026-04-03 17:55,KMHV,102302.8,16.5,-10.1,94889.8,291.07,1.13568
2026-04-03 18:55,KMHV,102302.8,17.9,-12.4,94889.8,292.47,1.13024
2026-04-03 19:55,KMHV,102235.1,18.9,-13.2,94826.9,293.47,1.12564
2026-04-03 20:55,KMHV,102201.2,19.9,-14.0,94795.5,294.47,1.12145
2026-04-03 21:55,KMHV,102133.5,20.9,-14.6,94732.7,295.47,1.11691
2026-04-03 22:55,KMHV,102099.6,20.8,-16.0,94701.3,295.37,1.11692
2026-04-03 23:55,KMHV,102099.6,20.7,-16.4,94701.3,295.27,1.11730
2026-04-04 00:55,KMHV,102099.6,20.1,-15.2,94701.3,294.67,1.11957
2026-04-04 01:55,KMHV,102133.5,18.8,-15.6,94732.7,293.37,1.12491
2026-04-04 02:55,KMHV,102167.4,14.3,-14.0,94764.1,288.87,1.14281
2026-04-04 03:55,KMHV,102268.9,14.4,-14.5,94858.3,288.97,1.14355
2026-04-04 04:55,KMHV,102302.8,12.5,-13.7,94889.8,287.07,1.15150
2026-04-04 05:55,KMHV,102302.8,11.0,-13.5,94889.8,285.57,1.15755
2026-04-04 06:55,KMHV,102302.8,7.6,-12.4,94889.8,282.17,1.17150
2026-04-04 07:55,KMHV,102268.9,9.7,-13.2,94858.3,284.27,1.16246
2026-04-04 08:55,KMHV,102268.9,8.6,-12.9,94858.3,283.17,1.16697
2026-04-04 09:55,KMHV,102235.1,7.4,-12.1,94826.9,281.97,1.17155
2026-04-04 10:55,KMHV,102235.1,4.2,-11.4,94826.9,278.77,1.18500
2026-04-04 11:55,KMHV,102201.2,4.3,-12.0,94795.5,278.87,1.18418
2026-04-04 12:55,KMHV,102167.4,7.3,-12.8,94764.1,281.87,1.17119
2026-04-04 13:55,KMHV,102235.1,4.4,-11.7,94826.9,278.97,1.18415
2026-04-04 14:55,KMHV,102268.9,11.7,-11.2,94858.3,286.27,1.15434
2026-04-04 15:55,KMHV,102302.8,16.5,-13.0,94889.8,291.07,1.13568
2026-04-04 16:55,KMHV,102336.7,18.4,-12.6,94921.2,292.97,1.12868
2026-04-04 17:55,KMHV,102302.8,20.2,-11.3,94889.8,294.77,1.12142
2026-04-04 18:55,KMHV,102268.9,21.9,-11.1,94858.3,296.47,1.11462
2026-04-04 19:55,KMHV,102201.2,23.1,-12.7,94795.5,297.67,1.10939
2026-04-04 20:55,KMHV,102099.6,24.3,-12.8,94701.3,298.87,1.10384
2026-04-04 21:55,KMHV,102031.9,24.6,-13.5,94638.5,299.17,1.10200
2026-04-04 22:55,KMHV,101964.2,25.0,-13.2,94575.7,299.57,1.09980
2026-04-04 23:55,KMHV,101896.4,25.1,-13.2,94512.8,299.67,1.09870
2026-04-05 00:55,KMHV,101862.6,24.4,-13.7,94481.4,298.97,1.10091
2026-04-05 01:55,KMHV,101896.4,22.8,-13.2,94512.8,297.37,1.10720
2026-04-05 02:55,KMHV,101930.3,19.2,-12.5,94544.2,293.77,1.12114
2026-04-05 03:55,KMHV,101964.2,12.4,-11.3,94575.7,286.97,1.14809
2026-04-05 04:55,KMHV,102031.9,12.5,-11.4,94638.5,287.07,1.14845
2026-04-05 05:55,KMHV,102031.9,12.0,-11.4,94638.5,286.57,1.15045
2026-04-05 06:55,KMHV,101998.0,10.6,-11.0,94607.1,285.17,1.15572
2026-04-05 07:55,KMHV,102031.9,10.3,-11.1,94638.5,284.87,1.15732
2026-04-05 08:55,KMHV,101998.0,9.3,-10.9,94607.1,283.87,1.16101
2026-04-05 09:55,KMHV,101930.3,9.4,-11.3,94544.2,283.97,1.15983
2026-04-05 10:55,KMHV,101930.3,7.9,-10.7,94544.2,282.47,1.16599
2026-04-05 11:55,KMHV,101930.3,5.6,-10.3,94544.2,280.17,1.17556
2026-04-05 12:55,KMHV,101896.4,6.4,-10.1,94512.8,280.97,1.17183
2026-04-05 13:55,KMHV,101930.3,6.1,-9.8,94544.2,280.67,1.17347
2026-04-05 14:55,KMHV,101998.0,13.5,-7.7,94607.1,288.07,1.14408
2026-04-05 15:55,KMHV,101998.0,18.3,-11.5,94607.1,292.87,1.12533
2026-04-05 16:55,KMHV,102031.9,21.1,-10.8,94638.5,295.67,1.11505
2026-04-05 17:55,KMHV,102031.9,22.6,-11.9,94638.5,297.17,1.10942
2026-04-05 18:55,KMHV,101998.0,24.4,-10.8,94607.1,298.97,1.10237
2026-04-05 19:55,KMHV,101930.3,24.9,-10.1,94544.2,299.47,1.09980
2026-04-05 20:55,KMHV,101862.6,25.5,-10.0,94481.4,300.07,1.09687
2026-04-05 21:55,KMHV,101794.9,25.5,-11.2,94418.6,300.07,1.09614
2026-04-05 22:55,KMHV,101727.1,27.1,-11.7,94355.8,301.67,1.08961
2026-04-05 23:55,KMHV,101693.3,26.7,-12.0,94324.4,301.27,1.09069
2026-04-06 00:55,KMHV,101659.4,25.4,-11.3,94293.0,299.97,1.09505
2026-04-06 01:55,KMHV,101659.4,24.5,-10.8,94293.0,299.07,1.09835
2026-04-06 02:55,KMHV,101625.5,19.5,-2.6,94261.6,294.07,1.11665
2026-04-06 03:55,KMHV,101693.3,14.7,-4.0,94324.4,289.27,1.13593
2026-04-06 04:55,KMHV,101727.1,16.4,-2.3,94355.8,290.97,1.12967
2026-04-06 05:55,KMHV,101693.3,17.5,-1.8,94324.4,292.07,1.12504
2026-04-06 06:55,KMHV,101693.3,16.4,-1.3,94324.4,290.97,1.12930
2026-04-06 07:55,KMHV,101693.3,16.3,-1.0,94324.4,290.87,1.12969
2026-04-06 08:55,KMHV,101659.4,16.5,-0.8,94293.0,291.07,1.12853
2026-04-06 09:55,KMHV,101625.5,15.5,-0.7,94261.6,290.07,1.13205
2026-04-06 10:55,KMHV,101591.7,13.7,-0.4,94230.1,288.27,1.13874
2026-04-06 11:55,KMHV,101557.8,13.0,-1.5,94198.7,287.57,1.14113
2026-04-06 12:55,KMHV,101557.8,15.9,-1.3,94198.7,290.47,1.12973
2026-04-06 13:55,KMHV,101625.5,16.8,-3.2,94261.6,291.37,1.12700
2026-04-06 14:55,KMHV,101659.4,18.7,-2.2,94293.0,293.27,1.12007
2026-04-06 15:55,KMHV,101727.1,20.1,-2.3,94355.8,294.67,1.11549
2026-04-06 16:55,KMHV,101727.1,23.1,-2.4,94355.8,297.67,1.10425
2026-04-06 17:55,KMHV,101727.1,23.9,-1.6,94355.8,298.47,1.10129
2026-04-06 18:55,KMHV,101727.1,25.9,-1.0,94355.8,300.47,1.09396
2026-04-06 19:55,KMHV,101659.4,26.8,-1.2,94293.0,301.37,1.08996
2026-04-06 20:55,KMHV,101625.5,26.8,-2.0,94261.6,301.37,1.08960
2026-04-06 21:55,KMHV,101557.8,27.0,-2.4,94198.7,301.57,1.08815
2026-04-06 22:55,KMHV,101490.1,26.3,-0.7,94135.9,300.87,1.08996
2026-04-06 23:55,KMHV,101456.2,24.8,1.0,94104.5,299.37,1.09505
2026-04-07 00:55,KMHV,101490.1,24.0,0.3,94135.9,298.57,1.09835
2026-04-07 01:55,KMHV,101456.2,22.4,0.2,94104.5,296.97,1.10390
2026-04-07 02:55,KMHV,101422.4,21.1,0.1,94073.1,295.67,1.10839
2026-04-07 03:55,KMHV,101456.2,20.7,-1.5,94104.5,295.27,1.11026
2026-04-07 04:55,KMHV,101557.8,20.5,-2.3,94198.7,295.07,1.11212
2026-04-07 05:55,KMHV,101523.9,20.9,-2.4,94167.3,295.47,1.11025
2026-04-07 06:55,KMHV,101557.8,19.9,1.1,94198.7,294.47,1.11439
2026-04-07 07:55,KMHV,101591.7,19.8,1.8,94230.1,294.37,1.11514
2026-04-07 08:55,KMHV,101591.7,19.6,0.8,94230.1,294.17,1.11590
2026-04-07 09:55,KMHV,101557.8,19.5,-1.3,94198.7,294.07,1.11590
2026-04-07 10:55,KMHV,101523.9,19.1,-2.3,94167.3,293.67,1.11705
2026-04-07 11:55,KMHV,101490.1,18.9,-2.3,94135.9,293.47,1.11744
2026-04-07 12:55,KMHV,101523.9,18.2,-1.1,94167.3,292.77,1.12049
2026-04-07 13:55,KMHV,101557.8,17.9,-0.4,94198.7,292.47,1.12201
2026-04-07 14:55,KMHV,101659.4,19.8,-0.4,94293.0,294.37,1.11588
2026-04-07 15:55,KMHV,101659.4,21.9,-0.5,94293.0,296.47,1.10798
2026-04-07 16:55,KMHV,101693.3,23.4,0.3,94324.4,297.97,1.10277
2026-04-07 17:55,KMHV,101693.3,25.1,0.3,94324.4,299.67,1.09651
2026-04-07 18:55,KMHV,101659.4,26.1,-0.1,94293.0,300.67,1.09250
2026-04-07 19:55,KMHV,101591.7,26.9,-0.2,94230.1,301.47,1.08888
2026-04-07 20:55,KMHV,101523.9,27.8,0.5,94167.3,302.37,1.08491
2026-04-07 21:55,KMHV,101490.1,27.6,1.0,94135.9,302.17,1.08527
2026-04-07 22:55,KMHV,101422.4,26.8,2.0,94073.1,301.37,1.08742
2026-04-07 23:55,KMHV,101388.5,25.6,2.9,94041.7,300.17,1.09141
2026-04-08 00:55,KMHV,101354.6,23.7,1.8,94010.3,298.27,1.09799
2026-04-08 01:55,KMHV,101388.5,21.6,1.3,94041.7,296.17,1.10615
2026-04-08 02:55,KMHV,101354.6,19.9,0.3,94010.3,294.47,1.11216
2026-04-08 03:55,KMHV,101422.4,19.1,0.0,94073.1,293.67,1.11593
2026-04-08 04:55,KMHV,101456.2,19.9,-6.5,94104.5,294.47,1.11327
2026-04-08 05:55,KMHV,101422.4,19.3,-5.0,94073.1,293.87,1.11517
2026-04-08 06:55,KMHV,101422.4,19.0,-2.0,94073.1,293.57,1.11631
2026-04-08 07:55,KMHV,101422.4,17.9,3.3,94073.1,292.47,1.12051
2026-04-08 08:55,KMHV,101422.4,17.8,2.5,94073.1,292.37,1.12090
2026-04-08 09:55,KMHV,101388.5,17.5,1.1,94041.7,292.07,1.12167
2026-04-08 10:55,KMHV,101354.6,17.5,-0.8,94010.3,292.07,1.12130
2026-04-08 11:55,KMHV,101354.6,17.4,-2.4,94010.3,291.97,1.12168
2026-04-08 12:55,KMHV,101354.6,17.4,-5.3,94010.3,291.97,1.12168
2026-04-08 13:55,KMHV,101422.4,17.3,-8.0,94073.1,291.87,1.12282
2026-04-08 14:55,KMHV,101490.1,18.7,-6.1,94135.9,293.27,1.11820
2026-04-08 15:55,KMHV,101523.9,20.0,-5.8,94167.3,294.57,1.11364
2026-04-08 16:55,KMHV,101523.9,22.2,-3.3,94167.3,296.77,1.10538
2026-04-08 17:55,KMHV,101557.8,23.8,-2.8,94198.7,298.37,1.09982
2026-04-08 18:55,KMHV,101490.1,24.6,-3.5,94135.9,299.17,1.09615
2026-04-08 19:55,KMHV,101422.4,25.4,-3.1,94073.1,299.97,1.09250
2026-04-08 20:55,KMHV,101388.5,26.3,-1.9,94041.7,300.87,1.08887
2026-04-08 21:55,KMHV,101354.6,25.7,-0.4,94010.3,300.27,1.09068
2026-04-08 22:55,KMHV,101286.9,25.6,-0.1,93947.5,300.17,1.09031
2026-04-08 23:55,KMHV,101253.0,24.9,-0.6,93916.0,299.47,1.09249
2026-04-09 00:55,KMHV,101219.2,23.6,0.4,93884.6,298.17,1.09689
2026-04-09 01:55,KMHV,101253.0,21.5,0.1,93916.0,296.07,1.10504
2026-04-09 02:55,KMHV,101219.2,20.0,-0.6,93884.6,294.57,1.11030
2026-04-09 03:55,KMHV,101286.9,19.7,-1.0,93947.5,294.27,1.11217
2026-04-09 04:55,KMHV,101354.6,19.0,-0.1,94010.3,293.57,1.11557
2026-04-09 05:55,KMHV,101354.6,19.3,-1.5,94010.3,293.87,1.11443
2026-04-09 06:55,KMHV,101354.6,19.0,-1.6,94010.3,293.57,1.11557
2026-04-09 07:55,KMHV,101354.6,18.9,-2.0,94010.3,293.47,1.11595
2026-04-09 08:55,KMHV,101354.6,18.2,1.1,94010.3,292.77,1.11862
2026-04-09 09:55,KMHV,101320.8,17.8,3.0,93978.9,292.37,1.11977
2026-04-09 10:55,KMHV,101286.9,17.8,4.6,93947.5,292.37,1.11940
2026-04-09 11:55,KMHV,101253.0,17.5,4.4,93916.0,292.07,1.12017
2026-04-09 12:55,KMHV,101253.0,17.3,5.6,93916.0,291.87,1.12094
2026-04-09 13:55,KMHV,101320.8,16.9,6.4,93978.9,291.47,1.12323
2026-04-09 14:55,KMHV,101354.6,17.9,6.7,94010.3,292.47,1.11976
2026-04-09 15:55,KMHV,101388.5,19.8,7.1,94041.7,294.37,1.11291
2026-04-09 16:55,KMHV,101422.4,21.4,7.0,94073.1,295.97,1.10726
2026-04-09 17:55,KMHV,101422.4,23.6,6.3,94073.1,298.17,1.09909
2026-04-09 18:55,KMHV,101388.5,24.8,5.3,94041.7,299.37,1.09432
2026-04-09 19:55,KMHV,101388.5,25.0,7.5,94041.7,299.57,1.09359
2026-04-09 20:55,KMHV,101354.6,24.2,6.4,94010.3,298.77,1.09615
2026-04-09 21:55,KMHV,101388.5,23.5,6.3,94041.7,298.07,1.09909
2026-04-09 22:55,KMHV,101354.6,23.5,5.9,94010.3,298.07,1.09873
2026-04-09 23:55,KMHV,101320.8,24.0,4.4,93978.9,298.57,1.09652
2026-04-10 00:55,KMHV,101320.8,22.5,5.5,93978.9,297.07,1.10206
2026-04-10 01:55,KMHV,101320.8,21.2,5.0,93978.9,295.77,1.10690
2026-04-10 02:55,KMHV,101320.8,20.0,5.4,93978.9,294.57,1.11141
2026-04-10 03:55,KMHV,101354.6,19.3,6.1,94010.3,293.87,1.11443
2026-04-10 04:55,KMHV,101422.4,18.1,6.7,94073.1,292.67,1.11975
2026-04-10 05:55,KMHV,101422.4,16.9,7.2,94073.1,291.47,1.12436
2026-04-10 06:55,KMHV,101422.4,17.3,7.2,94073.1,291.87,1.12282
2026-04-10 07:55,KMHV,101422.4,15.8,7.0,94073.1,290.37,1.12862
2026-04-10 08:55,KMHV,101388.5,13.8,6.7,94041.7,288.37,1.13606
2026-04-10 09:55,KMHV,101388.5,12.3,6.4,94041.7,286.87,1.14200
2026-04-10 10:55,KMHV,101320.8,12.2,6.3,93978.9,286.77,1.14164
2026-04-10 11:55,KMHV,101320.8,11.5,6.2,93978.9,286.07,1.14443
2026-04-10 12:55,KMHV,101320.8,10.7,6.1,93978.9,285.27,1.14764
2026-04-10 13:55,KMHV,101354.6,10.9,6.1,94010.3,285.47,1.14722
2026-04-10 14:55,KMHV,101422.4,14.1,7.4,94073.1,288.67,1.13526
2026-04-10 15:55,KMHV,101422.4,16.8,7.2,94073.1,291.37,1.12474
2026-04-10 16:55,KMHV,101456.2,18.3,7.7,94104.5,292.87,1.11936
2026-04-10 17:55,KMHV,101490.1,19.1,7.5,94135.9,293.67,1.11668
2026-04-10 18:55,KMHV,101490.1,19.7,6.6,94135.9,294.27,1.11440
2026-04-10 19:55,KMHV,101456.2,20.6,5.4,94104.5,295.17,1.11063
2026-04-10 20:55,KMHV,101456.2,21.1,6.4,94104.5,295.67,1.10876
2026-04-10 21:55,KMHV,101388.5,20.3,6.7,94041.7,294.87,1.11102
2026-04-10 22:55,KMHV,101354.6,20.6,6.0,94010.3,295.17,1.10952
2026-04-10 23:55,KMHV,101320.8,19.4,6.4,93978.9,293.97,1.11368
2026-04-11 00:55,KMHV,101286.9,18.3,6.2,93947.5,292.87,1.11749
2026-04-11 01:55,KMHV,101253.0,17.0,6.1,93916.0,291.57,1.12210
2026-04-11 02:55,KMHV,101253.0,15.2,7.1,93916.0,289.77,1.12907
2026-04-11 03:55,KMHV,101320.8,14.6,5.9,93978.9,289.17,1.13216
2026-04-11 04:55,KMHV,101422.4,13.5,6.7,94073.1,288.07,1.13763
2026-04-11 05:55,KMHV,101388.5,12.5,7.0,94041.7,287.07,1.14121
2026-04-11 06:55,KMHV,101354.6,11.6,6.2,94010.3,286.17,1.14442
2026-04-11 07:55,KMHV,101354.6,10.0,5.9,94010.3,284.57,1.15085
2026-04-11 08:55,KMHV,101354.6,9.9,6.2,94010.3,284.47,1.15125
2026-04-11 09:55,KMHV,101354.6,9.9,6.1,94010.3,284.47,1.15125
2026-04-11 10:55,KMHV,101354.6,7.8,5.3,94010.3,282.37,1.15982
2026-04-11 11:55,KMHV,101388.5,7.9,5.2,94041.7,282.47,1.15979
2026-04-11 12:55,KMHV,101388.5,7.4,5.0,94041.7,281.97,1.16185
2026-04-11 13:55,KMHV,101422.4,7.0,4.7,94073.1,281.57,1.16389
2026-04-11 14:55,KMHV,101490.1,11.0,5.0,94135.9,285.57,1.14835
2026-04-11 15:55,KMHV,101490.1,12.9,4.5,94135.9,287.47,1.14076
2026-04-11 16:55,KMHV,101523.9,14.4,4.2,94167.3,288.97,1.13522
2026-04-11 17:55,KMHV,101523.9,16.5,2.9,94167.3,291.07,1.12703
2026-04-11 18:55,KMHV,101456.2,17.4,3.9,94104.5,291.97,1.12281
2026-04-11 19:55,KMHV,101422.4,18.6,3.7,94073.1,293.17,1.11784
2026-04-11 20:55,KMHV,101354.6,19.4,3.6,94010.3,293.97,1.11405
2026-04-11 21:55,KMHV,101320.8,19.6,3.8,93978.9,294.17,1.11292
2026-04-11 22:55,KMHV,101219.2,19.9,3.1,93884.6,294.47,1.11067
2026-04-11 23:55,KMHV,101185.3,19.6,3.0,93853.2,294.17,1.11143
2026-04-12 00:55,KMHV,101185.3,17.8,3.9,93853.2,292.37,1.11828
2026-04-12 01:55,KMHV,101185.3,15.2,3.8,93853.2,289.77,1.12831
2026-04-12 02:55,KMHV,101219.2,13.3,4.9,93884.6,287.87,1.13614
2026-04-12 03:55,KMHV,101286.9,12.3,4.8,93947.5,286.87,1.14086
2026-04-12 04:55,KMHV,101286.9,11.2,4.4,93947.5,285.77,1.14525
2026-04-12 05:55,KMHV,101286.9,10.7,4.0,93947.5,285.27,1.14726
2026-04-12 06:55,KMHV,101253.0,10.0,3.8,93916.0,284.57,1.14970
2026-04-12 07:55,KMHV,101253.0,9.9,3.9,93916.0,284.47,1.15010
2026-04-12 08:55,KMHV,101219.2,10.4,3.5,93884.6,284.97,1.14770
2026-04-12 09:55,KMHV,101151.4,9.6,4.4,93821.8,284.17,1.15016
2026-04-12 10:55,KMHV,101117.6,9.9,4.8,93790.4,284.47,1.14856
2026-04-12 11:55,KMHV,101117.6,9.4,6.8,93790.4,283.97,1.15058
2026-04-12 12:55,KMHV,101151.4,9.1,8.0,93821.8,283.67,1.15219
2026-04-12 13:55,KMHV,101219.2,9.2,8.7,93884.6,283.77,1.15255
2026-04-12 14:55,KMHV,101286.9,10.1,7.4,93947.5,284.67,1.14968
2026-04-12 15:55,KMHV,101354.6,10.6,6.3,94010.3,285.17,1.14843
2026-04-12 16:55,KMHV,101354.6,13.3,5.7,94010.3,287.87,1.13766
2026-04-12 17:55,KMHV,101354.6,15.0,4.7,94010.3,289.57,1.13098
2026-04-12 18:55,KMHV,101354.6,16.5,2.9,94010.3,291.07,1.12515
2026-04-12 19:55,KMHV,101286.9,17.5,1.7,93947.5,292.07,1.12055
2026-04-12 20:55,KMHV,101253.0,17.8,0.7,93916.0,292.37,1.11902
2026-04-12 21:55,KMHV,101286.9,17.0,2.3,93947.5,291.57,1.12247
2026-04-12 22:55,KMHV,101286.9,16.2,0.7,93947.5,290.77,1.12556
2026-04-12 23:55,KMHV,101286.9,16.5,1.4,93947.5,291.07,1.12440
2026-04-13 00:55,KMHV,101320.8,14.3,2.5,93978.9,288.87,1.13334
2026-04-13 01:55,KMHV,101354.6,13.1,2.2,94010.3,287.67,1.13845
2026-04-13 02:55,KMHV,101422.4,12.2,2.4,94073.1,286.77,1.14278
2026-04-13 03:55,KMHV,101490.1,10.6,3.5,94135.9,285.17,1.14996
2026-04-13 04:55,KMHV,101557.8,9.2,4.0,94198.7,283.77,1.15641
2026-04-13 05:55,KMHV,101523.9,8.2,4.6,94167.3,282.77,1.16011
2026-04-13 06:55,KMHV,101557.8,9.1,3.2,94198.7,283.67,1.15682
2026-04-13 07:55,KMHV,101557.8,8.8,1.9,94198.7,283.37,1.15804
2026-04-13 08:55,KMHV,101557.8,8.3,2.5,94198.7,282.87,1.16009
2026-04-13 09:55,KMHV,101523.9,7.9,2.4,94167.3,282.47,1.16134
2026-04-13 10:55,KMHV,101523.9,7.7,2.2,94167.3,282.27,1.16217
2026-04-13 11:55,KMHV,101523.9,7.7,2.3,94167.3,282.27,1.16217
2026-04-13 12:55,KMHV,101523.9,7.0,2.0,94167.3,281.57,1.16505
2026-04-13 13:55,KMHV,101523.9,7.6,2.1,94167.3,282.17,1.16258
2026-04-13 14:55,KMHV,101523.9,9.2,2.1,94167.3,283.77,1.15602
2026-04-13 15:55,KMHV,101557.8,11.1,1.5,94198.7,285.67,1.14872
2026-04-13 16:55,KMHV,101591.7,11.1,0.9,94230.1,285.67,1.14910
2026-04-13 17:55,KMHV,101625.5,12.3,2.2,94261.6,286.87,1.14467
2026-04-13 18:55,KMHV,101659.4,13.4,2.0,94293.0,287.97,1.14068
2026-04-13 19:55,KMHV,101625.5,13.5,1.5,94261.6,288.07,1.13991
2026-04-13 20:55,KMHV,101591.7,13.9,0.3,94230.1,288.47,1.13795
2026-04-13 21:55,KMHV,101523.9,14.4,0.7,94167.3,288.97,1.13522
2026-04-13 22:55,KMHV,101456.2,13.9,1.5,94104.5,288.47,1.13643
2026-04-13 23:55,KMHV,101456.2,12.6,0.1,94104.5,287.17,1.14157
2026-04-14 00:55,KMHV,101456.2,12.4,0.4,94104.5,286.97,1.14237
2026-04-14 01:55,KMHV,101422.4,11.7,0.7,94073.1,286.27,1.14478
2026-04-14 02:55,KMHV,101422.4,10.4,2.1,94073.1,284.97,1.15000
2026-04-14 03:55,KMHV,101557.8,10.4,1.0,94198.7,284.97,1.15154
2026-04-14 04:55,KMHV,101625.5,10.3,1.4,94261.6,284.87,1.15271
2026-04-14 05:55,KMHV,101659.4,10.3,1.9,94293.0,284.87,1.15310
2026-04-14 06:55,KMHV,101693.3,9.9,2.7,94324.4,284.47,1.15510
2026-04-14 07:55,KMHV,101727.1,9.9,2.6,94355.8,284.47,1.15549
2026-04-14 08:55,KMHV,101727.1,9.7,2.5,94355.8,284.27,1.15630
2026-04-14 09:55,KMHV,101727.1,9.5,2.1,94355.8,284.07,1.15711
2026-04-14 10:55,KMHV,101727.1,9.4,2.0,94355.8,283.97,1.15752
2026-04-14 11:55,KMHV,101761.0,9.2,1.9,94387.2,283.77,1.15872
2026-04-14 12:55,KMHV,101761.0,9.3,1.9,94387.2,283.87,1.15831
2026-04-14 13:55,KMHV,101794.9,9.7,1.3,94418.6,284.27,1.15707
2026-04-14 14:55,KMHV,101862.6,11.7,1.4,94481.4,286.27,1.14975
2026-04-14 15:55,KMHV,101896.4,14.1,0.8,94512.8,288.67,1.14057
2026-04-14 16:55,KMHV,101930.3,16.2,0.7,94544.2,290.77,1.13271
2026-04-14 17:55,KMHV,101964.2,17.7,0.3,94575.7,292.27,1.12727
2026-04-14 18:55,KMHV,101930.3,18.6,-0.6,94544.2,293.17,1.12344
2026-04-14 19:55,KMHV,101862.6,19.3,-2.7,94481.4,293.87,1.12002
2026-04-14 20:55,KMHV,101794.9,20.2,-2.1,94418.6,294.77,1.11585
2026-04-14 21:55,KMHV,101761.0,21.4,-0.8,94387.2,295.97,1.11096
2026-04-14 22:55,KMHV,101693.3,20.9,1.5,94324.4,295.47,1.11210
2026-04-14 23:55,KMHV,101659.4,19.5,1.8,94293.0,294.07,1.11702
2026-04-15 00:55,KMHV,101659.4,18.2,1.2,94293.0,292.77,1.12198
2026-04-15 01:55,KMHV,101659.4,16.2,2.4,94293.0,290.77,1.12970
2026-04-15 02:55,KMHV,101625.5,14.4,1.1,94261.6,288.97,1.13636
2026-04-15 03:55,KMHV,101693.3,13.9,0.7,94324.4,288.47,1.13908
2026-04-15 04:55,KMHV,101727.1,13.2,2.7,94355.8,287.77,1.14224
2026-04-15 05:55,KMHV,101727.1,13.0,1.7,94355.8,287.57,1.14303
2026-04-15 06:55,KMHV,101693.3,12.0,0.6,94324.4,286.57,1.14664
2026-04-15 07:55,KMHV,101727.1,12.5,2.8,94355.8,287.07,1.14502
2026-04-15 08:55,KMHV,101693.3,11.6,2.5,94324.4,286.17,1.14824
2026-04-15 09:55,KMHV,101693.3,10.9,2.9,94324.4,285.47,1.15105
2026-04-15 10:55,KMHV,101659.4,11.1,3.4,94293.0,285.67,1.14987
2026-04-15 11:55,KMHV,101659.4,10.0,3.3,94293.0,284.57,1.15431
2026-04-15 12:55,KMHV,101659.4,8.4,2.8,94293.0,282.97,1.16084
2026-04-15 13:55,KMHV,101727.1,7.7,2.3,94355.8,282.27,1.16449
2026-04-15 14:55,KMHV,101761.0,13.0,2.8,94387.2,287.57,1.14341
2026-04-15 15:55,KMHV,101761.0,14.5,2.0,94387.2,289.07,1.13748
2026-04-15 16:55,KMHV,101794.9,16.1,2.1,94418.6,290.67,1.13159
2026-04-15 17:55,KMHV,101761.0,17.7,1.4,94387.2,292.27,1.12502
2026-04-15 18:55,KMHV,101727.1,20.8,-1.5,94355.8,295.37,1.11285
2026-04-15 19:55,KMHV,101625.5,22.7,-2.1,94261.6,297.27,1.10463
2026-04-15 20:55,KMHV,101557.8,23.9,-3.1,94198.7,298.47,1.09945
2026-04-15 21:55,KMHV,101490.1,25.3,-1.4,94135.9,299.87,1.09359
2026-04-15 22:55,KMHV,101456.2,23.9,2.5,94104.5,298.47,1.09835
2026-04-15 23:55,KMHV,101456.2,22.0,-0.1,94104.5,296.57,1.10539
2026-04-16 00:55,KMHV,101456.2,19.8,0.1,94104.5,294.37,1.11365
2026-04-16 01:55,KMHV,101422.4,18.3,1.0,94073.1,292.87,1.11898
2026-04-16 02:55,KMHV,101422.4,16.3,1.6,94073.1,290.87,1.12668
2026-04-16 03:55,KMHV,101490.1,15.4,3.7,94135.9,289.97,1.13093
2026-04-16 04:55,KMHV,101557.8,14.3,4.2,94198.7,288.87,1.13599
2026-04-16 05:55,KMHV,101490.1,14.7,3.3,94135.9,289.27,1.13366
2026-04-16 06:55,KMHV,101490.1,14.3,3.3,94135.9,288.87,1.13523
2026-04-16 07:55,KMHV,101456.2,14.2,4.7,94104.5,288.77,1.13525
2026-04-16 08:55,KMHV,101422.4,13.9,5.3,94073.1,288.47,1.13605
2026-04-16 09:55,KMHV,101354.6,13.7,5.1,94010.3,288.27,1.13608
2026-04-16 10:55,KMHV,101286.9,13.1,4.4,93947.5,287.67,1.13769
2026-04-16 11:55,KMHV,101219.2,13.2,3.8,93884.6,287.77,1.13653
2026-04-16 12:55,KMHV,101185.3,12.9,2.9,93853.2,287.47,1.13734
2026-04-16 13:55,KMHV,101219.2,13.2,1.0,93884.6,287.77,1.13653
2026-04-16 14:55,KMHV,101286.9,14.0,-1.6,93947.5,288.57,1.13414
2026-04-16 15:55,KMHV,101286.9,15.1,0.7,93947.5,289.67,1.12983
2026-04-16 16:55,KMHV,101286.9,15.3,2.4,93947.5,289.87,1.12905
2026-04-16 17:55,KMHV,101286.9,16.3,3.7,93947.5,290.87,1.12517
2026-04-16 18:55,KMHV,101253.0,19.8,3.3,93916.0,294.37,1.11142
2026-04-16 19:55,KMHV,101185.3,20.3,2.6,93853.2,294.87,1.10880
2026-04-16 20:55,KMHV,101117.6,22.2,2.7,93790.4,296.77,1.10096
2026-04-16 21:55,KMHV,101049.8,21.5,2.6,93727.6,296.07,1.10282
2026-04-16 22:55,KMHV,100982.1,20.7,2.7,93664.8,295.27,1.10507
2026-04-16 23:55,KMHV,101016.0,19.4,3.8,93696.2,293.97,1.11033
2026-04-17 00:55,KMHV,101049.8,18.1,4.3,93727.6,292.67,1.11563
2026-04-17 01:55,KMHV,100948.3,15.8,5.2,93633.4,290.37,1.12334
2026-04-17 02:55,KMHV,101083.7,15.1,4.4,93759.0,289.67,1.12757
2026-04-17 03:55,KMHV,101049.8,15.0,3.7,93727.6,289.57,1.12758
2026-04-17 04:55,KMHV,101151.4,13.9,5.2,93821.8,288.47,1.13302
2026-04-17 05:55,KMHV,101151.4,13.3,4.8,93821.8,287.87,1.13538
2026-04-17 06:55,KMHV,101083.7,13.0,1.1,93759.0,287.57,1.13580
2026-04-17 07:55,KMHV,101185.3,12.6,1.2,93853.2,287.17,1.13853
2026-04-17 08:55,KMHV,101320.8,13.1,-2.7,93978.9,287.67,1.13807
2026-04-17 09:55,KMHV,101388.5,11.0,-3.1,94041.7,285.57,1.14720
2026-04-17 10:55,KMHV,101456.2,8.9,-0.8,94104.5,283.47,1.15647
2026-04-17 11:55,KMHV,101557.8,7.6,-1.0,94198.7,282.17,1.16297
2026-04-17 12:55,KMHV,101659.4,5.2,-1.6,94293.0,279.77,1.17411
2026-04-17 13:55,KMHV,101761.0,6.5,-2.4,94387.2,281.07,1.16985
2026-04-17 14:55,KMHV,101896.4,10.6,-10.3,94512.8,285.17,1.15457
2026-04-17 15:55,KMHV,101964.2,12.9,-12.2,94575.7,287.47,1.14609
2026-04-17 16:55,KMHV,102031.9,14.2,-12.1,94638.5,288.77,1.14169
2026-04-17 17:55,KMHV,102065.8,15.5,-11.9,94669.9,290.07,1.13695
2026-04-17 18:55,KMHV,102031.9,16.9,-13.1,94638.5,291.47,1.13111
2026-04-17 19:55,KMHV,101964.2,18.1,-14.1,94575.7,292.67,1.12573
2026-04-17 20:55,KMHV,101896.4,19.4,-15.7,94512.8,293.97,1.12001
2026-04-17 21:55,KMHV,101896.4,19.7,-15.5,94512.8,294.27,1.11886
2026-04-17 22:55,KMHV,101828.7,20.6,-16.5,94450.0,295.17,1.11471
2026-04-17 23:55,KMHV,101761.0,19.8,-20.6,94387.2,294.37,1.11700
2026-04-18 00:55,KMHV,101761.0,19.4,-21.3,94387.2,293.97,1.11852
2026-04-18 01:55,KMHV,101727.1,18.4,-22.0,94355.8,292.97,1.12196
2026-04-18 02:55,KMHV,101727.1,14.4,-18.4,94355.8,288.97,1.13749
2026-04-18 03:55,KMHV,101794.9,10.3,-17.0,94418.6,284.87,1.15463
2026-04-18 04:55,KMHV,101896.4,9.1,-17.9,94512.8,283.67,1.16067
2026-04-18 05:55,KMHV,101896.4,7.9,-18.0,94512.8,282.47,1.16560
2026-04-18 06:55,KMHV,101896.4,6.8,-17.3,94512.8,281.37,1.17016
2026-04-18 07:55,KMHV,101896.4,7.6,-18.2,94512.8,282.17,1.16684
2026-04-18 08:55,KMHV,101862.6,6.3,-17.7,94481.4,280.87,1.17185
2026-04-18 09:55,KMHV,101794.9,5.3,-17.4,94418.6,279.87,1.17526
2026-04-18 10:55,KMHV,101794.9,4.6,-17.4,94418.6,279.17,1.17821
2026-04-18 11:55,KMHV,101761.0,3.6,-17.0,94387.2,278.17,1.18205
2026-04-18 12:55,KMHV,101761.0,3.4,-16.9,94387.2,277.97,1.18290
2026-04-18 13:55,KMHV,101794.9,3.9,-15.9,94418.6,278.47,1.18117
2026-04-18 14:55,KMHV,101862.6,10.9,-15.4,94481.4,285.47,1.15297
2026-04-18 15:55,KMHV,101896.4,15.0,-17.7,94512.8,289.57,1.13702
2026-04-18 16:55,KMHV,101896.4,17.0,-19.2,94512.8,291.57,1.12923
2026-04-18 17:55,KMHV,101930.3,18.9,-19.5,94544.2,293.47,1.12229
2026-04-18 18:55,KMHV,101896.4,20.3,-18.6,94512.8,294.87,1.11659
2026-04-18 19:55,KMHV,101794.9,21.9,-17.4,94418.6,296.47,1.10945
2026-04-18 20:55,KMHV,101727.1,23.3,-18.6,94355.8,297.87,1.10351
2026-04-18 21:55,KMHV,101659.4,23.7,-18.2,94293.0,298.27,1.10129
2026-04-18 22:55,KMHV,101557.8,24.2,-17.9,94198.7,298.77,1.09835
2026-04-18 23:55,KMHV,101490.1,24.1,-20.5,94135.9,298.67,1.09799
2026-04-19 00:55,KMHV,101456.2,24.0,-19.6,94104.5,298.57,1.09799
2026-04-19 01:55,KMHV,101456.2,22.5,-17.8,94104.5,297.07,1.10353
2026-04-19 02:55,KMHV,101456.2,14.7,-11.0,94104.5,289.27,1.13329
2026-04-19 03:55,KMHV,101490.1,12.6,-14.2,94135.9,287.17,1.14195
2026-04-19 04:55,KMHV,101557.8,12.4,-13.9,94198.7,286.97,1.14351
2026-04-19 05:55,KMHV,101523.9,11.4,-14.4,94167.3,285.97,1.14713
2026-04-19 06:55,KMHV,101523.9,12.6,-15.1,94167.3,287.17,1.14234
2026-04-19 07:55,KMHV,101490.1,12.1,-14.6,94135.9,286.67,1.14395
2026-04-19 08:55,KMHV,101490.1,11.2,-14.3,94135.9,285.77,1.14755
2026-04-19 09:55,KMHV,101422.4,10.4,-13.7,94073.1,284.97,1.15000
2026-04-19 10:55,KMHV,101388.5,9.1,-12.5,94041.7,283.67,1.15489
2026-04-19 11:55,KMHV,101354.6,8.0,-13.0,94010.3,282.57,1.15900
2026-04-19 12:55,KMHV,101354.6,7.2,-13.2,94010.3,281.77,1.16229
2026-04-19 13:55,KMHV,101354.6,8.1,-12.6,94010.3,282.67,1.15859
2026-04-19 14:55,KMHV,101422.4,12.9,-11.9,94073.1,287.47,1.14000
2026-04-19 15:55,KMHV,101456.2,18.0,-12.7,94104.5,292.57,1.12050
2026-04-19 16:55,KMHV,101490.1,20.7,-12.0,94135.9,295.27,1.11063
2026-04-19 17:55,KMHV,101490.1,22.0,-9.9,94135.9,296.57,1.10576
2026-04-19 18:55,KMHV,101456.2,23.2,-8.9,94104.5,297.77,1.10094
2026-04-19 19:55,KMHV,101388.5,24.4,-5.6,94041.7,298.97,1.09579
2026-04-19 20:55,KMHV,101354.6,25.0,-5.4,94010.3,299.57,1.09323
2026-04-19 21:55,KMHV,101320.8,25.2,-1.7,93978.9,299.77,1.09213
2026-04-19 22:55,KMHV,101253.0,25.0,-0.2,93916.0,299.57,1.09213
2026-04-19 23:55,KMHV,101219.2,25.3,-2.0,93884.6,299.87,1.09067
2026-04-20 00:55,KMHV,101253.0,24.1,-4.5,93916.0,298.67,1.09542
2026-04-20 01:55,KMHV,101253.0,21.8,-4.3,93916.0,296.37,1.10392
2026-04-20 02:55,KMHV,101286.9,18.6,-4.2,93947.5,293.17,1.11634
2026-04-20 03:55,KMHV,101320.8,16.8,-4.1,93978.9,291.37,1.12362
2026-04-20 04:55,KMHV,101388.5,16.9,-3.4,94041.7,291.47,1.12398
2026-04-20 05:55,KMHV,101422.4,16.9,-4.9,94073.1,291.47,1.12436
2026-04-20 06:55,KMHV,101388.5,16.2,-5.1,94041.7,290.77,1.12669
2026-04-20 07:55,KMHV,101422.4,14.7,-8.0,94073.1,289.27,1.13291
2026-04-20 08:55,KMHV,101456.2,13.2,-8.1,94104.5,287.77,1.13919
2026-04-20 09:55,KMHV,101456.2,12.3,-7.5,94104.5,286.87,1.14277
2026-04-20 10:55,KMHV,101422.4,9.9,-10.1,94073.1,284.47,1.15202
2026-04-20 11:55,KMHV,101422.4,7.7,-8.6,94073.1,282.27,1.16100
2026-04-20 12:55,KMHV,101422.4,7.4,-9.0,94073.1,281.97,1.16224
2026-04-20 13:55,KMHV,101456.2,7.8,-10.4,94104.5,282.37,1.16098
2026-04-20 14:55,KMHV,101523.9,15.2,-9.9,94167.3,289.77,1.13209
2026-04-20 15:55,KMHV,101591.7,18.6,-10.0,94230.1,293.17,1.11970
2026-04-20 16:55,KMHV,101625.5,19.8,-11.4,94261.6,294.37,1.11551
2026-04-20 17:55,KMHV,101625.5,21.7,-11.3,94261.6,296.27,1.10836
2026-04-20 18:55,KMHV,101591.7,23.0,-12.5,94230.1,297.57,1.10315
2026-04-20 19:55,KMHV,101523.9,24.3,-13.7,94167.3,298.87,1.09762
2026-04-20 20:55,KMHV,101490.1,25.1,-13.1,94135.9,299.67,1.09432
2026-04-20 21:55,KMHV,101456.2,25.3,-11.3,94104.5,299.87,1.09323
2026-04-20 22:55,KMHV,101388.5,25.8,-8.5,94041.7,300.37,1.09068
2026-04-20 23:55,KMHV,101354.6,24.8,-7.7,94010.3,299.37,1.09396
2026-04-21 00:55,KMHV,101354.6,23.5,-3.3,94010.3,298.07,1.09873
2026-04-21 01:55,KMHV,101320.8,21.8,-1.2,93978.9,296.37,1.10466
2026-04-21 02:55,KMHV,101320.8,19.4,-4.5,93978.9,293.97,1.11368
2026-04-21 03:55,KMHV,101422.4,17.9,-6.6,94073.1,292.47,1.12051
2026-04-21 04:55,KMHV,101490.1,15.9,-8.3,94135.9,290.47,1.12898
2026-04-21 05:55,KMHV,101490.1,14.9,-12.9,94135.9,289.47,1.13288
2026-04-21 06:55,KMHV,101523.9,13.6,-13.3,94167.3,288.17,1.13837
2026-04-21 07:55,KMHV,101523.9,12.2,-12.1,94167.3,286.77,1.14393
2026-04-21 08:55,KMHV,101523.9,14.3,-7.8,94167.3,288.87,1.13561
2026-04-21 09:55,KMHV,101456.2,12.9,-6.5,94104.5,287.47,1.14038
2026-04-21 10:55,KMHV,101456.2,12.4,-9.7,94104.5,286.97,1.14237
2026-04-21 11:55,KMHV,101456.2,11.2,-10.5,94104.5,285.77,1.14717
2026-04-21 12:55,KMHV,101422.4,12.9,-14.0,94073.1,287.47,1.14000
2026-04-21 13:55,KMHV,101456.2,13.4,-14.5,94104.5,287.97,1.13840
2026-04-21 14:55,KMHV,101490.1,14.3,-12.1,94135.9,288.87,1.13523
2026-04-21 15:55,KMHV,101523.9,15.9,-11.8,94167.3,290.47,1.12936
2026-04-21 16:55,KMHV,101523.9,17.5,-8.3,94167.3,292.07,1.12317
2026-04-21 17:55,KMHV,101557.8,17.0,-1.5,94198.7,291.57,1.12547
2026-04-21 18:55,KMHV,101557.8,16.7,3.0,94198.7,291.27,1.12663
2026-04-21 19:55,KMHV,101557.8,16.5,4.6,94198.7,291.07,1.12741
2026-04-21 20:55,KMHV,101557.8,16.8,6.4,94198.7,291.37,1.12625
2026-04-21 21:55,KMHV,101523.9,17.2,6.9,94167.3,291.77,1.12433
2026-04-21 22:55,KMHV,101523.9,15.6,7.6,94167.3,290.17,1.13053
2026-04-21 23:55,KMHV,101490.1,17.5,3.6,94135.9,292.07,1.12280
2026-04-22 00:55,KMHV,101490.1,15.6,3.7,94135.9,290.17,1.13015
2026-04-22 01:55,KMHV,101523.9,13.5,5.5,94167.3,288.07,1.13877
2026-04-22 02:55,KMHV,101591.7,12.2,5.4,94230.1,286.77,1.14469
2026-04-22 03:55,KMHV,101659.4,11.3,5.3,94293.0,285.87,1.14906
2026-04-22 04:55,KMHV,101761.0,11.0,4.9,94387.2,285.57,1.15142
2026-04-22 05:55,KMHV,101761.0,10.7,3.8,94387.2,285.27,1.15263
2026-04-22 06:55,KMHV,101794.9,10.5,3.3,94418.6,285.07,1.15382
2026-04-22 07:55,KMHV,101828.7,10.0,3.0,94450.0,284.57,1.15623
2026-04-22 08:55,KMHV,101828.7,9.8,2.3,94450.0,284.37,1.15705
2026-04-22 09:55,KMHV,101828.7,9.2,2.1,94450.0,283.77,1.15949
2026-04-22 10:55,KMHV,101828.7,9.1,1.2,94450.0,283.67,1.15990
2026-04-22 11:55,KMHV,101794.9,8.8,1.1,94418.6,283.37,1.16074
2026-04-22 12:55,KMHV,101794.9,8.3,1.1,94418.6,282.87,1.16280
2026-04-22 13:55,KMHV,101896.4,8.5,1.0,94512.8,283.07,1.16313
2026-04-22 14:55,KMHV,101896.4,10.0,0.7,94512.8,284.57,1.15700
2026-04-22 15:55,KMHV,101896.4,11.6,0.1,94512.8,286.17,1.15053
2026-04-22 16:55,KMHV,101930.3,13.1,-0.3,94544.2,287.67,1.14491
2026-04-22 17:55,KMHV,101930.3,14.4,-0.4,94544.2,288.97,1.13976
2026-04-22 18:55,KMHV,101930.3,15.5,-0.2,94544.2,290.07,1.13544
2026-04-22 19:55,KMHV,101896.4,16.4,0.1,94512.8,290.97,1.13155
2026-04-22 20:55,KMHV,101862.6,16.6,-0.6,94481.4,291.17,1.13040
2026-04-22 21:55,KMHV,101828.7,16.9,0.1,94450.0,291.47,1.12886
2026-04-22 22:55,KMHV,101761.0,17.0,0.0,94387.2,291.57,1.12772
2026-04-22 23:55,KMHV,101727.1,16.3,-0.2,94355.8,290.87,1.13006
2026-04-23 00:55,KMHV,101693.3,15.4,0.5,94324.4,289.97,1.13319
2026-04-23 01:55,KMHV,101659.4,13.7,0.8,94293.0,288.27,1.13950
2026-04-23 02:55,KMHV,101591.7,12.4,1.1,94230.1,286.97,1.14389
2026-04-23 03:55,KMHV,101625.5,12.0,1.5,94261.6,286.57,1.14587
2026-04-23 04:55,KMHV,101659.4,11.8,2.4,94293.0,286.37,1.14706
2026-04-23 05:55,KMHV,101659.4,12.0,2.0,94293.0,286.57,1.14625
2026-04-23 06:55,KMHV,101727.1,12.3,0.7,94355.8,286.87,1.14582
2026-04-23 07:55,KMHV,101693.3,11.9,-0.8,94324.4,286.47,1.14704
2026-04-23 08:55,KMHV,101625.5,11.6,-1.4,94261.6,286.17,1.14747
2026-04-23 09:55,KMHV,101659.4,11.5,-2.5,94293.0,286.07,1.14826
2026-04-23 10:55,KMHV,101693.3,10.1,-2.7,94324.4,284.67,1.15429
2026-04-23 11:55,KMHV,101727.1,9.6,-0.5,94355.8,284.17,1.15671
2026-04-23 12:55,KMHV,101693.3,10.2,-1.0,94324.4,284.77,1.15388
2026-04-23 13:55,KMHV,101761.0,10.0,-1.4,94387.2,284.57,1.15546
2026-04-23 14:55,KMHV,101828.7,12.4,-2.2,94450.0,286.97,1.14656
2026-04-23 15:55,KMHV,101828.7,14.5,-3.1,94450.0,289.07,1.13823
2026-04-23 16:55,KMHV,101828.7,16.6,-3.7,94450.0,291.17,1.13003
2026-04-23 17:55,KMHV,101828.7,17.7,-4.6,94450.0,292.27,1.12577
2026-04-23 18:55,KMHV,101761.0,18.5,-5.4,94387.2,293.07,1.12195
2026-04-23 19:55,KMHV,101693.3,19.8,-5.1,94324.4,294.37,1.11625
2026-04-23 20:55,KMHV,101591.7,20.5,-5.4,94230.1,295.07,1.11249
2026-04-23 21:55,KMHV,101523.9,21.7,-5.2,94167.3,296.27,1.10725
2026-04-23 22:55,KMHV,101422.4,22.6,-4.5,94073.1,297.17,1.10279
2026-04-23 23:55,KMHV,101354.6,22.4,2.0,94010.3,296.97,1.10280
2026-04-24 00:55,KMHV,101354.6,21.2,2.3,94010.3,295.77,1.10727
2026-04-24 01:55,KMHV,101320.8,18.6,2.4,93978.9,293.17,1.11672
2026-04-24 02:55,KMHV,101354.6,16.3,2.0,94010.3,290.87,1.12592
2026-04-24 03:55,KMHV,101388.5,15.6,1.0,94041.7,290.17,1.12902
2026-04-24 04:55,KMHV,101422.4,14.4,1.7,94073.1,288.97,1.13408
2026-04-24 05:55,KMHV,101422.4,14.2,0.4,94073.1,288.77,1.13487
2026-04-24 06:55,KMHV,101422.4,13.9,-0.4,94073.1,288.47,1.13605
2026-04-24 07:55,KMHV,101388.5,14.1,-2.9,94041.7,288.67,1.13488
2026-04-24 08:55,KMHV,101354.6,13.1,-4.0,94010.3,287.67,1.13845
2026-04-24 09:55,KMHV,101286.9,12.0,-5.5,93947.5,286.57,1.14205
2026-04-24 10:55,KMHV,101286.9,11.3,-5.9,93947.5,285.87,1.14485
2026-04-24 11:55,KMHV,101286.9,7.9,-5.7,93947.5,282.47,1.15863
2026-04-24 12:55,KMHV,101219.2,8.4,-4.4,93884.6,282.97,1.15581
2026-04-24 13:55,KMHV,101253.0,10.9,-3.6,93916.0,285.47,1.14607
2026-04-24 14:55,KMHV,101286.9,15.1,-4.1,93947.5,289.67,1.12983
2026-04-24 15:55,KMHV,101286.9,16.0,-3.9,93947.5,290.57,1.12633
2026-04-24 16:55,KMHV,101219.2,19.7,-7.0,93884.6,294.27,1.11143
2026-04-24 17:55,KMHV,101253.0,21.2,-10.3,93916.0,295.77,1.10616
2026-04-24 18:55,KMHV,101219.2,22.9,-8.2,93884.6,297.47,1.09947
2026-04-24 19:55,KMHV,101117.6,23.2,-9.9,93790.4,297.77,1.09726
2026-04-24 20:55,KMHV,101049.8,24.3,-12.4,93727.6,298.87,1.09249
2026-04-24 21:55,KMHV,101016.0,23.9,-7.0,93696.2,298.47,1.09359
2026-04-24 22:55,KMHV,100948.3,23.3,-7.5,93633.4,297.87,1.09506
2026-04-24 23:55,KMHV,100948.3,22.4,-7.2,93633.4,296.97,1.09838
2026-04-25 00:55,KMHV,100948.3,21.2,-5.0,93633.4,295.77,1.10283
2026-04-25 01:55,KMHV,100982.1,19.6,-1.2,93664.8,294.17,1.10920
2026-04-25 02:55,KMHV,100982.1,17.5,2.3,93664.8,292.07,1.11718
2026-04-25 03:55,KMHV,101049.8,17.0,1.7,93727.6,291.57,1.11984
2026-04-25 04:55,KMHV,101049.8,16.2,1.1,93727.6,290.77,1.12292
2026-04-25 05:55,KMHV,101049.8,15.5,0.6,93727.6,290.07,1.12563
2026-04-25 06:55,KMHV,101016.0,15.4,0.1,93696.2,289.97,1.12565
2026-04-25 07:55,KMHV,100982.1,14.7,-0.3,93664.8,289.27,1.12799
2026-04-25 08:55,KMHV,100914.4,14.1,-0.1,93601.9,288.67,1.12958
2026-04-25 09:55,KMHV,100880.5,13.1,-1.4,93570.5,287.67,1.13312
2026-04-25 10:55,KMHV,100846.7,13.2,-2.0,93539.1,287.77,1.13235
2026-04-25 11:55,KMHV,100812.8,14.5,-0.1,93507.7,289.07,1.12688
2026-04-25 12:55,KMHV,100880.5,11.4,-1.1,93570.5,285.97,1.13986
2026-04-25 13:55,KMHV,100948.3,10.9,1.9,93633.4,285.47,1.14262
2026-04-25 14:55,KMHV,101016.0,13.7,-0.3,93696.2,288.27,1.13228
2026-04-25 15:55,KMHV,100982.1,14.5,0.1,93664.8,289.07,1.12877
2026-04-25 16:55,KMHV,101016.0,16.3,2.0,93696.2,290.87,1.12216
2026-04-25 17:55,KMHV,101049.8,17.7,2.9,93727.6,292.27,1.11716
2026-04-25 18:55,KMHV,100948.3,18.9,-0.4,93633.4,293.47,1.11147
2026-04-25 19:55,KMHV,100914.4,19.3,-1.2,93601.9,293.87,1.10959
2026-04-25 20:55,KMHV,100880.5,19.8,1.7,93570.5,294.37,1.10733
2026-04-25 21:55,KMHV,100880.5,17.7,1.4,93570.5,292.27,1.11529
2026-04-25 22:55,KMHV,100846.7,16.0,3.6,93539.1,290.57,1.12144
2026-04-25 23:55,KMHV,100914.4,11.4,8.2,93601.9,285.97,1.14024
2026-04-26 00:55,KMHV,100914.4,9.9,8.1,93601.9,284.47,1.14625
2026-04-26 01:55,KMHV,100914.4,9.4,7.3,93601.9,283.97,1.14827
2026-04-26 02:55,KMHV,100948.3,9.1,6.5,93633.4,283.67,1.14987
2026-04-26 03:55,KMHV,100948.3,9.2,6.2,93633.4,283.77,1.14947
2026-04-26 04:55,KMHV,100948.3,8.7,7.2,93633.4,283.27,1.15150
2026-04-26 05:55,KMHV,100948.3,8.9,6.7,93633.4,283.47,1.15068
2026-04-26 06:55,KMHV,100982.1,8.9,5.5,93664.8,283.47,1.15107
2026-04-26 07:55,KMHV,100948.3,8.2,5.5,93633.4,282.77,1.15353
2026-04-26 08:55,KMHV,100914.4,8.1,4.4,93601.9,282.67,1.15355
2026-04-26 09:55,KMHV,100914.4,8.2,3.3,93601.9,282.77,1.15315
2026-04-26 10:55,KMHV,100914.4,7.9,3.6,93601.9,282.47,1.15437
2026-04-26 11:55,KMHV,100948.3,7.3,3.4,93633.4,281.87,1.15722
2026-04-26 12:55,KMHV,100914.4,7.1,3.1,93601.9,281.67,1.15765
2026-04-26 13:55,KMHV,100982.1,7.7,3.5,93664.8,282.27,1.15596
2026-04-26 14:55,KMHV,101049.8,8.6,3.3,93727.6,283.17,1.15306
2026-04-26 15:55,KMHV,101049.8,9.8,3.5,93727.6,284.37,1.14820
2026-04-26 16:55,KMHV,101083.7,11.1,3.0,93759.0,285.67,1.14335
2026-04-26 17:55,KMHV,101151.4,11.9,2.6,93821.8,286.47,1.14093
2026-04-26 18:55,KMHV,101185.3,13.1,1.5,93853.2,287.67,1.13655
2026-04-26 19:55,KMHV,101151.4,13.6,1.6,93821.8,288.17,1.13419
2026-04-26 20:55,KMHV,101151.4,14.0,1.3,93821.8,288.57,1.13262
2026-04-26 21:55,KMHV,101151.4,14.6,1.8,93821.8,289.17,1.13027
2026-04-26 22:55,KMHV,101117.6,14.8,2.2,93790.4,289.37,1.12911
2026-04-26 23:55,KMHV,101083.7,14.2,1.2,93759.0,288.77,1.13108
2026-04-27 00:55,KMHV,101151.4,13.6,0.8,93821.8,288.17,1.13419
2026-04-27 01:55,KMHV,101185.3,12.3,1.1,93853.2,286.87,1.13972
2026-04-27 02:55,KMHV,101219.2,10.9,1.5,93884.6,285.47,1.14569
2026-04-27 03:55,KMHV,101253.0,10.4,1.9,93916.0,284.97,1.14808
2026-04-27 04:55,KMHV,101320.8,9.8,3.0,93978.9,284.37,1.15127
2026-04-27 05:55,KMHV,101286.9,9.5,3.5,93947.5,284.07,1.15211
2026-04-27 06:55,KMHV,101320.8,9.3,3.4,93978.9,283.87,1.15330
2026-04-27 07:55,KMHV,101320.8,9.5,3.3,93978.9,284.07,1.15249
2026-04-27 08:55,KMHV,101320.8,8.2,3.6,93978.9,282.77,1.15779
2026-04-27 09:55,KMHV,101320.8,8.7,2.9,93978.9,283.27,1.15575
2026-04-27 10:35,KMHV,101320.8,8.6,2.2,93978.9,283.17,1.15615
2026-04-27 11:55,KMHV,101253.0,8.7,2.9,93916.0,283.27,1.15497
2026-04-27 12:55,KMHV,101253.0,8.2,3.2,93916.0,282.77,1.15701
2026-04-27 13:55,KMHV,101354.6,8.4,3.2,94010.3,282.97,1.15736
2026-04-27 14:55,KMHV,101354.6,10.0,3.4,94010.3,284.57,1.15085
2026-04-27 15:55,KMHV,101354.6,11.2,3.0,94010.3,285.77,1.14602
2026-04-27 16:55,KMHV,101388.5,12.7,3.1,94041.7,287.27,1.14041
2026-04-27 17:55,KMHV,101422.4,14.3,3.1,94073.1,288.87,1.13448
2026-04-27 18:55,KMHV,101456.2,14.2,3.2,94104.5,288.77,1.13525
2026-04-27 19:55,KMHV,101456.2,14.8,3.2,94104.5,289.37,1.13289
2026-04-27 20:55,KMHV,101456.2,14.7,3.4,94104.5,289.27,1.13329
2026-04-27 21:55,KMHV,101422.4,15.5,2.1,94073.1,290.07,1.12978
2026-04-27 22:55,KMHV,101354.6,15.3,2.0,94010.3,289.87,1.12981
2026-04-27 23:55,KMHV,101388.5,15.1,0.3,94041.7,289.67,1.13097
2026-04-28 00:55,KMHV,101388.5,14.4,0.8,94041.7,288.97,1.13371
2026-04-28 01:55,KMHV,101388.5,12.9,1.5,94041.7,287.47,1.13962
2026-04-28 02:55,KMHV,101490.1,11.2,2.3,94135.9,285.77,1.14755
2026-04-28 03:55,KMHV,101523.9,10.8,2.6,94167.3,285.37,1.14954
2026-04-28 04:55,KMHV,101625.5,9.8,2.1,94261.6,284.37,1.15474
2026-04-28 05:55,KMHV,101659.4,10.3,2.8,94293.0,284.87,1.15310
2026-04-28 06:55,KMHV,101659.4,9.9,2.5,94293.0,284.47,1.15472
2026-04-28 07:55,KMHV,101693.3,9.5,2.6,94324.4,284.07,1.15673
2026-04-28 08:55,KMHV,101727.1,7.9,1.8,94355.8,282.47,1.16367
2026-04-28 09:55,KMHV,101693.3,5.8,1.5,94324.4,280.37,1.17199
2026-04-28 10:55,KMHV,101693.3,4.7,1.6,94324.4,279.27,1.17661
2026-04-28 11:55,KMHV,101659.4,5.2,2.0,94293.0,279.77,1.17411
2026-04-28 12:55,KMHV,101727.1,5.0,2.2,94355.8,279.57,1.17574
2026-04-28 13:55,KMHV,101794.9,5.6,2.5,94418.6,280.17,1.17400
2026-04-28 14:55,KMHV,101896.4,10.2,3.3,94512.8,284.77,1.15619
2026-04-28 15:55,KMHV,101930.3,12.3,2.8,94544.2,286.87,1.14811
2026-04-28 16:55,KMHV,101896.4,15.0,3.0,94512.8,289.57,1.13702
2026-04-28 17:55,KMHV,101930.3,16.7,1.3,94544.2,291.27,1.13076
2026-04-28 18:55,KMHV,101862.6,18.8,-0.9,94481.4,293.37,1.12192
2026-04-28 19:55,KMHV,101794.9,20.2,-0.5,94418.6,294.77,1.11585
2026-04-28 20:55,KMHV,101727.1,20.9,-2.4,94355.8,295.47,1.11247
2026-04-28 21:55,KMHV,101659.4,21.5,-3.6,94293.0,296.07,1.10948
2026-04-28 22:55,KMHV,101591.7,21.8,-4.3,94230.1,296.37,1.10761
2026-04-28 23:55,KMHV,101523.9,22.6,-5.1,94167.3,297.17,1.10390
2026-04-29 00:55,KMHV,101557.8,21.3,4.0,94198.7,295.87,1.10912
2026-04-29 01:55,KMHV,101557.8,18.4,5.6,94198.7,292.97,1.12009
2026-04-29 02:55,KMHV,101625.5,16.0,5.2,94261.6,290.57,1.13010
2026-04-29 03:55,KMHV,101659.4,15.5,4.9,94293.0,290.07,1.13242
2026-04-29 04:55,KMHV,101727.1,14.7,5.2,94355.8,289.27,1.13631
2026-04-29 05:55,KMHV,101727.1,14.9,3.5,94355.8,289.47,1.13553
2026-04-29 06:55,KMHV,101761.0,14.2,3.9,94387.2,288.77,1.13866
2026-04-29 07:55,KMHV,101794.9,13.1,4.3,94418.6,287.67,1.14339
2026-04-29 08:55,KMHV,101794.9,11.5,4.1,94418.6,286.07,1.14979
2026-04-29 09:55,KMHV,101727.1,12.2,3.6,94355.8,286.77,1.14622
2026-04-29 10:55,KMHV,101761.0,11.3,3.6,94387.2,285.87,1.15021
2026-04-29 11:55,KMHV,101761.0,10.9,4.2,94387.2,285.47,1.15182
2026-04-29 12:55,KMHV,101761.0,9.9,4.2,94387.2,284.47,1.15587
2026-04-29 13:55,KMHV,101828.7,10.9,3.7,94450.0,285.47,1.15259
2026-04-29 14:55,KMHV,101862.6,14.5,4.7,94481.4,289.07,1.13861
2026-04-29 15:55,KMHV,101828.7,16.7,3.4,94450.0,291.27,1.12964
2026-04-29 16:55,KMHV,101862.6,18.3,2.8,94481.4,292.87,1.12384
2026-04-29 17:55,KMHV,101828.7,20.2,1.2,94450.0,294.77,1.11622
2026-04-29 18:55,KMHV,101794.9,21.6,1.1,94418.6,296.17,1.11058
2026-04-29 19:55,KMHV,101693.3,22.4,-2.4,94324.4,296.97,1.10648
2026-04-29 20:55,KMHV,101625.5,22.8,-2.3,94261.6,297.37,1.10426
2026-04-29 21:55,KMHV,101557.8,24.0,-6.1,94198.7,298.57,1.09909
2026-04-29 22:55,KMHV,101490.1,24.8,-6.1,94135.9,299.37,1.09542
2026-04-29 23:55,KMHV,101388.5,25.1,-6.1,94041.7,299.67,1.09323
2026-04-30 00:55,KMHV,101354.6,23.7,4.8,94010.3,298.27,1.09799
2026-04-30 01:55,KMHV,101354.6,21.5,5.7,94010.3,296.07,1.10615
2026-04-30 02:55,KMHV,101388.5,19.0,5.6,94041.7,293.57,1.11594
2026-04-30 03:55,KMHV,101456.2,17.9,5.7,94104.5,292.47,1.12089
2026-04-30 04:55,KMHV,101490.1,17.2,5.5,94135.9,291.77,1.12395
2026-04-30 05:55,KMHV,101490.1,16.5,4.8,94135.9,291.07,1.12665
2026-04-30 06:55,KMHV,101490.1,16.4,4.6,94135.9,290.97,1.12704
2026-04-30 07:55,KMHV,101490.1,16.4,4.5,94135.9,290.97,1.12704
2026-04-30 08:55,KMHV,101422.4,16.1,3.2,94073.1,290.67,1.12745
2026-04-30 09:55,KMHV,101388.5,15.6,3.1,94041.7,290.17,1.12902
2026-04-30 10:55,KMHV,101388.5,15.5,2.9,94041.7,290.07,1.12941
2026-04-30 11:55,KMHV,101354.6,15.1,2.6,94010.3,289.67,1.13059
2026-04-30 12:55,KMHV,101354.6,13.7,2.3,94010.3,288.27,1.13608
2026-04-30 13:55,KMHV,101388.5,13.1,3.9,94041.7,287.67,1.13883
2026-04-30 14:55,KMHV,101422.4,15.7,3.9,94073.1,290.27,1.12901
2026-04-30 15:55,KMHV,101422.4,18.8,3.4,94073.1,293.37,1.11708
2026-04-30 16:55,KMHV,101456.2,21.4,3.2,94104.5,295.97,1.10763
2026-04-30 17:55,KMHV,101422.4,24.5,-0.6,94073.1,299.07,1.09579
2026-04-30 18:55,KMHV,101354.6,25.6,-2.4,94010.3,300.17,1.09104
2026-04-30 19:55,KMHV,101286.9,26.3,-3.9,93947.5,300.87,1.08777
2026-04-30 20:55,KMHV,101219.2,27.4,-4.8,93884.6,301.97,1.08309
2026-04-30 21:55,KMHV,101185.3,26.9,-5.6,93853.2,301.47,1.08452
2026-04-30 22:55,KMHV,101117.6,27.1,3.4,93790.4,301.67,1.08308
2026-04-30 23:55,KMHV,101083.7,25.9,5.5,93759.0,300.47,1.08704
2026-05-01 00:55,KMHV,101083.7,25.0,4.2,93759.0,299.57,1.09030
2026-05-01 01:55,KMHV,101083.7,23.0,5.0,93759.0,297.57,1.09763
2026-05-01 02:55,KMHV,101151.4,21.2,4.3,93821.8,295.77,1.10505
2026-05-01 03:55,KMHV,101185.3,20.4,3.8,93853.2,294.97,1.10842
2026-05-01 04:55,KMHV,101219.2,20.0,3.9,93884.6,294.57,1.11030
2026-05-01 05:55,KMHV,101253.0,19.6,3.4,93916.0,294.17,1.11218
2026-05-01 06:55,KMHV,101286.9,19.5,3.2,93947.5,294.07,1.11293
2026-05-01 07:55,KMHV,101320.8,19.2,5.3,93978.9,293.77,1.11444
2026-05-01 08:55,KMHV,101286.9,19.0,6.8,93947.5,293.57,1.11482
2026-05-01 09:55,KMHV,101286.9,18.5,6.3,93947.5,293.07,1.11673
2026-05-01 10:55,KMHV,101320.8,18.3,6.1,93978.9,292.87,1.11786
2026-05-01 11:55,KMHV,101354.6,18.0,6.2,94010.3,292.57,1.11938
2026-05-01 12:55,KMHV,101388.5,17.3,6.0,94041.7,291.87,1.12244
2026-05-01 13:55,KMHV,101490.1,16.4,4.7,94135.9,290.97,1.12704
2026-05-01 14:55,KMHV,101490.1,19.8,6.9,94135.9,294.37,1.11402
2026-05-01 15:55,KMHV,101557.8,23.1,4.5,94198.7,297.67,1.10241
2026-05-01 16:55,KMHV,101591.7,24.8,1.4,94230.1,299.37,1.09651
2026-05-01 17:55,KMHV,101591.7,26.4,-1.4,94230.1,300.97,1.09069
2026-05-01 18:55,KMHV,101557.8,27.2,-2.4,94198.7,301.77,1.08743
2026-05-01 19:55,KMHV,101456.2,27.5,-2.8,94104.5,302.07,1.08526
2026-05-01 20:55,KMHV,101422.4,28.4,-2.1,94073.1,302.97,1.08168
2026-05-01 21:55,KMHV,101354.6,28.9,-1.9,94010.3,303.47,1.07918
2026-05-01 22:55,KMHV,101253.0,28.7,-2.5,93916.0,303.27,1.07881
2026-05-01 23:55,KMHV,101219.2,28.2,-2.4,93884.6,302.77,1.08023
2026-05-02 00:55,KMHV,101219.2,27.9,-3.1,93884.6,302.47,1.08130
2026-05-02 01:55,KMHV,101219.2,26.4,6.5,93884.6,300.97,1.08669
2026-05-02 02:55,KMHV,101286.9,23.9,7.1,93947.5,298.47,1.09652
2026-05-02 03:55,KMHV,101354.6,22.7,6.1,94010.3,297.27,1.10168
2026-05-02 04:55,KMHV,101422.4,21.0,5.9,94073.1,295.57,1.10876
2026-05-02 05:55,KMHV,101422.4,19.6,6.2,94073.1,294.17,1.11404
2026-05-02 06:55,KMHV,101456.2,17.5,6.0,94104.5,292.07,1.12242
2026-05-02 07:55,KMHV,101456.2,16.4,4.6,94104.5,290.97,1.12667
2026-05-02 08:55,KMHV,101422.4,16.8,4.6,94073.1,291.37,1.12474
2026-05-02 09:55,KMHV,101422.4,15.1,4.8,94073.1,289.67,1.13134
2026-05-02 10:55,KMHV,101422.4,14.0,4.2,94073.1,288.57,1.13566
2026-05-02 11:55,KMHV,101456.2,14.3,4.1,94104.5,288.87,1.13486
2026-05-02 12:55,KMHV,101523.9,13.1,4.0,94167.3,287.67,1.14035
2026-05-02 13:55,KMHV,101557.8,14.4,4.3,94198.7,288.97,1.13560
2026-05-02 14:55,KMHV,101591.7,18.8,1.5,94230.1,293.37,1.11894
2026-05-02 15:55,KMHV,101591.7,21.3,1.0,94230.1,295.87,1.10949
2026-05-02 16:55,KMHV,101591.7,24.1,1.5,94230.1,298.67,1.09908
2026-05-02 17:55,KMHV,101591.7,25.5,-1.5,94230.1,300.07,1.09396
2026-05-02 18:55,KMHV,101557.8,27.0,-1.8,94198.7,301.57,1.08815
2026-05-02 19:55,KMHV,101456.2,28.0,-3.0,94104.5,302.57,1.08347
2026-05-02 20:55,KMHV,101354.6,29.1,-3.0,94010.3,303.67,1.07847
2026-05-02 21:55,KMHV,101286.9,30.0,-2.0,93947.5,304.57,1.07456
2026-05-02 22:55,KMHV,101151.4,28.8,-1.2,93821.8,303.37,1.07737
2026-05-02 23:55,KMHV,101117.6,28.7,0.6,93790.4,303.27,1.07736
2026-05-03 00:55,KMHV,101151.4,27.8,0.2,93821.8,302.37,1.08093
2026-05-03 01:55,KMHV,101117.6,25.9,-0.3,93790.4,300.47,1.08740
2026-05-03 02:55,KMHV,101117.6,23.3,-3.0,93790.4,297.87,1.09689
2026-05-03 03:55,KMHV,101185.3,20.5,-3.2,93853.2,295.07,1.10804
2026-05-03 04:55,KMHV,101253.0,20.0,-3.5,93916.0,294.57,1.11067
2026-05-03 05:55,KMHV,101253.0,18.8,-3.4,93916.0,293.37,1.11521
2026-05-03 06:55,KMHV,101253.0,16.7,-3.0,93916.0,291.27,1.12325
2026-05-03 07:55,KMHV,101253.0,15.6,-2.8,93916.0,290.17,1.12751
2026-05-03 08:55,KMHV,101219.2,17.3,-3.4,93884.6,291.87,1.12057
2026-05-03 09:55,KMHV,101185.3,14.0,-2.5,93853.2,288.57,1.13300
2026-05-03 10:55,KMHV,101185.3,13.1,-2.4,93853.2,287.67,1.13655
2026-05-03 11:55,KMHV,101185.3,10.3,-2.7,93853.2,284.87,1.14772
2026-05-03 12:55,KMHV,101151.4,9.1,-2.4,93821.8,283.67,1.15219
2026-05-03 13:55,KMHV,101151.4,12.9,-1.6,93821.8,287.47,1.13696
2026-05-03 14:55,KMHV,101185.3,18.8,-0.7,93853.2,293.37,1.11446
2026-05-03 15:55,KMHV,101219.2,20.2,-1.2,93884.6,294.77,1.10954
2026-05-03 16:55,KMHV,101219.2,21.2,0.4,93884.6,295.77,1.10579
2026-05-03 17:55,KMHV,101253.0,22.1,0.2,93916.0,296.67,1.10281
2026-05-03 18:55,KMHV,101219.2,22.5,3.9,93884.6,297.07,1.10095
2026-05-03 19:55,KMHV,101151.4,23.5,2.9,93821.8,298.07,1.09652
2026-05-03 20:55,KMHV,101117.6,24.0,1.1,93790.4,298.57,1.09432
2026-05-03 21:55,KMHV,101049.8,23.3,1.3,93727.6,297.87,1.09616
2026-05-03 22:55,KMHV,100982.1,22.6,4.0,93664.8,297.17,1.09800
2026-05-03 23:55,KMHV,100948.3,20.6,5.3,93633.4,295.17,1.10507
2026-05-04 00:55,KMHV,100948.3,19.4,4.7,93633.4,293.97,1.10958
2026-05-04 01:55,KMHV,100948.3,16.5,5.5,93633.4,291.07,1.12064
2026-05-04 02:55,KMHV,101016.0,14.0,5.3,93696.2,288.57,1.13111
2026-05-04 03:55,KMHV,101083.7,13.4,5.8,93759.0,287.97,1.13422
2026-05-04 04:55,KMHV,101117.6,13.3,5.7,93790.4,287.87,1.13500
2026-05-04 05:55,KMHV,101219.2,13.1,4.5,93884.6,287.67,1.13693
2026-05-04 06:55,KMHV,101185.3,12.5,4.5,93853.2,287.07,1.13892
2026-05-04 07:55,KMHV,101219.2,12.2,2.9,93884.6,286.77,1.14050
2026-05-04 08:55,KMHV,101219.2,11.6,3.6,93884.6,286.17,1.14289
2026-05-04 09:55,KMHV,101185.3,11.2,3.7,93853.2,285.77,1.14410
2026-05-04 10:55,KMHV,101151.4,10.8,3.5,93821.8,285.37,1.14532
2026-05-04 11:55,KMHV,101151.4,10.4,3.2,93821.8,284.97,1.14693
2026-05-04 12:55,KMHV,101185.3,9.9,3.6,93853.2,284.47,1.14933
2026-05-04 13:55,KMHV,101219.2,9.8,3.2,93884.6,284.37,1.15012
2026-05-04 14:55,KMHV,101253.0,10.9,3.3,93916.0,285.47,1.14607
2026-05-04 15:55,KMHV,101253.0,12.1,3.3,93916.0,286.67,1.14127
2026-05-04 16:55,KMHV,101253.0,14.3,3.3,93916.0,288.87,1.13258
2026-05-04 17:55,KMHV,101320.8,14.5,3.7,93978.9,289.07,1.13256
2026-05-04 18:55,KMHV,101320.8,15.5,3.6,93978.9,290.07,1.12865
2026-05-04 19:55,KMHV,101286.9,16.0,3.7,93947.5,290.57,1.12633
2026-05-04 20:55,KMHV,101286.9,17.0,2.7,93947.5,291.57,1.12247
2026-05-04 21:55,KMHV,101253.0,17.0,3.0,93916.0,291.57,1.12210
2026-05-04 22:55,KMHV,101219.2,16.5,1.8,93884.6,291.07,1.12365
2026-05-04 23:55,KMHV,101185.3,17.0,2.2,93853.2,291.57,1.12134
2026-05-05 00:55,KMHV,101185.3,16.1,2.5,93853.2,290.67,1.12482
2026-05-05 01:55,KMHV,101185.3,15.2,2.7,93853.2,289.77,1.12831
2026-05-05 02:55,KMHV,101185.3,13.2,3.6,93853.2,287.77,1.13615
2026-05-05 03:55,KMHV,101286.9,12.5,3.7,93947.5,287.07,1.14007
2026-05-05 04:55,KMHV,101320.8,10.9,5.4,93978.9,285.47,1.14684
2026-05-05 05:55,KMHV,101286.9,10.3,5.6,93947.5,284.87,1.14887
2026-05-05 06:55,KMHV,101253.0,9.8,5.9,93916.0,284.37,1.15051
2026-05-05 07:55,KMHV,101253.0,11.2,4.0,93916.0,285.77,1.14487
2026-05-05 08:55,KMHV,101219.2,11.1,4.1,93884.6,285.67,1.14489
2026-05-05 09:55,KMHV,101151.4,10.3,4.2,93821.8,284.87,1.14733
2026-05-05 10:55,KMHV,101117.6,10.0,4.0,93790.4,284.57,1.14816
2026-05-05 11:55,KMHV,101117.6,9.7,4.5,93790.4,284.27,1.14937
2026-05-05 12:55,KMHV,101117.6,9.3,4.6,93790.4,283.87,1.15099
2026-05-05 13:55,KMHV,101151.4,10.7,4.2,93821.8,285.27,1.14572
2026-05-05 14:55,KMHV,101151.4,12.5,3.5,93821.8,287.07,1.13854
2026-05-05 15:55,KMHV,101185.3,13.4,4.6,93853.2,287.97,1.13536
2026-05-05 16:55,KMHV,101253.0,14.3,4.8,93916.0,288.87,1.13258
2026-05-05 17:55,KMHV,101253.0,15.8,4.8,93916.0,290.37,1.12673
2026-05-05 18:55,KMHV,101320.8,15.6,5.3,93978.9,290.17,1.12826
2026-05-05 19:55,KMHV,101320.8,16.5,5.0,93978.9,291.07,1.12477
2026-05-05 20:55,KMHV,101286.9,17.0,4.7,93947.5,291.57,1.12247
2026-05-05 21:55,KMHV,101253.0,16.1,5.3,93916.0,290.67,1.12557
2026-05-05 22:55,KMHV,101219.2,16.0,5.4,93884.6,290.57,1.12558
2026-05-05 23:55,KMHV,101219.2,15.3,5.6,93884.6,289.87,1.12830
2026-05-06 00:55,KMHV,101253.0,14.6,5.3,93916.0,289.17,1.13141
2026-05-06 01:55,KMHV,101253.0,13.6,5.1,93916.0,288.17,1.13533
2026-05-06 02:55,KMHV,101320.8,12.5,4.4,93978.9,287.07,1.14045
2026-05-06 03:55,KMHV,101388.5,12.2,4.5,94041.7,286.77,1.14240
2026-05-06 04:55,KMHV,101490.1,12.1,4.4,94135.9,286.67,1.14395
2026-05-06 05:55,KMHV,101523.9,11.9,4.6,94167.3,286.47,1.14513
2026-05-06 06:55,KMHV,101557.8,11.9,4.4,94198.7,286.47,1.14551
2026-05-06 07:55,KMHV,101625.5,12.0,4.5,94261.6,286.57,1.14587
2026-05-06 08:55,KMHV,101591.7,11.7,4.4,94230.1,286.27,1.14669
2026-05-06 09:55,KMHV,101591.7,12.0,4.5,94230.1,286.57,1.14549
2026-05-06 10:55,KMHV,101625.5,12.0,4.5,94261.6,286.57,1.14587
2026-05-06 11:55,KMHV,101659.4,11.0,3.9,94293.0,285.57,1.15027
2026-05-06 12:55,KMHV,101659.4,11.4,4.6,94293.0,285.97,1.14866
2026-05-06 13:55,KMHV,101727.1,12.5,4.0,94355.8,287.07,1.14502
2026-05-06 14:55,KMHV,101794.9,14.1,4.8,94418.6,288.67,1.13943
2026-05-06 15:55,KMHV,101828.7,15.8,4.4,94450.0,290.37,1.13314
2026-05-06 16:55,KMHV,101828.7,18.3,4.1,94450.0,292.87,1.12347
2026-05-06 17:55,KMHV,101828.7,21.0,4.1,94450.0,295.57,1.11320
2026-05-06 18:55,KMHV,101794.9,23.0,3.0,94418.6,297.57,1.10535
2026-05-06 19:55,KMHV,101761.0,24.9,2.8,94387.2,299.47,1.09798
2026-05-06 20:55,KMHV,101693.3,26.9,2.6,94324.4,301.47,1.08997
2026-05-06 21:55,KMHV,101659.4,27.4,1.6,94293.0,301.97,1.08780
2026-05-06 22:55,KMHV,101591.7,28.3,0.9,94230.1,302.87,1.08384
2026-05-06 23:55,KMHV,101591.7,26.9,7.6,94230.1,301.47,1.08888
2026-05-07 00:55,KMHV,101591.7,25.1,7.8,94230.1,299.67,1.09542
2026-05-07 01:55,KMHV,101591.7,22.9,7.6,94230.1,297.47,1.10352
2026-05-07 02:55,KMHV,101625.5,20.9,6.4,94261.6,295.47,1.11136
2026-05-07 03:55,KMHV,101659.4,20.2,5.4,94293.0,294.77,1.11437
2026-05-07 04:55,KMHV,101693.3,19.5,5.6,94324.4,294.07,1.11739
2026-05-07 05:55,KMHV,101693.3,19.8,4.7,94324.4,294.37,1.11625
2026-05-07 06:55,KMHV,101727.1,19.7,4.6,94355.8,294.27,1.11701
2026-05-07 07:55,KMHV,101693.3,19.3,4.6,94324.4,293.87,1.11815
2026-05-07 08:55,KMHV,101727.1,18.7,4.4,94355.8,293.27,1.12081
2026-05-07 09:55,KMHV,101727.1,18.1,3.7,94355.8,292.67,1.12311
2026-05-07 10:55,KMHV,101761.0,14.8,3.9,94387.2,289.37,1.13630
2026-05-07 11:55,KMHV,101727.1,13.6,3.9,94355.8,288.17,1.14065
2026-05-07 12:55,KMHV,101727.1,13.2,4.1,94355.8,287.77,1.14224
2026-05-07 13:55,KMHV,101794.9,15.6,4.6,94418.6,290.17,1.13354
2026-05-07 14:55,KMHV,101828.7,19.5,5.0,94450.0,294.07,1.11888
2026-05-07 15:55,KMHV,101828.7,21.8,4.5,94450.0,296.37,1.11020
2026-05-07 16:55,KMHV,101828.7,24.1,4.5,94450.0,298.67,1.10165
2026-05-07 17:55,KMHV,101794.9,27.1,4.3,94418.6,301.67,1.09033
2026-05-07 18:55,KMHV,101727.1,29.1,1.9,94355.8,303.67,1.08243
2026-05-07 19:55,KMHV,101625.5,30.6,2.1,94261.6,305.17,1.07603
2026-05-07 20:15,KMHV,101591.7,31.3,1.0,94230.1,305.87,1.07321
2026-05-07 21:55,KMHV,101523.9,31.4,5.4,94167.3,305.97,1.07215
2026-05-07 22:55,KMHV,101456.2,30.7,5.4,94104.5,305.27,1.07389
2026-05-07 23:55,KMHV,101422.4,29.6,6.0,94073.1,304.17,1.07741
2026-05-08 00:55,KMHV,101422.4,27.5,7.4,94073.1,302.07,1.08490
2026-05-08 01:55,KMHV,101388.5,25.4,8.6,94041.7,299.97,1.09213
2026-05-08 02:55,KMHV,101456.2,23.0,9.3,94104.5,297.57,1.10168
2026-05-08 03:55,KMHV,101456.2,22.4,8.3,94104.5,296.97,1.10390
2026-05-08 04:55,KMHV,101523.9,22.4,7.2,94167.3,296.97,1.10464
2026-05-08 05:55,KMHV,101523.9,22.0,7.9,94167.3,296.57,1.10613
2026-05-08 06:55,KMHV,101523.9,22.1,7.2,94167.3,296.67,1.10576
2026-05-08 07:55,KMHV,101523.9,21.6,8.0,94167.3,296.17,1.10762
2026-05-08 08:55,KMHV,101490.1,21.0,9.0,94135.9,295.57,1.10950
2026-05-08 09:55,KMHV,101456.2,21.0,9.0,94104.5,295.57,1.10913
2026-05-08 10:55,KMHV,101456.2,20.4,10.0,94104.5,294.97,1.11139
2026-05-08 11:55,KMHV,101456.2,19.9,10.3,94104.5,294.47,1.11327
2026-05-08 12:55,KMHV,101490.1,19.6,10.4,94135.9,294.17,1.11478
2026-05-08 14:55,KMHV,101625.5,22.3,10.6,94261.6,296.87,1.10612
2026-05-08 15:55,KMHV,101625.5,24.3,9.8,94261.6,298.87,1.09872
2026-05-08 16:55,KMHV,101659.4,26.3,8.9,94293.0,300.87,1.09178
2026-05-08 17:55,KMHV,101625.5,28.1,8.2,94261.6,302.67,1.08492
2026-05-08 18:55,KMHV,101591.7,29.8,7.2,94230.1,304.37,1.07850
2026-05-08 19:55,KMHV,101523.9,30.3,7.3,94167.3,304.87,1.07602
2026-05-08 20:55,KMHV,101490.1,30.7,8.5,94135.9,305.27,1.07425
2026-05-08 21:55,KMHV,101422.4,30.5,9.4,94073.1,305.07,1.07423
2026-05-08 22:55,KMHV,101354.6,30.1,8.6,94010.3,304.67,1.07493
2026-05-08 23:55,KMHV,101320.8,29.2,7.2,93978.9,303.77,1.07775
2026-05-09 00:55,KMHV,101286.9,27.9,6.5,93947.5,302.47,1.08202
2026-05-09 01:55,KMHV,101253.0,25.8,7.4,93916.0,300.37,1.08922
2026-05-09 02:55,KMHV,101320.8,24.0,6.7,93978.9,298.57,1.09652
2026-05-09 03:55,KMHV,101354.6,23.1,5.9,94010.3,297.67,1.10020
2026-05-09 04:55,KMHV,101422.4,22.7,5.1,94073.1,297.27,1.10242
2026-05-09 05:55,KMHV,101422.4,22.3,4.1,94073.1,296.87,1.10391
2026-05-09 06:55,KMHV,101456.2,22.1,3.7,94104.5,296.67,1.10502
2026-05-09 07:55,KMHV,101422.4,21.8,7.0,94073.1,296.37,1.10577
2026-05-09 08:55,KMHV,101388.5,21.0,5.4,94041.7,295.57,1.10839
2026-05-09 09:55,KMHV,101354.6,20.8,4.0,94010.3,295.37,1.10877
2026-05-09 10:55,KMHV,101388.5,20.0,4.3,94041.7,294.57,1.11215
2026-05-09 11:55,KMHV,101388.5,19.1,4.9,94041.7,293.67,1.11556
2026-05-09 12:55,KMHV,101422.4,18.9,5.9,94073.1,293.47,1.11669
2026-05-09 13:55,KMHV,101422.4,21.0,5.3,94073.1,295.57,1.10876
2026-05-09 14:55,KMHV,101490.1,23.4,5.6,94135.9,297.97,1.10056
2026-05-09 15:55,KMHV,101490.1,25.2,3.9,94135.9,299.77,1.09396
2026-05-09 16:55,KMHV,101490.1,26.6,4.5,94135.9,301.17,1.08887
2026-05-09 17:55,KMHV,101490.1,28.6,2.7,94135.9,303.17,1.08169
2026-05-09 18:55,KMHV,101456.2,31.5,-0.1,94104.5,306.07,1.07108
2026-05-09 19:55,KMHV,101388.5,32.6,-0.8,94041.7,307.17,1.06653
2026-05-09 20:55,KMHV,101320.8,32.1,-1.3,93978.9,306.67,1.06756
2026-05-09 21:55,KMHV,101253.0,34.1,-3.0,93916.0,308.67,1.05993
2026-05-09 22:55,KMHV,101185.3,33.5,-3.1,93853.2,308.07,1.06129
2026-05-09 23:55,KMHV,101151.4,32.7,5.4,93821.8,307.27,1.06369
2026-05-10 00:55,KMHV,101151.4,30.4,6.5,93821.8,304.97,1.07172
2026-05-10 01:55,KMHV,101151.4,27.7,7.2,93821.8,302.27,1.08129
2026-05-10 02:55,KMHV,101185.3,25.1,7.7,93853.2,299.67,1.09104
2026-05-10 03:55,KMHV,101253.0,24.1,7.2,93916.0,298.67,1.09542
2026-05-10 04:55,KMHV,101286.9,23.7,6.5,93947.5,298.27,1.09726
2026-05-10 05:55,KMHV,101320.8,23.3,5.8,93978.9,297.87,1.09910
2026-05-10 06:55,KMHV,101354.6,22.5,5.0,94010.3,297.07,1.10243
2026-05-10 07:55,KMHV,101354.6,22.1,4.7,94010.3,296.67,1.10391
2026-05-10 08:55,KMHV,101320.8,22.2,4.7,93978.9,296.77,1.10317
2026-05-10 09:55,KMHV,101320.8,20.4,4.9,93978.9,294.97,1.10990
2026-05-10 10:55,KMHV,101354.6,18.1,4.6,94010.3,292.67,1.11900
2026-05-10 11:55,KMHV,101388.5,15.9,4.6,94041.7,290.47,1.12785
2026-05-10 12:55,KMHV,101422.4,16.6,4.4,94073.1,291.17,1.12552
2026-05-10 13:55,KMHV,101456.2,18.1,5.7,94104.5,292.67,1.12012
2026-05-10 14:55,KMHV,101523.9,22.0,5.9,94167.3,296.57,1.10613
2026-05-10 15:55,KMHV,101557.8,24.7,5.7,94198.7,299.27,1.09652
2026-05-10 16:55,KMHV,101591.7,27.6,5.6,94230.1,302.17,1.08635
2026-05-10 17:55,KMHV,101591.7,30.5,2.7,94230.1,305.07,1.07603
2026-05-10 18:55,KMHV,101591.7,32.5,1.0,94230.1,307.07,1.06902
2026-05-10 19:55,KMHV,101557.8,33.7,0.1,94198.7,308.27,1.06450
2026-05-10 20:55,KMHV,101490.1,34.7,-0.8,94135.9,309.27,1.06035
2026-05-10 21:55,KMHV,101422.4,35.9,-1.9,94073.1,310.47,1.05555
2026-05-10 22:55,KMHV,101354.6,36.5,-2.1,94010.3,311.07,1.05281
2026-05-10 23:55,KMHV,101320.8,35.9,-2.3,93978.9,310.47,1.05449
2026-05-11 00:55,KMHV,101286.9,35.9,-1.3,93947.5,310.47,1.05414
2026-05-11 01:55,KMHV,101320.8,31.4,8.9,93978.9,305.97,1.07000
2026-05-11 02:55,KMHV,101388.5,28.0,10.0,94041.7,302.57,1.08275
2026-05-11 03:55,KMHV,101422.4,26.2,10.4,94073.1,300.77,1.08959
2026-05-11 04:55,KMHV,101490.1,25.0,10.3,94135.9,299.57,1.09469
2026-05-11 05:55,KMHV,101523.9,24.6,8.3,94167.3,299.17,1.09652
2026-05-11 06:55,KMHV,101591.7,24.2,9.1,94230.1,298.77,1.09872
2026-05-11 07:55,KMHV,101591.7,20.7,9.5,94230.1,295.27,1.11174
2026-05-11 08:55,KMHV,101523.9,19.4,8.9,94167.3,293.97,1.11591
2026-05-11 09:55,KMHV,101557.8,19.7,8.2,94198.7,294.27,1.11515
2026-05-11 10:55,KMHV,101523.9,18.5,8.3,94167.3,293.07,1.11934
2026-05-11 11:55,KMHV,101523.9,18.4,7.7,94167.3,292.97,1.11972
2026-05-11 12:55,KMHV,101591.7,16.5,6.5,94230.1,291.07,1.12778
2026-05-11 13:55,KMHV,101625.5,20.1,7.3,94261.6,294.67,1.11438
2026-05-11 14:55,KMHV,101693.3,23.8,6.9,94324.4,298.37,1.10129
2026-05-11 15:55,KMHV,101727.1,27.0,7.0,94355.8,301.57,1.08997
2026-05-11 16:55,KMHV,101761.0,29.1,5.8,94387.2,303.67,1.08279
2026-05-11 17:55,KMHV,101727.1,30.8,4.0,94355.8,305.37,1.07640
2026-05-11 18:55,KMHV,101727.1,33.3,-1.9,94355.8,307.87,1.06766
2026-05-11 19:55,KMHV,101693.3,35.4,-7.3,94324.4,309.97,1.06008
2026-05-11 20:55,KMHV,101625.5,34.9,-4.9,94261.6,309.47,1.06108
2026-05-11 21:55,KMHV,101591.7,35.7,-5.4,94230.1,310.27,1.05799
2026-05-11 22:55,KMHV,101591.7,34.6,-5.2,94230.1,309.17,1.06176
2026-05-11 23:55,KMHV,101625.5,33.4,-9.1,94261.6,307.97,1.06625
2026-05-12 00:55,KMHV,101591.7,32.3,-9.5,94230.1,306.87,1.06972
2026-05-12 01:55,KMHV,101591.7,30.5,-7.5,94230.1,305.07,1.07603
2026-05-12 02:55,KMHV,101625.5,27.5,-3.4,94261.6,302.07,1.08708
2026-05-12 03:55,KMHV,101625.5,22.4,-2.5,94261.6,296.97,1.10574
2026-05-12 04:55,KMHV,101659.4,21.5,-4.6,94293.0,296.07,1.10948
2026-05-12 05:55,KMHV,101659.4,20.4,-3.7,94293.0,294.97,1.11361
2026-05-12 06:55,KMHV,101625.5,19.0,-3.5,94261.6,293.57,1.11855
2026-05-12 07:55,KMHV,101625.5,21.7,-3.5,94261.6,296.27,1.10836
2026-05-12 08:55,KMHV,101591.7,22.0,-1.8,94230.1,296.57,1.10687
2026-05-12 09:55,KMHV,101557.8,18.6,0.2,94198.7,293.17,1.11933
2026-05-12 10:55,KMHV,101523.9,15.7,1.1,94167.3,290.27,1.13014
2026-05-12 11:55,KMHV,101523.9,19.8,2.2,94167.3,294.37,1.11440
2026-05-12 12:55,KMHV,101557.8,16.1,3.1,94198.7,290.67,1.12896
2026-05-12 13:15,KMHV,101557.8,16.3,2.6,94198.7,290.87,1.12818
2026-05-12 14:55,KMHV,101659.4,23.3,-1.8,94293.0,297.87,1.10277
2026-05-12 15:55,KMHV,101659.4,25.9,-1.8,94293.0,300.47,1.09323
2026-05-12 16:55,KMHV,101591.7,29.2,-0.7,94230.1,303.77,1.08063
2026-05-12 17:55,KMHV,101625.5,31.6,-0.4,94261.6,306.17,1.07252
2026-05-12 18:55,KMHV,101557.8,33.2,-1.2,94198.7,307.77,1.06623
2026-05-12 19:55,KMHV,101490.1,34.9,-1.8,94135.9,309.47,1.05967
2026-05-12 20:55,KMHV,101388.5,35.6,-1.6,94041.7,310.17,1.05622
2026-05-12 21:55,KMHV,101286.9,37.3,-2.5,93947.5,311.87,1.04941
2026-05-12 22:55,KMHV,101185.3,36.5,4.7,93853.2,311.07,1.05105
2026-05-12 23:55,KMHV,101185.3,31.7,2.1,93853.2,306.27,1.06752
2026-05-13 00:55,KMHV,101219.2,30.8,5.1,93884.6,305.37,1.07103
2026-05-13 01:55,KMHV,101219.2,29.8,5.8,93884.6,304.37,1.07455
2026-05-13 02:55,KMHV,101286.9,25.3,10.0,93947.5,299.87,1.09140
2026-05-13 03:55,KMHV,101388.5,22.7,8.8,94041.7,297.27,1.10205
2026-05-13 04:55,KMHV,101422.4,25.8,-1.9,94073.1,300.37,1.09104
2026-05-13 05:55,KMHV,101456.2,25.5,-4.9,94104.5,300.07,1.09250
2026-05-13 06:55,KMHV,101456.2,24.3,-5.9,94104.5,298.87,1.09688
2026-05-13 07:55,KMHV,101422.4,23.0,1.6,94073.1,297.57,1.10131
2026-05-13 08:55,KMHV,101456.2,22.1,2.7,94104.5,296.67,1.10502
2026-05-13 09:55,KMHV,101422.4,20.9,4.4,94073.1,295.47,1.10914
2026-05-13 10:55,KMHV,101456.2,20.4,4.8,94104.5,294.97,1.11139
2026-05-13 11:55,KMHV,101456.2,20.1,5.4,94104.5,294.67,1.11252
2026-05-13 12:55,KMHV,101456.2,19.0,5.4,94104.5,293.57,1.11669
2026-05-13 13:55,KMHV,101490.1,19.3,5.7,94135.9,293.87,1.11592
2026-05-13 14:55,KMHV,101557.8,20.0,5.4,94198.7,294.57,1.11401
2026-05-13 15:55,KMHV,101557.8,22.3,2.6,94198.7,296.87,1.10538
2026-05-13 16:55,KMHV,101557.8,24.3,-1.7,94198.7,298.87,1.09798
2026-05-13 17:55,KMHV,101625.5,25.7,-0.9,94261.6,300.27,1.09359
2026-05-13 18:55,KMHV,101625.5,26.2,0.7,94261.6,300.77,1.09177
2026-05-13 19:55,KMHV,101591.7,26.5,0.6,94230.1,301.07,1.09032
2026-05-13 20:55,KMHV,101456.2,27.7,0.4,94104.5,302.27,1.08455
2026-05-13 21:55,KMHV,101422.4,27.3,-0.4,94073.1,301.87,1.08562
2026-05-13 22:55,KMHV,101388.5,26.8,0.6,94041.7,301.37,1.08706
2026-05-13 23:55,KMHV,101388.5,25.8,0.7,94041.7,300.37,1.09068
2026-05-14 00:55,KMHV,101354.6,25.2,-1.6,94010.3,299.77,1.09250
2026-05-14 01:55,KMHV,101354.6,22.7,-0.5,94010.3,297.27,1.10168
2026-05-14 02:55,KMHV,101354.6,20.9,2.2,94010.3,295.47,1.10840
2026-05-14 03:55,KMHV,101354.6,20.7,-1.2,94010.3,295.27,1.10915
2026-05-14 04:55,KMHV,101388.5,20.8,-6.1,94041.7,295.37,1.10914
2026-05-14 05:55,KMHV,101388.5,20.8,-3.7,94041.7,295.37,1.10914
2026-05-14 06:55,KMHV,101388.5,20.3,0.8,94041.7,294.87,1.11102
2026-05-14 07:55,KMHV,101388.5,19.6,2.2,94041.7,294.17,1.11367
2026-05-14 08:55,KMHV,101388.5,18.9,4.2,94041.7,293.47,1.11632
2026-05-14 09:55,KMHV,101388.5,18.8,4.7,94041.7,293.37,1.11670
2026-05-14 10:55,KMHV,101422.4,19.2,3.7,94073.1,293.77,1.11555
2026-05-14 11:55,KMHV,101422.4,18.3,2.3,94073.1,292.87,1.11898
2026-05-14 12:55,KMHV,101422.4,17.8,2.2,94073.1,292.37,1.12090
2026-05-14 13:55,KMHV,101523.9,19.3,1.2,94167.3,293.87,1.11629
2026-05-14 14:55,KMHV,101557.8,21.4,1.1,94198.7,295.97,1.10874
2026-05-14 15:55,KMHV,101591.7,23.4,1.1,94230.1,297.97,1.10167
2026-05-14 16:55,KMHV,101591.7,25.3,1.2,94230.1,299.87,1.09469
2026-05-14 17:55,KMHV,101591.7,27.1,1.2,94230.1,301.67,1.08815
2026-05-14 18:55,KMHV,101557.8,28.9,0.0,94198.7,303.47,1.08134
2026-05-14 19:55,KMHV,101523.9,29.8,-0.5,94167.3,304.37,1.07778
2026-05-14 20:55,KMHV,101456.2,31.1,-1.7,94104.5,305.67,1.07248
2026-05-14 21:55,KMHV,101388.5,32.0,3.4,94041.7,306.57,1.06862
2026-05-14 22:55,KMHV,101320.8,30.6,5.2,93978.9,305.17,1.07281
2026-05-14 23:55,KMHV,101320.8,29.0,6.1,93978.9,303.57,1.07846
2026-05-15 00:55,KMHV,101320.8,27.0,6.4,93978.9,301.57,1.08561
2026-05-15 01:55,KMHV,101286.9,24.8,6.8,93947.5,299.37,1.09323
2026-05-15 02:55,KMHV,101320.8,22.6,6.0,93978.9,297.17,1.10169
2026-05-15 03:55,KMHV,101320.8,21.5,5.8,93978.9,296.07,1.10578
2026-05-15 04:55,KMHV,101354.6,21.4,5.7,94010.3,295.97,1.10652
2026-05-15 05:55,KMHV,101354.6,21.4,2.5,94010.3,295.97,1.10652
2026-05-15 06:55,KMHV,101354.6,21.3,-0.2,94010.3,295.87,1.10690
2026-05-15 07:55,KMHV,101320.8,20.7,2.5,93978.9,295.27,1.10878
2026-05-15 08:55,KMHV,101253.0,20.3,3.1,93916.0,294.87,1.10954
2026-05-15 09:55,KMHV,101253.0,19.9,3.5,93916.0,294.47,1.11104
2026-05-15 10:55,KMHV,101219.2,19.8,3.9,93884.6,294.37,1.11105
2026-05-15 11:55,KMHV,101219.2,19.6,4.1,93884.6,294.17,1.11181
2026-05-15 12:55,KMHV,101219.2,19.3,4.0,93884.6,293.87,1.11294
2026-05-15 13:55,KMHV,101286.9,20.2,4.6,93947.5,294.77,1.11029
2026-05-15 14:55,KMHV,101320.8,22.3,4.1,93978.9,296.87,1.10280
2026-05-15 15:55,KMHV,101354.6,24.0,2.8,94010.3,298.57,1.09689
2026-05-15 16:55,KMHV,101320.8,26.1,2.7,93978.9,300.67,1.08886
2026-05-15 17:55,KMHV,101286.9,27.9,2.7,93947.5,302.47,1.08202
2026-05-15 18:55,KMHV,101286.9,29.2,3.8,93947.5,303.77,1.07739
2026-05-15 19:55,KMHV,101253.0,29.8,3.7,93916.0,304.37,1.07491
2026-05-15 20:55,KMHV,101219.2,29.8,3.5,93884.6,304.37,1.07455
2026-05-15 21:55,KMHV,101151.4,29.3,4.0,93821.8,303.87,1.07560
2026-05-15 22:55,KMHV,101083.7,29.0,2.3,93759.0,303.57,1.07594
2026-05-15 23:55,KMHV,101117.6,28.0,3.2,93790.4,302.57,1.07985
2026-05-16 00:55,KMHV,101049.8,26.6,2.4,93727.6,301.17,1.08415
2026-05-16 01:55,KMHV,101049.8,25.1,3.3,93727.6,299.67,1.08957
2026-05-16 02:55,KMHV,101083.7,23.4,-1.5,93759.0,297.97,1.09616
2026-05-16 03:55,KMHV,101049.8,22.5,-4.6,93727.6,297.07,1.09911
2026-05-16 04:55,KMHV,101117.6,21.4,-6.2,93790.4,295.97,1.10393
2026-05-16 05:55,KMHV,100948.3,21.7,-3.7,93633.4,296.27,1.10097
2026-05-16 06:55,KMHV,100914.4,20.9,5.1,93601.9,295.47,1.10358
2026-05-16 07:55,KMHV,100914.4,20.5,3.6,93601.9,295.07,1.10508
2026-05-16 08:55,KMHV,100846.7,19.8,2.5,93539.1,294.37,1.10696
2026-05-16 09:55,KMHV,100948.3,19.6,2.8,93633.4,294.17,1.10883
2026-05-16 10:55,KMHV,100846.7,19.2,2.7,93539.1,293.77,1.10922
2026-05-16 11:55,KMHV,100812.8,18.5,1.4,93507.7,293.07,1.11150
2026-05-16 12:55,KMHV,100812.8,18.0,1.6,93507.7,292.57,1.11340
2026-05-16 13:55,KMHV,100914.4,18.6,1.7,93601.9,293.17,1.11224
2026-05-16 14:55,KMHV,100948.3,19.2,1.6,93633.4,293.77,1.11034
2026-05-16 15:55,KMHV,100914.4,20.8,0.9,93601.9,295.37,1.10395
2026-05-16 16:55,KMHV,100948.3,22.0,-0.6,93633.4,296.57,1.09986
2026-05-16 17:55,KMHV,100914.4,22.5,0.5,93601.9,297.07,1.09764
2026-05-16 18:55,KMHV,101049.8,23.7,-2.2,93727.6,298.27,1.09469
2026-05-16 19:55,KMHV,100948.3,24.5,-3.0,93633.4,299.07,1.09066
2026-05-16 20:55,KMHV,100948.3,25.0,-2.6,93633.4,299.57,1.08884
2026-05-16 21:55,KMHV,100914.4,24.5,-2.5,93601.9,299.07,1.09030
2026-05-16 22:55,KMHV,100812.8,24.6,-1.9,93507.7,299.17,1.08884
2026-05-16 23:15,KMHV,100778.9,23.7,-1.0,93476.3,298.27,1.09175
2026-05-18 14:55,KMHV,101422.4,14.7,-8.7,94073.1,289.27,1.13291
2026-05-18 15:55,KMHV,101456.2,16.4,-9.5,94104.5,290.97,1.12667
2026-05-18 16:55,KMHV,101523.9,17.5,-9.4,94167.3,292.07,1.12317
2026-05-18 17:55,KMHV,101523.9,19.1,-10.0,94167.3,293.67,1.11705
2026-05-18 18:55,KMHV,101557.8,20.3,-12.1,94198.7,294.87,1.11288
2026-05-18 19:55,KMHV,101523.9,21.6,-11.7,94167.3,296.17,1.10762
2026-05-18 20:55,KMHV,101523.9,21.5,-12.2,94167.3,296.07,1.10800
2026-05-18 21:55,KMHV,101456.2,22.0,-12.4,94104.5,296.57,1.10539
2026-05-18 22:55,KMHV,101422.4,22.9,-12.9,94073.1,297.47,1.10168
2026-05-18 23:55,KMHV,101388.5,22.4,-13.2,94041.7,296.97,1.10317
2026-05-19 00:55,KMHV,101388.5,22.7,-13.3,94041.7,297.27,1.10205
2026-05-19 01:55,KMHV,101422.4,22.3,-13.6,94073.1,296.87,1.10391
2026-05-19 02:55,KMHV,101456.2,20.5,-13.5,94104.5,295.07,1.11101
2026-05-19 03:15,KMHV,101490.1,16.8,-10.7,94135.9,291.37,1.12549
2026-05-19 04:55,KMHV,101591.7,14.8,-3.5,94230.1,289.37,1.13441
2026-05-19 05:55,KMHV,101659.4,14.9,-3.0,94293.0,289.47,1.13477
2026-05-19 06:55,KMHV,101693.3,15.1,-3.3,94324.4,289.67,1.13437
2026-05-19 07:55,KMHV,101659.4,14.1,-3.2,94293.0,288.67,1.13792
2026-05-19 08:55,KMHV,101659.4,14.2,-3.2,94293.0,288.77,1.13752
2026-05-19 09:55,KMHV,101659.4,12.6,-3.8,94293.0,287.17,1.14386
2026-05-19 10:55,KMHV,101693.3,12.7,-4.2,94324.4,287.27,1.14384
2026-05-19 11:55,KMHV,101693.3,9.8,-6.1,94324.4,284.37,1.15551
2026-05-19 12:55,KMHV,101727.1,13.6,-8.3,94355.8,288.17,1.14065
2026-05-19 13:55,KMHV,101828.7,15.6,-8.8,94450.0,290.17,1.13392
2026-05-19 14:55,KMHV,101896.4,18.6,-9.5,94512.8,293.17,1.12306
2026-05-19 15:55,KMHV,101930.3,20.2,-10.0,94544.2,294.77,1.11734
2026-05-19 16:55,KMHV,101930.3,21.9,-9.9,94544.2,296.47,1.11093
2026-05-19 17:55,KMHV,101930.3,23.3,-10.1,94544.2,297.87,1.10571
2026-05-19 18:55,KMHV,101896.4,23.4,-11.0,94512.8,297.97,1.10497
2026-05-19 19:55,KMHV,101828.7,24.2,-10.7,94450.0,298.77,1.10128
2026-05-19 20:55,KMHV,101761.0,24.9,-10.2,94387.2,299.47,1.09798
2026-05-19 21:55,KMHV,101727.1,25.8,-9.8,94355.8,300.37,1.09432
2026-05-19 22:55,KMHV,101591.7,25.5,-9.7,94230.1,300.07,1.09396
2026-05-19 23:55,KMHV,101523.9,26.4,-9.1,94167.3,300.97,1.08996
2026-05-20 00:55,KMHV,101523.9,25.6,-9.7,94167.3,300.17,1.09286
2026-05-20 01:55,KMHV,101523.9,25.5,-9.7,94167.3,300.07,1.09323
2026-05-20 02:55,KMHV,101557.8,22.9,-5.1,94198.7,297.47,1.10315
2026-05-20 03:55,KMHV,101591.7,21.1,-5.6,94230.1,295.67,1.11024
2026-05-20 04:55,KMHV,101659.4,20.6,-5.5,94293.0,295.17,1.11286
2026-05-20 05:55,KMHV,101693.3,20.1,-6.0,94324.4,294.67,1.11512
2026-05-20 06:55,KMHV,101693.3,19.3,-6.4,94324.4,293.87,1.11815
2026-05-20 07:55,KMHV,101693.3,19.2,-5.8,94324.4,293.77,1.11853
2026-05-20 08:55,KMHV,101659.4,18.5,-5.5,94293.0,293.07,1.12083
2026-05-20 09:55,KMHV,101659.4,18.4,-5.0,94293.0,292.97,1.12121
2026-05-20 10:55,KMHV,101625.5,18.5,-4.2,94261.6,293.07,1.12046
2026-05-20 11:55,KMHV,101625.5,18.2,-4.5,94261.6,292.77,1.12161
2026-05-20 12:55,KMHV,101625.5,16.5,-4.6,94261.6,291.07,1.12816
2026-05-20 13:55,KMHV,101659.4,17.9,-4.0,94293.0,292.47,1.12313
2026-05-20 14:55,KMHV,101693.3,20.0,-5.1,94324.4,294.57,1.11550
2026-05-20 15:55,KMHV,101693.3,22.0,-4.5,94324.4,296.57,1.10797
2026-05-20 16:55,KMHV,101659.4,24.2,-5.0,94293.0,298.77,1.09945
2026-05-20 17:55,KMHV,101625.5,25.8,-4.7,94261.6,300.37,1.09323
2026-05-20 18:55,KMHV,101625.5,27.0,-8.1,94261.6,301.57,1.08888
2026-05-20 19:55,KMHV,101523.9,27.4,-8.6,94167.3,301.97,1.08635
2026-05-20 20:55,KMHV,101456.2,28.0,-9.3,94104.5,302.57,1.08347
2026-05-20 21:55,KMHV,101388.5,28.6,-10.6,94041.7,303.17,1.08061
2026-05-20 22:55,KMHV,101320.8,28.5,-9.3,93978.9,303.07,1.08024
2026-05-20 23:55,KMHV,101253.0,28.3,-9.1,93916.0,302.87,1.08023
2026-05-21 00:55,KMHV,101219.2,28.7,-8.8,93884.6,303.27,1.07844
2026-05-21 01:55,KMHV,101219.2,26.9,-3.5,93884.6,301.47,1.08488
2026-05-21 02:55,KMHV,101253.0,24.7,-3.5,93916.0,299.27,1.09322
2026-05-21 03:55,KMHV,101286.9,23.5,-3.2,93947.5,298.07,1.09799
2026-05-21 04:55,KMHV,101320.8,22.8,-2.8,93978.9,297.37,1.10095
2026-05-21 05:55,KMHV,101354.6,22.6,-3.5,94010.3,297.17,1.10205
2026-05-21 06:55,KMHV,101354.6,22.5,-4.4,94010.3,297.07,1.10243
2026-05-21 07:55,KMHV,101320.8,22.4,-5.6,93978.9,296.97,1.10243
2026-05-21 08:55,KMHV,101320.8,21.7,-3.6,93978.9,296.27,1.10503
2026-05-21 09:55,KMHV,101253.0,21.1,-4.5,93916.0,295.67,1.10654
2026-05-21 10:55,KMHV,101286.9,20.9,-4.3,93947.5,295.47,1.10765
2026-05-21 11:55,KMHV,101253.0,20.4,-2.1,93916.0,294.97,1.10916
2026-05-21 12:55,KMHV,101286.9,18.8,-1.8,93947.5,293.37,1.11558
2026-05-21 13:55,KMHV,101320.8,20.4,-0.8,93978.9,294.97,1.10990
2026-05-21 14:55,KMHV,101354.6,23.5,-1.3,94010.3,298.07,1.09873
2026-05-21 15:55,KMHV,101388.5,25.2,-2.7,94041.7,299.77,1.09286
2026-05-21 16:55,KMHV,101354.6,27.2,-3.6,94010.3,301.77,1.08526
2026-05-21 17:55,KMHV,101354.6,27.9,-2.9,94010.3,302.47,1.08274
2026-05-21 18:55,KMHV,101320.8,28.8,-4.4,93978.9,303.37,1.07917
2026-05-21 19:55,KMHV,101253.0,30.0,-4.9,93916.0,304.57,1.07420
2026-05-21 20:55,KMHV,101185.3,31.3,-5.4,93853.2,305.87,1.06892
2026-05-21 21:55,KMHV,101117.6,31.4,-6.2,93790.4,305.97,1.06786
2026-05-21 22:55,KMHV,101016.0,32.4,-2.9,93696.2,306.97,1.06331
2026-05-21 23:55,KMHV,100982.1,30.8,-0.8,93664.8,305.37,1.06852
2026-05-22 00:55,KMHV,101016.0,29.9,-0.5,93696.2,304.47,1.07204
2026-05-22 01:55,KMHV,101016.0,28.0,-0.2,93696.2,302.57,1.07877
2026-05-22 02:55,KMHV,101016.0,26.1,0.7,93696.2,300.67,1.08559
2026-05-22 03:55,KMHV,101016.0,24.9,1.1,93696.2,299.47,1.08994
2026-05-22 04:55,KMHV,101016.0,24.5,1.4,93696.2,299.07,1.09139
2026-05-22 05:55,KMHV,101016.0,24.2,2.1,93696.2,298.77,1.09249
2026-05-22 06:55,KMHV,100982.1,23.9,2.2,93664.8,298.47,1.09322
2026-05-22 07:55,KMHV,100982.1,22.9,2.4,93664.8,297.47,1.09690
2026-05-22 08:55,KMHV,100948.3,22.9,1.9,93633.4,297.47,1.09653
2026-05-22 09:55,KMHV,100914.4,22.3,1.3,93601.9,296.87,1.09838
2026-05-22 10:55,KMHV,100948.3,21.8,1.2,93633.4,296.37,1.10060
2026-05-22 11:55,KMHV,100914.4,21.8,1.1,93601.9,296.37,1.10023
2026-05-22 12:55,KMHV,100948.3,21.1,1.1,93633.4,295.67,1.10320
2026-05-22 13:55,KMHV,101016.0,22.8,1.0,93696.2,297.37,1.09763
2026-05-22 14:55,KMHV,101016.0,24.3,1.8,93696.2,298.87,1.09213
2026-05-22 15:55,KMHV,101049.8,26.6,1.8,93727.6,301.17,1.08415
2026-05-22 16:55,KMHV,101049.8,28.0,1.3,93727.6,302.57,1.07913
2026-05-22 17:55,KMHV,101016.0,29.0,1.1,93696.2,303.57,1.07522
2026-05-22 18:55,KMHV,101016.0,29.8,1.4,93696.2,304.37,1.07239
2026-05-22 19:55,KMHV,100982.1,30.2,1.3,93664.8,304.77,1.07062
2026-05-22 20:55,KMHV,100914.4,31.9,-0.2,93601.9,306.47,1.06397
2026-05-22 21:55,KMHV,100846.7,32.3,0.4,93539.1,306.87,1.06187
2026-05-22 22:55,KMHV,100846.7,32.2,1.3,93539.1,306.77,1.06222
2026-05-22 23:55,KMHV,100846.7,31.7,2.4,93539.1,306.27,1.06395
2026-05-23 00:55,KMHV,100880.5,30.2,2.1,93570.5,304.77,1.06955
2026-05-23 01:55,KMHV,100914.4,28.4,1.8,93601.9,302.97,1.07626
2026-05-23 02:55,KMHV,100948.3,26.7,0.1,93633.4,301.27,1.08270
2026-05-23 03:55,KMHV,100982.1,25.7,0.2,93664.8,300.27,1.08667
2026-05-23 04:55,KMHV,100982.1,25.3,-0.1,93664.8,299.87,1.08812
2026-05-23 05:55,KMHV,101016.0,24.9,0.1,93696.2,299.47,1.08994
2026-05-23 06:55,KMHV,101016.0,23.8,0.1,93696.2,298.37,1.09396
2026-05-23 07:55,KMHV,101049.8,23.4,2.2,93727.6,297.97,1.09579
2026-05-23 08:55,KMHV,101117.6,22.3,1.8,93790.4,296.87,1.10059
2026-05-23 09:55,KMHV,101117.6,20.4,2.7,93790.4,294.97,1.10768
2026-05-23 10:55,KMHV,101117.6,21.1,1.4,93790.4,295.67,1.10506
2026-05-23 11:55,KMHV,101117.6,21.1,1.4,93790.4,295.67,1.10506
2026-05-23 12:55,KMHV,101151.4,20.1,1.0,93821.8,294.67,1.10918
2026-05-23 13:55,KMHV,101219.2,19.1,2.0,93884.6,293.67,1.11370
2026-05-23 14:55,KMHV,101286.9,22.4,3.0,93947.5,296.97,1.10206
2026-05-23 15:55,KMHV,101354.6,24.1,2.9,94010.3,298.67,1.09652
2026-05-23 16:55,KMHV,101354.6,26.6,0.7,94010.3,301.17,1.08742
2026-05-23 17:55,KMHV,101354.6,28.3,0.2,94010.3,302.87,1.08131
2026-05-23 18:55,KMHV,101320.8,29.8,0.0,93978.9,304.37,1.07563
2026-05-23 19:55,KMHV,101286.9,31.2,-0.3,93947.5,305.77,1.07034
2026-05-23 20:55,KMHV,101253.0,31.7,1.1,93916.0,306.27,1.06824
2026-05-23 21:55,KMHV,101253.0,31.8,0.4,93916.0,306.37,1.06789
2026-05-23 22:55,KMHV,101185.3,31.3,0.0,93853.2,305.87,1.06892
2026-05-23 23:55,KMHV,101185.3,30.7,3.0,93853.2,305.27,1.07102
2026-05-24 00:55,KMHV,101185.3,30.0,2.3,93853.2,304.57,1.07348
2026-05-24 01:55,KMHV,101219.2,28.4,1.0,93884.6,302.97,1.07951
2026-05-24 02:55,KMHV,101286.9,25.9,1.8,93947.5,300.47,1.08922
2026-05-24 03:55,KMHV,101354.6,24.6,0.8,94010.3,299.17,1.09469
2026-05-24 04:55,KMHV,101422.4,24.1,0.9,94073.1,298.67,1.09725
2026-05-24 05:55,KMHV,101422.4,23.0,0.7,94073.1,297.57,1.10131
2026-05-24 06:55,KMHV,101456.2,22.3,0.7,94104.5,296.87,1.10427
2026-05-24 07:55,KMHV,101456.2,21.7,2.1,94104.5,296.27,1.10651
2026-05-24 08:55,KMHV,101422.4,20.5,3.2,94073.1,295.07,1.11064
2026-05-24 09:55,KMHV,101388.5,20.6,3.5,94041.7,295.17,1.10989
2026-05-24 10:55,KMHV,101388.5,20.6,3.4,94041.7,295.17,1.10989
2026-05-24 11:55,KMHV,101422.4,18.1,3.4,94073.1,292.67,1.11975
2026-05-24 12:55,KMHV,101422.4,17.0,2.6,94073.1,291.57,1.12397
2026-05-24 13:55,KMHV,101490.1,18.5,3.2,94135.9,293.07,1.11897
2026-05-24 14:55,KMHV,101523.9,22.1,3.6,94167.3,296.67,1.10576
2026-05-24 15:55,KMHV,101557.8,23.2,3.4,94198.7,297.77,1.10204
2026-05-24 16:55,KMHV,101591.7,24.9,3.5,94230.1,299.47,1.09615
2026-05-24 17:55,KMHV,101591.7,26.6,1.9,94230.1,301.17,1.08996
2026-05-24 18:55,KMHV,101557.8,28.6,-0.2,94198.7,303.17,1.08241
2026-05-24 19:55,KMHV,101523.9,30.2,1.6,94167.3,304.77,1.07637
2026-05-24 20:55,KMHV,101456.2,30.4,0.9,94104.5,304.97,1.07494
2026-05-24 21:55,KMHV,101388.5,30.7,0.2,94041.7,305.27,1.07317
2026-05-24 22:55,KMHV,101320.8,30.6,1.0,93978.9,305.17,1.07281
2026-05-24 23:55,KMHV,101286.9,29.9,1.4,93947.5,304.47,1.07491
2026-05-25 00:55,KMHV,101253.0,28.4,5.7,93916.0,302.97,1.07987
2026-05-25 01:55,KMHV,101286.9,26.4,6.5,93947.5,300.97,1.08741
2026-05-25 02:55,KMHV,101286.9,24.0,6.2,93947.5,298.57,1.09615
2026-05-25 03:55,KMHV,101320.8,22.9,5.5,93978.9,297.47,1.10058
2026-05-25 04:55,KMHV,101388.5,22.1,5.3,94041.7,296.67,1.10428
2026-05-25 05:55,KMHV,101354.6,21.5,5.0,94010.3,296.07,1.10615
2026-05-25 06:55,KMHV,101354.6,21.0,4.6,94010.3,295.57,1.10802
2026-05-25 07:55,KMHV,101354.6,20.5,4.8,94010.3,295.07,1.10990
2026-05-25 08:55,KMHV,101286.9,20.7,4.7,93947.5,295.27,1.10840
2026-05-25 09:55,KMHV,101253.0,20.2,3.7,93916.0,294.77,1.10991
2026-05-25 10:55,KMHV,101253.0,19.8,4.2,93916.0,294.37,1.11142
2026-05-25 11:55,KMHV,101219.2,19.0,4.2,93884.6,293.57,1.11408
2026-05-25 12:55,KMHV,101253.0,17.4,4.4,93916.0,291.97,1.12056
2026-05-25 13:55,KMHV,101286.9,19.1,5.2,93947.5,293.67,1.11444
2026-05-25 14:55,KMHV,101320.8,20.8,5.3,93978.9,295.37,1.10840
2026-05-25 15:55,KMHV,101320.8,23.4,4.9,93978.9,297.97,1.09873
2026-05-25 16:55,KMHV,101320.8,25.1,4.4,93978.9,299.67,1.09250
2026-05-25 17:55,KMHV,101286.9,26.7,3.7,93947.5,301.27,1.08633
2026-05-25 18:55,KMHV,101253.0,28.2,5.1,93916.0,302.77,1.08059
2026-05-25 19:55,KMHV,101185.3,29.2,5.3,93853.2,303.77,1.07631
2026-05-25 20:55,KMHV,101117.6,29.9,4.1,93790.4,304.47,1.07312
2026-05-25 21:55,KMHV,101049.8,30.0,4.1,93727.6,304.57,1.07205
2026-05-25 22:55,KMHV,100982.1,29.8,6.5,93664.8,304.37,1.07203
2026-05-25 23:55,KMHV,100948.3,28.0,7.0,93633.4,302.57,1.07805
2026-05-26 00:55,KMHV,100948.3,26.4,6.5,93633.4,300.97,1.08378
2026-05-26 01:55,KMHV,100948.3,24.8,6.8,93633.4,299.37,1.08957
2026-05-26 02:55,KMHV,100948.3,22.6,7.1,93633.4,297.17,1.09764
2026-05-26 03:55,KMHV,100948.3,21.6,7.0,93633.4,296.17,1.10134
2026-05-26 04:55,KMHV,101049.8,21.0,6.9,93727.6,295.57,1.10469
2026-05-26 05:55,KMHV,101016.0,20.6,6.7,93696.2,295.17,1.10581
2026-05-26 06:55,KMHV,101016.0,20.0,6.8,93696.2,294.57,1.10807
2026-05-26 07:55,KMHV,100982.1,18.4,6.6,93664.8,292.97,1.11375
2026-05-26 08:55,KMHV,100948.3,17.4,6.6,93633.4,291.97,1.11718
2026-05-26 09:55,KMHV,100914.4,16.2,6.8,93601.9,290.77,1.12142
2026-05-26 10:55,KMHV,100880.5,15.0,8.3,93570.5,289.57,1.12569
2026-05-26 11:55,KMHV,100846.7,14.0,7.9,93539.1,288.57,1.12921
2026-05-26 12:55,KMHV,100812.8,13.4,8.0,93507.7,287.97,1.13118
2026-05-26 13:55,KMHV,100812.8,13.7,8.0,93507.7,288.27,1.13001
2026-05-26 14:55,KMHV,100778.9,15.5,8.1,93476.3,290.07,1.12262
2026-05-26 15:55,KMHV,100778.9,16.6,8.3,93476.3,291.17,1.11838
2026-05-26 16:55,KMHV,100846.7,15.0,7.4,93539.1,289.57,1.12531
2026-05-26 17:55,KMHV,100914.4,16.2,6.1,93601.9,290.77,1.12142
2026-05-26 18:55,KMHV,100880.5,18.3,5.7,93570.5,292.87,1.11300
2026-05-26 19:55,KMHV,100812.8,18.6,6.1,93507.7,293.17,1.11112
2026-05-26 20:55,KMHV,100778.9,18.4,4.1,93476.3,292.97,1.11150
2026-05-26 21:55,KMHV,100745.1,17.9,4.5,93444.9,292.47,1.11303
2026-05-26 22:55,KMHV,100677.3,17.2,5.3,93382.1,291.77,1.11495
2026-05-26 23:55,KMHV,100609.6,16.8,4.6,93319.3,291.37,1.11573
2026-05-27 00:55,KMHV,100575.8,16.4,3.7,93287.8,290.97,1.11689
2026-05-27 01:55,KMHV,100575.8,15.0,3.8,93287.8,289.57,1.12229
2026-05-27 02:55,KMHV,100609.6,14.3,3.4,93319.3,288.87,1.12539
2026-05-27 03:55,KMHV,100643.5,12.7,6.5,93350.7,287.27,1.13203
2026-05-27 04:55,KMHV,100677.3,12.1,7.1,93382.1,286.67,1.13479
2026-05-27 06:55,KMHV,100677.3,12.9,5.1,93382.1,287.47,1.13163
2026-05-27 07:55,KMHV,100677.3,11.7,3.9,93382.1,286.27,1.13637
2026-05-27 08:55,KMHV,100711.2,11.1,2.7,93413.5,285.67,1.13914
2026-05-27 09:55,KMHV,100745.1,10.6,2.7,93444.9,285.17,1.14152
2026-05-27 10:55,KMHV,100745.1,9.8,1.2,93444.9,284.37,1.14473
2026-05-27 11:55,KMHV,100711.2,9.3,1.0,93413.5,283.87,1.14636
2026-05-27 12:55,KMHV,100812.8,8.6,1.4,93507.7,283.17,1.15036
2026-05-27 13:55,KMHV,100846.7,9.6,1.6,93539.1,284.17,1.14669
2026-05-27 14:55,KMHV,100846.7,11.3,1.2,93539.1,285.87,1.13988
2026-05-27 15:55,KMHV,100880.5,13.6,2.2,93570.5,288.17,1.13116
2026-05-27 16:55,KMHV,100880.5,15.1,1.0,93570.5,289.67,1.12530
2026-05-27 17:55,KMHV,100846.7,16.4,1.7,93539.1,290.97,1.11990
2026-05-27 18:55,KMHV,100880.5,17.4,1.4,93570.5,291.97,1.11644
2026-05-27 19:55,KMHV,100846.7,17.7,1.2,93539.1,292.27,1.11492
2026-05-27 20:55,KMHV,100812.8,18.4,1.5,93507.7,292.97,1.11188
2026-05-27 21:55,KMHV,100812.8,19.0,1.5,93507.7,293.57,1.10961
2026-05-27 22:55,KMHV,100812.8,18.2,1.7,93507.7,292.77,1.11264
2026-05-27 23:55,KMHV,100846.7,15.6,3.9,93539.1,290.17,1.12298
2026-05-28 00:55,KMHV,100880.5,14.1,3.5,93570.5,288.67,1.12920
2026-05-28 01:55,KMHV,100880.5,13.3,3.4,93570.5,287.87,1.13234
2026-05-28 02:55,KMHV,100948.3,11.6,4.5,93633.4,286.17,1.13983
2026-05-28 03:55,KMHV,100982.1,11.2,4.7,93664.8,285.77,1.14181
2026-05-28 04:55,KMHV,101049.8,10.9,3.9,93727.6,285.47,1.14377
2026-05-28 05:55,KMHV,101117.6,10.7,3.5,93790.4,285.27,1.14534
2026-05-28 06:55,KMHV,101117.6,10.0,4.6,93790.4,284.57,1.14816
2026-05-28 07:55,KMHV,101117.6,10.4,3.7,93790.4,284.97,1.14655
2026-05-28 08:55,KMHV,101049.8,9.8,3.8,93727.6,284.37,1.14820
2026-05-28 09:55,KMHV,101016.0,9.7,3.7,93696.2,284.27,1.14822
2026-05-28 10:55,KMHV,101049.8,9.2,2.8,93727.6,283.77,1.15062
2026-05-28 11:55,KMHV,101083.7,7.9,2.7,93759.0,282.47,1.15631
2026-05-28 12:55,KMHV,101117.6,7.5,2.9,93790.4,282.07,1.15833
2026-05-28 13:55,KMHV,101151.4,8.1,3.1,93821.8,282.67,1.15626
2026-05-28 14:55,KMHV,101151.4,11.1,2.6,93821.8,285.67,1.14412
2026-05-28 15:55,KMHV,101219.2,13.5,2.6,93884.6,288.07,1.13535
2026-05-28 16:55,KMHV,101253.0,14.6,2.7,93916.0,289.17,1.13141
2026-05-28 17:55,KMHV,101286.9,15.7,2.7,93947.5,290.27,1.12750
2026-05-28 18:55,KMHV,101253.0,16.7,1.5,93916.0,291.27,1.12325
2026-05-28 19:55,KMHV,101219.2,17.4,0.8,93884.6,291.97,1.12018
2026-05-28 20:55,KMHV,101185.3,18.1,-0.6,93853.2,292.67,1.11713
2026-05-28 21:55,KMHV,101117.6,19.6,0.4,93790.4,294.17,1.11069
2026-05-28 22:55,KMHV,101117.6,17.3,1.4,93790.4,291.87,1.11944
2026-05-28 23:55,KMHV,101117.6,16.1,1.8,93790.4,290.67,1.12406
2026-05-29 00:55,KMHV,101117.6,14.6,4.3,93790.4,289.17,1.12989
2026-05-29 01:55,KMHV,101185.3,13.8,4.2,93853.2,288.37,1.13379
2026-05-29 02:55,KMHV,101253.0,11.2,8.5,93916.0,285.77,1.14487
2026-05-29 03:55,KMHV,101286.9,10.7,6.3,93947.5,285.27,1.14726
2026-05-29 04:55,KMHV,101320.8,10.5,5.3,93978.9,285.07,1.14845
2026-05-29 05:55,KMHV,101320.8,11.6,4.5,93978.9,286.17,1.14403
2026-05-29 06:55,KMHV,101320.8,10.7,5.1,93978.9,285.27,1.14764
2026-05-29 07:55,KMHV,101320.8,10.9,5.3,93978.9,285.47,1.14684
2026-05-29 08:55,KMHV,101286.9,10.6,5.1,93947.5,285.17,1.14766
2026-05-29 09:55,KMHV,101286.9,10.3,5.2,93947.5,284.87,1.14887
2026-05-29 10:55,KMHV,101286.9,10.3,5.1,93947.5,284.87,1.14887
2026-05-29 11:55,KMHV,101320.8,10.1,5.0,93978.9,284.67,1.15006
2026-05-29 12:55,KMHV,101320.8,10.3,4.8,93978.9,284.87,1.14925
2026-05-29 13:55,KMHV,101422.4,11.8,4.7,94073.1,286.37,1.14438
2026-05-29 14:55,KMHV,101456.2,12.7,5.0,94104.5,287.27,1.14118
2026-05-29 15:55,KMHV,101523.9,13.7,5.4,94167.3,288.27,1.13798
2026-05-29 16:55,KMHV,101490.1,15.1,4.7,94135.9,289.67,1.13210
2026-05-29 17:55,KMHV,101523.9,16.7,4.8,94167.3,291.27,1.12626
2026-05-29 18:55,KMHV,101557.8,17.5,5.1,94198.7,292.07,1.12355
2026-05-29 19:55,KMHV,101557.8,18.2,5.4,94198.7,292.77,1.12086
2026-05-29 20:55,KMHV,101523.9,19.0,5.3,94167.3,293.57,1.11743
2026-05-29 21:55,KMHV,101557.8,18.5,5.5,94198.7,293.07,1.11971
2026-05-29 22:55,KMHV,101422.4,18.5,5.4,94073.1,293.07,1.11822
2026-05-29 23:55,KMHV,101388.5,17.9,5.4,94041.7,292.47,1.12014
2026-05-30 00:55,KMHV,101422.4,17.6,5.2,94073.1,292.17,1.12166
2026-05-30 01:55,KMHV,101354.6,16.6,5.3,94010.3,291.17,1.12476
2026-05-30 02:55,KMHV,101354.6,15.4,5.3,94010.3,289.97,1.12942
2026-05-30 03:55,KMHV,101523.9,15.0,5.6,94167.3,289.57,1.13287
2026-05-30 04:55,KMHV,101659.4,15.0,5.8,94293.0,289.57,1.13438
2026-05-30 05:55,KMHV,101591.7,14.7,5.7,94230.1,289.27,1.13480
2026-05-30 06:55,KMHV,101591.7,14.8,5.3,94230.1,289.37,1.13441
2026-05-30 07:55,KMHV,101625.5,14.7,5.2,94261.6,289.27,1.13518
2026-05-30 08:55,KMHV,101625.5,14.4,5.2,94261.6,288.97,1.13636
2026-05-30 09:55,KMHV,101591.7,14.0,5.5,94230.1,288.57,1.13755
2026-05-30 10:55,KMHV,101591.7,13.8,5.1,94230.1,288.37,1.13834
2026-05-30 11:55,KMHV,101625.5,13.5,5.6,94261.6,288.07,1.13991
2026-05-30 12:55,KMHV,101659.4,11.9,4.8,94293.0,286.47,1.14665
2026-05-30 13:55,KMHV,101727.1,14.9,5.5,94355.8,289.47,1.13553
2026-05-30 14:55,KMHV,101761.0,17.0,5.0,94387.2,291.57,1.12772
2026-05-30 15:55,KMHV,101761.0,18.8,5.5,94387.2,293.37,1.12081
2026-05-30 16:55,KMHV,101761.0,21.3,6.1,94387.2,295.87,1.11133
2026-05-30 17:55,KMHV,101727.1,22.7,5.0,94355.8,297.27,1.10573
2026-05-30 18:55,KMHV,101693.3,24.2,5.2,94324.4,298.77,1.09982
2026-05-30 19:55,KMHV,101625.5,26.3,6.5,94261.6,300.87,1.09141
2026-05-30 20:55,KMHV,101591.7,26.4,6.4,94230.1,300.97,1.09069
2026-05-30 21:55,KMHV,101591.7,26.4,5.3,94230.1,300.97,1.09069
2026-05-30 22:55,KMHV,101557.8,25.4,5.3,94198.7,299.97,1.09396
2026-05-30 23:55,KMHV,101490.1,24.9,5.5,94135.9,299.47,1.09505
2026-05-31 00:55,KMHV,101523.9,23.7,6.0,94167.3,298.27,1.09982
2026-05-31 01:55,KMHV,101456.2,22.1,6.3,94104.5,296.67,1.10502
2026-05-31 02:55,KMHV,101422.4,20.1,6.1,94073.1,294.67,1.11215
2026-05-31 03:55,KMHV,101422.4,19.1,5.6,94073.1,293.67,1.11593
2026-05-31 04:55,KMHV,101456.2,18.8,5.9,94104.5,293.37,1.11745
2026-05-31 05:55,KMHV,101523.9,18.4,6.5,94167.3,292.97,1.11972
2026-05-31 06:55,KMHV,101523.9,18.4,7.0,94167.3,292.97,1.11972
2026-05-31 07:55,KMHV,101490.1,18.2,7.3,94135.9,292.77,1.12011
2026-05-31 08:55,KMHV,101490.1,17.9,7.6,94135.9,292.47,1.12126
2026-05-31 09:55,KMHV,101456.2,17.7,7.4,94104.5,292.27,1.12165
2026-05-31 10:55,KMHV,101456.2,17.2,7.3,94104.5,291.77,1.12358
2026-05-31 11:55,KMHV,101456.2,16.6,7.3,94104.5,291.17,1.12589
2026-05-31 12:55,KMHV,101490.1,16.8,7.0,94135.9,291.37,1.12549
2026-05-31 13:55,KMHV,101557.8,17.8,5.2,94198.7,292.37,1.12239
2026-05-31 14:55,KMHV,101625.5,18.5,6.6,94261.6,293.07,1.12046
2026-05-31 15:55,KMHV,101625.5,21.2,6.4,94261.6,295.77,1.11023
2026-05-31 16:55,KMHV,101625.5,23.7,5.5,94261.6,298.27,1.10093
2026-05-31 17:55,KMHV,101591.7,26.1,4.3,94230.1,300.67,1.09177
2026-05-31 18:55,KMHV,101557.8,27.7,3.1,94198.7,302.27,1.08563
2026-05-31 19:55,KMHV,101523.9,28.9,-0.2,94167.3,303.47,1.08098
2026-05-31 20:55,KMHV,101490.1,29.6,-1.1,94135.9,304.17,1.07813
2026-05-31 21:55,KMHV,101422.4,30.0,-2.7,94073.1,304.57,1.07600
2026-05-31 22:55,KMHV,101354.6,31.0,-4.4,94010.3,305.57,1.07176
2026-05-31 23:55,KMHV,101286.9,30.7,-5.8,93947.5,305.27,1.07210
2026-06-01 00:55,KMHV,101253.0,29.7,5.8,93916.0,304.27,1.07526
2026-06-01 01:55,KMHV,101253.0,26.8,7.9,93916.0,301.37,1.08561
2026-06-01 02:55,KMHV,101286.9,24.2,7.7,93947.5,298.77,1.09542
2026-06-01 03:55,KMHV,101320.8,22.6,7.9,93978.9,297.17,1.10169
2026-06-01 04:55,KMHV,101320.8,21.9,7.7,93978.9,296.47,1.10429
2026-06-01 05:55,KMHV,101354.6,22.0,7.4,94010.3,296.57,1.10428
2026-06-01 06:55,KMHV,101388.5,21.3,6.9,94041.7,295.87,1.10727
2026-06-01 07:55,KMHV,101388.5,20.7,7.3,94041.7,295.27,1.10952
2026-06-01 08:55,KMHV,101388.5,20.9,7.2,94041.7,295.47,1.10877
2026-06-01 09:55,KMHV,101354.6,19.9,6.6,94010.3,294.47,1.11216
2026-06-01 10:55,KMHV,101388.5,18.3,6.5,94041.7,292.87,1.11861
2026-06-01 11:55,KMHV,101388.5,17.6,7.3,94041.7,292.17,1.12129
2026-06-01 12:55,KMHV,101422.4,16.1,7.1,94073.1,290.67,1.12745
2026-06-01 13:55,KMHV,101456.2,17.9,7.4,94104.5,292.47,1.12089
2026-06-01 14:55,KMHV,101456.2,22.7,6.2,94104.5,297.27,1.10279
2026-06-01 15:55,KMHV,101523.9,24.5,5.3,94167.3,299.07,1.09688
2026-06-01 16:55,KMHV,101490.1,26.3,4.0,94135.9,300.87,1.08996
2026-06-01 17:55,KMHV,101490.1,28.4,2.4,94135.9,302.97,1.08240
2026-06-01 18:55,KMHV,101456.2,29.5,0.5,94104.5,304.07,1.07813
2026-06-01 19:55,KMHV,101422.4,31.7,-1.0,94073.1,306.27,1.07002
2026-06-01 20:55,KMHV,101388.5,32.4,0.2,94041.7,306.97,1.06723
2026-06-01 21:55,KMHV,101354.6,32.6,-1.4,94010.3,307.17,1.06618
2026-06-01 22:55,KMHV,101286.9,33.4,-0.9,93947.5,307.97,1.06270
2026-06-01 23:55,KMHV,101286.9,32.6,3.4,93947.5,307.17,1.06546
2026-06-02 00:55,KMHV,101286.9,30.8,5.9,93947.5,305.37,1.07175
2026-06-02 01:55,KMHV,101320.8,28.9,5.7,93978.9,303.47,1.07882
2026-06-02 02:55,KMHV,101354.6,26.6,4.9,94010.3,301.17,1.08742
2026-06-02 03:55,KMHV,101388.5,25.6,4.7,94041.7,300.17,1.09141
2026-06-02 04:55,KMHV,101456.2,24.5,3.3,94104.5,299.07,1.09615
2026-06-02 05:55,KMHV,101456.2,24.8,2.2,94104.5,299.37,1.09505
2026-06-02 06:55,KMHV,101490.1,23.6,1.8,94135.9,298.17,1.09983
2026-06-02 07:55,KMHV,101490.1,23.1,2.4,94135.9,297.67,1.10167
2026-06-02 08:55,KMHV,101490.1,22.9,3.9,94135.9,297.47,1.10241
2026-06-02 09:55,KMHV,101456.2,22.1,4.6,94104.5,296.67,1.10502
2026-06-02 10:55,KMHV,101456.2,21.4,4.3,94104.5,295.97,1.10763
2026-06-02 11:55,KMHV,101456.2,21.8,3.4,94104.5,296.37,1.10614
2026-06-02 12:55,KMHV,101490.1,21.0,3.1,94135.9,295.57,1.10950
2026-06-02 13:55,KMHV,101523.9,23.1,3.0,94167.3,297.67,1.10204
2026-06-02 14:55,KMHV,101557.8,23.7,3.7,94198.7,298.27,1.10019
2026-06-02 15:55,KMHV,101625.5,25.8,3.7,94261.6,300.37,1.09323
2026-06-02 16:55,KMHV,101625.5,28.0,3.0,94261.6,302.57,1.08528
2026-06-02 17:55,KMHV,101659.4,28.8,2.3,94293.0,303.37,1.08278
2026-06-02 18:55,KMHV,101659.4,30.1,1.7,94293.0,304.67,1.07816
2026-06-02 19:55,KMHV,101625.5,31.6,0.8,94261.6,306.17,1.07252
2026-06-02 20:55,KMHV,101591.7,32.0,0.1,94230.1,306.57,1.07076
2026-06-02 21:55,KMHV,101557.8,31.8,1.9,94198.7,306.37,1.07110
2026-06-02 22:55,KMHV,101523.9,32.4,3.2,94167.3,306.97,1.06865
2026-06-02 23:55,KMHV,101490.1,30.2,4.8,94135.9,304.77,1.07601
2026-06-03 00:55,KMHV,101490.1,30.5,4.5,94135.9,305.07,1.07495
2026-06-03 01:55,KMHV,101490.1,29.0,3.8,94135.9,303.57,1.08026
2026-06-03 02:55,KMHV,101523.9,26.8,4.0,94167.3,301.37,1.08851
2026-06-03 03:55,KMHV,101523.9,25.7,3.6,94167.3,300.27,1.09250
2026-06-03 04:55,KMHV,101591.7,25.0,4.1,94230.1,299.57,1.09578
2026-06-03 05:55,KMHV,101591.7,24.8,3.5,94230.1,299.37,1.09651
2026-06-03 06:55,KMHV,101591.7,24.7,3.4,94230.1,299.27,1.09688
2026-06-03 07:55,KMHV,101591.7,24.4,4.2,94230.1,298.97,1.09798
2026-06-03 08:55,KMHV,101591.7,24.0,4.9,94230.1,298.57,1.09945
2026-06-03 09:55,KMHV,101557.8,23.5,4.4,94198.7,298.07,1.10093
2026-06-03 10:55,KMHV,101523.9,23.4,3.3,94167.3,297.97,1.10093
2026-06-03 11:55,KMHV,101523.9,23.2,2.0,94167.3,297.77,1.10167
2026-06-03 12:55,KMHV,101557.8,22.8,2.3,94198.7,297.37,1.10352
2026-06-03 13:55,KMHV,101625.5,23.8,2.6,94261.6,298.37,1.10056
2026-06-03 14:55,KMHV,101659.4,25.8,3.1,94293.0,300.37,1.09359
2026-06-03 15:55,KMHV,101693.3,27.4,2.8,94324.4,301.97,1.08816
2026-06-03 16:55,KMHV,101659.4,29.3,2.4,94293.0,303.87,1.08100
2026-06-03 17:55,KMHV,101659.4,31.3,1.0,94293.0,305.87,1.07393
2026-06-03 18:55,KMHV,101625.5,32.8,0.1,94261.6,307.37,1.06833
2026-06-03 19:55,KMHV,101591.7,34.3,-0.4,94230.1,308.87,1.06279
2026-06-03 20:55,KMHV,101523.9,35.0,-1.7,94167.3,309.57,1.05968
2026-06-03 21:55,KMHV,101422.4,35.2,0.8,94073.1,309.77,1.05794
2026-06-03 22:55,KMHV,101422.4,34.1,3.6,94073.1,308.67,1.06171
2026-06-03 23:55,KMHV,101354.6,32.4,4.2,94010.3,306.97,1.06687
2026-06-04 00:55,KMHV,101354.6,31.4,5.0,94010.3,305.97,1.07036
2026-06-04 01:55,KMHV,101320.8,29.3,4.2,93978.9,303.87,1.07740
2026-06-04 02:55,KMHV,101320.8,27.1,4.1,93978.9,301.67,1.08525
2026-06-04 03:55,KMHV,101354.6,26.1,3.6,94010.3,300.67,1.08923
2026-06-04 04:55,KMHV,101354.6,25.7,3.5,94010.3,300.27,1.09068
2026-06-04 05:55,KMHV,101388.5,25.3,3.3,94041.7,299.87,1.09250
2026-06-04 06:55,KMHV,101320.8,25.3,2.4,93978.9,299.87,1.09177
2026-06-04 07:55,KMHV,101320.8,24.8,4.5,93978.9,299.37,1.09359
2026-06-04 08:55,KMHV,101286.9,24.8,0.7,93947.5,299.37,1.09323
2026-06-04 09:55,KMHV,101286.9,24.5,1.4,93947.5,299.07,1.09432
2026-06-04 10:55,KMHV,101286.9,24.1,1.8,93947.5,298.67,1.09579
2026-06-04 11:55,KMHV,101286.9,23.5,1.8,93947.5,298.07,1.09799
2026-06-04 12:55,KMHV,101320.8,22.7,2.3,93978.9,297.27,1.10132
2026-06-04 13:55,KMHV,101320.8,24.5,2.6,93978.9,299.07,1.09469
2026-06-04 14:55,KMHV,101354.6,27.1,2.9,94010.3,301.67,1.08562
2026-06-04 15:55,KMHV,101354.6,28.7,3.8,94010.3,303.27,1.07989
2026-06-04 16:55,KMHV,101354.6,30.1,3.3,94010.3,304.67,1.07493
2026-06-04 17:55,KMHV,101354.6,31.6,3.3,94010.3,306.17,1.06966
2026-06-04 18:35,KMHV,101320.8,32.4,3.1,93978.9,306.97,1.06652
2026-06-04 20:55,KMHV,101219.2,36.0,1.2,93884.6,310.57,1.05310
2026-06-04 21:55,KMHV,101151.4,36.8,2.0,93821.8,311.37,1.04969
2026-06-04 22:55,KMHV,101117.6,36.4,1.7,93790.4,310.97,1.05069
2026-06-04 23:55,KMHV,101117.6,34.7,6.1,93790.4,309.27,1.05646
2026-06-05 00:55,KMHV,101117.6,32.8,5.2,93790.4,307.37,1.06299
2026-06-05 01:55,KMHV,101117.6,30.7,5.7,93790.4,305.27,1.07030
2026-06-05 02:55,KMHV,101185.3,28.2,5.6,93853.2,302.77,1.07986
2026-06-05 03:55,KMHV,101185.3,27.2,5.7,93853.2,301.77,1.08344
2026-06-05 04:55,KMHV,101219.2,26.6,4.9,93884.6,301.17,1.08596
2026-06-05 05:55,KMHV,101219.2,25.8,2.2,93884.6,300.37,1.08886
2026-06-05 06:55,KMHV,101185.3,25.0,2.7,93853.2,299.57,1.09140
2026-06-05 07:55,KMHV,101151.4,25.3,3.3,93821.8,299.87,1.08994
2026-06-05 08:55,KMHV,101151.4,24.7,4.3,93821.8,299.27,1.09213
2026-06-05 09:55,KMHV,101117.6,24.7,3.9,93790.4,299.27,1.09176
2026-06-05 10:55,KMHV,101083.7,24.2,3.8,93759.0,298.77,1.09322
2026-06-05 11:55,KMHV,101117.6,22.4,4.2,93790.4,296.97,1.10022
2026-06-05 12:55,KMHV,101151.4,20.6,4.6,93821.8,295.17,1.10730
2026-06-05 13:55,KMHV,101185.3,22.5,5.5,93853.2,297.07,1.10058
2026-06-05 14:55,KMHV,101219.2,25.7,3.4,93884.6,300.27,1.08922
2026-06-05 15:55,KMHV,101219.2,27.7,3.7,93884.6,302.27,1.08201
2026-06-05 16:55,KMHV,101219.2,29.0,5.3,93884.6,303.57,1.07738
2026-06-05 17:55,KMHV,101219.2,31.6,6.1,93884.6,306.17,1.06823
2026-06-05 18:55,KMHV,101185.3,33.3,-1.1,93853.2,307.87,1.06198
2026-06-05 19:55,KMHV,101083.7,35.1,1.5,93759.0,309.67,1.05474
2026-06-05 20:55,KMHV,101049.8,35.5,0.5,93727.6,310.07,1.05303
2026-06-05 21:55,KMHV,101016.0,34.9,4.0,93696.2,309.47,1.05472
2026-06-05 22:55,KMHV,100982.1,34.8,4.4,93664.8,309.37,1.05471
2026-06-05 23:55,KMHV,100948.3,33.7,5.3,93633.4,308.27,1.05811
2026-06-06 00:55,KMHV,100948.3,32.5,5.9,93633.4,307.07,1.06225
2026-06-06 01:55,KMHV,100948.3,30.6,4.3,93633.4,305.17,1.06886
2026-06-06 02:55,KMHV,100982.1,27.7,3.4,93664.8,302.27,1.07948
2026-06-06 03:55,KMHV,100982.1,25.8,1.8,93664.8,300.37,1.08631
2026-06-06 04:55,KMHV,101049.8,24.5,2.8,93727.6,299.07,1.09176
2026-06-06 05:55,KMHV,101049.8,23.2,3.2,93727.6,297.77,1.09653
2026-06-06 06:55,KMHV,101049.8,25.0,5.6,93727.6,299.57,1.08994
2026-06-06 07:55,KMHV,101016.0,23.8,5.7,93696.2,298.37,1.09396
2026-06-06 08:55,KMHV,101016.0,23.8,5.6,93696.2,298.37,1.09396
2026-06-06 12:55,KMHV,101016.0,21.5,6.9,93696.2,296.07,1.10245
2026-06-06 13:55,KMHV,101016.0,24.0,7.5,93696.2,298.57,1.09322
2026-06-06 14:55,KMHV,101016.0,25.7,7.3,93696.2,300.27,1.08703
2026-06-06 15:55,KMHV,101083.7,27.1,7.3,93759.0,301.67,1.08271
2026-06-06 16:55,KMHV,101016.0,28.3,7.1,93696.2,302.87,1.07770
2026-06-06 17:55,KMHV,101049.8,29.2,6.5,93727.6,303.77,1.07487
2026-06-06 18:55,KMHV,101016.0,30.6,6.5,93696.2,305.17,1.06958
2026-06-06 19:55,KMHV,100982.1,30.9,5.4,93664.8,305.47,1.06817
2026-06-06 20:55,KMHV,100914.4,31.7,5.8,93601.9,306.27,1.06467
2026-06-06 21:55,KMHV,100948.3,31.4,5.0,93633.4,305.97,1.06607
2026-06-06 22:55,KMHV,100880.5,31.5,5.2,93570.5,306.07,1.06500
2026-06-06 23:55,KMHV,100880.5,30.4,5.4,93570.5,304.97,1.06885
2026-06-07 00:55,KMHV,100812.8,29.3,3.3,93507.7,303.87,1.07199
2026-06-07 01:55,KMHV,100846.7,28.4,-1.1,93539.1,302.97,1.07554
2026-06-07 02:55,KMHV,100846.7,26.4,-1.1,93539.1,300.97,1.08269
2026-06-07 03:55,KMHV,100846.7,25.1,1.9,93539.1,299.67,1.08738
2026-06-07 04:55,KMHV,100880.5,24.3,-1.5,93570.5,298.87,1.09066
2026-06-07 05:55,KMHV,100948.3,23.6,-0.6,93633.4,298.17,1.09395
2026-06-07 06:55,KMHV,100914.4,22.5,2.5,93601.9,297.07,1.09764
2026-06-07 07:55,KMHV,100880.5,20.9,3.2,93570.5,295.47,1.10321
2026-06-07 08:55,KMHV,100846.7,19.7,3.5,93539.1,294.27,1.10734
2026-06-07 09:55,KMHV,100846.7,19.6,2.4,93539.1,294.17,1.10771
2026-06-07 10:55,KMHV,100846.7,19.2,2.0,93539.1,293.77,1.10922
2026-06-07 11:55,KMHV,100880.5,19.1,0.7,93570.5,293.67,1.10997
2026-06-07 12:55,KMHV,100914.4,19.1,-0.6,93601.9,293.67,1.11035
2026-06-07 13:55,KMHV,100880.5,20.2,-0.7,93570.5,294.77,1.10583
2026-06-07 14:55,KMHV,100914.4,21.9,-1.4,93601.9,296.47,1.09986
2026-06-07 15:55,KMHV,100914.4,23.9,-2.3,93601.9,298.47,1.09249
2026-06-07 16:55,KMHV,100914.4,25.7,-1.7,93601.9,300.27,1.08594
2026-06-07 17:55,KMHV,100914.4,27.1,-0.7,93601.9,301.67,1.08090
2026-06-07 18:55,KMHV,100914.4,28.6,-0.5,93601.9,303.17,1.07555
2026-06-07 19:55,KMHV,100846.7,30.5,-1.4,93539.1,305.07,1.06814
2026-06-07 20:55,KMHV,100812.8,30.9,-2.0,93507.7,305.47,1.06638
2026-06-07 21:55,KMHV,100778.9,30.6,-0.1,93476.3,305.17,1.06707
2026-06-07 22:55,KMHV,100778.9,29.6,0.4,93476.3,304.17,1.07058
2026-06-07 23:55,KMHV,100812.8,28.5,0.2,93507.7,303.07,1.07482
2026-06-08 00:55,KMHV,100778.9,27.5,-0.1,93476.3,302.07,1.07802
2026-06-08 01:55,KMHV,100812.8,26.1,-0.9,93507.7,300.67,1.08340
2026-06-08 02:55,KMHV,100880.5,23.5,-1.5,93570.5,298.07,1.09359
2026-06-08 03:55,KMHV,100914.4,22.1,-0.9,93601.9,296.67,1.09912
2026-06-08 04:55,KMHV,100948.3,21.7,-0.9,93633.4,296.27,1.10097
2026-06-08 05:55,KMHV,100982.1,21.3,0.5,93664.8,295.87,1.10283
2026-06-08 06:55,KMHV,100948.3,20.7,-0.6,93633.4,295.27,1.10470
2026-06-08 07:55,KMHV,100914.4,20.6,-2.4,93601.9,295.17,1.10470
2026-06-08 08:55,KMHV,100914.4,20.4,-1.5,93601.9,294.97,1.10545
2026-06-08 09:55,KMHV,100880.5,20.0,-3.5,93570.5,294.57,1.10658
2026-06-08 10:55,KMHV,100880.5,19.7,-3.0,93570.5,294.27,1.10771
2026-06-08 11:55,KMHV,100914.4,19.9,-3.4,93601.9,294.47,1.10733
2026-06-08 12:55,KMHV,100948.3,17.0,-5.2,93633.4,291.57,1.11872
2026-06-08 13:55,KMHV,100982.1,17.3,-4.3,93664.8,291.87,1.11794
2026-06-08 14:55,KMHV,101049.8,21.0,-2.8,93727.6,295.57,1.10469
2026-06-08 15:55,KMHV,101117.6,23.5,-4.6,93790.4,298.07,1.09616
2026-06-08 16:55,KMHV,101117.6,25.3,-1.7,93790.4,299.87,1.08958
2026-06-08 17:55,KMHV,101117.6,26.4,-0.8,93790.4,300.97,1.08560
2026-06-08 18:55,KMHV,101151.4,27.9,-2.3,93821.8,302.47,1.08057
2026-06-08 19:55,KMHV,101185.3,28.6,-3.6,93853.2,303.17,1.07844
2026-06-08 20:55,KMHV,101151.4,29.1,-1.3,93821.8,303.67,1.07630
2026-06-08 21:55,KMHV,101117.6,29.8,-3.6,93790.4,304.37,1.07347
2026-06-08 22:55,KMHV,101151.4,28.0,-2.0,93821.8,302.57,1.08022
2026-06-08 23:55,KMHV,101117.6,27.0,0.0,93790.4,301.57,1.08344
2026-06-09 00:55,KMHV,101117.6,27.4,-1.9,93790.4,301.97,1.08200
2026-06-09 01:55,KMHV,101151.4,26.0,-4.5,93821.8,300.57,1.08740
2026-06-09 02:55,KMHV,101185.3,24.2,-5.0,93853.2,298.77,1.09432
2026-06-09 03:55,KMHV,101219.2,23.4,-6.6,93884.6,297.97,1.09763
2026-06-09 04:55,KMHV,101253.0,23.0,-5.0,93916.0,297.57,1.09947
2026-06-09 05:55,KMHV,101253.0,22.8,-4.2,93916.0,297.37,1.10021
2026-06-09 06:55,KMHV,101253.0,21.8,-4.1,93916.0,296.37,1.10392
2026-06-09 07:55,KMHV,101219.2,21.7,-3.6,93884.6,296.27,1.10393
2026-06-09 08:55,KMHV,101151.4,20.9,-0.1,93821.8,295.47,1.10617
2026-06-09 09:55,KMHV,101083.7,20.1,1.7,93759.0,294.67,1.10843
2026-06-09 10:55,KMHV,101049.8,18.8,4.0,93727.6,293.37,1.11297
2026-06-09 11:55,KMHV,101016.0,18.7,4.9,93696.2,293.27,1.11298
2026-06-09 12:55,KMHV,101117.6,18.0,6.0,93790.4,292.57,1.11676
2026-06-09 13:55,KMHV,101185.3,19.0,5.8,93853.2,293.57,1.11371
2026-06-09 14:55,KMHV,101219.2,19.9,7.0,93884.6,294.47,1.11067
2026-06-09 15:55,KMHV,101219.2,22.9,7.3,93884.6,297.47,1.09947
2026-06-09 16:55,KMHV,101219.2,25.9,7.5,93884.6,300.47,1.08849
2026-06-09 17:55,KMHV,101219.2,27.6,7.3,93884.6,302.17,1.08237
2026-06-09 18:55,KMHV,101253.0,28.8,7.3,93916.0,303.37,1.07845
2026-06-09 19:55,KMHV,101253.0,30.0,7.6,93916.0,304.57,1.07420
2026-06-09 20:55,KMHV,101219.2,30.6,6.9,93884.6,305.17,1.07173
2026-06-09 21:55,KMHV,101185.3,30.0,8.3,93853.2,304.57,1.07348
2026-06-09 22:55,KMHV,101151.4,29.2,8.5,93821.8,303.77,1.07595
2026-06-09 23:55,KMHV,101049.8,29.2,8.3,93727.6,303.77,1.07487
2026-06-10 00:55,KMHV,101083.7,27.7,8.9,93759.0,302.27,1.08056
2026-06-10 01:55,KMHV,101016.0,26.2,8.6,93696.2,300.77,1.08523
2026-06-10 02:55,KMHV,101083.7,23.9,8.8,93759.0,298.47,1.09432
2026-06-10 03:55,KMHV,101117.6,22.5,9.0,93790.4,297.07,1.09985
2026-06-10 04:55,KMHV,101185.3,22.0,9.3,93853.2,296.57,1.10244
2026-06-10 05:55,KMHV,101219.2,21.4,9.0,93884.6,295.97,1.10504
2026-06-10 06:55,KMHV,101219.2,21.3,9.0,93884.6,295.87,1.10542
2026-06-10 07:55,KMHV,101253.0,20.7,9.9,93916.0,295.27,1.10803
2026-06-10 08:55,KMHV,101185.3,20.9,10.5,93853.2,295.47,1.10654
2026-06-10 09:55,KMHV,101219.2,20.7,11.1,93884.6,295.27,1.10766
2026-06-10 10:55,KMHV,101185.3,20.4,10.9,93853.2,294.97,1.10842
2026-06-10 11:55,KMHV,101253.0,19.1,8.7,93916.0,293.67,1.11407
2026-06-10 12:55,KMHV,101286.9,18.8,10.7,93947.5,293.37,1.11558
2026-06-10 13:55,KMHV,101320.8,20.7,10.8,93978.9,295.27,1.10878
2026-06-10 14:55,KMHV,101388.5,23.0,11.1,94041.7,297.57,1.10094
2026-06-10 15:55,KMHV,101388.5,25.3,10.8,94041.7,299.87,1.09250
2026-06-10 16:35,KMHV,101388.5,26.8,10.4,94041.7,301.37,1.08706
2026-06-10 17:55,KMHV,101388.5,29.1,9.3,94041.7,303.67,1.07883
2026-06-10 18:55,KMHV,101320.8,31.7,6.3,93978.9,306.27,1.06895
2026-06-10 19:55,KMHV,101286.9,33.5,5.1,93947.5,308.07,1.06235
2026-06-10 20:55,KMHV,101185.3,34.4,4.9,93853.2,308.97,1.05820
2026-06-10 21:55,KMHV,101117.6,35.4,4.6,93790.4,309.97,1.05408
2026-06-10 22:55,KMHV,101049.8,36.2,4.0,93727.6,310.77,1.05066
2026-06-10 23:55,KMHV,101016.0,35.0,10.8,93696.2,309.57,1.05438
2026-06-11 00:55,KMHV,100982.1,32.8,12.4,93664.8,307.37,1.06157
2026-06-11 01:55,KMHV,101016.0,30.2,12.6,93696.2,304.77,1.07098
2026-06-11 02:55,KMHV,101016.0,27.8,12.4,93696.2,302.37,1.07948
2026-06-11 03:55,KMHV,101016.0,25.9,12.3,93696.2,300.47,1.08631
2026-06-11 04:55,KMHV,101083.7,25.0,11.9,93759.0,299.57,1.09030
2026-06-11 05:55,KMHV,101083.7,25.5,10.3,93759.0,300.07,1.08849
2026-06-11 06:55,KMHV,101049.8,25.6,8.8,93727.6,300.17,1.08776
2026-06-11 07:55,KMHV,101016.0,24.9,6.5,93696.2,299.47,1.08994
2026-06-11 08:55,KMHV,101049.8,23.6,7.5,93727.6,298.17,1.09506
2026-06-11 09:55,KMHV,101016.0,21.1,5.2,93696.2,295.67,1.10394
2026-06-11 10:55,KMHV,101049.8,18.4,4.4,93727.6,292.97,1.11449
2026-06-11 11:55,KMHV,101117.6,19.3,5.7,93790.4,293.87,1.11182
2026-06-11 12:55,KMHV,101117.6,17.2,2.8,93790.4,291.77,1.11983
2026-06-11 13:55,KMHV,101219.2,22.2,4.2,93884.6,296.77,1.10207
2026-06-11 14:55,KMHV,101253.0,25.6,4.9,93916.0,300.17,1.08995
2026-06-11 15:55,KMHV,101286.9,27.3,6.8,93947.5,301.87,1.08417
2026-06-11 16:55,KMHV,101320.8,29.9,5.1,93978.9,304.47,1.07527
2026-06-11 17:55,KMHV,101320.8,31.6,5.6,93978.9,306.17,1.06930
2026-06-11 18:55,KMHV,101286.9,33.5,3.0,93947.5,308.07,1.06235
2026-06-11 19:55,KMHV,101253.0,35.2,1.3,93916.0,309.77,1.05617
2026-06-11 20:55,KMHV,101219.2,36.7,1.7,93884.6,311.27,1.05073
2026-06-11 21:55,KMHV,101151.4,37.7,3.2,93821.8,312.27,1.04666
2026-06-11 22:55,KMHV,101117.6,37.5,4.0,93790.4,312.07,1.04698
2026-06-11 23:55,KMHV,101083.7,36.5,6.3,93759.0,311.07,1.05000
2026-06-12 00:55,KMHV,101083.7,35.7,1.9,93759.0,310.27,1.05270
2026-06-12 01:55,KMHV,101117.6,33.6,8.3,93790.4,308.17,1.06023
2026-06-12 02:55,KMHV,101117.6,31.2,8.3,93790.4,305.77,1.06855
2026-06-12 03:55,KMHV,101117.6,29.8,7.1,93790.4,304.37,1.07347
2026-06-12 04:55,KMHV,101219.2,28.9,7.5,93884.6,303.47,1.07773
2026-06-12 05:55,KMHV,101253.0,27.8,7.6,93916.0,302.37,1.08202
2026-06-12 06:55,KMHV,101286.9,27.5,7.9,93947.5,302.07,1.08345
2026-06-12 07:55,KMHV,101286.9,27.5,7.9,93947.5,302.07,1.08345
2026-06-12 08:55,KMHV,101253.0,26.6,8.0,93916.0,301.17,1.08633
2026-06-12 09:55,KMHV,101219.2,26.7,6.7,93884.6,301.27,1.08560
2026-06-12 10:55,KMHV,101219.2,25.9,6.1,93884.6,300.47,1.08849
2026-06-12 11:55,KMHV,101219.2,23.6,6.1,93884.6,298.17,1.09689
2026-06-12 12:55,KMHV,101253.0,23.8,5.7,93916.0,298.37,1.09652
2026-06-12 13:55,KMHV,101320.8,24.6,6.3,93978.9,299.17,1.09432
2026-06-12 14:55,KMHV,101354.6,27.2,7.0,94010.3,301.77,1.08526
2026-06-12 15:55,KMHV,101388.5,29.8,6.8,94041.7,304.37,1.07634
2026-06-12 16:55,KMHV,101388.5,31.4,5.5,94041.7,305.97,1.07072
2026-06-12 17:55,KMHV,101354.6,34.0,6.1,94010.3,308.57,1.06134
2026-06-12 18:55,KMHV,101320.8,35.7,3.7,93978.9,310.27,1.05517
2026-06-12 19:55,KMHV,101286.9,37.0,2.9,93947.5,311.57,1.05042
2026-06-12 20:55,KMHV,101185.3,37.5,5.5,93853.2,312.07,1.04768
2026-06-12 21:55,KMHV,101151.4,38.3,6.3,93821.8,312.87,1.04466
2026-06-12 22:55,KMHV,101117.6,38.3,4.6,93790.4,312.87,1.04431
2026-06-12 23:55,KMHV,101117.6,37.2,6.6,93790.4,311.77,1.04799
2026-06-13 00:55,KMHV,101083.7,35.4,6.6,93759.0,309.97,1.05372
2026-06-13 01:55,KMHV,101117.6,33.8,5.4,93790.4,308.37,1.05954
2026-06-13 02:55,KMHV,101151.4,32.0,4.7,93821.8,306.57,1.06612
2026-06-13 03:55,KMHV,101185.3,30.4,5.6,93853.2,304.97,1.07207
2026-06-13 04:55,KMHV,101219.2,29.6,5.0,93884.6,304.17,1.07525
2026-06-13 05:15,KMHV,101253.0,29.6,4.1,93916.0,304.17,1.07561
2026-06-13 06:55,KMHV,101286.9,28.8,3.7,93947.5,303.37,1.07881
2026-06-13 07:55,KMHV,101253.0,27.6,3.3,93916.0,302.17,1.08273
2026-06-13 18:55,KMHV,101286.9,35.6,4.6,93947.5,310.17,1.05516
2026-06-13 19:55,KMHV,101286.9,36.7,3.8,93947.5,311.27,1.05143
2026-06-13 20:55,KMHV,101219.2,37.1,5.2,93884.6,311.67,1.04938
2026-06-13 21:55,KMHV,101219.2,37.2,3.9,93884.6,311.77,1.04904
2026-06-13 22:55,KMHV,101185.3,37.0,3.8,93853.2,311.57,1.04937
2026-06-13 23:55,KMHV,101185.3,35.8,5.2,93853.2,310.37,1.05342
2026-06-14 00:55,KMHV,101151.4,35.1,3.6,93821.8,309.67,1.05545
2026-06-14 01:55,KMHV,101185.3,33.7,6.2,93853.2,308.27,1.06060
2026-06-14 02:55,KMHV,101219.2,31.6,6.6,93884.6,306.17,1.06823
2026-06-14 03:55,KMHV,101253.0,30.5,5.6,93916.0,305.07,1.07244
2026-06-14 04:55,KMHV,101286.9,29.1,6.4,93947.5,303.67,1.07775
2026-06-14 05:55,KMHV,101320.8,27.7,6.0,93978.9,302.27,1.08310
2026-06-14 06:55,KMHV,101320.8,27.3,3.7,93978.9,301.87,1.08453
2026-06-14 07:55,KMHV,101320.8,26.8,3.9,93978.9,301.37,1.08633
2026-06-14 08:55,KMHV,101320.8,26.8,3.4,93978.9,301.37,1.08633
2026-06-14 09:55,KMHV,101320.8,26.7,2.4,93978.9,301.27,1.08669
2026-06-14 10:55,KMHV,101320.8,26.6,2.1,93978.9,301.17,1.08705
2026-06-14 11:55,KMHV,101354.6,25.5,1.2,94010.3,300.07,1.09140
2026-06-14 12:55,KMHV,101388.5,25.3,1.4,94041.7,299.87,1.09250
2026-06-14 13:55,KMHV,101456.2,25.8,1.8,94104.5,300.37,1.09141
2026-06-14 14:55,KMHV,101490.1,28.2,3.1,94135.9,302.77,1.08312
2026-06-14 15:55,KMHV,101523.9,30.6,4.3,94167.3,305.17,1.07496
2026-06-14 16:55,KMHV,101523.9,32.3,4.9,94167.3,306.87,1.06900
2026-06-14 17:55,KMHV,101557.8,33.9,1.7,94198.7,308.47,1.06381
2026-06-14 18:55,KMHV,101557.8,35.2,1.5,94198.7,309.77,1.05935
2026-06-14 19:55,KMHV,101557.8,35.6,1.9,94198.7,310.17,1.05798
2026-06-14 20:55,KMHV,101490.1,36.8,1.5,94135.9,311.37,1.05320
2026-06-14 21:55,KMHV,101456.2,36.6,1.4,94104.5,311.17,1.05353
2026-06-14 22:55,KMHV,101388.5,37.2,1.3,94041.7,311.77,1.05080
2026-06-14 23:55,KMHV,101388.5,36.4,1.2,94041.7,310.97,1.05350
2026-06-15 00:55,KMHV,101388.5,34.4,6.0,94041.7,308.97,1.06032
2026-06-15 01:55,KMHV,101422.4,32.9,6.3,94073.1,307.47,1.06585
2026-06-15 02:55,KMHV,101456.2,31.3,3.3,94104.5,305.87,1.07178
2026-06-15 03:55,KMHV,101490.1,29.8,2.9,94135.9,304.37,1.07742
2026-06-15 04:55,KMHV,101523.9,28.5,3.6,94167.3,303.07,1.08241
2026-06-15 05:55,KMHV,101557.8,27.6,5.1,94198.7,302.17,1.08599
2026-06-15 06:55,KMHV,101591.7,26.1,4.3,94230.1,300.67,1.09177
2026-06-15 07:55,KMHV,101591.7,25.6,3.0,94230.1,300.17,1.09359
2026-06-15 08:55,KMHV,101591.7,25.5,1.6,94230.1,300.07,1.09396
2026-06-15 09:55,KMHV,101557.8,25.1,1.2,94198.7,299.67,1.09505
2026-06-15 10:55,KMHV,101523.9,24.7,2.2,94167.3,299.27,1.09615
2026-06-15 11:55,KMHV,101557.8,24.4,2.3,94198.7,298.97,1.09762
2026-06-15 12:55,KMHV,101591.7,24.1,3.9,94230.1,298.67,1.09908
2026-06-15 13:55,KMHV,101659.4,25.3,4.8,94293.0,299.87,1.09542
2026-06-15 14:55,KMHV,101727.1,28.3,3.6,94355.8,302.87,1.08529
2026-06-15 15:55,KMHV,101727.1,29.7,6.4,94355.8,304.27,1.08029
2026-06-15 16:55,KMHV,101727.1,31.4,5.6,94355.8,305.97,1.07429
2026-06-15 17:55,KMHV,101727.1,32.7,4.8,94355.8,307.27,1.06975
2026-06-15 18:55,KMHV,101727.1,34.0,4.7,94355.8,308.57,1.06524
2026-06-15 19:55,KMHV,101693.3,35.7,4.1,94324.4,310.27,1.05905
2026-06-15 20:35,KMHV,101659.4,36.0,0.9,94293.0,310.57,1.05768
2026-06-15 21:55,KMHV,101591.7,37.2,1.8,94230.1,311.77,1.05290
2026-06-15 22:55,KMHV,101557.8,36.6,1.1,94198.7,311.17,1.05458
2026-06-15 23:55,KMHV,101523.9,37.0,2.6,94167.3,311.57,1.05288
2026-06-16 00:55,KMHV,101523.9,35.8,4.0,94167.3,310.37,1.05695
2026-06-16 01:55,KMHV,101523.9,34.1,3.8,94167.3,308.67,1.06277
2026-06-16 02:55,KMHV,101557.8,31.5,5.5,94198.7,306.07,1.07215
2026-06-16 03:55,KMHV,101591.7,29.9,6.6,94230.1,304.47,1.07815
2026-06-16 04:55,KMHV,101591.7,29.1,6.5,94230.1,303.67,1.08099
2026-06-16 05:55,KMHV,101625.5,29.2,5.5,94261.6,303.77,1.08099
2026-06-16 06:55,KMHV,101591.7,28.7,5.6,94230.1,303.27,1.08241
2026-06-16 07:55,KMHV,101591.7,28.5,7.1,94230.1,303.07,1.08313
2026-06-16 08:55,KMHV,101557.8,28.1,6.3,94198.7,302.67,1.08420
2026-06-16 09:55,KMHV,101490.1,27.8,6.0,94135.9,302.37,1.08455
2026-06-16 10:55,KMHV,101523.9,27.0,6.4,94167.3,301.57,1.08779
2026-06-16 11:55,KMHV,101591.7,25.5,7.2,94230.1,300.07,1.09396
2026-06-16 12:55,KMHV,101591.7,24.8,7.5,94230.1,299.37,1.09651
2026-06-16 13:55,KMHV,101591.7,26.9,9.3,94230.1,301.47,1.08888
2026-06-16 14:55,KMHV,101625.5,29.2,9.0,94261.6,303.77,1.08099
2026-06-16 15:55,KMHV,101659.4,31.3,7.1,94293.0,305.87,1.07393
2026-06-16 16:55,KMHV,101625.5,32.7,6.8,94261.6,307.27,1.06868
2026-06-16 17:55,KMHV,101591.7,35.4,5.0,94230.1,309.97,1.05902
2026-06-16 18:55,KMHV,101557.8,36.1,4.6,94198.7,310.67,1.05628
2026-06-16 19:55,KMHV,101523.9,36.9,3.9,94167.3,311.47,1.05321
2026-06-16 20:55,KMHV,101456.2,37.2,3.5,94104.5,311.77,1.05150
2026-06-16 21:55,KMHV,101422.4,37.5,6.1,94073.1,312.07,1.05014
2026-06-16 22:55,KMHV,101388.5,37.0,7.6,94041.7,311.57,1.05147
2026-06-16 23:55,KMHV,101354.6,37.3,1.9,94010.3,311.87,1.05011
2026-06-17 00:55,KMHV,101286.9,35.7,2.8,93947.5,310.27,1.05482
2026-06-17 01:55,KMHV,101286.9,34.2,3.3,93947.5,308.77,1.05994
2026-06-17 02:55,KMHV,101286.9,31.8,5.3,93947.5,306.37,1.06825
2026-06-17 03:55,KMHV,101320.8,30.6,7.2,93978.9,305.17,1.07281
2026-06-17 04:55,KMHV,101320.8,29.1,7.7,93978.9,303.67,1.07811
2026-06-17 05:15,KMHV,101354.6,28.5,7.7,94010.3,303.07,1.08060
2026-06-17 06:55,KMHV,101286.9,28.4,7.2,93947.5,302.97,1.08024
2026-06-17 07:55,KMHV,101286.9,27.6,8.5,93947.5,302.17,1.08309
2026-06-17 08:35,KMHV,101253.0,27.3,8.2,93916.0,301.87,1.08381
2026-06-17 09:15,KMHV,101219.2,27.0,8.0,93884.6,301.57,1.08452
2026-06-17 11:55,KMHV,101151.4,25.6,6.3,93821.8,300.17,1.08885
2026-06-17 12:55,KMHV,101219.2,25.2,5.4,93884.6,299.77,1.09104
2026-06-17 14:35,KMHV,101253.0,28.2,4.5,93916.0,302.77,1.08059
2026-06-17 15:35,KMHV,101286.9,29.4,5.1,93947.5,303.97,1.07668
2026-06-17 16:55,KMHV,101286.9,31.9,5.2,93947.5,306.47,1.06790
2026-06-17 17:55,KMHV,101253.0,33.7,4.9,93916.0,308.27,1.06131
2026-06-17 18:55,KMHV,101219.2,34.4,4.6,93884.6,308.97,1.05855
2026-06-17 19:55,KMHV,101219.2,35.4,3.9,93884.6,309.97,1.05513
2026-06-17 20:55,KMHV,101185.3,36.0,5.5,93853.2,310.57,1.05274
2026-06-17 21:55,KMHV,101117.6,35.6,6.1,93790.4,310.17,1.05340
2026-06-17 22:55,KMHV,101083.7,35.3,5.7,93759.0,309.87,1.05406
2026-06-17 23:55,KMHV,101049.8,34.4,5.9,93727.6,308.97,1.05678
2026-06-18 00:55,KMHV,101049.8,33.6,3.4,93727.6,308.17,1.05952
2026-06-18 01:55,KMHV,101083.7,31.9,2.1,93759.0,306.47,1.06576
2026-06-18 02:55,KMHV,101049.8,30.0,0.9,93727.6,304.57,1.07205
2026-06-18 03:55,KMHV,101083.7,29.0,0.7,93759.0,303.57,1.07594
2026-06-18 04:55,KMHV,101083.7,28.3,3.9,93759.0,302.87,1.07842
2026-06-18 05:55,KMHV,101151.4,28.2,4.0,93821.8,302.77,1.07950
2026-06-18 06:55,KMHV,101117.6,27.1,5.0,93790.4,301.67,1.08308
2026-06-18 07:55,KMHV,101083.7,26.5,4.3,93759.0,301.07,1.08487
2026-06-18 08:55,KMHV,101049.8,25.8,4.8,93727.6,300.37,1.08704
2026-06-18 09:55,KMHV,101049.8,26.0,4.5,93727.6,300.57,1.08631
2026-06-18 10:55,KMHV,101083.7,25.9,4.6,93759.0,300.47,1.08704
2026-06-18 11:55,KMHV,101083.7,25.5,4.8,93759.0,300.07,1.08849
2026-06-18 12:55,KMHV,101151.4,25.0,4.9,93821.8,299.57,1.09103
2026-06-18 13:55,KMHV,101185.3,24.5,4.3,93853.2,299.07,1.09322
2026-06-18 14:55,KMHV,101253.0,26.7,5.1,93916.0,301.27,1.08597
2026-06-18 15:55,KMHV,101286.9,28.1,5.1,93947.5,302.67,1.08131
2026-06-18 16:55,KMHV,101286.9,31.3,6.8,93947.5,305.87,1.06999
2026-06-18 17:55,KMHV,101253.0,32.6,5.8,93916.0,307.17,1.06511
2026-06-18 18:55,KMHV,101253.0,33.2,5.2,93916.0,307.77,1.06303
2026-06-18 19:55,KMHV,101219.2,34.5,4.3,93884.6,309.07,1.05821
2026-06-18 20:55,KMHV,101185.3,35.8,6.2,93853.2,310.37,1.05342
2026-06-18 21:55,KMHV,101185.3,35.4,6.0,93853.2,309.97,1.05478
2026-06-18 22:55,KMHV,101185.3,35.3,6.5,93853.2,309.87,1.05512
2026-06-18 23:55,KMHV,101151.4,34.6,6.0,93821.8,309.17,1.05716
2026-06-19 00:55,KMHV,101117.6,33.3,5.3,93790.4,307.87,1.06127
2026-06-19 01:55,KMHV,101151.4,31.6,3.8,93821.8,306.17,1.06752
2026-06-19 02:55,KMHV,101151.4,29.1,1.6,93821.8,303.67,1.07630
2026-06-19 03:55,KMHV,101151.4,27.8,0.5,93821.8,302.37,1.08093
2026-06-19 04:55,KMHV,101185.3,27.0,1.4,93853.2,301.57,1.08416
2026-06-19 05:55,KMHV,101253.0,26.6,1.8,93916.0,301.17,1.08633
2026-06-19 06:55,KMHV,101253.0,25.3,1.4,93916.0,299.87,1.09104
2026-06-19 07:55,KMHV,101286.9,24.7,1.7,93947.5,299.27,1.09359
2026-06-19 08:55,KMHV,101253.0,23.9,0.8,93916.0,298.47,1.09615
2026-06-19 09:55,KMHV,101253.0,23.1,-0.5,93916.0,297.67,1.09910
2026-06-19 10:55,KMHV,101253.0,22.2,-2.0,93916.0,296.77,1.10243
2026-06-19 11:55,KMHV,101253.0,20.2,-1.6,93916.0,294.77,1.10991
2026-06-19 12:55,KMHV,101286.9,18.7,-0.9,93947.5,293.27,1.11596
2026-06-19 13:55,KMHV,101320.8,18.4,2.4,93978.9,292.97,1.11748
2026-06-19 14:55,KMHV,101354.6,22.6,1.5,94010.3,297.17,1.10205
2026-06-19 15:55,KMHV,101388.5,25.1,2.5,94041.7,299.67,1.09323
2026-06-19 16:55,KMHV,101354.6,26.9,1.9,94010.3,301.47,1.08634
2026-06-19 17:55,KMHV,101354.6,30.2,4.0,94010.3,304.77,1.07457
2026-06-19 18:55,KMHV,101354.6,31.0,4.4,94010.3,305.57,1.07176
2026-06-19 19:55,KMHV,101354.6,31.9,5.7,94010.3,306.47,1.06861
2026-06-19 20:55,KMHV,101320.8,32.8,6.3,93978.9,307.37,1.06513
2026-06-19 21:55,KMHV,101253.0,32.4,6.6,93916.0,306.97,1.06580
2026-06-19 22:55,KMHV,101253.0,31.6,6.6,93916.0,306.17,1.06859
2026-06-19 23:55,KMHV,101253.0,30.3,6.2,93916.0,304.87,1.07314
2026-06-20 00:55,KMHV,101253.0,28.8,6.5,93916.0,303.37,1.07845
2026-06-20 01:55,KMHV,101286.9,27.0,6.9,93947.5,301.57,1.08525
2026-06-20 02:55,KMHV,101320.8,25.3,3.9,93978.9,299.87,1.09177
2026-06-20 03:55,KMHV,101354.6,23.7,5.8,94010.3,298.27,1.09799
2026-06-20 04:55,KMHV,101388.5,22.8,5.6,94041.7,297.37,1.10168
2026-06-20 05:55,KMHV,101388.5,22.9,4.3,94041.7,297.47,1.10131
2026-06-20 06:55,KMHV,101388.5,21.5,5.8,94041.7,296.07,1.10652
2026-06-20 07:55,KMHV,101320.8,21.8,5.1,93978.9,296.37,1.10466
2026-06-20 08:55,KMHV,101286.9,21.3,4.5,93947.5,295.87,1.10616
2026-06-20 09:55,KMHV,101286.9,21.0,4.6,93947.5,295.57,1.10728
2026-06-20 10:55,KMHV,101286.9,19.6,4.5,93947.5,294.17,1.11255
2026-06-20 11:55,KMHV,101286.9,19.1,4.1,93947.5,293.67,1.11444
2026-06-20 12:55,KMHV,101286.9,18.3,4.8,93947.5,292.87,1.11749
2026-06-20 13:55,KMHV,101320.8,20.9,5.2,93978.9,295.47,1.10802
2026-06-20 14:55,KMHV,101354.6,23.8,2.1,94010.3,298.37,1.09762
2026-06-20 15:55,KMHV,101388.5,24.7,3.9,94041.7,299.27,1.09469
2026-06-20 16:55,KMHV,101388.5,27.0,2.8,94041.7,301.57,1.08634
2026-06-20 17:55,KMHV,101354.6,28.8,3.1,94010.3,303.37,1.07953
2026-06-20 18:55,KMHV,101354.6,31.2,-2.1,94010.3,305.77,1.07106
2026-06-20 19:55,KMHV,101286.9,31.8,2.9,93947.5,306.37,1.06825
2026-06-20 20:55,KMHV,101253.0,32.4,3.7,93916.0,306.97,1.06580
2026-06-20 21:55,KMHV,101253.0,33.4,-0.6,93916.0,307.97,1.06234
2026-06-20 22:55,KMHV,101219.2,31.8,4.2,93884.6,306.37,1.06753
2026-06-20 23:55,KMHV,101185.3,30.2,6.1,93853.2,304.77,1.07278
2026-06-21 00:55,KMHV,101185.3,28.8,5.9,93853.2,303.37,1.07773
2026-06-21 01:55,KMHV,101185.3,27.0,7.0,93853.2,301.57,1.08416
2026-06-21 02:55,KMHV,101185.3,24.9,7.7,93853.2,299.47,1.09176
2026-06-21 03:55,KMHV,101185.3,23.3,7.5,93853.2,297.87,1.09763
2026-06-21 04:55,KMHV,101219.2,23.2,6.3,93884.6,297.77,1.09836
2026-06-21 05:55,KMHV,101185.3,22.4,6.5,93853.2,296.97,1.10095
2026-06-21 06:55,KMHV,101151.4,22.1,4.7,93821.8,296.67,1.10170
2026-06-21 07:55,KMHV,101151.4,21.3,7.6,93821.8,295.87,1.10468
2026-06-21 08:55,KMHV,101117.6,20.9,8.8,93790.4,295.47,1.10580
2026-06-21 09:55,KMHV,101117.6,20.6,9.6,93790.4,295.17,1.10693
2026-06-21 10:55,KMHV,101117.6,20.1,5.6,93790.4,294.67,1.10881
2026-06-21 11:55,KMHV,101117.6,19.8,10.0,93790.4,294.37,1.10994
2026-06-21 12:55,KMHV,101151.4,18.2,6.7,93821.8,292.77,1.11637
2026-06-21 13:55,KMHV,101185.3,21.0,8.8,93853.2,295.57,1.10617
2026-06-21 14:55,KMHV,101219.2,22.0,8.2,93884.6,296.57,1.10281
2026-06-21 15:55,KMHV,101219.2,25.0,7.8,93884.6,299.57,1.09176
2026-06-21 16:55,KMHV,101219.2,26.6,7.4,93884.6,301.17,1.08596
2026-06-21 17:55,KMHV,101219.2,28.2,7.8,93884.6,302.77,1.08023
2026-06-21 18:55,KMHV,101185.3,30.3,6.7,93853.2,304.87,1.07243
2026-06-21 19:55,KMHV,101151.4,31.5,4.3,93821.8,306.07,1.06786
2026-06-21 20:55,KMHV,101083.7,32.1,7.7,93759.0,306.67,1.06506
2026-06-21 21:55,KMHV,101083.7,32.6,8.3,93759.0,307.17,1.06333
2026-06-21 22:55,KMHV,101016.0,33.2,8.8,93696.2,307.77,1.06054
2026-06-21 23:55,KMHV,100982.1,31.8,8.4,93664.8,306.37,1.06503
2026-06-22 00:55,KMHV,100982.1,30.5,6.4,93664.8,305.07,1.06957
2026-06-22 01:55,KMHV,101049.8,28.3,6.8,93727.6,302.87,1.07806
2026-06-22 02:55,KMHV,101083.7,26.3,7.4,93759.0,300.87,1.08559
2026-06-22 03:55,KMHV,101117.6,24.9,6.7,93790.4,299.47,1.09103
2026-06-22 04:55,KMHV,101185.3,24.3,5.6,93853.2,298.87,1.09396
2026-06-22 05:55,KMHV,101185.3,23.7,5.9,93853.2,298.27,1.09616
2026-06-22 06:55,KMHV,101185.3,23.2,3.0,93853.2,297.77,1.09800
2026-06-22 07:55,KMHV,101185.3,23.1,3.6,93853.2,297.67,1.09837
2026-06-22 08:55,KMHV,101185.3,22.8,5.2,93853.2,297.37,1.09947
2026-06-22 09:55,KMHV,101151.4,22.3,7.4,93821.8,296.87,1.10096
2026-06-22 10:55,KMHV,101185.3,21.8,8.9,93853.2,296.37,1.10318
2026-06-22 11:55,KMHV,101219.2,21.5,9.4,93884.6,296.07,1.10467
2026-06-22 12:55,KMHV,101253.0,21.2,8.5,93916.0,295.77,1.10616
2026-06-22 13:55,KMHV,101320.8,23.0,7.1,93978.9,297.57,1.10021
2026-06-22 14:55,KMHV,101354.6,24.3,7.0,94010.3,298.87,1.09579
2026-06-22 15:55,KMHV,101422.4,26.0,7.3,94073.1,300.57,1.09032
2026-06-22 16:15,KMHV,101422.4,27.0,7.2,94073.1,301.57,1.08670
2026-06-22 17:55,KMHV,101456.2,29.2,6.6,94104.5,303.77,1.07919
2026-06-22 18:55,KMHV,101456.2,30.2,5.4,94104.5,304.77,1.07565
2026-06-22 19:55,KMHV,101456.2,31.2,4.9,94104.5,305.77,1.07213
2026-06-22 20:55,KMHV,101388.5,32.1,2.8,94041.7,306.67,1.06827
2026-06-22 21:55,KMHV,101354.6,34.1,4.2,94010.3,308.67,1.06100
2026-06-22 22:55,KMHV,101320.8,34.8,3.3,93978.9,309.37,1.05824
2026-06-22 23:55,KMHV,101320.8,34.3,-0.1,93978.9,308.87,1.05996
2026-06-23 00:55,KMHV,101320.8,33.7,1.4,93978.9,308.27,1.06202
2026-06-23 01:55,KMHV,101388.5,31.7,3.7,94041.7,306.27,1.06967
2026-06-23 02:55,KMHV,101422.4,29.0,4.7,94073.1,303.57,1.07954
2026-06-23 03:55,KMHV,101490.1,26.5,6.5,94135.9,301.07,1.08923
2026-06-23 04:55,KMHV,101591.7,24.5,5.0,94230.1,299.07,1.09761
2026-06-23 05:55,KMHV,101625.5,23.7,6.9,94261.6,298.27,1.10093
2026-06-23 06:55,KMHV,101625.5,23.3,6.8,94261.6,297.87,1.10240
2026-06-23 07:55,KMHV,101591.7,22.5,6.9,94230.1,297.07,1.10500
2026-06-23 08:55,KMHV,101591.7,21.4,6.9,94230.1,295.97,1.10911
2026-06-23 09:55,KMHV,101625.5,21.6,6.3,94261.6,296.17,1.10873
2026-06-23 10:55,KMHV,101659.4,20.8,6.5,94293.0,295.37,1.11210
2026-06-23 11:55,KMHV,101659.4,19.3,6.4,94293.0,293.87,1.11778
2026-06-23 12:55,KMHV,101727.1,19.6,6.6,94355.8,294.17,1.11739
2026-06-23 13:55,KMHV,101761.0,22.1,7.1,94387.2,296.67,1.10834
2026-06-23 14:55,KMHV,101794.9,24.7,6.9,94418.6,299.27,1.09907
2026-06-23 15:55,KMHV,101828.7,26.8,6.7,94450.0,301.37,1.09178
2026-06-23 16:55,KMHV,101828.7,29.1,6.6,94450.0,303.67,1.08351
2026-06-23 17:55,KMHV,101828.7,31.3,4.6,94450.0,305.87,1.07572
2026-06-23 18:55,KMHV,101794.9,34.1,-3.0,94418.6,308.67,1.06560
2026-06-23 19:55,KMHV,101761.0,36.2,-3.3,94387.2,310.77,1.05805
2026-06-23 20:55,KMHV,101693.3,36.2,-2.9,94324.4,310.77,1.05735
2026-06-23 21:55,KMHV,101659.4,36.8,-2.9,94293.0,311.37,1.05496
2026-06-23 22:55,KMHV,101591.7,37.3,-1.2,94230.1,311.87,1.05257
2026-06-23 23:55,KMHV,101591.7,36.8,-4.6,94230.1,311.37,1.05426
2026-06-24 00:55,KMHV,101557.8,35.7,-2.1,94198.7,310.27,1.05764
2026-06-24 01:55,KMHV,101557.8,33.6,-1.4,94198.7,308.17,1.06485
2026-06-24 02:55,KMHV,101591.7,32.5,0.9,94230.1,307.07,1.06902
2026-06-24 03:55,KMHV,101625.5,30.2,1.4,94261.6,304.77,1.07745
2026-06-24 04:55,KMHV,101659.4,28.2,8.0,94293.0,302.77,1.08492
2026-06-24 05:55,KMHV,101727.1,26.7,8.2,94355.8,301.27,1.09105
2026-06-24 06:55,KMHV,101727.1,26.1,7.7,94355.8,300.67,1.09323
2026-06-24 07:55,KMHV,101693.3,25.0,8.1,94324.4,299.57,1.09688
2026-06-24 08:55,KMHV,101659.4,24.5,8.5,94293.0,299.07,1.09835
2026-06-24 09:55,KMHV,101625.5,24.0,7.7,94261.6,298.57,1.09982
2026-06-24 10:55,KMHV,101591.7,24.0,8.2,94230.1,298.57,1.09945
2026-06-24 11:55,KMHV,101625.5,23.4,8.8,94261.6,297.97,1.10203
2026-06-24 12:55,KMHV,101591.7,22.3,8.6,94230.1,296.87,1.10575
2026-06-24 13:55,KMHV,101625.5,24.2,9.0,94261.6,298.77,1.09908
2026-06-24 14:55,KMHV,101659.4,27.5,8.4,94293.0,302.07,1.08744
2026-06-24 15:55,KMHV,101659.4,29.2,7.1,94293.0,303.77,1.08135
2026-06-24 16:55,KMHV,101659.4,31.4,1.1,94293.0,305.97,1.07358
2026-06-24 17:55,KMHV,101625.5,32.7,-1.6,94261.6,307.27,1.06868
2026-06-24 18:55,KMHV,101625.5,33.7,-3.0,94261.6,308.27,1.06521
2026-06-24 19:55,KMHV,101557.8,34.7,-5.8,94198.7,309.27,1.06106
2026-06-24 20:55,KMHV,101490.1,35.3,-7.7,94135.9,309.87,1.05830
2026-06-24 21:55,KMHV,101456.2,35.8,-3.6,94104.5,310.37,1.05624
2026-06-24 22:55,KMHV,101388.5,34.9,0.3,94041.7,309.47,1.05861
2026-06-24 23:55,KMHV,101354.6,34.4,2.0,94010.3,308.97,1.05997
2026-06-25 00:55,KMHV,101320.8,33.4,2.3,93978.9,307.97,1.06305
2026-06-25 01:55,KMHV,101320.8,31.3,4.9,93978.9,305.87,1.07035
2026-06-25 02:55,KMHV,101320.8,30.0,3.9,93978.9,304.57,1.07492
2026-06-25 03:55,KMHV,101354.6,28.4,3.9,94010.3,302.97,1.08096
2026-06-25 04:55,KMHV,101422.4,26.8,4.7,94073.1,301.37,1.08742
2026-06-25 05:55,KMHV,101422.4,26.7,6.2,94073.1,301.27,1.08778
2026-06-25 06:55,KMHV,101388.5,26.0,6.1,94041.7,300.57,1.08995
2026-06-25 07:55,KMHV,101320.8,25.7,6.8,93978.9,300.27,1.09031
2026-06-25 08:55,KMHV,101286.9,24.7,6.9,93947.5,299.27,1.09359
2026-06-25 09:55,KMHV,101286.9,24.4,7.0,93947.5,298.97,1.09469
2026-06-25 10:55,KMHV,101286.9,23.4,7.5,93947.5,297.97,1.09836
2026-06-25 11:55,KMHV,101253.0,23.2,7.7,93916.0,297.77,1.09873
2026-06-25 12:55,KMHV,101253.0,23.0,6.7,93916.0,297.57,1.09947
2026-06-25 13:55,KMHV,101253.0,24.4,6.8,93916.0,298.97,1.09432
2026-06-25 14:55,KMHV,101253.0,26.1,7.1,93916.0,300.67,1.08813
2026-06-25 15:55,KMHV,101286.9,27.6,6.3,93947.5,302.17,1.08309
2026-06-25 16:55,KMHV,101286.9,30.1,6.1,93947.5,304.67,1.07421
2026-06-25 17:55,KMHV,101286.9,32.1,6.3,93947.5,306.67,1.06720
2026-06-25 18:55,KMHV,101286.9,32.9,4.4,93947.5,307.47,1.06443
2026-06-25 19:55,KMHV,101219.2,33.8,2.8,93884.6,308.37,1.06061
2026-06-25 20:55,KMHV,101151.4,35.1,3.6,93821.8,309.67,1.05545
2026-06-25 21:55,KMHV,101117.6,35.6,2.0,93790.4,310.17,1.05340
2026-06-25 22:55,KMHV,101083.7,34.9,3.4,93759.0,309.47,1.05542
2026-06-25 23:55,KMHV,101049.8,34.3,3.6,93727.6,308.87,1.05712
2026-06-26 00:55,KMHV,101049.8,32.9,3.7,93727.6,307.47,1.06193
2026-06-26 01:55,KMHV,101049.8,31.2,3.3,93727.6,305.77,1.06784
2026-06-26 02:55,KMHV,101083.7,29.0,5.2,93759.0,303.57,1.07594
2026-06-26 03:55,KMHV,101117.6,27.5,5.8,93790.4,302.07,1.08164
2026-06-26 04:55,KMHV,101151.4,26.8,5.7,93821.8,301.37,1.08452
2026-06-26 05:55,KMHV,101185.3,26.3,4.8,93853.2,300.87,1.08668
2026-06-26 06:55,KMHV,101151.4,25.6,4.4,93821.8,300.17,1.08885
2026-06-26 07:55,KMHV,101151.4,24.3,5.2,93821.8,298.87,1.09359
2026-06-26 08:55,KMHV,101117.6,23.3,6.6,93790.4,297.87,1.09689
2026-06-26 09:55,KMHV,101117.6,22.6,7.6,93790.4,297.17,1.09948
2026-06-26 10:55,KMHV,101083.7,21.8,8.2,93759.0,296.37,1.10208
2026-06-26 11:55,KMHV,101083.7,22.1,7.5,93759.0,296.67,1.10096
2026-06-26 12:55,KMHV,101117.6,22.3,6.3,93790.4,296.87,1.10059
2026-06-26 13:55,KMHV,101151.4,22.1,7.2,93821.8,296.67,1.10170
2026-06-26 14:55,KMHV,101185.3,24.0,6.2,93853.2,298.57,1.09505
2026-06-26 15:55,KMHV,101219.2,25.6,3.5,93884.6,300.17,1.08958
2026-06-26 16:55,KMHV,101219.2,27.8,3.5,93884.6,302.37,1.08165
2026-06-26 17:55,KMHV,101253.0,28.8,5.4,93916.0,303.37,1.07845
2026-06-26 18:55,KMHV,101219.2,30.3,5.0,93884.6,304.87,1.07279
2026-06-26 19:55,KMHV,101219.2,31.0,4.7,93884.6,305.57,1.07033
2026-06-26 20:55,KMHV,101219.2,30.7,5.2,93884.6,305.27,1.07138
2026-06-26 21:55,KMHV,101219.2,31.0,4.9,93884.6,305.57,1.07033
2026-06-26 22:55,KMHV,101185.3,30.6,4.7,93853.2,305.17,1.07137
2026-06-26 23:55,KMHV,101151.4,29.4,3.7,93821.8,303.97,1.07524
2026-06-27 00:55,KMHV,101253.0,28.7,1.2,93916.0,303.27,1.07881
2026-06-27 01:55,KMHV,101219.2,27.6,2.5,93884.6,302.17,1.08237
2026-06-27 02:55,KMHV,101253.0,25.8,3.6,93916.0,300.37,1.08922
2026-06-27 03:55,KMHV,101286.9,24.4,3.0,93947.5,298.97,1.09469
2026-06-27 04:55,KMHV,101286.9,23.7,3.2,93947.5,298.27,1.09726
2026-06-27 05:55,KMHV,101354.6,23.0,3.0,94010.3,297.57,1.10057
2026-06-27 06:55,KMHV,101320.8,22.0,5.8,93978.9,296.57,1.10392
2026-06-27 07:55,KMHV,101253.0,20.9,9.0,93916.0,295.47,1.10728
2026-06-27 08:55,KMHV,101253.0,20.1,9.5,93916.0,294.67,1.11029
2026-06-27 09:55,KMHV,101219.2,20.0,10.4,93884.6,294.57,1.11030
2026-06-27 10:55,KMHV,101219.2,18.9,11.2,93884.6,293.47,1.11446
2026-06-27 11:55,KMHV,101185.3,17.9,11.7,93853.2,292.47,1.11789
2026-06-27 12:55,KMHV,101219.2,18.9,11.1,93884.6,293.47,1.11446
2026-06-27 13:55,KMHV,101286.9,18.7,11.4,93947.5,293.27,1.11596
2026-06-27 14:55,KMHV,101219.2,20.5,11.1,93884.6,295.07,1.10841
2026-06-27 15:55,KMHV,101320.8,21.0,10.9,93978.9,295.57,1.10765
2026-06-27 16:55,KMHV,101388.5,22.3,10.8,94041.7,296.87,1.10354
2026-06-27 17:55,KMHV,101388.5,22.6,10.9,94041.7,297.17,1.10242
2026-06-27 18:55,KMHV,101354.6,23.6,10.5,94010.3,298.17,1.09836
2026-06-27 19:55,KMHV,101253.0,24.8,9.8,93916.0,299.37,1.09286
2026-06-27 20:55,KMHV,101253.0,26.3,7.9,93916.0,300.87,1.08741
2026-06-27 21:55,KMHV,101219.2,27.1,6.6,93884.6,301.67,1.08416
2026-06-27 22:55,KMHV,101185.3,27.0,5.3,93853.2,301.57,1.08416
2026-06-27 23:55,KMHV,101117.6,26.4,3.3,93790.4,300.97,1.08560
2026-06-28 00:55,KMHV,101083.7,25.8,6.3,93759.0,300.37,1.08740
2026-06-28 01:55,KMHV,101049.8,24.7,6.8,93727.6,299.27,1.09103
2026-06-28 02:55,KMHV,101083.7,23.0,7.0,93759.0,297.57,1.09763
2026-06-28 03:55,KMHV,101117.6,21.6,6.3,93790.4,296.17,1.10319
2026-06-28 04:55,KMHV,101151.4,21.1,5.5,93821.8,295.67,1.10543
2026-06-28 05:55,KMHV,101117.6,20.6,7.8,93790.4,295.17,1.10693
2026-06-28 06:55,KMHV,101016.0,20.1,8.7,93696.2,294.67,1.10769
2026-06-28 07:55,KMHV,101049.8,18.8,6.9,93727.6,293.37,1.11297
2026-06-28 08:55,KMHV,101049.8,18.0,6.6,93727.6,292.57,1.11602
2026-06-28 09:55,KMHV,101016.0,16.9,6.7,93696.2,291.47,1.11985
2026-06-28 10:55,KMHV,101083.7,16.3,6.7,93759.0,290.87,1.12291
2026-06-28 11:55,KMHV,101049.8,15.8,6.0,93727.6,290.37,1.12447
2026-06-28 12:55,KMHV,101117.6,15.3,6.0,93790.4,289.87,1.12717
2026-06-28 13:55,KMHV,101185.3,16.0,5.9,93853.2,290.57,1.12520
2026-06-28 14:55,KMHV,101185.3,18.0,6.0,93853.2,292.57,1.11751
2026-06-28 15:55,KMHV,101185.3,19.9,6.0,93853.2,294.47,1.11030
2026-06-28 16:55,KMHV,101151.4,22.4,5.1,93821.8,296.97,1.10059
2026-06-28 17:55,KMHV,101083.7,23.5,4.1,93759.0,298.07,1.09579
2026-06-28 18:55,KMHV,101151.4,24.0,1.8,93821.8,298.57,1.09469
2026-06-28 19:55,KMHV,101185.3,24.4,3.7,93853.2,298.97,1.09359
2026-06-28 20:55,KMHV,101151.4,24.9,3.4,93821.8,299.47,1.09140
2026-06-28 21:55,KMHV,101117.6,24.8,2.1,93790.4,299.37,1.09140
2026-06-28 22:55,KMHV,100982.1,24.8,-1.0,93664.8,299.37,1.08994
2026-06-28 23:55,KMHV,100778.9,24.3,-1.1,93476.3,298.87,1.08956
2026-06-29 00:55,KMHV,100778.9,23.8,-0.7,93476.3,298.37,1.09139
2026-06-29 01:55,KMHV,100711.2,22.4,-1.0,93413.5,296.97,1.09580
2026-06-29 02:55,KMHV,100745.1,20.9,-1.6,93444.9,295.47,1.10173
2026-06-29 03:55,KMHV,100778.9,20.0,1.4,93476.3,294.57,1.10547
2026-06-29 04:55,KMHV,100880.5,19.8,3.5,93570.5,294.37,1.10733
2026-06-29 05:55,KMHV,100948.3,19.7,3.8,93633.4,294.27,1.10845
2026-06-29 06:55,KMHV,100982.1,19.4,4.0,93664.8,293.97,1.10996
2026-06-29 07:55,KMHV,100982.1,19.3,5.2,93664.8,293.87,1.11033
2026-06-29 08:55,KMHV,101016.0,19.1,4.4,93696.2,293.67,1.11146
2026-06-29 09:55,KMHV,101117.6,18.3,3.0,93790.4,292.87,1.11562
2026-06-29 10:55,KMHV,101083.7,18.3,4.8,93759.0,292.87,1.11525
2026-06-29 11:55,KMHV,101151.4,17.9,4.5,93821.8,292.47,1.11752
2026-06-29 12:55,KMHV,101219.2,14.8,3.6,93884.6,289.37,1.13025
2026-06-29 13:55,KMHV,101253.0,17.5,4.1,93916.0,292.07,1.12017
2026-06-29 14:55,KMHV,101253.0,20.5,4.3,93916.0,295.07,1.10879
2026-06-29 15:55,KMHV,101320.8,22.3,4.2,93978.9,296.87,1.10280
2026-06-29 16:55,KMHV,101286.9,24.1,1.2,93947.5,298.67,1.09579
2026-06-29 17:55,KMHV,101253.0,25.8,-2.8,93916.0,300.37,1.08922
2026-06-29 18:55,KMHV,101219.2,26.6,-2.2,93884.6,301.17,1.08596
2026-06-29 19:55,KMHV,101185.3,27.8,-3.1,93853.2,302.37,1.08129
2026-06-29 20:55,KMHV,101117.6,29.8,-0.4,93790.4,304.37,1.07347
2026-06-29 21:55,KMHV,101049.8,30.5,1.1,93727.6,305.07,1.07029
2026-06-29 22:55,KMHV,100982.1,30.5,-1.9,93664.8,305.07,1.06957
2026-06-29 23:55,KMHV,100948.3,29.7,1.0,93633.4,304.27,1.07202
2026-06-30 00:55,KMHV,100914.4,28.8,3.0,93601.9,303.37,1.07484
2026-06-30 01:55,KMHV,100948.3,26.9,2.1,93633.4,301.47,1.08198
2026-06-30 02:55,KMHV,100948.3,24.7,2.2,93633.4,299.27,1.08993
2026-06-30 03:55,KMHV,101016.0,22.7,2.2,93696.2,297.27,1.09800
2026-06-30 04:55,KMHV,101083.7,21.7,0.8,93759.0,296.27,1.10245
2026-06-30 05:55,KMHV,101117.6,20.9,-0.6,93790.4,295.47,1.10580
2026-06-30 06:55,KMHV,101117.6,20.1,0.0,93790.4,294.67,1.10881
2026-06-30 07:55,KMHV,101151.4,20.1,0.0,93821.8,294.67,1.10918
2026-06-30 08:55,KMHV,101049.8,19.5,1.9,93727.6,294.07,1.11032
2026-06-30 09:55,KMHV,101016.0,19.6,1.1,93696.2,294.17,1.10957
2026-06-30 10:55,KMHV,101049.8,19.1,1.5,93727.6,293.67,1.11184
2026-06-30 11:55,KMHV,101049.8,19.0,1.8,93727.6,293.57,1.11221
2026-06-30 12:55,KMHV,101083.7,18.5,2.3,93759.0,293.07,1.11449
2026-06-30 13:55,KMHV,101151.4,20.3,2.1,93821.8,294.87,1.10842
2026-06-30 14:55,KMHV,101185.3,22.6,2.0,93853.2,297.17,1.10021
2026-06-30 15:55,KMHV,101219.2,24.3,2.8,93884.6,298.87,1.09432
2026-06-30 16:55,KMHV,101219.2,26.4,2.7,93884.6,300.97,1.08669
2026-06-30 17:55,KMHV,101253.0,27.9,3.1,93916.0,302.47,1.08166
2026-06-30 18:55,KMHV,101253.0,28.7,3.6,93916.0,303.27,1.07881
2026-06-30 19:55,KMHV,101219.2,30.4,2.8,93884.6,304.97,1.07243
2026-06-30 20:55,KMHV,101185.3,30.4,3.4,93853.2,304.97,1.07207
2026-06-30 21:55,KMHV,101117.6,30.6,3.7,93790.4,305.17,1.07065
2026-06-30 22:55,KMHV,101117.6,30.3,4.1,93790.4,304.87,1.07171
2026-06-30 23:55,KMHV,101049.8,29.9,3.7,93727.6,304.47,1.07240
