time_utc,station,altim_pa,t_station_c,dewp_c,p_pad_pa,t_pad_k,rho_pad
2025-07-01 00:56,KNID,100982.1,36.7,3.9,93664.8,310.28,1.05163
2025-07-01 01:56,KNID,100948.3,36.1,3.9,93633.4,309.68,1.05331
2025-07-01 02:56,KNID,100982.1,33.9,-0.6,93664.8,307.48,1.06120
2025-07-01 03:56,KNID,100982.1,33.3,5.0,93664.8,306.88,1.06328
2025-07-01 04:56,KNID,101049.8,31.7,6.1,93727.6,305.28,1.06957
2025-07-01 05:56,KNID,101083.7,31.7,6.1,93759.0,305.28,1.06993
2025-07-01 06:56,KNID,101083.7,,,93759.0,,
2025-07-01 07:56,KNID,101083.7,,,93759.0,,
2025-07-01 08:56,KNID,101117.6,,,93790.4,,
2025-07-01 09:56,KNID,101083.7,,,93759.0,,
2025-07-01 10:56,KNID,101117.6,,,93790.4,,
2025-07-01 11:56,KNID,101151.4,23.9,1.7,93821.8,297.48,1.09872
2025-07-01 12:56,KNID,101185.3,21.1,1.7,93853.2,294.68,1.10953
2025-07-01 13:56,KNID,101253.0,24.4,1.7,93916.0,297.98,1.09797
2025-07-01 14:56,KNID,101320.8,28.3,5.0,93978.9,301.88,1.08451
2025-07-01 15:56,KNID,101286.9,30.0,4.4,93947.5,303.58,1.07808
2025-07-01 16:56,KNID,101286.9,30.0,3.9,93947.5,303.58,1.07808
2025-07-01 17:56,KNID,101286.9,33.9,2.8,93947.5,307.48,1.06441
2025-07-01 18:56,KNID,101219.2,35.0,1.7,93884.6,308.58,1.05990
2025-07-01 19:56,KNID,101185.3,36.1,-7.2,93853.2,309.68,1.05578
2025-07-01 20:56,KNID,101117.6,37.2,-4.4,93790.4,310.78,1.05134
2025-07-01 21:56,KNID,101049.8,37.8,-0.6,93727.6,311.38,1.04861
2025-07-01 22:56,KNID,100982.1,37.8,-2.2,93664.8,311.38,1.04791
2025-07-01 23:56,KNID,100914.4,37.2,-1.1,93601.9,310.78,1.04923
2025-07-02 00:56,KNID,100846.7,36.7,-2.8,93539.1,310.28,1.05022
2025-07-02 01:56,KNID,100846.7,35.6,-3.9,93539.1,309.18,1.05395
2025-07-02 02:56,KNID,100846.7,33.3,-5.6,93539.1,306.88,1.06185
2025-07-02 03:56,KNID,100846.7,33.3,-1.1,93539.1,306.88,1.06185
2025-07-02 04:56,KNID,100914.4,31.1,0.6,93601.9,304.68,1.07024
2025-07-02 05:56,KNID,100948.3,31.1,0.0,93633.4,304.68,1.07060
2025-07-02 06:56,KNID,100982.1,,,93664.8,,
2025-07-02 07:56,KNID,100982.1,,,93664.8,,
2025-07-02 08:56,KNID,100982.1,,,93664.8,,
2025-07-02 09:56,KNID,100948.3,,,93633.4,,
2025-07-02 10:56,KNID,101016.0,,,93696.2,,
2025-07-02 11:56,KNID,101016.0,22.2,0.6,93696.2,295.78,1.10355
2025-07-02 12:56,KNID,101049.8,21.1,-2.2,93727.6,294.68,1.10804
2025-07-02 13:56,KNID,101083.7,21.1,-2.2,93759.0,294.68,1.10841
2025-07-02 14:56,KNID,101151.4,23.3,-1.1,93821.8,296.88,1.10094
2025-07-02 15:56,KNID,101185.3,28.9,1.1,93853.2,302.48,1.08092
2025-07-02 16:56,KNID,101185.3,31.1,2.2,93853.2,304.68,1.07311
2025-07-02 17:56,KNID,101219.2,30.0,2.2,93884.6,303.58,1.07736
2025-07-02 18:56,KNID,101185.3,33.9,1.7,93853.2,307.48,1.06334
2025-07-02 19:56,KNID,101117.6,33.9,1.7,93790.4,307.48,1.06263
2025-07-02 20:56,KNID,101016.0,36.1,0.0,93696.2,309.68,1.05402
2025-07-02 21:56,KNID,100948.3,36.7,0.0,93633.4,310.28,1.05127
2025-07-02 22:56,KNID,100880.5,37.2,-2.2,93570.5,310.78,1.04888
2025-07-02 23:56,KNID,100812.8,36.7,-4.4,93507.7,310.28,1.04986
2025-07-03 00:56,KNID,100778.9,36.1,-5.0,93476.3,309.68,1.05154
2025-07-03 01:56,KNID,100778.9,36.7,-4.4,93476.3,310.28,1.04951
2025-07-03 02:56,KNID,100846.7,,,93539.1,,
2025-07-03 03:56,KNID,100948.3,,,93633.4,,
2025-07-03 04:56,KNID,101016.0,,,93696.2,,
2025-07-03 05:56,KNID,101083.7,,,93759.0,,
2025-07-03 06:56,KNID,101083.7,,,93759.0,,
2025-07-03 07:56,KNID,101117.6,,,93790.4,,
2025-07-03 08:56,KNID,101151.4,,,93821.8,,
2025-07-03 09:56,KNID,101185.3,,,93853.2,,
2025-07-03 10:56,KNID,101185.3,,,93853.2,,
2025-07-03 11:56,KNID,101219.2,,,93884.6,,
2025-07-03 12:56,KNID,101253.0,,,93916.0,,
2025-07-03 13:56,KNID,101354.6,,,94010.3,,
2025-07-03 14:56,KNID,101388.5,,,94041.7,,
2025-07-03 15:56,KNID,101422.4,,,94073.1,,
2025-07-03 16:56,KNID,101388.5,,,94041.7,,
2025-07-03 17:56,KNID,101354.6,,,94010.3,,
2025-07-03 18:56,KNID,101320.8,,,93978.9,,
2025-07-03 19:56,KNID,101253.0,,,93916.0,,
2025-07-03 20:56,KNID,101185.3,,,93853.2,,
2025-07-03 21:56,KNID,101117.6,,,93790.4,,
2025-07-03 22:56,KNID,101016.0,,,93696.2,,
2025-07-03 23:56,KNID,100948.3,,,93633.4,,
2025-07-04 00:56,KNID,100914.4,,,93601.9,,
2025-07-04 01:56,KNID,100914.4,,,93601.9,,
2025-07-04 02:56,KNID,100948.3,,,93633.4,,
2025-07-04 03:56,KNID,101049.8,,,93727.6,,
2025-07-04 04:56,KNID,101117.6,,,93790.4,,
2025-07-04 05:56,KNID,101151.4,,,93821.8,,
2025-07-04 06:56,KNID,101185.3,,,93853.2,,
2025-07-04 07:56,KNID,101185.3,,,93853.2,,
2025-07-04 08:56,KNID,101185.3,,,93853.2,,
2025-07-04 09:56,KNID,101219.2,,,93884.6,,
2025-07-04 10:56,KNID,101219.2,,,93884.6,,
2025-07-04 11:56,KNID,101286.9,,,93947.5,,
2025-07-04 12:56,KNID,101354.6,,,94010.3,,
2025-07-04 13:56,KNID,101422.4,,,94073.1,,
2025-07-04 14:56,KNID,101456.2,,,94104.5,,
2025-07-04 15:56,KNID,101490.1,,,94135.9,,
2025-07-04 16:56,KNID,101523.9,,,94167.3,,
2025-07-04 17:56,KNID,101523.9,,,94167.3,,
2025-07-04 18:56,KNID,101490.1,,,94135.9,,
2025-07-04 19:56,KNID,101456.2,,,94104.5,,
2025-07-04 20:56,KNID,101422.4,,,94073.1,,
2025-07-04 21:56,KNID,101422.4,,,94073.1,,
2025-07-04 22:56,KNID,101388.5,,,94041.7,,
2025-07-04 23:56,KNID,101388.5,,,94041.7,,
2025-07-05 00:56,KNID,101388.5,,,94041.7,,
2025-07-05 01:56,KNID,101388.5,,,94041.7,,
2025-07-05 02:56,KNID,101388.5,,,94041.7,,
2025-07-05 03:56,KNID,101456.2,,,94104.5,,
2025-07-05 04:56,KNID,101490.1,,,94135.9,,
2025-07-05 05:56,KNID,101490.1,,,94135.9,,
2025-07-05 06:56,KNID,101523.9,,,94167.3,,
2025-07-05 07:56,KNID,101523.9,,,94167.3,,
2025-07-05 08:56,KNID,101523.9,,,94167.3,,
2025-07-05 09:56,KNID,101557.8,,,94198.7,,
2025-07-05 10:56,KNID,101591.7,,,94230.1,,
2025-07-05 11:56,KNID,101625.5,,,94261.6,,
2025-07-05 12:56,KNID,101761.0,,,94387.2,,
2025-07-05 13:56,KNID,101828.7,,,94450.0,,
2025-07-05 14:56,KNID,101896.4,,,94512.8,,
2025-07-05 15:56,KNID,101930.3,,,94544.2,,
2025-07-05 16:56,KNID,101896.4,,,94512.8,,
2025-07-05 17:56,KNID,101896.4,,,94512.8,,
2025-07-05 18:56,KNID,101862.6,,,94481.4,,
2025-07-05 19:56,KNID,101794.9,,,94418.6,,
2025-07-05 20:56,KNID,101727.1,,,94355.8,,
2025-07-05 21:56,KNID,101625.5,,,94261.6,,
2025-07-05 22:56,KNID,101523.9,,,94167.3,,
2025-07-05 23:56,KNID,101456.2,,,94104.5,,
2025-07-06 00:56,KNID,101422.4,,,94073.1,,
2025-07-06 01:56,KNID,101422.4,,,94073.1,,
2025-07-06 02:56,KNID,101456.2,,,94104.5,,
2025-07-06 03:56,KNID,101490.1,,,94135.9,,
2025-07-06 04:56,KNID,101523.9,,,94167.3,,
2025-07-06 05:56,KNID,101523.9,,,94167.3,,
2025-07-06 06:56,KNID,101523.9,,,94167.3,,
2025-07-06 07:56,KNID,101523.9,,,94167.3,,
2025-07-06 08:56,KNID,101523.9,,,94167.3,,
2025-07-06 09:56,KNID,101523.9,,,94167.3,,
2025-07-06 10:56,KNID,101523.9,,,94167.3,,
2025-07-06 11:56,KNID,101523.9,,,94167.3,,
2025-07-06 12:56,KNID,101557.8,,,94198.7,,
2025-07-06 13:56,KNID,101625.5,,,94261.6,,
2025-07-06 14:56,KNID,101659.4,,,94293.0,,
2025-07-06 15:56,KNID,101693.3,,,94324.4,,
2025-07-06 16:56,KNID,101659.4,,,94293.0,,
2025-07-06 17:56,KNID,101625.5,,,94261.6,,
2025-07-06 18:56,KNID,101591.7,,,94230.1,,
2025-07-06 19:56,KNID,101523.9,,,94167.3,,
2025-07-06 20:56,KNID,101422.4,,,94073.1,,
2025-07-06 21:56,KNID,101354.6,,,94010.3,,
2025-07-06 22:56,KNID,101253.0,,,93916.0,,
2025-07-06 23:56,KNID,101219.2,,,93884.6,,
2025-07-07 00:56,KNID,101151.4,,,93821.8,,
2025-07-07 01:56,KNID,101151.4,,,93821.8,,
2025-07-07 02:56,KNID,101185.3,,,93853.2,,
2025-07-07 03:56,KNID,101219.2,,,93884.6,,
2025-07-07 04:56,KNID,101253.0,,,93916.0,,
2025-07-07 05:56,KNID,101286.9,,,93947.5,,
2025-07-07 06:56,KNID,101286.9,,,93947.5,,
2025-07-07 07:56,KNID,101286.9,,,93947.5,,
2025-07-07 08:56,KNID,101286.9,,,93947.5,,
2025-07-07 09:56,KNID,101286.9,,,93947.5,,
2025-07-07 10:56,KNID,101286.9,,,93947.5,,
2025-07-07 11:56,KNID,101320.8,21.1,-0.6,93978.9,294.68,1.11101
2025-07-07 12:56,KNID,101388.5,20.6,-0.6,94041.7,294.18,1.11364
2025-07-07 13:56,KNID,101456.2,21.7,-0.6,94104.5,295.28,1.11024
2025-07-07 14:56,KNID,101523.9,24.4,-2.2,94167.3,297.98,1.10091
2025-07-07 15:56,KNID,101557.8,24.4,-2.2,94198.7,297.98,1.10128
2025-07-07 16:56,KNID,101557.8,34.4,-0.6,94198.7,307.98,1.06552
2025-07-07 17:56,KNID,101557.8,33.9,-3.3,94198.7,307.48,1.06725
2025-07-07 18:56,KNID,101523.9,33.9,-5.0,94167.3,307.48,1.06690
2025-07-07 19:56,KNID,101490.1,36.7,-15.6,94135.9,310.28,1.05692
2025-07-07 20:56,KNID,101456.2,36.7,-15.6,94104.5,310.28,1.05656
2025-07-07 21:56,KNID,101422.4,37.8,-14.4,94073.1,311.38,1.05248
2025-07-07 22:56,KNID,101354.6,38.3,-8.3,94010.3,311.88,1.05009
2025-07-07 23:56,KNID,101354.6,38.3,-2.2,94010.3,311.88,1.05009
2025-07-08 00:56,KNID,101320.8,37.2,-4.4,93978.9,310.78,1.05346
2025-07-08 01:56,KNID,101388.5,,,94041.7,,
2025-07-08 02:56,KNID,101388.5,36.1,-9.4,94041.7,309.68,1.05790
2025-07-08 03:56,KNID,101456.2,35.0,-6.1,94104.5,308.58,1.06239
2025-07-08 04:56,KNID,101557.8,31.1,-1.1,94198.7,304.68,1.07706
2025-07-08 05:56,KNID,101625.5,,,94261.6,,
2025-07-08 06:56,KNID,101625.5,,,94261.6,,
2025-07-08 07:56,KNID,101659.4,,,94293.0,,
2025-07-08 08:56,KNID,101659.4,,,94293.0,,
2025-07-08 09:56,KNID,101659.4,,,94293.0,,
2025-07-08 10:56,KNID,101659.4,,,94293.0,,
2025-07-08 11:56,KNID,101693.3,22.2,-2.2,94324.4,295.78,1.11095
2025-07-08 12:56,KNID,101761.0,20.4,-3.3,94387.2,293.98,1.11850
2025-07-08 13:56,KNID,101828.7,23.9,-2.8,94450.0,297.48,1.10607
2025-07-08 14:56,KNID,101896.4,27.2,-1.7,94512.8,300.78,1.09466
2025-07-08 15:56,KNID,101964.2,31.1,-0.6,94575.7,304.68,1.08137
2025-07-08 16:56,KNID,101964.2,31.7,-1.1,94575.7,305.28,1.07925
2025-07-08 17:56,KNID,101964.2,37.1,-4.4,94575.7,310.68,1.06049
2025-07-08 18:56,KNID,101930.3,39.3,-4.6,94544.2,312.88,1.05268
2025-07-08 20:56,KNID,101761.0,38.3,-1.7,94387.2,311.88,1.05430
2025-07-08 21:56,KNID,101693.3,38.9,-3.3,94324.4,312.48,1.05158
2025-07-08 22:56,KNID,101591.7,39.4,-3.3,94230.1,312.98,1.04885
2025-07-08 23:56,KNID,101523.9,40.6,-1.7,94167.3,314.18,1.04415
2025-07-09 00:56,KNID,101490.1,41.1,-1.7,94135.9,314.68,1.04214
2025-07-09 01:56,KNID,101523.9,38.9,-1.7,94167.3,312.48,1.04983
2025-07-09 02:56,KNID,101591.7,36.1,1.1,94230.1,309.68,1.06002
2025-07-09 03:56,KNID,101659.4,35.0,2.2,94293.0,308.58,1.06451
2025-07-09 04:56,KNID,101727.1,33.9,3.9,94355.8,307.48,1.06903
2025-07-09 05:56,KNID,101761.0,,,94387.2,,
2025-07-09 06:56,KNID,101761.0,,,94387.2,,
2025-07-09 07:56,KNID,101761.0,,,94387.2,,
2025-07-09 08:56,KNID,101727.1,,,94355.8,,
2025-07-09 09:56,KNID,101693.3,,,94324.4,,
2025-07-09 12:56,KNID,101761.0,23.3,1.7,94387.2,296.88,1.10757
2025-07-09 13:56,KNID,101761.0,27.8,2.2,94387.2,301.38,1.09103
2025-07-09 14:56,KNID,101794.9,27.2,1.1,94418.6,300.78,1.09357
2025-07-09 15:56,KNID,101828.7,29.4,1.7,94450.0,302.98,1.08599
2025-07-09 16:56,KNID,101761.0,35.6,3.9,94387.2,309.18,1.06351
2025-07-09 17:56,KNID,101761.0,36.7,0.0,94387.2,310.28,1.05974
2025-07-09 18:56,KNID,101659.4,37.8,-2.2,94293.0,311.38,1.05494
2025-07-09 19:56,KNID,101557.8,39.4,-5.0,94198.7,312.98,1.04850
2025-07-09 20:56,KNID,101490.1,40.6,-12.8,94135.9,314.18,1.04380
2025-07-09 21:56,KNID,101422.4,41.1,-11.2,94073.1,314.68,1.04144
2025-07-09 22:56,KNID,101320.8,42.8,-10.6,93978.9,316.38,1.03481
2025-07-09 23:56,KNID,101253.0,42.8,-6.7,93916.0,316.38,1.03412
2025-07-10 00:56,KNID,101219.2,41.7,-3.9,93884.6,315.28,1.03738
2025-07-10 01:56,KNID,101219.2,38.3,-1.1,93884.6,311.88,1.04869
2025-07-10 02:56,KNID,101253.0,35.0,1.1,93916.0,308.58,1.06026
2025-07-10 03:56,KNID,101286.9,33.3,0.6,93947.5,306.88,1.06649
2025-07-10 04:56,KNID,101354.6,30.6,1.7,94010.3,304.18,1.07667
2025-07-10 05:56,KNID,101320.8,28.9,2.8,93978.9,302.48,1.08236
2025-07-10 06:56,KNID,101320.8,29.4,2.2,93978.9,302.98,1.08058
2025-07-10 07:56,KNID,101354.6,27.2,1.7,94010.3,300.78,1.08884
2025-07-10 08:56,KNID,101422.4,24.4,2.2,94073.1,297.98,1.09981
2025-07-10 09:56,KNID,101456.2,23.3,2.2,94104.5,296.88,1.10425
2025-07-10 10:56,KNID,101456.2,22.2,2.2,94104.5,295.78,1.10836
2025-07-10 11:56,KNID,101523.9,18.9,1.1,94167.3,292.48,1.12161
2025-07-10 12:56,KNID,101557.8,18.3,1.1,94198.7,291.88,1.12429
2025-07-10 13:56,KNID,101591.7,22.8,1.7,94230.1,296.38,1.10759
2025-07-10 14:56,KNID,101659.4,26.1,3.3,94293.0,299.68,1.09613
2025-07-10 15:56,KNID,101625.5,30.0,1.7,94261.6,303.58,1.08168
2025-07-10 16:56,KNID,101625.5,35.9,2.1,94261.6,309.48,1.06106
2025-07-10 17:56,KNID,101625.5,39.3,0.7,94261.6,312.88,1.04953
2025-07-10 18:56,KNID,101591.7,38.3,-4.4,94230.1,311.88,1.05255
2025-07-10 19:56,KNID,101523.9,38.9,-6.7,94167.3,312.48,1.04983
2025-07-10 20:56,KNID,101422.4,40.6,-7.2,94073.1,314.18,1.04310
2025-07-10 21:56,KNID,101320.8,41.1,-8.3,93978.9,314.68,1.04040
2025-07-10 22:56,KNID,101219.2,42.2,-6.1,93884.6,315.78,1.03574
2025-07-10 23:56,KNID,101151.4,42.2,-5.6,93821.8,315.78,1.03504
2025-07-11 00:56,KNID,101117.6,41.7,-2.8,93790.4,315.28,1.03634
2025-07-11 01:56,KNID,101117.6,40.6,-3.9,93790.4,314.18,1.03997
2025-07-11 02:56,KNID,101083.7,37.2,0.0,93759.0,310.78,1.05099
2025-07-11 03:56,KNID,101151.4,35.0,0.0,93821.8,308.58,1.05919
2025-07-11 04:56,KNID,101219.2,32.2,0.0,93884.6,305.78,1.06961
2025-07-11 05:56,KNID,101219.2,31.1,-0.6,93884.6,304.68,1.07347
2025-07-11 06:56,KNID,101185.3,30.0,0.6,93853.2,303.58,1.07700
2025-07-11 07:56,KNID,101219.2,27.8,0.0,93884.6,301.38,1.08522
2025-07-11 08:56,KNID,101219.2,24.4,-0.6,93884.6,297.98,1.09761
2025-07-11 09:56,KNID,101219.2,24.4,-0.6,93884.6,297.98,1.09761
2025-07-11 10:56,KNID,101253.0,21.7,-1.1,93916.0,295.28,1.10801
2025-07-11 11:56,KNID,101286.9,20.0,-1.7,93947.5,293.58,1.11480
2025-07-11 12:56,KNID,101320.8,20.0,-1.1,93978.9,293.58,1.11518
2025-07-11 13:56,KNID,101388.5,22.2,-1.1,94041.7,295.78,1.10762
2025-07-11 14:56,KNID,101422.4,26.1,0.0,94073.1,299.68,1.09357
2025-07-11 15:56,KNID,101422.4,30.0,0.6,94073.1,303.58,1.07952
2025-07-11 16:56,KNID,101422.4,32.8,0.6,94073.1,306.38,1.06966
2025-07-11 17:56,KNID,101388.5,36.7,-1.7,94041.7,310.28,1.05586
2025-07-11 18:56,KNID,101354.6,39.4,-2.8,94010.3,312.98,1.04640
2025-07-11 19:56,KNID,101320.8,41.1,-4.4,93978.9,314.68,1.04040
2025-07-11 20:56,KNID,101253.0,41.7,-6.7,93916.0,315.28,1.03773
2025-07-11 21:56,KNID,101185.3,42.2,-8.3,93853.2,315.78,1.03539
2025-07-11 22:56,KNID,101117.6,42.8,-10.0,93790.4,316.38,1.03273
2025-07-11 23:56,KNID,101049.8,42.8,-8.3,93727.6,316.38,1.03204
2025-07-12 00:56,KNID,101016.0,43.3,-5.6,93696.2,316.88,1.03007
2025-07-12 01:56,KNID,101016.0,42.2,-3.9,93696.2,315.78,1.03366
2025-07-12 02:56,KNID,101049.8,38.3,3.9,93727.6,311.88,1.04693
2025-07-12 03:56,KNID,101117.6,36.1,2.8,93790.4,309.68,1.05508
2025-07-12 04:56,KNID,101185.3,33.3,2.2,93853.2,306.88,1.06542
2025-07-12 05:56,KNID,101219.2,33.3,-0.6,93884.6,306.88,1.06577
2025-07-12 06:56,KNID,101219.2,31.7,1.1,93884.6,305.28,1.07136
2025-07-12 07:56,KNID,101219.2,31.7,-0.6,93884.6,305.28,1.07136
2025-07-12 08:56,KNID,101219.2,30.0,0.6,93884.6,303.58,1.07736
2025-07-12 09:56,KNID,101219.2,25.6,0.0,93884.6,299.18,1.09320
2025-07-12 10:56,KNID,101219.2,25.0,0.6,93884.6,298.58,1.09540
2025-07-12 11:56,KNID,101253.0,23.9,0.0,93916.0,297.48,1.09982
2025-07-12 12:56,KNID,101354.6,22.8,0.0,94010.3,296.38,1.10501
2025-07-12 13:56,KNID,101422.4,24.4,1.1,94073.1,297.98,1.09981
2025-07-12 14:56,KNID,101490.1,27.2,1.1,94135.9,300.78,1.09030
2025-07-12 15:56,KNID,101523.9,31.1,1.7,94167.3,304.68,1.07670
2025-07-12 16:56,KNID,101523.9,34.4,2.8,94167.3,307.98,1.06517
2025-07-12 17:56,KNID,101523.9,36.1,2.8,94167.3,309.68,1.05932
2025-07-12 18:56,KNID,101490.1,37.8,2.8,94135.9,311.38,1.05318
2025-07-12 19:56,KNID,101456.2,40.6,1.1,94104.5,314.18,1.04345
2025-07-12 20:56,KNID,101388.5,41.7,-0.6,94041.7,315.28,1.03911
2025-07-12 21:56,KNID,101320.8,42.2,-2.8,93978.9,315.78,1.03678
2025-07-12 22:56,KNID,101253.0,42.8,-5.6,93916.0,316.38,1.03412
2025-07-12 23:56,KNID,101253.0,42.8,-3.9,93916.0,316.38,1.03412
2025-07-13 00:56,KNID,101219.2,42.2,-3.3,93884.6,315.78,1.03574
2025-07-13 01:56,KNID,101219.2,41.1,2.8,93884.6,314.68,1.03936
2025-07-13 02:56,KNID,101219.2,38.3,6.1,93884.6,311.88,1.04869
2025-07-13 03:56,KNID,101286.9,36.7,6.1,93947.5,310.28,1.05480
2025-07-13 04:56,KNID,101354.6,35.0,6.1,94010.3,308.58,1.06132
2025-07-13 05:56,KNID,101388.5,33.9,5.6,94041.7,307.48,1.06547
2025-07-13 06:56,KNID,101388.5,32.2,3.9,94041.7,305.78,1.07140
2025-07-13 07:56,KNID,101388.5,31.7,4.4,94041.7,305.28,1.07315
2025-07-13 08:56,KNID,101388.5,27.8,3.9,94041.7,301.38,1.08704
2025-07-13 09:56,KNID,101354.6,27.2,4.4,94010.3,300.78,1.08884
2025-07-13 18:56,KNID,101591.7,38.3,4.4,94230.1,311.88,1.05255
2025-07-13 19:56,KNID,101557.8,40.6,2.8,94198.7,314.18,1.04449
2025-07-13 20:56,KNID,101490.1,41.7,2.2,94135.9,315.28,1.04016
2025-07-13 21:56,KNID,101422.4,42.2,1.7,94073.1,315.78,1.03782
2025-07-13 22:56,KNID,101320.8,43.9,-1.7,93978.9,317.48,1.03122
2025-07-13 23:56,KNID,101286.9,42.8,0.0,93947.5,316.38,1.03446
2025-07-14 00:56,KNID,101219.2,42.2,0.0,93884.6,315.78,1.03574
2025-07-14 01:56,KNID,101253.0,41.7,-1.1,93916.0,315.28,1.03773
2025-07-14 02:56,KNID,101286.9,39.4,-1.7,93947.5,312.98,1.04570
2025-07-14 03:56,KNID,101320.8,36.7,5.6,93978.9,310.28,1.05515
2025-07-14 04:56,KNID,101388.5,35.0,6.1,94041.7,308.58,1.06168
2025-07-14 05:56,KNID,101422.4,33.9,5.6,94073.1,307.48,1.06583
2025-07-14 06:56,KNID,101422.4,32.2,5.6,94073.1,305.78,1.07176
2025-07-14 07:56,KNID,101388.5,31.1,5.6,94041.7,304.68,1.07527
2025-07-14 08:56,KNID,101388.5,28.9,4.4,94041.7,302.48,1.08309
2025-07-14 09:56,KNID,101388.5,27.8,6.1,94041.7,301.38,1.08704
2025-07-14 10:56,KNID,101354.6,27.2,6.1,94010.3,300.78,1.08884
2025-07-14 11:56,KNID,101388.5,24.4,5.0,94041.7,297.98,1.09944
2025-07-14 12:56,KNID,101422.4,23.9,4.4,94073.1,297.48,1.10166
2025-07-14 13:56,KNID,101490.1,26.7,5.6,94135.9,300.28,1.09211
2025-07-14 14:56,KNID,101523.9,28.9,4.4,94167.3,302.48,1.08453
2025-07-14 15:56,KNID,101557.8,31.7,5.6,94198.7,305.28,1.07494
2025-07-14 16:56,KNID,101523.9,36.1,5.6,94167.3,309.68,1.05932
2025-07-14 17:56,KNID,101523.9,38.3,5.0,94167.3,311.88,1.05185
2025-07-14 18:56,KNID,101456.2,41.1,4.4,94104.5,314.68,1.04179
2025-07-14 19:56,KNID,101388.5,42.8,3.9,94041.7,316.38,1.03550
2025-07-14 20:56,KNID,101320.8,42.8,2.8,93978.9,316.38,1.03481
2025-07-14 21:56,KNID,101219.2,43.9,1.1,93884.6,317.48,1.03019
2025-07-14 22:56,KNID,101151.4,44.4,2.2,93821.8,317.98,1.02788
2025-07-14 23:56,KNID,101049.8,43.3,2.2,93727.6,316.88,1.03041
2025-07-15 00:56,KNID,100982.1,43.3,1.1,93664.8,316.88,1.02972
2025-07-15 01:56,KNID,101016.0,41.7,3.9,93696.2,315.28,1.03530
2025-07-15 02:56,KNID,101016.0,39.4,1.1,93696.2,312.98,1.04290
2025-07-15 03:56,KNID,101083.7,35.6,5.0,93759.0,309.18,1.05643
2025-07-15 04:56,KNID,101151.4,35.0,5.6,93821.8,308.58,1.05919
2025-07-15 05:56,KNID,101185.3,33.9,6.7,93853.2,307.48,1.06334
2025-07-15 06:56,KNID,101185.3,32.2,6.7,93853.2,305.78,1.06925
2025-07-15 07:56,KNID,101151.4,32.2,6.7,93821.8,305.78,1.06889
2025-07-15 08:56,KNID,101151.4,31.7,6.7,93821.8,305.28,1.07064
2025-07-15 09:56,KNID,101117.6,30.6,7.2,93790.4,304.18,1.07416
2025-07-15 10:56,KNID,101117.6,26.7,6.1,93790.4,300.28,1.08811
2025-07-15 11:56,KNID,101117.6,26.1,7.2,93790.4,299.68,1.09028
2025-07-15 12:56,KNID,101151.4,27.2,7.8,93821.8,300.78,1.08666
2025-07-15 13:56,KNID,101253.0,24.4,5.6,93916.0,297.98,1.09797
2025-07-15 14:56,KNID,101286.9,28.9,6.7,93947.5,302.48,1.08200
2025-07-15 15:56,KNID,101286.9,32.2,7.2,93947.5,305.78,1.07032
2025-07-15 16:56,KNID,101286.9,35.0,8.3,93947.5,308.58,1.06061
2025-07-15 17:56,KNID,101253.0,37.2,7.8,93916.0,310.78,1.05275
2025-07-15 18:56,KNID,101185.3,38.3,6.1,93853.2,311.88,1.04834
2025-07-15 19:56,KNID,101117.6,41.1,5.0,93790.4,314.68,1.03831
2025-07-15 20:56,KNID,101049.8,42.2,4.4,93727.6,315.78,1.03400
2025-07-15 21:56,KNID,100948.3,41.7,5.0,93633.4,315.28,1.03460
2025-07-15 22:56,KNID,100880.5,41.7,6.1,93570.5,315.28,1.03391
2025-07-15 23:56,KNID,100812.8,41.1,3.9,93507.7,314.68,1.03518
2025-07-16 00:56,KNID,100846.7,41.1,1.7,93539.1,314.68,1.03553
2025-07-16 01:56,KNID,100846.7,40.0,0.0,93539.1,313.58,1.03916
2025-07-16 02:56,KNID,100914.4,36.7,1.1,93601.9,310.28,1.05092
2025-07-16 03:56,KNID,100914.4,33.9,3.9,93601.9,307.48,1.06049
2025-07-16 04:56,KNID,100948.3,32.8,4.4,93633.4,306.38,1.06466
2025-07-16 05:56,KNID,100948.3,32.8,5.0,93633.4,306.38,1.06466
2025-07-16 06:56,KNID,101016.0,31.7,5.6,93696.2,305.28,1.06921
2025-07-16 07:56,KNID,101016.0,31.1,5.0,93696.2,304.68,1.07132
2025-07-16 08:56,KNID,101016.0,30.0,5.6,93696.2,303.58,1.07520
2025-07-16 09:56,KNID,101049.8,28.9,6.1,93727.6,302.48,1.07947
2025-07-16 10:56,KNID,101117.6,27.2,5.6,93790.4,300.78,1.08630
2025-07-16 11:56,KNID,101151.4,26.1,4.4,93821.8,299.68,1.09065
2025-07-16 12:56,KNID,101253.0,25.0,5.6,93916.0,298.58,1.09577
2025-07-16 13:56,KNID,101320.8,25.6,5.0,93978.9,299.18,1.09430
2025-07-16 14:56,KNID,101388.5,27.2,5.0,94041.7,300.78,1.08921
2025-07-16 15:56,KNID,101422.4,29.4,5.0,94073.1,302.98,1.08166
2025-07-16 16:56,KNID,101422.4,31.7,5.6,94073.1,305.28,1.07351
2025-07-16 17:56,KNID,101422.4,32.8,6.1,94073.1,306.38,1.06966
2025-07-16 18:56,KNID,101388.5,36.1,3.3,94041.7,309.68,1.05790
2025-07-16 19:56,KNID,101320.8,37.2,0.0,93978.9,310.78,1.05346
2025-07-16 20:56,KNID,101253.0,37.8,-3.3,93916.0,311.38,1.05072
2025-07-16 21:56,KNID,101151.4,40.0,-6.7,93821.8,313.58,1.04230
2025-07-16 22:56,KNID,101049.8,40.0,-6.1,93727.6,313.58,1.04126
2025-07-16 23:56,KNID,100982.1,39.4,-5.0,93664.8,312.98,1.04255
2025-07-17 00:56,KNID,100914.4,38.9,-2.8,93601.9,312.48,1.04352
2025-07-17 01:56,KNID,100948.3,37.2,-1.1,93633.4,310.78,1.04958
2025-07-17 02:56,KNID,100982.1,35.0,2.2,93664.8,308.58,1.05742
2025-07-17 03:56,KNID,101049.8,32.2,1.7,93727.6,305.78,1.06782
2025-07-17 04:56,KNID,101151.4,30.6,3.3,93821.8,304.18,1.07452
2025-07-17 05:56,KNID,101151.4,29.4,5.0,93821.8,302.98,1.07877
2025-07-17 06:56,KNID,101185.3,28.3,5.6,93853.2,301.88,1.08306
2025-07-17 07:56,KNID,101185.3,27.8,6.7,93853.2,301.38,1.08486
2025-07-17 08:56,KNID,101219.2,27.2,6.7,93884.6,300.78,1.08739
2025-07-17 09:56,KNID,101219.2,26.7,6.7,93884.6,300.28,1.08920
2025-07-17 10:56,KNID,101253.0,25.0,6.7,93916.0,298.58,1.09577
2025-07-17 11:56,KNID,101286.9,23.3,5.6,93947.5,296.88,1.10241
2025-07-17 12:56,KNID,101354.6,23.9,7.2,94010.3,297.48,1.10092
2025-07-17 13:56,KNID,101422.4,25.6,7.8,94073.1,299.18,1.09540
2025-07-17 14:56,KNID,101490.1,27.8,6.7,94135.9,301.38,1.08813
2025-07-17 15:56,KNID,101523.9,29.4,6.7,94167.3,302.98,1.08274
2025-07-17 16:56,KNID,101523.9,30.6,6.7,94167.3,304.18,1.07847
2025-07-17 17:56,KNID,101490.1,33.3,5.0,94135.9,306.88,1.06863
2025-07-17 18:56,KNID,101456.2,36.1,-3.9,94104.5,309.68,1.05861
2025-07-17 19:56,KNID,101388.5,37.2,-1.1,94041.7,310.78,1.05416
2025-07-17 20:56,KNID,101320.8,37.8,1.1,93978.9,311.38,1.05143
2025-07-17 21:56,KNID,101253.0,37.2,1.1,93916.0,310.78,1.05275
2025-07-17 22:56,KNID,101151.4,38.3,0.0,93821.8,311.88,1.04799
2025-07-17 23:56,KNID,101083.7,38.3,0.0,93759.0,311.88,1.04728
2025-07-18 00:56,KNID,101016.0,37.8,2.8,93696.2,311.38,1.04826
2025-07-18 01:56,KNID,100982.1,37.2,4.4,93664.8,310.78,1.04994
2025-07-18 02:56,KNID,101016.0,35.6,5.6,93696.2,309.18,1.05572
2025-07-18 03:56,KNID,101117.6,33.3,5.0,93790.4,306.88,1.06470
2025-07-18 04:56,KNID,101185.3,32.2,6.1,93853.2,305.78,1.06925
2025-07-18 05:56,KNID,101219.2,31.1,6.1,93884.6,304.68,1.07347
2025-07-18 06:56,KNID,101253.0,30.6,6.7,93916.0,304.18,1.07559
2025-07-18 07:56,KNID,101286.9,28.9,6.7,93947.5,302.48,1.08200
2025-07-18 08:56,KNID,101286.9,28.3,6.7,93947.5,301.88,1.08415
2025-07-18 09:56,KNID,101320.8,27.8,6.7,93978.9,301.38,1.08631
2025-07-18 10:56,KNID,101354.6,24.4,6.7,94010.3,297.98,1.09908
2025-07-18 11:56,KNID,101422.4,23.3,6.7,94073.1,296.88,1.10389
2025-07-18 13:56,KNID,101625.5,23.9,7.2,94261.6,297.48,1.10387
2025-07-18 14:56,KNID,101693.3,26.7,6.7,94324.4,300.28,1.09430
2025-07-18 15:56,KNID,101761.0,26.7,6.7,94387.2,300.28,1.09503
2025-07-18 16:56,KNID,101761.0,28.9,7.2,94387.2,302.48,1.08707
2025-07-18 17:56,KNID,101761.0,30.6,6.7,94387.2,304.18,1.08099
2025-07-18 18:56,KNID,101761.0,32.8,6.7,94387.2,306.38,1.07323
2025-07-18 19:56,KNID,101693.3,33.9,6.7,94324.4,307.48,1.06868
2025-07-18 20:56,KNID,101659.4,35.0,6.1,94293.0,308.58,1.06451
2025-07-18 21:56,KNID,101591.7,36.1,6.1,94230.1,309.68,1.06002
2025-07-18 22:56,KNID,101490.1,36.7,5.6,94135.9,310.28,1.05692
2025-07-18 23:56,KNID,101388.5,37.2,5.6,94041.7,310.78,1.05416
2025-07-19 00:56,KNID,101320.8,37.8,6.1,93978.9,311.38,1.05143
2025-07-19 01:56,KNID,101320.8,37.2,5.6,93978.9,310.78,1.05346
2025-07-19 02:56,KNID,101354.6,35.6,6.7,94010.3,309.18,1.05926
2025-07-19 03:56,KNID,101388.5,33.9,7.8,94041.7,307.48,1.06547
2025-07-19 04:56,KNID,101422.4,32.8,6.1,94073.1,306.38,1.06966
2025-07-19 05:56,KNID,101456.2,31.7,3.9,94104.5,305.28,1.07387
2025-07-19 06:56,KNID,101523.9,30.6,3.3,94167.3,304.18,1.07847
2025-07-19 07:56,KNID,101523.9,28.9,2.8,94167.3,302.48,1.08453
2025-07-19 08:56,KNID,101523.9,27.8,3.3,94167.3,301.38,1.08849
2025-07-19 09:56,KNID,101523.9,26.7,3.3,94167.3,300.28,1.09248
2025-07-19 10:56,KNID,101523.9,25.6,3.3,94167.3,299.18,1.09650
2025-07-19 11:56,KNID,101557.8,23.3,3.3,94198.7,296.88,1.10536
2025-07-19 12:56,KNID,101591.7,22.2,2.8,94230.1,295.78,1.10984
2025-07-19 13:56,KNID,101659.4,25.0,3.3,94293.0,298.58,1.10017
2025-07-19 14:56,KNID,101727.1,27.8,3.9,94355.8,301.38,1.09067
2025-07-19 15:56,KNID,101761.0,29.4,3.9,94387.2,302.98,1.08527
2025-07-19 16:56,KNID,101727.1,33.9,3.9,94355.8,307.48,1.06903
2025-07-19 17:56,KNID,101727.1,34.4,5.0,94355.8,307.98,1.06730
2025-07-19 18:56,KNID,101693.3,36.7,3.9,94324.4,310.28,1.05903
2025-07-19 19:56,KNID,101591.7,38.3,1.7,94230.1,311.88,1.05255
2025-07-19 20:56,KNID,101523.9,38.9,2.8,94167.3,312.48,1.04983
2025-07-19 21:56,KNID,101422.4,39.4,3.3,94073.1,312.98,1.04710
2025-07-19 22:56,KNID,101354.6,40.0,4.4,94010.3,313.58,1.04440
2025-07-19 23:56,KNID,101286.9,40.6,3.9,93947.5,314.18,1.04171
2025-07-20 00:56,KNID,101253.0,40.0,3.3,93916.0,313.58,1.04335
2025-07-20 01:56,KNID,101253.0,38.9,3.3,93916.0,312.48,1.04702
2025-07-20 02:56,KNID,101253.0,37.2,2.8,93916.0,310.78,1.05275
2025-07-20 03:56,KNID,101286.9,34.4,6.7,93947.5,307.98,1.06268
2025-07-20 04:56,KNID,101354.6,33.9,6.7,94010.3,307.48,1.06512
2025-07-20 05:56,KNID,101354.6,31.7,6.1,94010.3,305.28,1.07279
2025-07-20 06:56,KNID,101354.6,31.1,7.2,94010.3,304.68,1.07491
2025-07-20 07:56,KNID,101354.6,30.6,7.8,94010.3,304.18,1.07667
2025-07-20 08:56,KNID,101320.8,30.6,8.3,93978.9,304.18,1.07631
2025-07-20 09:56,KNID,101320.8,29.4,8.3,93978.9,302.98,1.08058
2025-07-20 10:56,KNID,101354.6,25.0,6.7,94010.3,298.58,1.09687
2025-07-20 11:56,KNID,101388.5,25.0,7.2,94041.7,298.58,1.09723
2025-07-20 12:56,KNID,101422.4,23.9,7.2,94073.1,297.48,1.10166
2025-07-20 13:56,KNID,101490.1,25.0,7.8,94135.9,298.58,1.09833
2025-07-20 14:56,KNID,101523.9,27.2,7.8,94167.3,300.78,1.09066
2025-07-20 15:56,KNID,101523.9,30.6,8.3,94167.3,304.18,1.07847
2025-07-20 16:56,KNID,101523.9,33.3,8.3,94167.3,306.88,1.06898
2025-07-20 17:56,KNID,101490.1,35.0,8.3,94135.9,308.58,1.06274
2025-07-20 18:56,KNID,101422.4,37.2,7.8,94073.1,310.78,1.05451
2025-07-20 19:56,KNID,101354.6,38.9,5.6,94010.3,312.48,1.04808
2025-07-20 20:56,KNID,101253.0,39.4,5.6,93916.0,312.98,1.04535
2025-07-20 21:56,KNID,101185.3,40.0,3.9,93853.2,313.58,1.04265
2025-07-20 22:56,KNID,101117.6,40.6,3.3,93790.4,314.18,1.03997
2025-07-20 23:56,KNID,101049.8,40.0,2.2,93727.6,313.58,1.04126
2025-07-21 00:56,KNID,100948.3,39.4,2.8,93633.4,312.98,1.04221
2025-07-21 01:56,KNID,101016.0,37.8,0.0,93696.2,311.38,1.04826
2025-07-21 02:56,KNID,101049.8,36.1,-7.2,93727.6,309.68,1.05437
2025-07-21 03:56,KNID,101117.6,33.3,-5.6,93790.4,306.88,1.06470
2025-07-21 04:56,KNID,101185.3,32.8,-0.6,93853.2,306.38,1.06716
2025-07-21 05:56,KNID,101185.3,30.6,0.0,93853.2,304.18,1.07487
2025-07-21 06:56,KNID,101185.3,30.0,1.7,93853.2,303.58,1.07700
2025-07-21 07:56,KNID,101185.3,28.9,2.8,93853.2,302.48,1.08092
2025-07-21 08:56,KNID,101185.3,28.9,3.9,93853.2,302.48,1.08092
2025-07-21 09:56,KNID,101185.3,27.8,5.6,93853.2,301.38,1.08486
2025-07-21 10:56,KNID,101185.3,26.1,5.6,93853.2,299.68,1.09102
2025-07-21 11:56,KNID,101219.2,26.1,5.0,93884.6,299.68,1.09138
2025-07-21 12:56,KNID,101253.0,25.0,3.9,93916.0,298.58,1.09577
2025-07-21 13:56,KNID,101286.9,25.6,3.3,93947.5,299.18,1.09394
2025-07-21 14:56,KNID,101320.8,28.3,5.6,93978.9,301.88,1.08451
2025-07-21 15:56,KNID,101354.6,30.6,5.0,94010.3,304.18,1.07667
2025-07-21 16:56,KNID,101320.8,32.2,4.4,93978.9,305.78,1.07068
2025-07-21 17:56,KNID,101286.9,35.0,2.2,93947.5,308.58,1.06061
2025-07-21 18:56,KNID,101253.0,35.6,0.0,93916.0,309.18,1.05820
2025-07-21 19:56,KNID,101185.3,37.2,-2.8,93853.2,310.78,1.05205
2025-07-21 20:56,KNID,101117.6,37.2,-1.7,93790.4,310.78,1.05134
2025-07-21 21:56,KNID,101049.8,37.8,-1.1,93727.6,311.38,1.04861
2025-07-21 22:56,KNID,100982.1,37.8,0.6,93664.8,311.38,1.04791
2025-07-21 23:56,KNID,100948.3,37.8,2.2,93633.4,311.38,1.04756
2025-07-22 00:56,KNID,100948.3,35.6,2.2,93633.4,309.18,1.05501
2025-07-22 01:56,KNID,100948.3,34.4,2.2,93633.4,307.98,1.05913
2025-07-22 02:56,KNID,100982.1,32.2,2.8,93664.8,305.78,1.06710
2025-07-22 03:56,KNID,101016.0,29.4,5.0,93696.2,302.98,1.07733
2025-07-22 04:56,KNID,101083.7,28.3,5.6,93759.0,301.88,1.08198
2025-07-22 05:56,KNID,101083.7,26.7,5.0,93759.0,300.28,1.08774
2025-07-22 06:56,KNID,101117.6,24.4,4.4,93790.4,297.98,1.09651
2025-07-22 07:56,KNID,101117.6,21.7,3.3,93790.4,295.28,1.10653
2025-07-22 08:56,KNID,101083.7,24.4,4.4,93759.0,297.98,1.09614
2025-07-22 09:56,KNID,101083.7,23.9,5.0,93759.0,297.48,1.09798
2025-07-22 10:56,KNID,101083.7,23.9,5.0,93759.0,297.48,1.09798
2025-07-22 11:56,KNID,101117.6,20.0,3.9,93790.4,293.58,1.11294
2025-07-22 12:56,KNID,101185.3,20.6,4.4,93853.2,294.18,1.11141
2025-07-22 13:56,KNID,101253.0,21.1,4.4,93916.0,294.68,1.11027
2025-07-22 14:56,KNID,101320.8,25.6,8.9,93978.9,299.18,1.09430
2025-07-22 15:56,KNID,101388.5,26.7,8.9,94041.7,300.28,1.09102
2025-07-22 16:56,KNID,101388.5,28.9,8.3,94041.7,302.48,1.08309
2025-07-22 17:56,KNID,101388.5,30.6,7.8,94041.7,304.18,1.07703
2025-07-22 18:56,KNID,101388.5,31.7,6.7,94041.7,305.28,1.07315
2025-07-22 19:56,KNID,101320.8,32.8,6.1,93978.9,306.38,1.06859
2025-07-22 20:56,KNID,101253.0,33.9,6.1,93916.0,307.48,1.06405
2025-07-22 21:56,KNID,101151.4,35.0,4.4,93821.8,308.58,1.05919
2025-07-22 22:56,KNID,101083.7,36.1,2.8,93759.0,309.68,1.05472
2025-07-22 23:56,KNID,101016.0,36.1,2.8,93696.2,309.68,1.05402
2025-07-23 00:56,KNID,100982.1,35.0,4.4,93664.8,308.58,1.05742
2025-07-23 01:56,KNID,101016.0,33.9,2.2,93696.2,307.48,1.06156
2025-07-23 02:56,KNID,101083.7,31.7,1.7,93759.0,305.28,1.06993
2025-07-23 03:56,KNID,101151.4,29.4,2.2,93821.8,302.98,1.07877
2025-07-23 04:56,KNID,101219.2,27.8,3.3,93884.6,301.38,1.08522
2025-07-23 05:56,KNID,101286.9,26.1,4.4,93947.5,299.68,1.09211
2025-07-23 06:56,KNID,101320.8,25.6,5.0,93978.9,299.18,1.09430
2025-07-23 07:56,KNID,101354.6,25.0,5.6,94010.3,298.58,1.09687
2025-07-23 08:56,KNID,101354.6,23.3,4.4,94010.3,296.88,1.10315
2025-07-23 09:56,KNID,101388.5,22.2,4.4,94041.7,295.78,1.10762
2025-07-23 10:56,KNID,101388.5,22.8,5.6,94041.7,296.38,1.10538
2025-07-23 11:56,KNID,101456.2,21.7,5.6,94104.5,295.28,1.11024
2025-07-23 12:56,KNID,101490.1,20.0,5.0,94135.9,293.58,1.11704
2025-07-23 13:56,KNID,101557.8,21.1,5.0,94198.7,294.68,1.11361
2025-07-23 14:56,KNID,101659.4,23.3,5.6,94293.0,296.88,1.10647
2025-07-23 15:56,KNID,101693.3,25.0,5.6,94324.4,298.58,1.10053
2025-07-23 16:56,KNID,101693.3,27.8,6.1,94324.4,301.38,1.09031
2025-07-23 17:56,KNID,101693.3,29.4,6.1,94324.4,302.98,1.08455
2025-07-23 18:56,KNID,101693.3,31.7,5.0,94324.4,305.28,1.07638
2025-07-23 19:56,KNID,101591.7,33.9,1.7,94230.1,307.48,1.06761
2025-07-23 20:56,KNID,101523.9,35.0,-4.4,94167.3,308.58,1.06309
2025-07-23 21:56,KNID,101490.1,36.1,-5.6,94135.9,309.68,1.05896
2025-07-23 22:56,KNID,101422.4,36.1,-4.4,94073.1,309.68,1.05826
2025-07-23 23:56,KNID,101422.4,35.6,-3.3,94073.1,309.18,1.05997
2025-07-24 00:56,KNID,101422.4,33.9,-1.7,94073.1,307.48,1.06583
2025-07-24 01:56,KNID,101422.4,32.8,-0.6,94073.1,306.38,1.06966
2025-07-24 02:56,KNID,101490.1,30.0,-1.7,94135.9,303.58,1.08024
2025-07-24 03:56,KNID,101557.8,28.3,-1.7,94198.7,301.88,1.08705
2025-07-24 04:56,KNID,101693.3,26.1,2.2,94324.4,299.68,1.09649
2025-07-24 05:56,KNID,101693.3,25.0,3.9,94324.4,298.58,1.10053
2025-07-24 06:56,KNID,101727.1,25.0,3.3,94355.8,298.58,1.10090
2025-07-24 07:56,KNID,101761.0,23.9,3.3,94387.2,297.48,1.10534
2025-07-24 08:56,KNID,101761.0,22.2,3.3,94387.2,295.78,1.11169
2025-07-24 09:56,KNID,101761.0,21.1,2.8,94387.2,294.68,1.11584
2025-07-24 10:56,KNID,101794.9,20.6,3.3,94418.6,294.18,1.11811
2025-07-24 11:56,KNID,101828.7,20.0,4.4,94450.0,293.58,1.12077
2025-07-24 12:56,KNID,101862.6,19.4,5.6,94481.4,292.98,1.12343
2025-07-24 13:56,KNID,101896.4,20.0,2.8,94512.8,293.58,1.12151
2025-07-24 14:56,KNID,101964.2,22.2,3.3,94575.7,295.78,1.11391
2025-07-24 15:56,KNID,101998.0,23.3,3.3,94607.1,296.88,1.11015
2025-07-24 16:56,KNID,102031.9,26.1,3.9,94638.5,299.68,1.10014
2025-07-24 17:56,KNID,101998.0,28.9,3.9,94607.1,302.48,1.08960
2025-07-24 18:56,KNID,101964.2,30.0,1.7,94575.7,303.58,1.08529
2025-07-24 19:56,KNID,101896.4,31.7,-1.1,94512.8,305.28,1.07853
2025-07-24 20:56,KNID,101794.9,32.8,-1.7,94418.6,306.38,1.07359
2025-07-24 21:56,KNID,101727.1,34.4,-3.3,94355.8,307.98,1.06730
2025-07-24 22:56,KNID,101625.5,36.1,-12.8,94261.6,309.68,1.06038
2025-07-24 23:56,KNID,101557.8,35.6,-15.6,94198.7,309.18,1.06139
2025-07-25 00:56,KNID,101523.9,34.4,-11.1,94167.3,307.98,1.06517
2025-07-25 01:56,KNID,101523.9,33.3,-13.3,94167.3,306.88,1.06898
2025-07-25 02:56,KNID,101523.9,31.7,-9.4,94167.3,305.28,1.07459
2025-07-25 03:56,KNID,101557.8,28.9,0.0,94198.7,302.48,1.08490
2025-07-25 04:56,KNID,101625.5,27.2,1.7,94261.6,300.78,1.09175
2025-07-25 05:56,KNID,101659.4,26.1,2.8,94293.0,299.68,1.09613
2025-07-25 06:56,KNID,101625.5,24.4,2.2,94261.6,297.98,1.10201
2025-07-25 07:56,KNID,101625.5,23.9,3.9,94261.6,297.48,1.10387
2025-07-25 10:56,KNID,101625.5,20.0,5.0,94261.6,293.58,1.11853
2025-07-25 11:56,KNID,101591.7,19.4,5.0,94230.1,292.98,1.12045
2025-07-25 12:56,KNID,101591.7,17.8,5.0,94230.1,291.38,1.12660
2025-07-25 13:56,KNID,101659.4,18.3,2.8,94293.0,291.88,1.12542
2025-07-25 14:56,KNID,101693.3,21.1,5.6,94324.4,294.68,1.11510
2025-07-25 15:56,KNID,101727.1,24.4,5.6,94355.8,297.98,1.10311
2025-07-25 16:56,KNID,101693.3,27.2,5.6,94324.4,300.78,1.09248
2025-07-25 17:56,KNID,101625.5,28.9,5.0,94261.6,302.48,1.08562
2025-07-25 18:56,KNID,101591.7,30.0,3.9,94230.1,303.58,1.08132
2025-07-25 19:56,KNID,101523.9,33.3,-3.3,94167.3,306.88,1.06898
2025-07-25 20:56,KNID,101456.2,33.9,-10.0,94104.5,307.48,1.06619
2025-07-25 21:56,KNID,101354.6,34.4,-8.9,94010.3,307.98,1.06339
2025-07-25 22:56,KNID,101286.9,35.0,-13.3,93947.5,308.58,1.06061
2025-07-25 23:56,KNID,101219.2,35.0,-7.2,93884.6,308.58,1.05990
2025-07-26 00:56,KNID,101151.4,33.9,-2.2,93821.8,307.48,1.06298
2025-07-26 01:56,KNID,101185.3,32.8,2.8,93853.2,306.38,1.06716
2025-07-26 02:56,KNID,101185.3,30.6,5.6,93853.2,304.18,1.07487
2025-07-26 03:56,KNID,101253.0,28.9,6.1,93916.0,302.48,1.08164
2025-07-26 04:56,KNID,101286.9,27.2,6.1,93947.5,300.78,1.08812
2025-07-26 05:56,KNID,101253.0,25.6,6.7,93916.0,299.18,1.09357
2025-07-26 06:56,KNID,101286.9,24.4,6.7,93947.5,297.98,1.09834
2025-07-26 07:56,KNID,101286.9,24.4,6.1,93947.5,297.98,1.09834
2025-07-26 08:56,KNID,101286.9,23.9,6.1,93947.5,297.48,1.10019
2025-07-26 09:56,KNID,101286.9,22.2,6.1,93947.5,295.78,1.10651
2025-07-26 10:56,KNID,101253.0,20.6,6.1,93916.0,294.18,1.11216
2025-07-26 11:56,KNID,101286.9,20.0,5.6,93947.5,293.58,1.11480
2025-07-26 12:56,KNID,101354.6,19.4,7.2,94010.3,292.98,1.11783
2025-07-26 13:56,KNID,101422.4,20.0,5.6,94073.1,293.58,1.11629
2025-07-26 14:56,KNID,101456.2,21.7,6.1,94104.5,295.28,1.11024
2025-07-26 15:56,KNID,101456.2,23.9,6.7,94104.5,297.48,1.10203
2025-07-26 16:56,KNID,101490.1,25.6,7.2,94135.9,299.18,1.09613
2025-07-26 17:56,KNID,101456.2,29.4,6.7,94104.5,302.98,1.08202
2025-07-26 18:56,KNID,101422.4,30.0,5.6,94073.1,303.58,1.07952
2025-07-26 19:56,KNID,101388.5,32.8,5.0,94041.7,306.38,1.06930
2025-07-26 20:56,KNID,101320.8,33.3,6.1,93978.9,306.88,1.06684
2025-07-26 21:56,KNID,101253.0,33.9,3.9,93916.0,307.48,1.06405
2025-07-26 22:56,KNID,101185.3,35.0,0.6,93853.2,308.58,1.05955
2025-07-26 23:56,KNID,101151.4,33.9,0.6,93821.8,307.48,1.06298
2025-07-27 00:56,KNID,101151.4,34.4,2.8,93821.8,307.98,1.06126
2025-07-27 01:56,KNID,101117.6,33.3,5.0,93790.4,306.88,1.06470
2025-07-27 02:56,KNID,101151.4,31.1,5.0,93821.8,304.68,1.07275
2025-07-27 03:56,KNID,101286.9,30.0,6.1,93947.5,303.58,1.07808
2025-07-27 04:56,KNID,101320.8,28.3,5.0,93978.9,301.88,1.08451
2025-07-27 05:56,KNID,101354.6,26.7,5.0,94010.3,300.28,1.09066
2025-07-27 06:56,KNID,101354.6,26.1,5.0,94010.3,299.68,1.09284
2025-07-27 07:56,KNID,101354.6,25.0,6.1,94010.3,298.58,1.09687
2025-07-27 08:56,KNID,101354.6,23.9,5.0,94010.3,297.48,1.10092
2025-07-27 09:56,KNID,101388.5,22.2,5.0,94041.7,295.78,1.10762
2025-07-27 10:56,KNID,101422.4,21.1,4.4,94073.1,294.68,1.11213
2025-07-27 11:56,KNID,101456.2,18.3,3.9,94104.5,291.88,1.12317
2025-07-27 12:56,KNID,101490.1,18.9,4.4,94135.9,292.48,1.12124
2025-07-27 13:56,KNID,101557.8,21.1,6.1,94198.7,294.68,1.11361
2025-07-27 14:56,KNID,101625.5,22.2,5.6,94261.6,295.78,1.11021
2025-07-27 15:56,KNID,101625.5,25.0,5.6,94261.6,298.58,1.09980
2025-07-27 16:56,KNID,101659.4,27.2,6.1,94293.0,300.78,1.09212
2025-07-27 17:56,KNID,101659.4,30.0,5.6,94293.0,303.58,1.08205
2025-07-27 18:56,KNID,101625.5,31.7,3.3,94261.6,305.28,1.07566
2025-07-27 19:56,KNID,101591.7,32.8,4.4,94230.1,306.38,1.07144
2025-07-27 20:56,KNID,101490.1,33.9,3.3,94135.9,307.48,1.06654
2025-07-27 21:56,KNID,101456.2,35.0,3.3,94104.5,308.58,1.06239
2025-07-27 22:56,KNID,101388.5,36.7,-2.8,94041.7,310.28,1.05586
2025-07-27 23:56,KNID,101320.8,36.7,-5.0,93978.9,310.28,1.05515
2025-07-28 00:56,KNID,101286.9,36.7,-3.3,93947.5,310.28,1.05480
2025-07-28 01:56,KNID,101320.8,35.6,-1.1,93978.9,309.18,1.05891
2025-07-28 02:56,KNID,101354.6,33.9,1.1,94010.3,307.48,1.06512
2025-07-28 03:56,KNID,101422.4,31.1,4.4,94073.1,304.68,1.07562
2025-07-28 04:56,KNID,101490.1,29.4,4.4,94135.9,302.98,1.08238
2025-07-28 05:56,KNID,101490.1,27.8,5.6,94135.9,301.38,1.08813
2025-07-28 06:56,KNID,101523.9,27.2,6.1,94167.3,300.78,1.09066
2025-07-28 07:56,KNID,101523.9,26.7,5.6,94167.3,300.28,1.09248
2025-07-28 08:56,KNID,101557.8,26.1,5.0,94198.7,299.68,1.09503
2025-07-28 09:56,KNID,101557.8,24.4,5.6,94198.7,297.98,1.10128
2025-07-28 10:56,KNID,101591.7,23.9,4.4,94230.1,297.48,1.10350
2025-07-28 11:56,KNID,101625.5,22.8,4.4,94261.6,296.38,1.10796
2025-07-28 12:56,KNID,101693.3,17.8,3.3,94324.4,291.38,1.12773
2025-07-28 13:56,KNID,101727.1,21.7,4.4,94355.8,295.28,1.11320
2025-07-28 14:56,KNID,101761.0,24.4,4.4,94387.2,297.98,1.10348
2025-07-28 15:56,KNID,101794.9,26.7,5.0,94418.6,300.28,1.09539
2025-07-28 16:56,KNID,101794.9,28.9,5.0,94418.6,302.48,1.08743
2025-07-28 17:56,KNID,101794.9,32.2,4.4,94418.6,305.78,1.07569
2025-07-28 18:56,KNID,101761.0,33.9,2.2,94387.2,307.48,1.06939
2025-07-28 19:56,KNID,101693.3,36.1,-1.7,94324.4,309.68,1.06108
2025-07-28 20:56,KNID,101625.5,37.2,-5.6,94261.6,310.78,1.05662
2025-07-28 21:56,KNID,101591.7,38.3,-8.3,94230.1,311.88,1.05255
2025-07-28 22:56,KNID,101523.9,37.8,-14.4,94167.3,311.38,1.05353
2025-07-28 23:56,KNID,101456.2,38.3,-11.7,94104.5,311.88,1.05114
2025-07-29 00:56,KNID,101422.4,37.8,-6.1,94073.1,311.38,1.05248
2025-07-29 01:56,KNID,101388.5,36.7,-6.1,94041.7,310.28,1.05586
2025-07-29 02:56,KNID,101456.2,33.3,6.1,94104.5,306.88,1.06827
2025-07-29 03:56,KNID,101523.9,32.2,6.1,94167.3,305.78,1.07283
2025-07-29 04:56,KNID,101591.7,30.0,6.7,94230.1,303.58,1.08132
2025-07-29 05:56,KNID,101625.5,28.9,6.7,94261.6,302.48,1.08562
2025-07-29 06:56,KNID,101659.4,27.2,5.6,94293.0,300.78,1.09212
2025-07-29 07:56,KNID,101659.4,27.2,6.1,94293.0,300.78,1.09212
2025-07-29 08:56,KNID,101659.4,26.1,6.7,94293.0,299.68,1.09613
2025-07-29 09:56,KNID,101659.4,22.8,5.6,94293.0,296.38,1.10833
2025-07-29 10:56,KNID,101693.3,22.8,6.1,94324.4,296.38,1.10870
2025-07-29 11:56,KNID,101693.3,22.2,6.7,94324.4,295.78,1.11095
2025-07-29 12:56,KNID,101761.0,19.4,5.0,94387.2,292.98,1.12231
2025-07-29 13:56,KNID,101828.7,22.2,5.6,94450.0,295.78,1.11243
2025-07-29 14:56,KNID,101862.6,24.4,5.6,94481.4,297.98,1.10458
2025-07-29 15:56,KNID,101794.9,27.8,5.6,94418.6,301.38,1.09140
2025-07-29 16:56,KNID,101828.7,29.4,6.1,94450.0,302.98,1.08599
2025-07-29 17:56,KNID,101862.6,32.2,5.0,94481.4,305.78,1.07641
2025-07-29 18:56,KNID,101828.7,34.4,3.9,94450.0,307.98,1.06836
2025-07-29 19:56,KNID,101761.0,35.6,2.8,94387.2,309.18,1.06351
2025-07-29 20:56,KNID,101659.4,37.8,2.2,94293.0,311.38,1.05494
2025-07-29 21:56,KNID,101591.7,38.9,-2.2,94230.1,312.48,1.05053
2025-07-29 22:56,KNID,101490.1,39.4,-5.0,94135.9,312.98,1.04780
2025-07-29 23:56,KNID,101422.4,39.4,-3.9,94073.1,312.98,1.04710
2025-07-30 00:56,KNID,101388.5,38.9,0.0,94041.7,312.48,1.04843
2025-07-30 01:56,KNID,101388.5,36.7,0.6,94041.7,310.28,1.05586
2025-07-30 02:56,KNID,101456.2,33.9,3.3,94104.5,307.48,1.06619
2025-07-30 03:56,KNID,101523.9,31.1,1.1,94167.3,304.68,1.07670
2025-07-30 04:56,KNID,101523.9,30.0,1.7,94167.3,303.58,1.08060
2025-07-30 05:56,KNID,101523.9,29.4,1.7,94167.3,302.98,1.08274
2025-07-30 06:56,KNID,101523.9,27.8,3.3,94167.3,301.38,1.08849
2025-07-30 07:56,KNID,101490.1,27.2,3.9,94135.9,300.78,1.09030
2025-07-30 08:56,KNID,101490.1,25.6,4.4,94135.9,299.18,1.09613
2025-07-30 09:56,KNID,101456.2,25.0,5.6,94104.5,298.58,1.09797
2025-07-30 10:56,KNID,101490.1,21.7,2.8,94135.9,295.28,1.11061
2025-07-30 11:56,KNID,101490.1,21.7,2.2,94135.9,295.28,1.11061
2025-07-30 12:56,KNID,101523.9,19.4,1.7,94167.3,292.98,1.11970
2025-07-30 13:56,KNID,101557.8,22.2,3.3,94198.7,295.78,1.10947
2025-07-30 14:56,KNID,101591.7,25.6,3.9,94230.1,299.18,1.09723
2025-07-30 15:56,KNID,101625.5,27.8,3.9,94261.6,301.38,1.08958
2025-07-30 16:56,KNID,101625.5,30.6,4.4,94261.6,304.18,1.07955
2025-07-30 17:56,KNID,101591.7,32.2,3.3,94230.1,305.78,1.07354
2025-07-30 18:56,KNID,101557.8,35.0,2.2,94198.7,308.58,1.06345
2025-07-30 19:56,KNID,101456.2,36.7,0.6,94104.5,310.28,1.05656
2025-07-30 20:56,KNID,101388.5,38.3,-2.2,94041.7,311.88,1.05044
2025-07-30 21:56,KNID,101320.8,38.3,-3.3,93978.9,311.88,1.04974
2025-07-30 22:56,KNID,101253.0,38.3,-3.9,93916.0,311.88,1.04904
2025-07-30 23:56,KNID,101253.0,37.8,-3.9,93916.0,311.38,1.05072
2025-07-31 00:56,KNID,101219.2,36.7,-2.2,93884.6,310.28,1.05410
2025-07-31 01:56,KNID,101253.0,34.4,-1.1,93916.0,307.98,1.06232
2025-07-31 02:56,KNID,101286.9,32.2,-1.1,93947.5,305.78,1.07032
2025-07-31 03:56,KNID,101320.8,30.0,-1.7,93978.9,303.58,1.07844
2025-07-31 04:56,KNID,101354.6,28.3,-1.1,94010.3,301.88,1.08488
2025-07-31 05:56,KNID,101388.5,28.3,0.0,94041.7,301.88,1.08524
2025-07-31 06:56,KNID,101388.5,27.2,0.6,94041.7,300.78,1.08921
2025-07-31 07:56,KNID,101422.4,25.6,1.7,94073.1,299.18,1.09540
2025-07-31 08:56,KNID,101456.2,24.4,1.7,94104.5,297.98,1.10018
2025-07-31 09:56,KNID,101490.1,22.8,-0.6,94135.9,296.38,1.10649
2025-07-31 10:56,KNID,101523.9,20.6,-0.6,94167.3,294.18,1.11513
2025-07-31 11:56,KNID,101557.8,20.0,-0.6,94198.7,293.58,1.11778
2025-07-31 12:56,KNID,101625.5,18.9,-0.6,94261.6,292.48,1.12274
2025-07-31 13:56,KNID,101693.3,20.6,-0.6,94324.4,294.18,1.11699
2025-07-31 14:56,KNID,101761.0,23.9,0.0,94387.2,297.48,1.10534
2025-07-31 15:56,KNID,101794.9,27.2,0.6,94418.6,300.78,1.09357
2025-07-31 16:56,KNID,101794.9,30.6,0.6,94418.6,304.18,1.08135
2025-07-31 17:56,KNID,101794.9,32.8,-0.6,94418.6,306.38,1.07359
2025-07-31 18:56,KNID,101727.1,34.4,-1.7,94355.8,307.98,1.06730
2025-07-31 19:56,KNID,101693.3,35.6,-3.3,94324.4,309.18,1.06280
2025-07-31 20:56,KNID,101625.5,37.2,-2.2,94261.6,310.78,1.05662
2025-07-31 21:56,KNID,101523.9,37.8,-2.2,94167.3,311.38,1.05353
2025-07-31 22:56,KNID,101456.2,38.3,-2.2,94104.5,311.88,1.05114
2025-07-31 23:56,KNID,101388.5,38.9,-2.8,94041.7,312.48,1.04843
2025-08-01 00:56,KNID,101354.6,38.9,-5.0,94010.3,312.48,1.04808
2025-08-01 01:56,KNID,101388.5,37.8,-1.7,94041.7,311.38,1.05213
2025-08-01 02:56,KNID,101422.4,34.4,-1.7,94073.1,307.98,1.06410
2025-08-01 03:56,KNID,101523.9,32.2,-4.4,94167.3,305.78,1.07283
2025-08-01 05:56,KNID,101625.5,29.4,-8.3,94261.6,302.98,1.08383
2025-08-01 06:56,KNID,101625.5,27.8,-5.6,94261.6,301.38,1.08958
2025-08-01 07:56,KNID,101625.5,28.3,-7.2,94261.6,301.88,1.08778
2025-08-01 08:56,KNID,101659.4,25.6,-7.8,94293.0,299.18,1.09796
2025-08-01 09:56,KNID,101625.5,25.6,-6.1,94261.6,299.18,1.09759
2025-08-01 10:56,KNID,101693.3,20.6,-6.7,94324.4,294.18,1.11699
2025-08-01 11:56,KNID,101727.1,19.4,-7.2,94355.8,292.98,1.12194
2025-08-01 12:56,KNID,101794.9,18.9,-6.7,94418.6,292.48,1.12461
2025-08-01 13:56,KNID,101862.6,21.1,-6.1,94481.4,294.68,1.11695
2025-08-01 14:56,KNID,101930.3,23.3,-6.1,94544.2,296.88,1.10941
2025-08-01 15:56,KNID,101964.2,25.6,-6.1,94575.7,299.18,1.10125
2025-08-01 16:56,KNID,101998.0,28.3,-6.1,94607.1,301.88,1.09176
2025-08-01 17:56,KNID,101964.2,32.2,-5.6,94575.7,305.78,1.07748
2025-08-01 18:56,KNID,101896.4,34.4,-5.0,94512.8,307.98,1.06907
2025-08-01 19:56,KNID,101862.6,36.1,-6.7,94481.4,309.68,1.06285
2025-08-01 20:56,KNID,101794.9,37.2,-4.4,94418.6,310.78,1.05839
2025-08-01 21:56,KNID,101693.3,38.9,-4.4,94324.4,312.48,1.05158
2025-08-01 22:56,KNID,101659.4,39.4,-6.1,94293.0,312.98,1.04955
2025-08-01 23:56,KNID,101591.7,40.0,-6.1,94230.1,313.58,1.04684
2025-08-02 00:56,KNID,101557.8,39.4,-2.8,94198.7,312.98,1.04850
2025-08-02 01:56,KNID,101625.5,37.2,-7.2,94261.6,310.78,1.05662
2025-08-02 02:56,KNID,101693.3,33.9,-4.4,94324.4,307.48,1.06868
2025-08-02 03:56,KNID,101761.0,32.8,-2.8,94387.2,306.38,1.07323
2025-08-02 04:56,KNID,101794.9,31.1,-1.7,94418.6,304.68,1.07958
2025-08-02 05:56,KNID,101828.7,30.6,0.6,94450.0,304.18,1.08171
2025-08-02 06:56,KNID,101794.9,28.9,2.2,94418.6,302.48,1.08743
2025-08-02 07:56,KNID,101794.9,28.3,1.7,94418.6,301.88,1.08959
2025-08-02 08:56,KNID,101794.9,26.7,0.0,94418.6,300.28,1.09539
2025-08-02 09:56,KNID,101828.7,23.3,-0.6,94450.0,296.88,1.10831
2025-08-02 10:56,KNID,101828.7,24.4,-0.6,94450.0,297.98,1.10422
2025-08-02 11:56,KNID,101862.6,21.7,-0.6,94481.4,295.28,1.11468
2025-08-02 12:56,KNID,101896.4,18.9,-1.1,94512.8,292.48,1.12573
2025-08-02 13:56,KNID,101964.2,21.7,-0.6,94575.7,295.28,1.11580
2025-08-02 14:56,KNID,102031.9,24.4,-0.6,94638.5,297.98,1.10642
2025-08-02 15:56,KNID,102031.9,27.8,0.0,94638.5,301.38,1.09394
2025-08-02 16:56,KNID,102031.9,31.1,-1.7,94638.5,304.68,1.08209
2025-08-02 17:56,KNID,102031.9,33.9,-4.4,94638.5,307.48,1.07224
2025-08-02 18:56,KNID,101998.0,36.1,-3.9,94607.1,309.68,1.06426
2025-08-02 19:56,KNID,101930.3,37.2,-5.6,94544.2,310.78,1.05979
2025-08-02 20:56,KNID,101828.7,38.3,-7.2,94450.0,311.88,1.05500
2025-08-02 21:56,KNID,101727.1,39.4,-5.6,94355.8,312.98,1.05025
2025-08-02 22:56,KNID,101659.4,40.6,-8.3,94293.0,314.18,1.04554
2025-08-02 23:56,KNID,101557.8,40.6,-8.3,94198.7,314.18,1.04449
2025-08-03 00:56,KNID,101523.9,40.0,-6.7,94167.3,313.58,1.04614
2025-08-03 01:56,KNID,101490.1,37.8,-0.6,94135.9,311.38,1.05318
2025-08-03 02:56,KNID,101523.9,34.4,-0.6,94167.3,307.98,1.06517
2025-08-03 03:56,KNID,101591.7,32.8,0.6,94230.1,306.38,1.07144
2025-08-03 04:56,KNID,101625.5,30.6,2.8,94261.6,304.18,1.07955
2025-08-03 05:56,KNID,101659.4,27.2,2.2,94293.0,300.78,1.09212
2025-08-03 06:56,KNID,101659.4,28.9,1.7,94293.0,302.48,1.08598
2025-08-03 07:56,KNID,101659.4,25.6,2.2,94293.0,299.18,1.09796
2025-08-03 08:56,KNID,101625.5,23.9,3.3,94261.6,297.48,1.10387
2025-08-03 09:56,KNID,101625.5,22.2,1.7,94261.6,295.78,1.11021
2025-08-03 10:56,KNID,101625.5,21.1,1.1,94261.6,294.68,1.11435
2025-08-03 11:56,KNID,101625.5,20.0,1.1,94261.6,293.58,1.11853
2025-08-03 12:56,KNID,101693.3,20.0,1.7,94324.4,293.58,1.11928
2025-08-03 13:56,KNID,101727.1,21.7,2.2,94355.8,295.28,1.11320
2025-08-03 14:56,KNID,101761.0,23.3,3.3,94387.2,296.88,1.10757
2025-08-03 15:56,KNID,101761.0,26.7,3.9,94387.2,300.28,1.09503
2025-08-03 16:56,KNID,101727.1,30.0,3.9,94355.8,303.58,1.08277
2025-08-03 17:56,KNID,101693.3,32.8,2.2,94324.4,306.38,1.07251
2025-08-03 18:56,KNID,101625.5,36.1,0.0,94261.6,309.68,1.06038
2025-08-03 19:56,KNID,101557.8,37.2,-0.6,94198.7,310.78,1.05592
2025-08-03 20:56,KNID,101422.4,39.4,-1.1,94073.1,312.98,1.04710
2025-08-03 21:56,KNID,101320.8,40.6,-2.8,93978.9,314.18,1.04206
2025-08-03 22:56,KNID,101219.2,40.6,-2.8,93884.6,314.18,1.04101
2025-08-03 23:56,KNID,101185.3,40.6,-6.7,93853.2,314.18,1.04066
2025-08-04 00:56,KNID,101117.6,39.4,-2.8,93790.4,312.98,1.04395
2025-08-04 01:56,KNID,101151.4,36.7,-0.6,93821.8,310.28,1.05339
2025-08-04 02:56,KNID,101185.3,33.9,-0.6,93853.2,307.48,1.06334
2025-08-04 03:56,KNID,101185.3,31.7,0.0,93853.2,305.28,1.07100
2025-08-04 04:56,KNID,101253.0,30.6,0.6,93916.0,304.18,1.07559
2025-08-04 05:56,KNID,101253.0,26.1,-0.6,93916.0,299.68,1.09175
2025-08-04 06:56,KNID,101219.2,27.8,0.0,93884.6,301.38,1.08522
2025-08-04 07:56,KNID,101219.2,23.9,0.6,93884.6,297.48,1.09945
2025-08-04 08:56,KNID,101185.3,23.3,-1.1,93853.2,296.88,1.10131
2025-08-04 09:56,KNID,101185.3,25.6,0.6,93853.2,299.18,1.09284
2025-08-04 10:56,KNID,101185.3,25.0,0.6,93853.2,298.58,1.09503
2025-08-04 11:56,KNID,101219.2,26.7,-1.1,93884.6,300.28,1.08920
2025-08-04 12:56,KNID,101286.9,21.7,1.1,93947.5,295.28,1.10838
2025-08-04 13:56,KNID,101320.8,22.8,0.6,93978.9,296.38,1.10464
2025-08-04 14:56,KNID,101388.5,26.1,0.6,94041.7,299.68,1.09321
2025-08-04 15:56,KNID,101388.5,28.9,0.0,94041.7,302.48,1.08309
2025-08-04 16:56,KNID,101388.5,31.7,-2.2,94041.7,305.28,1.07315
2025-08-04 17:56,KNID,101422.4,33.3,-4.4,94073.1,306.88,1.06791
2025-08-04 18:56,KNID,101388.5,34.4,-5.6,94041.7,307.98,1.06374
2025-08-04 19:56,KNID,101320.8,35.6,-6.7,93978.9,309.18,1.05891
2025-08-04 20:56,KNID,101253.0,36.1,-5.6,93916.0,309.68,1.05649
2025-08-04 21:56,KNID,101185.3,36.7,-5.0,93853.2,310.28,1.05374
2025-08-04 22:56,KNID,101117.6,37.2,-2.2,93790.4,310.78,1.05134
2025-08-04 23:56,KNID,101049.8,36.7,-1.1,93727.6,310.28,1.05233
2025-08-05 00:56,KNID,101049.8,35.6,-0.6,93727.6,309.18,1.05608
2025-08-05 01:56,KNID,101049.8,34.4,-1.1,93727.6,307.98,1.06019
2025-08-05 02:56,KNID,101083.7,31.7,-0.6,93759.0,305.28,1.06993
2025-08-05 03:56,KNID,101185.3,30.6,0.6,93853.2,304.18,1.07487
2025-08-05 04:56,KNID,101253.0,29.4,1.1,93916.0,302.98,1.07985
2025-08-05 05:56,KNID,101286.9,28.3,2.2,93947.5,301.88,1.08415
2025-08-05 06:56,KNID,101354.6,27.8,2.2,94010.3,301.38,1.08668
2025-08-05 07:56,KNID,101354.6,26.1,2.8,94010.3,299.68,1.09284
2025-08-05 08:56,KNID,101354.6,25.0,2.8,94010.3,298.58,1.09687
2025-08-05 09:56,KNID,101388.5,23.3,1.7,94041.7,296.88,1.10352
2025-08-05 10:56,KNID,101422.4,22.2,1.7,94073.1,295.78,1.10799
2025-08-05 11:56,KNID,101456.2,21.7,2.8,94104.5,295.28,1.11024
2025-08-05 12:56,KNID,101523.9,18.3,0.6,94167.3,291.88,1.12392
2025-08-05 13:56,KNID,101591.7,19.4,1.1,94230.1,292.98,1.12045
2025-08-05 14:56,KNID,101659.4,23.9,2.2,94293.0,297.48,1.10423
2025-08-05 15:56,KNID,101727.1,26.1,2.2,94355.8,299.68,1.09686
2025-08-05 16:56,KNID,101761.0,28.9,2.2,94387.2,302.48,1.08707
2025-08-05 17:56,KNID,101727.1,31.7,1.7,94355.8,305.28,1.07674
2025-08-05 18:56,KNID,101693.3,33.9,1.7,94324.4,307.48,1.06868
2025-08-05 19:56,KNID,101625.5,36.1,1.1,94261.6,309.68,1.06038
2025-08-05 20:56,KNID,101523.9,37.2,-1.1,94167.3,310.78,1.05557
2025-08-05 21:56,KNID,101422.4,38.9,-1.1,94073.1,312.48,1.04878
2025-08-05 22:56,KNID,101354.6,40.0,-1.7,94010.3,313.58,1.04440
2025-08-05 23:56,KNID,101354.6,38.9,-1.7,94010.3,312.48,1.04808
2025-08-06 00:56,KNID,101388.5,37.8,-1.7,94041.7,311.38,1.05213
2025-08-06 01:56,KNID,101422.4,36.7,-1.1,94073.1,310.28,1.05621
2025-08-06 02:56,KNID,101490.1,33.3,-2.8,94135.9,306.88,1.06863
2025-08-06 03:56,KNID,101557.8,31.1,-1.7,94198.7,304.68,1.07706
2025-08-06 04:56,KNID,101625.5,30.6,-0.6,94261.6,304.18,1.07955
2025-08-06 05:56,KNID,101625.5,29.4,-1.1,94261.6,302.98,1.08383
2025-08-06 06:56,KNID,101659.4,28.3,0.0,94293.0,301.88,1.08814
2025-08-06 07:56,KNID,101659.4,27.8,-1.7,94293.0,301.38,1.08994
2025-08-06 08:56,KNID,101659.4,25.6,-1.1,94293.0,299.18,1.09796
2025-08-06 09:56,KNID,101659.4,23.3,-1.7,94293.0,296.88,1.10647
2025-08-06 10:56,KNID,101693.3,21.1,-1.7,94324.4,294.68,1.11510
2025-08-06 11:56,KNID,101693.3,20.6,-1.1,94324.4,294.18,1.11699
2025-08-06 12:56,KNID,101794.9,17.8,-2.2,94418.6,291.38,1.12885
2025-08-06 13:56,KNID,101828.7,20.6,-1.1,94450.0,294.18,1.11848
2025-08-06 14:56,KNID,101896.4,23.3,-1.1,94512.8,296.88,1.10905
2025-08-06 15:56,KNID,101930.3,26.7,-1.1,94544.2,300.28,1.09685
2025-08-06 16:56,KNID,101930.3,28.3,-1.1,94544.2,301.88,1.09104
2025-08-06 17:56,KNID,101930.3,31.7,-0.6,94544.2,305.28,1.07889
2025-08-06 18:56,KNID,101896.4,34.4,-0.6,94512.8,307.98,1.06907
2025-08-06 19:56,KNID,101828.7,36.7,-1.1,94450.0,310.28,1.06044
2025-08-06 20:56,KNID,101727.1,38.3,-2.8,94355.8,311.88,1.05395
2025-08-06 21:56,KNID,101625.5,40.6,-3.3,94261.6,314.18,1.04519
2025-08-06 22:56,KNID,101557.8,41.1,-5.0,94198.7,314.68,1.04283
2025-08-06 23:56,KNID,101523.9,41.1,-5.6,94167.3,314.68,1.04249
2025-08-07 00:56,KNID,101523.9,39.4,-3.3,94167.3,312.98,1.04815
2025-08-07 01:56,KNID,101523.9,37.2,-1.7,94167.3,310.78,1.05557
2025-08-07 02:56,KNID,101557.8,35.0,-2.8,94198.7,308.58,1.06345
2025-08-07 03:56,KNID,101591.7,33.3,-0.6,94230.1,306.88,1.06970
2025-08-07 04:56,KNID,101625.5,31.7,0.6,94261.6,305.28,1.07566
2025-08-07 05:56,KNID,101625.5,31.1,0.0,94261.6,304.68,1.07778
2025-08-07 06:56,KNID,101659.4,30.0,-1.1,94293.0,303.58,1.08205
2025-08-07 07:56,KNID,101625.5,29.4,-1.1,94261.6,302.98,1.08383
2025-08-07 08:56,KNID,101625.5,28.3,-1.7,94261.6,301.88,1.08778
2025-08-07 09:56,KNID,101625.5,28.3,-1.1,94261.6,301.88,1.08778
2025-08-07 10:56,KNID,101625.5,26.7,0.6,94261.6,300.28,1.09357
2025-08-07 11:56,KNID,101659.4,21.7,-1.1,94293.0,295.28,1.11246
2025-08-07 12:56,KNID,101693.3,21.1,-1.1,94324.4,294.68,1.11510
2025-08-07 13:56,KNID,101727.1,23.3,-1.1,94355.8,296.88,1.10720
2025-08-07 14:56,KNID,101761.0,27.2,0.0,94387.2,300.78,1.09321
2025-08-07 15:56,KNID,101794.9,28.9,0.0,94418.6,302.48,1.08743
2025-08-07 16:56,KNID,101794.9,31.7,0.0,94418.6,305.28,1.07745
2025-08-07 17:56,KNID,101794.9,34.4,1.1,94418.6,307.98,1.06801
2025-08-07 18:56,KNID,101727.1,36.7,2.8,94355.8,310.28,1.05939
2025-08-07 19:56,KNID,101659.4,38.9,0.6,94293.0,312.48,1.05123
2025-08-07 20:56,KNID,101557.8,40.0,-1.1,94198.7,313.58,1.04649
2025-08-07 21:56,KNID,101456.2,41.7,-2.8,94104.5,315.28,1.03981
2025-08-07 22:56,KNID,101388.5,41.7,-5.6,94041.7,315.28,1.03911
2025-08-07 23:56,KNID,101354.6,41.1,-5.0,94010.3,314.68,1.04075
2025-08-08 00:56,KNID,101320.8,40.6,-2.8,93978.9,314.18,1.04206
2025-08-08 01:56,KNID,101320.8,38.9,-4.4,93978.9,312.48,1.04772
2025-08-08 02:56,KNID,101354.6,35.6,-3.9,94010.3,309.18,1.05926
2025-08-08 03:56,KNID,101388.5,33.9,1.1,94041.7,307.48,1.06547
2025-08-08 04:56,KNID,101388.5,32.8,0.0,94041.7,306.38,1.06930
2025-08-08 05:56,KNID,101388.5,32.2,-0.6,94041.7,305.78,1.07140
2025-08-08 06:56,KNID,101354.6,31.1,-1.1,94010.3,304.68,1.07491
2025-08-08 07:56,KNID,101354.6,31.1,-1.1,94010.3,304.68,1.07491
2025-08-08 08:56,KNID,101320.8,29.4,0.6,93978.9,302.98,1.08058
2025-08-08 09:56,KNID,101320.8,28.9,1.1,93978.9,302.48,1.08236
2025-08-08 11:56,KNID,101354.6,24.4,-1.1,94010.3,297.98,1.09908
2025-08-08 12:56,KNID,101422.4,23.9,-1.1,94073.1,297.48,1.10166
2025-08-08 13:56,KNID,101490.1,21.7,-1.7,94135.9,295.28,1.11061
2025-08-08 14:56,KNID,101523.9,26.7,-1.1,94167.3,300.28,1.09248
2025-08-08 15:56,KNID,101557.8,28.3,-1.1,94198.7,301.88,1.08705
2025-08-08 16:56,KNID,101557.8,32.2,-1.1,94198.7,305.78,1.07319
2025-08-08 17:56,KNID,101523.9,35.0,-2.2,94167.3,308.58,1.06309
2025-08-08 18:56,KNID,101456.2,37.2,-3.9,94104.5,310.78,1.05486
2025-08-08 19:56,KNID,101354.6,40.6,-6.1,94010.3,314.18,1.04240
2025-08-08 20:56,KNID,101286.9,42.2,-6.7,93947.5,315.78,1.03643
2025-08-08 21:56,KNID,101219.2,43.3,-8.9,93884.6,316.88,1.03214
2025-08-08 22:56,KNID,101185.3,42.8,-7.2,93853.2,316.38,1.03343
2025-08-08 23:56,KNID,101117.6,42.8,-7.2,93790.4,316.38,1.03273
2025-08-09 00:56,KNID,101083.7,41.7,-5.0,93759.0,315.28,1.03599
2025-08-09 01:56,KNID,101117.6,39.4,-0.6,93790.4,312.98,1.04395
2025-08-09 02:56,KNID,101151.4,36.7,0.0,93821.8,310.28,1.05339
2025-08-09 03:56,KNID,101219.2,34.4,1.7,93884.6,307.98,1.06197
2025-08-09 04:56,KNID,101253.0,33.3,2.2,93916.0,306.88,1.06613
2025-08-09 05:56,KNID,101286.9,32.2,2.2,93947.5,305.78,1.07032
2025-08-09 06:56,KNID,101286.9,31.7,2.2,93947.5,305.28,1.07208
2025-08-09 07:56,KNID,101286.9,31.1,1.7,93947.5,304.68,1.07419
2025-08-09 08:56,KNID,101286.9,30.6,1.1,93947.5,304.18,1.07595
2025-08-09 09:56,KNID,101320.8,29.4,0.0,93978.9,302.98,1.08058
2025-08-09 10:56,KNID,101354.6,24.4,0.6,94010.3,297.98,1.09908
2025-08-09 11:56,KNID,101388.5,24.4,1.1,94041.7,297.98,1.09944
2025-08-09 12:56,KNID,101456.2,21.7,0.0,94104.5,295.28,1.11024
2025-08-09 13:56,KNID,101523.9,23.9,0.0,94167.3,297.48,1.10276
2025-08-09 14:56,KNID,101591.7,26.1,0.0,94230.1,299.68,1.09540
2025-08-09 15:56,KNID,101591.7,29.4,0.0,94230.1,302.98,1.08347
2025-08-09 16:56,KNID,101591.7,32.2,-1.1,94230.1,305.78,1.07354
2025-08-09 17:56,KNID,101557.8,36.1,-1.7,94198.7,309.68,1.05967
2025-08-09 18:56,KNID,101523.9,38.3,-2.8,94167.3,311.88,1.05185
2025-08-09 19:56,KNID,101422.4,39.4,-3.9,94073.1,312.98,1.04710
2025-08-09 20:56,KNID,101354.6,41.7,-8.3,94010.3,315.28,1.03877
2025-08-09 21:56,KNID,101253.0,42.8,-7.2,93916.0,316.38,1.03412
2025-08-09 22:56,KNID,101151.4,43.3,-7.2,93821.8,316.88,1.03145
2025-08-09 23:56,KNID,101117.6,42.2,-5.0,93790.4,315.78,1.03470
2025-08-10 00:56,KNID,101083.7,41.7,-4.4,93759.0,315.28,1.03599
2025-08-10 01:56,KNID,101117.6,39.4,-5.0,93790.4,312.98,1.04395
2025-08-10 02:56,KNID,101151.4,36.7,-3.3,93821.8,310.28,1.05339
2025-08-10 03:56,KNID,101219.2,35.6,-1.7,93884.6,309.18,1.05785
2025-08-10 04:56,KNID,101253.0,33.3,-0.6,93916.0,306.88,1.06613
2025-08-10 05:56,KNID,101286.9,30.6,-1.1,93947.5,304.18,1.07595
2025-08-10 06:56,KNID,101320.8,30.0,-1.1,93978.9,303.58,1.07844
2025-08-10 07:56,KNID,101354.6,30.0,-1.7,94010.3,303.58,1.07880
2025-08-10 08:56,KNID,101354.6,30.0,-2.2,94010.3,303.58,1.07880
2025-08-10 09:56,KNID,101388.5,25.6,-3.3,94041.7,299.18,1.09503
2025-08-10 10:56,KNID,101456.2,24.4,-2.2,94104.5,297.98,1.10018
2025-08-10 11:56,KNID,101490.1,23.9,-3.3,94135.9,297.48,1.10239
2025-08-10 12:56,KNID,101557.8,21.7,-3.9,94198.7,295.28,1.11135
2025-08-10 13:56,KNID,101625.5,21.7,-4.4,94261.6,295.28,1.11209
2025-08-10 14:56,KNID,101693.3,25.0,-3.3,94324.4,298.58,1.10053
2025-08-10 15:56,KNID,101693.3,28.9,-2.8,94324.4,302.48,1.08634
2025-08-10 16:56,KNID,101693.3,33.3,-2.8,94324.4,306.88,1.07077
2025-08-10 17:56,KNID,101693.3,36.7,-3.3,94324.4,310.28,1.05903
2025-08-10 18:56,KNID,101659.4,38.3,-5.0,94293.0,311.88,1.05325
2025-08-10 19:56,KNID,101591.7,41.7,-8.3,94230.1,315.28,1.04120
2025-08-10 20:56,KNID,101523.9,42.8,-7.8,94167.3,316.38,1.03688
2025-08-10 21:56,KNID,101422.4,42.8,-6.1,94073.1,316.38,1.03585
2025-08-10 22:56,KNID,101320.8,42.2,-4.4,93978.9,315.78,1.03678
2025-08-10 23:56,KNID,101253.0,42.8,-3.3,93916.0,316.38,1.03412
2025-08-11 00:56,KNID,101185.3,42.8,-2.2,93853.2,316.38,1.03343
2025-08-11 01:56,KNID,101219.2,40.6,-0.6,93884.6,314.18,1.04101
2025-08-11 02:56,KNID,101286.9,37.2,0.0,93947.5,310.78,1.05310
2025-08-11 03:56,KNID,101354.6,35.6,0.6,94010.3,309.18,1.05926
2025-08-11 04:56,KNID,101422.4,33.9,0.6,94073.1,307.48,1.06583
2025-08-11 05:56,KNID,101422.4,31.7,0.6,94073.1,305.28,1.07351
2025-08-11 06:56,KNID,101456.2,30.6,0.6,94104.5,304.18,1.07775
2025-08-11 07:56,KNID,101456.2,30.6,0.6,94104.5,304.18,1.07775
2025-08-11 08:56,KNID,101456.2,27.8,0.6,94104.5,301.38,1.08777
2025-08-11 09:56,KNID,101456.2,26.1,0.0,94104.5,299.68,1.09394
2025-08-11 10:56,KNID,101490.1,25.0,0.6,94135.9,298.58,1.09833
2025-08-11 11:56,KNID,101490.1,23.9,1.1,94135.9,297.48,1.10239
2025-08-11 12:56,KNID,101557.8,22.8,0.6,94198.7,296.38,1.10722
2025-08-11 13:56,KNID,101591.7,23.9,0.6,94230.1,297.48,1.10350
2025-08-11 14:56,KNID,101659.4,28.3,1.1,94293.0,301.88,1.08814
2025-08-11 15:56,KNID,101625.5,31.7,1.7,94261.6,305.28,1.07566
2025-08-11 16:56,KNID,101625.5,35.6,2.8,94261.6,309.18,1.06209
2025-08-11 17:56,KNID,101591.7,39.4,-2.8,94230.1,312.98,1.04885
2025-08-11 18:56,KNID,101557.8,41.1,-3.3,94198.7,314.68,1.04283
2025-08-11 19:56,KNID,101490.1,42.8,-3.3,94135.9,316.38,1.03654
2025-08-11 20:56,KNID,101422.4,43.3,-4.4,94073.1,316.88,1.03421
2025-08-11 21:56,KNID,101320.8,42.8,-5.0,93978.9,316.38,1.03481
2025-08-11 22:56,KNID,101219.2,43.3,-4.4,93884.6,316.88,1.03214
2025-08-11 23:56,KNID,101185.3,43.9,-3.9,93853.2,317.48,1.02985
2025-08-12 00:56,KNID,101117.6,42.8,1.1,93790.4,316.38,1.03273
2025-08-12 01:56,KNID,101117.6,40.6,3.9,93790.4,314.18,1.03997
2025-08-12 02:56,KNID,101151.4,37.8,2.8,93821.8,311.38,1.04967
2025-08-12 03:56,KNID,101219.2,36.1,3.9,93884.6,309.68,1.05614
2025-08-12 04:56,KNID,101253.0,32.8,2.8,93916.0,306.38,1.06787
2025-08-12 05:56,KNID,101253.0,32.2,3.3,93916.0,305.78,1.06997
2025-08-12 06:56,KNID,101253.0,31.7,3.3,93916.0,305.28,1.07172
2025-08-12 07:56,KNID,101286.9,30.0,3.3,93947.5,303.58,1.07808
2025-08-12 08:56,KNID,101286.9,27.8,3.9,93947.5,301.38,1.08595
2025-08-12 09:56,KNID,101253.0,26.1,2.8,93916.0,299.68,1.09175
2025-08-12 10:56,KNID,101286.9,24.4,2.2,93947.5,297.98,1.09834
2025-08-12 11:56,KNID,101286.9,24.4,2.2,93947.5,297.98,1.09834
2025-08-12 12:56,KNID,101320.8,23.3,2.8,93978.9,296.88,1.10278
2025-08-12 13:56,KNID,101388.5,23.3,2.2,94041.7,296.88,1.10352
2025-08-12 14:56,KNID,101422.4,27.8,3.3,94073.1,301.38,1.08740
2025-08-12 15:56,KNID,101422.4,31.7,3.9,94073.1,305.28,1.07351
2025-08-12 16:56,KNID,101422.4,35.0,3.9,94073.1,308.58,1.06203
2025-08-12 17:56,KNID,101422.4,37.8,2.8,94073.1,311.38,1.05248
2025-08-12 18:56,KNID,101388.5,40.6,1.7,94041.7,314.18,1.04275
2025-08-12 19:56,KNID,101320.8,42.2,3.3,93978.9,315.78,1.03678
2025-08-12 20:56,KNID,101253.0,42.8,1.7,93916.0,316.38,1.03412
2025-08-12 21:56,KNID,101185.3,43.9,-0.6,93853.2,317.48,1.02985
2025-08-12 22:56,KNID,101117.6,44.4,-2.8,93790.4,317.98,1.02754
2025-08-12 23:56,KNID,101083.7,43.3,-1.1,93759.0,316.88,1.03076
2025-08-13 00:56,KNID,101049.8,42.8,2.2,93727.6,316.38,1.03204
2025-08-13 01:56,KNID,101049.8,40.6,0.0,93727.6,314.18,1.03927
2025-08-13 02:56,KNID,101117.6,37.8,2.8,93790.4,311.38,1.04932
2025-08-13 03:56,KNID,101185.3,35.0,2.8,93853.2,308.58,1.05955
2025-08-13 04:56,KNID,101219.2,34.4,4.4,93884.6,307.98,1.06197
2025-08-13 05:56,KNID,101219.2,32.8,5.0,93884.6,306.38,1.06751
2025-08-13 06:56,KNID,101253.0,32.2,5.6,93916.0,305.78,1.06997
2025-08-13 07:56,KNID,101253.0,31.7,6.1,93916.0,305.28,1.07172
2025-08-13 08:56,KNID,101253.0,26.7,5.6,93916.0,300.28,1.08956
2025-08-13 09:56,KNID,101253.0,26.1,4.4,93916.0,299.68,1.09175
2025-08-13 10:56,KNID,101253.0,26.1,4.4,93916.0,299.68,1.09175
2025-08-13 11:56,KNID,101253.0,25.6,4.4,93916.0,299.18,1.09357
2025-08-13 12:56,KNID,101286.9,23.9,5.0,93947.5,297.48,1.10019
2025-08-13 13:56,KNID,101354.6,24.4,4.4,94010.3,297.98,1.09908
2025-08-13 14:56,KNID,101422.4,27.2,5.0,94073.1,300.78,1.08957
2025-08-13 15:56,KNID,101422.4,30.6,5.6,94073.1,304.18,1.07739
2025-08-13 16:56,KNID,101388.5,33.3,5.6,94041.7,306.88,1.06756
2025-08-13 17:56,KNID,101388.5,36.1,5.6,94041.7,309.68,1.05790
2025-08-13 18:56,KNID,101320.8,38.3,5.0,93978.9,311.88,1.04974
2025-08-13 19:56,KNID,101286.9,40.6,1.1,93947.5,314.18,1.04171
2025-08-13 20:56,KNID,101219.2,41.7,-0.6,93884.6,315.28,1.03738
2025-08-13 21:56,KNID,101117.6,41.1,-0.6,93790.4,314.68,1.03831
2025-08-13 22:56,KNID,101016.0,42.2,1.7,93696.2,315.78,1.03366
2025-08-13 23:56,KNID,100982.1,42.2,3.3,93664.8,315.78,1.03331
2025-08-14 00:56,KNID,100948.3,40.6,2.2,93633.4,314.18,1.03822
2025-08-14 01:56,KNID,100948.3,38.9,0.6,93633.4,312.48,1.04387
2025-08-14 02:56,KNID,100982.1,35.6,-0.6,93664.8,309.18,1.05537
2025-08-14 03:56,KNID,101049.8,35.0,-0.6,93727.6,308.58,1.05813
2025-08-14 04:56,KNID,101117.6,32.2,-0.6,93790.4,305.78,1.06853
2025-08-14 05:56,KNID,101117.6,30.6,-0.6,93790.4,304.18,1.07416
2025-08-14 06:56,KNID,101117.6,28.3,0.0,93790.4,301.88,1.08234
2025-08-14 07:56,KNID,101117.6,28.3,1.1,93790.4,301.88,1.08234
2025-08-14 08:56,KNID,101083.7,28.9,0.6,93759.0,302.48,1.07983
2025-08-14 09:56,KNID,101083.7,24.4,0.0,93759.0,297.98,1.09614
2025-08-14 10:56,KNID,101083.7,23.9,0.0,93759.0,297.48,1.09798
2025-08-14 11:56,KNID,101117.6,23.9,0.0,93790.4,297.48,1.09835
2025-08-14 12:56,KNID,101185.3,21.1,-0.6,93853.2,294.68,1.10953
2025-08-14 13:56,KNID,101219.2,23.3,0.0,93884.6,296.88,1.10167
2025-08-14 14:56,KNID,101253.0,26.7,0.0,93916.0,300.28,1.08956
2025-08-14 15:56,KNID,101286.9,31.1,0.0,93947.5,304.68,1.07419
2025-08-14 16:56,KNID,101253.0,33.9,0.6,93916.0,307.48,1.06405
2025-08-14 17:56,KNID,101253.0,35.6,0.0,93916.0,309.18,1.05820
2025-08-14 18:56,KNID,101185.3,37.8,0.0,93853.2,311.38,1.05002
2025-08-14 19:56,KNID,101117.6,39.4,0.0,93790.4,312.98,1.04395
2025-08-14 20:56,KNID,101016.0,41.7,-1.7,93696.2,315.28,1.03530
2025-08-14 21:56,KNID,100880.5,41.1,-4.4,93570.5,314.68,1.03588
2025-08-14 22:56,KNID,100846.7,42.2,-5.0,93539.1,315.78,1.03192
2025-08-14 23:56,KNID,100812.8,41.1,-3.9,93507.7,314.68,1.03518
2025-08-15 00:56,KNID,100812.8,39.4,-3.3,93507.7,312.98,1.04081
2025-08-15 01:56,KNID,100812.8,37.2,-3.9,93507.7,310.78,1.04817
2025-08-15 02:56,KNID,100846.7,33.3,-1.1,93539.1,306.88,1.06185
2025-08-15 03:56,KNID,100914.4,31.1,0.0,93601.9,304.68,1.07024
2025-08-15 04:56,KNID,100948.3,29.4,0.0,93633.4,302.98,1.07660
2025-08-15 05:56,KNID,100982.1,27.8,-0.6,93664.8,301.38,1.08268
2025-08-15 06:56,KNID,101049.8,27.8,1.1,93727.6,301.38,1.08341
2025-08-15 07:56,KNID,101016.0,27.2,1.7,93696.2,300.78,1.08521
2025-08-15 08:56,KNID,101049.8,24.4,0.0,93727.6,297.98,1.09577
2025-08-15 09:56,KNID,101083.7,23.3,-0.6,93759.0,296.88,1.10020
2025-08-15 10:56,KNID,101083.7,21.7,0.0,93759.0,295.28,1.10616
2025-08-15 11:56,KNID,101151.4,21.1,1.1,93821.8,294.68,1.10916
2025-08-15 12:56,KNID,101219.2,20.0,0.0,93884.6,293.58,1.11406
2025-08-15 13:56,KNID,101286.9,21.1,0.0,93947.5,294.68,1.11064
2025-08-15 14:56,KNID,101354.6,23.9,0.0,94010.3,297.48,1.10092
2025-08-15 15:56,KNID,101422.4,28.3,2.2,94073.1,301.88,1.08560
2025-08-15 16:56,KNID,101456.2,30.6,3.9,94104.5,304.18,1.07775
2025-08-15 17:56,KNID,101490.1,31.7,3.9,94135.9,305.28,1.07423
2025-08-15 18:56,KNID,101490.1,32.8,2.8,94135.9,306.38,1.07037
2025-08-15 19:56,KNID,101422.4,34.4,1.7,94073.1,307.98,1.06410
2025-08-15 20:56,KNID,101354.6,35.6,0.0,94010.3,309.18,1.05926
2025-08-15 21:56,KNID,101320.8,36.1,-0.6,93978.9,309.68,1.05720
2025-08-15 22:56,KNID,101219.2,36.7,0.0,93884.6,310.28,1.05410
2025-08-15 23:56,KNID,101185.3,37.8,-0.6,93853.2,311.38,1.05002
2025-08-16 00:56,KNID,101117.6,37.2,-1.1,93790.4,310.78,1.05134
2025-08-16 01:56,KNID,101117.6,35.6,3.9,93790.4,309.18,1.05678
2025-08-16 02:56,KNID,101185.3,33.9,7.8,93853.2,307.48,1.06334
2025-08-16 03:56,KNID,101253.0,31.7,7.8,93916.0,305.28,1.07172
2025-08-16 04:56,KNID,101286.9,30.6,7.2,93947.5,304.18,1.07595
2025-08-16 05:56,KNID,101320.8,30.0,8.3,93978.9,303.58,1.07844
2025-08-16 06:56,KNID,101354.6,28.9,8.3,94010.3,302.48,1.08272
2025-08-16 07:56,KNID,101354.6,27.8,7.8,94010.3,301.38,1.08668
2025-08-16 08:56,KNID,101354.6,25.0,6.7,94010.3,298.58,1.09687
2025-08-16 09:56,KNID,101388.5,25.0,6.7,94041.7,298.58,1.09723
2025-08-16 10:56,KNID,101388.5,25.0,6.1,94041.7,298.58,1.09723
2025-08-16 11:56,KNID,101456.2,23.3,6.7,94104.5,296.88,1.10425
2025-08-16 12:56,KNID,101490.1,22.2,6.1,94135.9,295.78,1.10873
2025-08-16 13:56,KNID,101591.7,23.3,6.1,94230.1,296.88,1.10573
2025-08-16 14:56,KNID,101625.5,25.6,6.1,94261.6,299.18,1.09759
2025-08-16 15:56,KNID,101659.4,27.8,6.7,94293.0,301.38,1.08994
2025-08-16 16:56,KNID,101693.3,29.4,6.7,94324.4,302.98,1.08455
2025-08-16 17:56,KNID,101693.3,31.1,7.8,94324.4,304.68,1.07850
2025-08-16 18:56,KNID,101625.5,32.2,7.2,94261.6,305.78,1.07390
2025-08-16 19:56,KNID,101591.7,34.4,5.6,94230.1,307.98,1.06588
2025-08-16 20:56,KNID,101490.1,35.6,5.0,94135.9,309.18,1.06068
2025-08-16 21:56,KNID,101422.4,36.1,5.0,94073.1,309.68,1.05826
2025-08-16 22:56,KNID,101354.6,37.2,3.9,94010.3,310.78,1.05381
2025-08-16 23:56,KNID,101286.9,37.2,3.3,93947.5,310.78,1.05310
2025-08-17 00:56,KNID,101253.0,36.1,6.7,93916.0,309.68,1.05649
2025-08-17 01:56,KNID,101286.9,34.4,5.6,93947.5,307.98,1.06268
2025-08-17 02:56,KNID,101320.8,31.7,3.9,93978.9,305.28,1.07244
2025-08-17 03:56,KNID,101388.5,29.4,4.4,94041.7,302.98,1.08130
2025-08-17 04:56,KNID,101456.2,28.3,6.7,94104.5,301.88,1.08596
2025-08-17 05:56,KNID,101456.2,27.8,6.1,94104.5,301.38,1.08777
2025-08-17 07:56,KNID,101490.1,24.4,6.1,94135.9,297.98,1.10054
2025-08-17 08:56,KNID,101456.2,25.0,6.7,94104.5,298.58,1.09797
2025-08-17 09:56,KNID,101456.2,24.4,7.2,94104.5,297.98,1.10018
2025-08-17 10:56,KNID,101490.1,21.1,5.6,94135.9,294.68,1.11287
2025-08-17 11:56,KNID,101490.1,23.3,8.9,94135.9,296.88,1.10462
2025-08-17 12:56,KNID,101557.8,18.3,5.6,94198.7,291.88,1.12429
2025-08-17 13:56,KNID,101625.5,20.0,5.0,94261.6,293.58,1.11853
2025-08-17 14:56,KNID,101659.4,25.0,7.8,94293.0,298.58,1.10017
2025-08-17 15:56,KNID,101659.4,26.1,7.2,94293.0,299.68,1.09613
2025-08-17 16:56,KNID,101693.3,28.3,7.2,94324.4,301.88,1.08850
2025-08-17 17:56,KNID,101659.4,30.6,6.1,94293.0,304.18,1.07991
2025-08-17 18:56,KNID,101591.7,31.7,5.6,94230.1,305.28,1.07530
2025-08-17 19:56,KNID,101523.9,34.4,6.1,94167.3,307.98,1.06517
2025-08-17 20:56,KNID,101456.2,34.4,7.2,94104.5,307.98,1.06445
2025-08-17 21:56,KNID,101354.6,36.1,5.0,94010.3,309.68,1.05755
2025-08-17 22:56,KNID,101253.0,37.2,2.8,93916.0,310.78,1.05275
2025-08-17 23:56,KNID,101219.2,37.2,4.4,93884.6,310.78,1.05240
2025-08-18 00:56,KNID,101185.3,36.7,5.6,93853.2,310.28,1.05374
2025-08-18 01:56,KNID,101219.2,35.0,7.8,93884.6,308.58,1.05990
2025-08-18 02:56,KNID,101286.9,32.8,8.9,93947.5,306.38,1.06823
2025-08-18 03:56,KNID,101354.6,30.6,8.3,94010.3,304.18,1.07667
2025-08-18 04:56,KNID,101388.5,28.9,6.7,94041.7,302.48,1.08309
2025-08-18 05:56,KNID,101422.4,27.8,7.8,94073.1,301.38,1.08740
2025-08-18 06:56,KNID,101422.4,27.2,8.3,94073.1,300.78,1.08957
2025-08-18 07:56,KNID,101422.4,27.2,7.8,94073.1,300.78,1.08957
2025-08-18 08:56,KNID,101422.4,26.1,8.3,94073.1,299.68,1.09357
2025-08-18 09:56,KNID,101456.2,25.0,8.3,94104.5,298.58,1.09797
2025-08-18 10:56,KNID,101490.1,22.2,8.3,94135.9,295.78,1.10873
2025-08-18 11:56,KNID,101523.9,21.7,7.2,94167.3,295.28,1.11098
2025-08-18 12:56,KNID,101591.7,20.6,7.2,94230.1,294.18,1.11588
2025-08-18 13:56,KNID,101659.4,21.1,8.3,94293.0,294.68,1.11473
2025-08-18 14:56,KNID,101727.1,23.3,7.2,94355.8,296.88,1.10720
2025-08-18 15:56,KNID,101727.1,26.1,8.3,94355.8,299.68,1.09686
2025-08-18 16:56,KNID,101727.1,31.7,8.9,94355.8,305.28,1.07674
2025-08-18 17:56,KNID,101727.1,33.9,8.9,94355.8,307.48,1.06903
2025-08-18 18:56,KNID,101693.3,35.0,7.8,94324.4,308.58,1.06487
2025-08-18 19:56,KNID,101625.5,35.0,2.8,94261.6,308.58,1.06416
2025-08-18 20:56,KNID,101557.8,37.2,-9.4,94198.7,310.78,1.05592
2025-08-18 21:56,KNID,101490.1,37.8,-8.3,94135.9,311.38,1.05318
2025-08-18 22:56,KNID,101422.4,37.8,-5.0,94073.1,311.38,1.05248
2025-08-18 23:56,KNID,101388.5,37.8,-1.7,94041.7,311.38,1.05213
2025-08-19 00:56,KNID,101354.6,37.8,-7.8,94010.3,311.38,1.05178
2025-08-19 01:56,KNID,101388.5,36.7,-3.3,94041.7,310.28,1.05586
2025-08-19 02:56,KNID,101422.4,34.4,-3.3,94073.1,307.98,1.06410
2025-08-19 03:56,KNID,101490.1,32.2,3.9,94135.9,305.78,1.07247
2025-08-19 04:56,KNID,101523.9,30.6,5.0,94167.3,304.18,1.07847
2025-08-19 05:56,KNID,101557.8,28.9,7.8,94198.7,302.48,1.08490
2025-08-19 06:56,KNID,101625.5,28.3,7.2,94261.6,301.88,1.08778
2025-08-19 07:56,KNID,101625.5,27.2,6.7,94261.6,300.78,1.09175
2025-08-19 08:56,KNID,101625.5,25.6,7.2,94261.6,299.18,1.09759
2025-08-19 09:56,KNID,101659.4,25.0,6.7,94293.0,298.58,1.10017
2025-08-19 10:56,KNID,101693.3,24.4,6.7,94324.4,297.98,1.10275
2025-08-19 11:56,KNID,101727.1,23.9,6.1,94355.8,297.48,1.10497
2025-08-19 12:56,KNID,101794.9,21.7,6.1,94418.6,295.28,1.11394
2025-08-19 13:56,KNID,101862.6,22.8,6.7,94481.4,296.38,1.11055
2025-08-19 14:56,KNID,101896.4,26.1,6.1,94512.8,299.68,1.09868
2025-08-19 15:56,KNID,101930.3,28.3,6.1,94544.2,301.88,1.09104
2025-08-19 16:56,KNID,101930.3,30.6,3.9,94544.2,304.18,1.08279
2025-08-19 17:56,KNID,101896.4,35.6,5.0,94512.8,309.18,1.06492
2025-08-19 18:56,KNID,101862.6,35.0,-3.3,94481.4,308.58,1.06664
2025-08-19 19:56,KNID,101794.9,36.7,-6.1,94418.6,310.28,1.06009
2025-08-19 20:56,KNID,101727.1,37.2,-8.3,94355.8,310.78,1.05768
2025-08-19 21:56,KNID,101659.4,38.3,-10.0,94293.0,311.88,1.05325
2025-08-19 22:56,KNID,101591.7,38.3,-12.2,94230.1,311.88,1.05255
2025-08-19 23:56,KNID,101557.8,38.3,-11.7,94198.7,311.88,1.05220
2025-08-20 00:56,KNID,101557.8,37.8,-10.0,94198.7,311.38,1.05389
2025-08-20 01:56,KNID,101523.9,36.7,-11.7,94167.3,310.28,1.05727
2025-08-20 02:56,KNID,101591.7,33.9,-8.3,94230.1,307.48,1.06761
2025-08-20 03:56,KNID,101625.5,32.2,-1.1,94261.6,305.78,1.07390
2025-08-20 04:56,KNID,101693.3,30.6,2.8,94324.4,304.18,1.08027
2025-08-20 05:56,KNID,101693.3,30.0,3.3,94324.4,303.58,1.08241
2025-08-20 06:56,KNID,101693.3,28.9,2.8,94324.4,302.48,1.08634
2025-08-20 07:56,KNID,101659.4,28.3,2.8,94293.0,301.88,1.08814
2025-08-20 08:56,KNID,101693.3,25.0,0.0,94324.4,298.58,1.10053
2025-08-20 09:56,KNID,101693.3,24.4,1.1,94324.4,297.98,1.10275
2025-08-20 10:56,KNID,101693.3,25.0,3.9,94324.4,298.58,1.10053
2025-08-20 11:56,KNID,101693.3,22.8,2.8,94324.4,296.38,1.10870
2025-08-20 12:56,KNID,101727.1,19.4,0.6,94355.8,292.98,1.12194
2025-08-20 13:56,KNID,101794.9,21.7,1.1,94418.6,295.28,1.11394
2025-08-20 14:56,KNID,101828.7,26.1,2.2,94450.0,299.68,1.09795
2025-08-20 15:56,KNID,101862.6,26.7,2.2,94481.4,300.28,1.09612
2025-08-20 16:56,KNID,101862.6,29.4,2.8,94481.4,302.98,1.08636
2025-08-20 17:56,KNID,101828.7,33.3,2.2,94450.0,306.88,1.07219
2025-08-20 18:56,KNID,101794.9,35.0,-0.6,94418.6,308.58,1.06593
2025-08-20 19:56,KNID,101693.3,36.7,-2.2,94324.4,310.28,1.05903
2025-08-20 20:56,KNID,101625.5,38.9,-3.3,94261.6,312.48,1.05088
2025-08-20 21:56,KNID,101523.9,40.0,-4.4,94167.3,313.58,1.04614
2025-08-20 22:56,KNID,101456.2,40.6,-3.9,94104.5,314.18,1.04345
2025-08-20 23:56,KNID,101422.4,40.6,-2.8,94073.1,314.18,1.04310
2025-08-21 00:56,KNID,101388.5,40.0,-2.2,94041.7,313.58,1.04475
2025-08-21 01:56,KNID,101354.6,39.4,-1.7,94010.3,312.98,1.04640
2025-08-21 02:56,KNID,101388.5,37.2,-1.1,94041.7,310.78,1.05416
2025-08-21 03:56,KNID,101456.2,33.9,2.8,94104.5,307.48,1.06619
2025-08-21 04:56,KNID,101490.1,32.2,2.8,94135.9,305.78,1.07247
2025-08-21 05:56,KNID,101490.1,31.7,4.4,94135.9,305.28,1.07423
2025-08-21 06:56,KNID,101523.9,31.7,3.3,94167.3,305.28,1.07459
2025-08-21 07:56,KNID,101523.9,30.6,4.4,94167.3,304.18,1.07847
2025-08-21 08:56,KNID,101490.1,30.6,4.4,94135.9,304.18,1.07811
2025-08-21 09:56,KNID,101523.9,26.7,2.8,94167.3,300.28,1.09248
2025-08-21 10:56,KNID,101523.9,26.1,3.3,94167.3,299.68,1.09467
2025-08-21 11:56,KNID,101523.9,25.0,3.3,94167.3,298.58,1.09870
2025-08-21 12:56,KNID,101557.8,24.4,3.9,94198.7,297.98,1.10128
2025-08-21 13:56,KNID,101625.5,23.9,2.2,94261.6,297.48,1.10387
2025-08-21 14:56,KNID,101659.4,27.8,2.8,94293.0,301.38,1.08994
2025-08-21 15:56,KNID,101659.4,30.0,3.3,94293.0,303.58,1.08205
2025-08-21 16:56,KNID,101659.4,32.8,3.3,94293.0,306.38,1.07216
2025-08-21 17:56,KNID,101659.4,36.1,2.2,94293.0,309.68,1.06073
2025-08-21 18:56,KNID,101591.7,38.3,2.8,94230.1,311.88,1.05255
2025-08-21 19:56,KNID,101490.1,40.6,3.9,94135.9,314.18,1.04380
2025-08-21 20:56,KNID,101422.4,41.7,3.9,94073.1,315.28,1.03946
2025-08-21 21:56,KNID,101320.8,41.7,4.4,93978.9,315.28,1.03842
2025-08-21 22:56,KNID,101253.0,41.7,5.0,93916.0,315.28,1.03773
2025-08-21 23:56,KNID,101219.2,41.1,5.6,93884.6,314.68,1.03936
2025-08-22 00:56,KNID,101185.3,40.6,5.0,93853.2,314.18,1.04066
2025-08-22 01:56,KNID,101151.4,39.4,5.6,93821.8,312.98,1.04430
2025-08-22 02:56,KNID,101151.4,37.8,5.0,93821.8,311.38,1.04967
2025-08-22 03:56,KNID,101219.2,35.6,5.0,93884.6,309.18,1.05785
2025-08-22 04:56,KNID,101320.8,34.4,5.6,93978.9,307.98,1.06303
2025-08-22 05:56,KNID,101320.8,33.3,5.6,93978.9,306.88,1.06684
2025-08-22 06:56,KNID,101320.8,31.7,5.6,93978.9,305.28,1.07244
2025-08-22 07:56,KNID,101354.6,31.7,6.1,94010.3,305.28,1.07279
2025-08-22 08:56,KNID,101286.9,31.1,6.1,93947.5,304.68,1.07419
2025-08-22 09:56,KNID,101320.8,28.3,5.6,93978.9,301.88,1.08451
2025-08-22 10:56,KNID,101320.8,27.8,6.1,93978.9,301.38,1.08631
2025-08-22 11:56,KNID,101320.8,26.7,6.1,93978.9,300.28,1.09029
2025-08-22 12:56,KNID,101388.5,25.6,6.1,94041.7,299.18,1.09503
2025-08-22 13:56,KNID,101456.2,27.2,6.1,94104.5,300.78,1.08994
2025-08-22 14:56,KNID,101523.9,28.9,5.6,94167.3,302.48,1.08453
2025-08-22 15:56,KNID,101523.9,32.2,6.7,94167.3,305.78,1.07283
2025-08-22 16:56,KNID,101523.9,35.0,6.1,94167.3,308.58,1.06309
2025-08-22 17:56,KNID,101523.9,37.8,6.1,94167.3,311.38,1.05353
2025-08-22 18:56,KNID,101456.2,40.6,6.7,94104.5,314.18,1.04345
2025-08-22 19:56,KNID,101354.6,42.2,6.7,94010.3,315.78,1.03712
2025-08-22 20:56,KNID,101320.8,43.3,7.2,93978.9,316.88,1.03318
2025-08-22 21:56,KNID,101253.0,43.3,7.2,93916.0,316.88,1.03249
2025-08-22 22:56,KNID,101151.4,42.2,7.8,93821.8,315.78,1.03504
2025-08-22 23:56,KNID,101117.6,43.3,7.2,93790.4,316.88,1.03110
2025-08-23 00:56,KNID,101117.6,42.2,7.2,93790.4,315.78,1.03470
2025-08-23 01:56,KNID,101083.7,41.7,7.2,93759.0,315.28,1.03599
2025-08-23 02:56,KNID,101219.2,38.9,7.2,93884.6,312.48,1.04667
2025-08-23 03:56,KNID,101286.9,38.3,7.8,93947.5,311.88,1.04939
2025-08-23 04:56,KNID,101320.8,36.7,8.3,93978.9,310.28,1.05515
2025-08-23 05:56,KNID,101388.5,36.1,8.9,94041.7,309.68,1.05790
2025-08-23 06:56,KNID,101388.5,35.0,8.9,94041.7,308.58,1.06168
2025-08-23 07:56,KNID,101388.5,33.3,8.9,94041.7,306.88,1.06756
2025-08-23 08:56,KNID,101388.5,32.8,8.9,94041.7,306.38,1.06930
2025-08-23 09:56,KNID,101388.5,31.1,8.3,94041.7,304.68,1.07527
2025-08-23 10:56,KNID,101388.5,29.4,8.9,94041.7,302.98,1.08130
2025-08-23 11:56,KNID,101422.4,27.8,7.8,94073.1,301.38,1.08740
2025-08-23 12:56,KNID,101456.2,27.2,7.8,94104.5,300.78,1.08994
2025-08-23 13:56,KNID,101523.9,27.2,7.8,94167.3,300.78,1.09066
2025-08-23 14:56,KNID,101557.8,28.3,7.8,94198.7,301.88,1.08705
2025-08-23 17:56,KNID,101625.5,36.1,11.7,94261.6,309.68,1.06038
2025-08-23 18:56,KNID,101591.7,37.8,10.6,94230.1,311.38,1.05424
2025-08-23 19:56,KNID,101523.9,39.4,10.0,94167.3,312.98,1.04815
2025-08-23 20:56,KNID,101523.9,39.4,11.1,94167.3,312.98,1.04815
2025-08-23 21:56,KNID,101456.2,39.4,9.4,94104.5,312.98,1.04745
2025-08-23 22:56,KNID,101422.4,38.9,9.4,94073.1,312.48,1.04878
2025-08-23 23:56,KNID,101388.5,38.9,10.6,94041.7,312.48,1.04843
2025-08-24 00:56,KNID,101354.6,37.8,10.0,94010.3,311.38,1.05178
2025-08-24 01:56,KNID,101320.8,37.2,10.6,93978.9,310.78,1.05346
2025-08-24 02:56,KNID,101388.5,36.1,10.0,94041.7,309.68,1.05790
2025-08-24 03:56,KNID,101456.2,34.4,10.0,94104.5,307.98,1.06445
2025-08-24 04:56,KNID,101490.1,33.9,10.0,94135.9,307.48,1.06654
2025-08-24 05:56,KNID,101523.9,33.3,10.6,94167.3,306.88,1.06898
2025-08-24 06:56,KNID,101523.9,33.3,10.6,94167.3,306.88,1.06898
2025-08-24 07:56,KNID,101523.9,32.2,10.6,94167.3,305.78,1.07283
2025-08-24 08:56,KNID,101523.9,31.7,10.6,94167.3,305.28,1.07459
2025-08-24 09:56,KNID,101557.8,31.1,10.6,94198.7,304.68,1.07706
2025-08-24 10:56,KNID,101557.8,30.6,10.6,94198.7,304.18,1.07883
2025-08-24 11:56,KNID,101557.8,29.4,10.6,94198.7,302.98,1.08310
2025-08-24 12:56,KNID,101557.8,28.9,10.6,94198.7,302.48,1.08490
2025-08-24 13:56,KNID,101625.5,28.9,10.6,94261.6,302.48,1.08562
2025-08-24 14:56,KNID,101659.4,31.7,11.1,94293.0,305.28,1.07602
2025-08-24 15:56,KNID,101693.3,33.9,10.6,94324.4,307.48,1.06868
2025-08-24 16:56,KNID,101693.3,34.4,11.1,94324.4,307.98,1.06694
2025-08-24 17:56,KNID,101659.4,35.6,11.1,94293.0,309.18,1.06245
2025-08-24 18:56,KNID,101591.7,37.2,11.1,94230.1,310.78,1.05627
2025-08-24 19:56,KNID,101490.1,38.9,10.0,94135.9,312.48,1.04948
2025-08-24 20:56,KNID,101388.5,39.4,9.4,94041.7,312.98,1.04675
2025-08-24 21:56,KNID,101253.0,39.4,8.9,93916.0,312.98,1.04535
2025-08-24 22:56,KNID,101185.3,41.1,4.4,93853.2,314.68,1.03901
2025-08-24 23:56,KNID,101151.4,41.1,7.8,93821.8,314.68,1.03866
2025-08-25 00:56,KNID,101185.3,37.8,9.4,93853.2,311.38,1.05002
2025-08-25 01:56,KNID,101219.2,37.2,6.7,93884.6,310.78,1.05240
2025-08-25 02:56,KNID,101219.2,35.0,7.2,93884.6,308.58,1.05990
2025-08-25 03:56,KNID,101253.0,33.3,7.8,93916.0,306.88,1.06613
2025-08-25 04:56,KNID,101286.9,33.3,7.8,93947.5,306.88,1.06649
2025-08-25 05:56,KNID,101320.8,32.2,7.8,93978.9,305.78,1.07068
2025-08-25 06:56,KNID,101354.6,31.7,8.9,94010.3,305.28,1.07279
2025-08-25 07:56,KNID,101422.4,30.6,9.4,94073.1,304.18,1.07739
2025-08-25 08:56,KNID,101422.4,31.1,9.4,94073.1,304.68,1.07562
2025-08-25 09:56,KNID,101422.4,30.6,9.4,94073.1,304.18,1.07739
2025-08-25 10:56,KNID,101388.5,28.9,10.0,94041.7,302.48,1.08309
2025-08-25 11:56,KNID,101388.5,27.8,10.0,94041.7,301.38,1.08704
2025-08-25 12:56,KNID,101456.2,26.1,8.9,94104.5,299.68,1.09394
2025-08-25 13:56,KNID,101523.9,26.1,9.4,94167.3,299.68,1.09467
2025-08-25 14:56,KNID,101523.9,30.6,10.0,94167.3,304.18,1.07847
2025-08-25 15:56,KNID,101557.8,32.8,8.9,94198.7,306.38,1.07109
2025-08-25 16:56,KNID,101591.7,33.9,9.4,94230.1,307.48,1.06761
2025-08-25 17:56,KNID,101557.8,35.6,8.9,94198.7,309.18,1.06139
2025-08-25 18:56,KNID,101523.9,36.1,9.4,94167.3,309.68,1.05932
2025-08-25 19:56,KNID,101456.2,37.2,9.4,94104.5,310.78,1.05486
2025-08-25 20:56,KNID,101388.5,37.8,9.4,94041.7,311.38,1.05213
2025-08-25 21:56,KNID,101253.0,38.3,8.9,93916.0,311.88,1.04904
2025-08-25 22:56,KNID,101185.3,33.9,10.6,93853.2,307.48,1.06334
2025-08-25 23:56,KNID,101219.2,34.4,8.3,93884.6,307.98,1.06197
2025-08-26 00:56,KNID,101388.5,32.8,11.7,94041.7,306.38,1.06930
2025-08-26 01:56,KNID,101659.4,25.6,18.3,94293.0,299.18,1.09796
2025-08-26 02:56,KNID,101693.3,23.3,18.9,94324.4,296.88,1.10683
2025-08-26 03:56,KNID,101761.0,23.3,18.3,94387.2,296.88,1.10757
2025-08-26 04:56,KNID,101693.3,23.9,17.2,94324.4,297.48,1.10460
2025-08-26 05:56,KNID,101693.3,23.3,18.3,94324.4,296.88,1.10683
2025-08-26 06:56,KNID,101693.3,22.8,17.8,94324.4,296.38,1.10870
2025-08-26 07:56,KNID,101693.3,22.2,18.3,94324.4,295.78,1.11095
2025-08-26 08:56,KNID,101727.1,21.7,18.3,94355.8,295.28,1.11320
2025-08-26 09:56,KNID,101693.3,22.2,17.8,94324.4,295.78,1.11095
2025-08-26 10:56,KNID,101727.1,21.1,17.2,94355.8,294.68,1.11547
2025-08-26 11:56,KNID,101727.1,19.4,17.2,94355.8,292.98,1.12194
2025-08-26 12:56,KNID,101761.0,20.0,17.2,94387.2,293.58,1.12002
2025-08-26 13:56,KNID,101794.9,20.6,16.7,94418.6,294.18,1.11811
2025-08-26 14:56,KNID,101828.7,22.2,16.1,94450.0,295.78,1.11243
2025-08-26 15:56,KNID,101862.6,25.0,16.1,94481.4,298.58,1.10236
2025-08-26 16:56,KNID,101896.4,26.7,16.1,94512.8,300.28,1.09649
2025-08-26 17:56,KNID,101862.6,29.4,15.0,94481.4,302.98,1.08636
2025-08-26 18:56,KNID,101794.9,31.1,14.4,94418.6,304.68,1.07958
2025-08-26 19:56,KNID,101727.1,32.8,15.0,94355.8,306.38,1.07287
2025-08-26 20:56,KNID,101625.5,35.6,14.4,94261.6,309.18,1.06209
2025-08-26 21:56,KNID,101523.9,35.6,10.6,94167.3,309.18,1.06103
2025-08-26 22:56,KNID,101591.7,32.2,9.4,94230.1,305.78,1.07354
2025-08-26 23:56,KNID,101523.9,32.2,7.8,94167.3,305.78,1.07283
2025-08-27 00:56,KNID,101557.8,33.3,8.9,94198.7,306.88,1.06934
2025-08-27 01:56,KNID,101625.5,27.8,15.0,94261.6,301.38,1.08958
2025-08-27 02:56,KNID,101727.1,25.6,15.0,94355.8,299.18,1.09869
2025-08-27 03:56,KNID,101794.9,25.0,14.4,94418.6,298.58,1.10163
2025-08-27 04:56,KNID,101828.7,25.0,13.9,94450.0,298.58,1.10200
2025-08-27 05:56,KNID,101862.6,22.8,15.0,94481.4,296.38,1.11055
2025-08-27 06:56,KNID,101862.6,21.7,15.0,94481.4,295.28,1.11468
2025-08-27 07:56,KNID,101896.4,21.1,15.0,94512.8,294.68,1.11732
2025-08-27 08:56,KNID,101862.6,20.6,16.1,94481.4,294.18,1.11885
2025-08-27 09:56,KNID,101896.4,19.4,13.9,94512.8,292.98,1.12381
2025-08-27 10:56,KNID,101896.4,18.3,13.9,94512.8,291.88,1.12804
2025-08-27 11:56,KNID,101896.4,18.3,13.3,94512.8,291.88,1.12804
2025-08-27 12:56,KNID,101964.2,18.3,11.7,94575.7,291.88,1.12879
2025-08-27 13:56,KNID,102031.9,18.3,11.7,94638.5,291.88,1.12954
2025-08-27 14:56,KNID,102099.6,22.2,11.7,94701.3,295.78,1.11539
2025-08-27 15:56,KNID,102099.6,23.9,12.2,94701.3,297.48,1.10902
2025-08-27 16:56,KNID,102099.6,26.7,12.2,94701.3,300.28,1.09867
2025-08-27 17:56,KNID,102065.8,28.3,11.7,94669.9,301.88,1.09249
2025-08-27 18:56,KNID,101998.0,31.1,10.6,94607.1,304.68,1.08173
2025-08-27 19:56,KNID,101896.4,33.3,9.4,94512.8,306.88,1.07291
2025-08-27 20:56,KNID,101828.7,36.1,2.8,94450.0,309.68,1.06250
2025-08-27 21:56,KNID,101761.0,37.2,0.0,94387.2,310.78,1.05803
2025-08-27 22:56,KNID,101659.4,36.7,-1.7,94293.0,310.28,1.05868
2025-08-27 23:56,KNID,101591.7,37.2,-2.8,94230.1,310.78,1.05627
2025-08-28 00:56,KNID,101591.7,36.7,-2.8,94230.1,310.28,1.05797
2025-08-28 01:56,KNID,101591.7,35.6,-4.4,94230.1,309.18,1.06174
2025-08-28 02:56,KNID,101625.5,31.1,-3.3,94261.6,304.68,1.07778
2025-08-28 03:56,KNID,101727.1,28.9,-3.9,94355.8,302.48,1.08670
2025-08-28 04:56,KNID,101794.9,27.8,0.0,94418.6,301.38,1.09140
2025-08-28 05:56,KNID,101828.7,26.1,1.1,94450.0,299.68,1.09795
2025-08-28 06:56,KNID,101862.6,25.6,-2.2,94481.4,299.18,1.10015
2025-08-28 07:56,KNID,101862.6,25.6,-0.6,94481.4,299.18,1.10015
2025-08-28 08:56,KNID,101862.6,26.7,6.7,94481.4,300.28,1.09612
2025-08-28 09:56,KNID,101896.4,26.1,6.7,94512.8,299.68,1.09868
2025-08-28 10:56,KNID,101930.3,25.0,6.7,94544.2,298.58,1.10310
2025-08-28 11:56,KNID,101930.3,25.0,6.7,94544.2,298.58,1.10310
2025-08-28 12:56,KNID,101964.2,21.7,5.6,94575.7,295.28,1.11580
2025-08-28 13:56,KNID,101998.0,21.1,6.7,94607.1,294.68,1.11844
2025-08-28 14:56,KNID,101998.0,22.8,6.1,94607.1,296.38,1.11202
2025-08-28 15:56,KNID,102031.9,26.1,6.7,94638.5,299.68,1.10014
2025-08-28 16:56,KNID,102031.9,29.4,6.1,94638.5,302.98,1.08816
2025-08-28 17:56,KNID,101998.0,31.7,6.1,94607.1,305.28,1.07960
2025-08-28 18:56,KNID,101930.3,32.8,6.1,94544.2,306.38,1.07501
2025-08-28 19:56,KNID,101896.4,34.4,5.6,94512.8,307.98,1.06907
2025-08-28 20:56,KNID,101828.7,35.0,5.0,94450.0,308.58,1.06629
2025-08-28 21:56,KNID,101727.1,35.0,5.0,94355.8,308.58,1.06522
2025-08-28 22:56,KNID,101659.4,35.6,4.4,94293.0,309.18,1.06245
2025-08-28 23:56,KNID,101625.5,35.6,4.4,94261.6,309.18,1.06209
2025-08-29 00:56,KNID,101591.7,35.0,2.2,94230.1,308.58,1.06380
2025-08-29 01:56,KNID,101625.5,33.3,5.0,94261.6,306.88,1.07005
2025-08-29 02:56,KNID,101659.4,31.7,5.0,94293.0,305.28,1.07602
2025-08-29 03:56,KNID,101794.9,29.4,9.4,94418.6,302.98,1.08563
2025-08-29 04:56,KNID,101896.4,27.2,11.7,94512.8,300.78,1.09466
2025-08-29 05:56,KNID,101930.3,25.6,12.2,94544.2,299.18,1.10088
2025-08-29 06:56,KNID,101964.2,25.0,11.1,94575.7,298.58,1.10346
2025-08-29 07:56,KNID,101964.2,24.4,8.9,94575.7,297.98,1.10569
2025-08-29 08:56,KNID,101964.2,23.3,7.8,94575.7,296.88,1.10978
2025-08-29 09:56,KNID,101930.3,21.7,8.3,94544.2,295.28,1.11543
2025-08-29 10:56,KNID,101930.3,21.1,8.9,94544.2,294.68,1.11770
2025-08-29 11:56,KNID,101964.2,20.0,8.9,94575.7,293.58,1.12226
2025-08-29 12:56,KNID,101998.0,19.4,8.9,94607.1,292.98,1.12493
2025-08-29 13:56,KNID,102031.9,20.0,8.9,94638.5,293.58,1.12300
2025-08-29 14:56,KNID,102065.8,22.8,10.0,94669.9,296.38,1.11276
2025-08-29 15:56,KNID,102099.6,25.0,10.0,94701.3,298.58,1.10493
2025-08-29 16:56,KNID,102133.5,27.8,10.6,94732.7,301.38,1.09503
2025-08-29 17:56,KNID,102099.6,30.6,9.4,94701.3,304.18,1.08459
2025-08-29 18:56,KNID,102031.9,31.7,7.2,94638.5,305.28,1.07996
2025-08-29 19:56,KNID,101930.3,33.9,6.7,94544.2,307.48,1.07117
2025-08-29 20:56,KNID,101862.6,34.4,7.2,94481.4,307.98,1.06872
2025-08-29 21:56,KNID,101761.0,35.6,6.7,94387.2,309.18,1.06351
2025-08-29 22:56,KNID,101693.3,36.7,6.7,94324.4,310.28,1.05903
2025-08-29 23:56,KNID,101625.5,36.1,4.4,94261.6,309.68,1.06038
2025-08-30 00:56,KNID,101591.7,36.1,3.9,94230.1,309.68,1.06002
2025-08-30 01:56,KNID,101591.7,35.0,3.9,94230.1,308.58,1.06380
2025-08-30 02:56,KNID,101625.5,31.7,4.4,94261.6,305.28,1.07566
2025-08-30 03:56,KNID,101693.3,31.1,3.9,94324.4,304.68,1.07850
2025-08-30 04:56,KNID,101693.3,29.4,4.4,94324.4,302.98,1.08455
2025-08-30 05:56,KNID,101727.1,28.3,4.4,94355.8,301.88,1.08886
2025-08-30 06:56,KNID,101693.3,27.8,4.4,94324.4,301.38,1.09031
2025-08-30 07:56,KNID,101693.3,26.1,4.4,94324.4,299.68,1.09649
2025-08-30 08:56,KNID,101659.4,26.7,4.4,94293.0,300.28,1.09394
2025-08-30 09:56,KNID,101693.3,22.2,3.3,94324.4,295.78,1.11095
2025-08-30 10:56,KNID,101693.3,22.8,3.9,94324.4,296.38,1.10870
2025-08-30 11:56,KNID,101727.1,21.7,3.9,94355.8,295.28,1.11320
2025-08-30 12:56,KNID,101761.0,21.1,3.9,94387.2,294.68,1.11584
2025-08-30 13:56,KNID,101828.7,20.6,3.9,94450.0,294.18,1.11848
2025-08-30 14:56,KNID,101862.6,24.4,4.4,94481.4,297.98,1.10458
2025-08-30 15:56,KNID,101896.4,27.8,4.4,94512.8,301.38,1.09249
2025-08-30 16:56,KNID,101896.4,31.7,5.0,94512.8,305.28,1.07853
2025-08-30 17:56,KNID,101862.6,33.9,5.0,94481.4,307.48,1.07046
2025-08-30 18:56,KNID,101794.9,35.0,4.4,94418.6,308.58,1.06593
2025-08-30 19:56,KNID,101727.1,36.7,3.9,94355.8,310.28,1.05939
2025-08-30 20:56,KNID,101659.4,37.2,3.3,94293.0,310.78,1.05698
2025-08-30 21:56,KNID,101557.8,38.3,1.7,94198.7,311.88,1.05220
2025-08-30 22:56,KNID,101490.1,38.3,1.7,94135.9,311.88,1.05149
2025-08-30 23:56,KNID,101456.2,37.8,2.2,94104.5,311.38,1.05283
2025-08-31 00:56,KNID,101422.4,37.8,2.2,94073.1,311.38,1.05248
2025-08-31 01:56,KNID,101388.5,36.7,2.2,94041.7,310.28,1.05586
2025-08-31 02:56,KNID,101422.4,33.3,2.8,94073.1,306.88,1.06791
2025-08-31 03:56,KNID,101490.1,30.6,2.2,94135.9,304.18,1.07811
2025-08-31 04:56,KNID,101523.9,28.9,1.1,94167.3,302.48,1.08453
2025-08-31 05:56,KNID,101523.9,27.8,1.1,94167.3,301.38,1.08849
2025-08-31 06:56,KNID,101523.9,27.2,3.3,94167.3,300.78,1.09066
2025-08-31 07:56,KNID,101523.9,25.6,3.3,94167.3,299.18,1.09650
2025-08-31 08:56,KNID,101557.8,24.4,3.3,94198.7,297.98,1.10128
2025-08-31 09:56,KNID,101591.7,23.9,3.9,94230.1,297.48,1.10350
2025-08-31 10:56,KNID,101591.7,23.3,3.3,94230.1,296.88,1.10573
2025-08-31 11:56,KNID,101625.5,23.3,4.4,94261.6,296.88,1.10610
2025-08-31 12:56,KNID,101659.4,21.7,4.4,94293.0,295.28,1.11246
2025-08-31 13:56,KNID,101727.1,22.2,5.0,94355.8,295.78,1.11132
2025-08-31 14:56,KNID,101727.1,24.4,3.3,94355.8,297.98,1.10311
2025-08-31 15:56,KNID,101761.0,27.2,2.8,94387.2,300.78,1.09321
2025-08-31 16:56,KNID,101727.1,31.7,3.3,94355.8,305.28,1.07674
2025-08-31 17:56,KNID,101693.3,35.0,3.3,94324.4,308.58,1.06487
2025-08-31 18:56,KNID,101659.4,37.8,3.3,94293.0,311.38,1.05494
2025-08-31 19:56,KNID,101625.5,38.9,2.8,94261.6,312.48,1.05088
2025-08-31 20:56,KNID,101523.9,39.4,2.8,94167.3,312.98,1.04815
2025-08-31 21:56,KNID,101456.2,40.6,2.8,94104.5,314.18,1.04345
2025-08-31 22:56,KNID,101422.4,40.0,2.2,94073.1,313.58,1.04510
2025-08-31 23:56,KNID,101354.6,39.4,1.7,94010.3,312.98,1.04640
2025-09-01 00:56,KNID,101354.6,39.4,1.7,94010.3,312.98,1.04640
2025-09-01 01:56,KNID,101354.6,37.8,1.7,94010.3,311.38,1.05178
2025-09-01 02:56,KNID,101354.6,33.9,2.2,94010.3,307.48,1.06512
2025-09-01 03:56,KNID,101422.4,33.9,2.8,94073.1,307.48,1.06583
2025-09-01 04:56,KNID,101490.1,31.7,3.3,94135.9,305.28,1.07423
2025-09-01 05:56,KNID,101490.1,28.9,2.8,94135.9,302.48,1.08417
2025-09-01 06:56,KNID,101490.1,28.3,3.3,94135.9,301.88,1.08633
2025-09-01 07:56,KNID,101523.9,27.8,3.9,94167.3,301.38,1.08849
2025-09-01 08:56,KNID,101523.9,27.2,3.3,94167.3,300.78,1.09066
2025-09-01 09:56,KNID,101557.8,26.7,3.3,94198.7,300.28,1.09284
2025-09-01 10:56,KNID,101557.8,23.3,2.8,94198.7,296.88,1.10536
2025-09-01 11:56,KNID,101591.7,23.9,2.8,94230.1,297.48,1.10350
2025-09-01 12:56,KNID,101625.5,22.8,2.8,94261.6,296.38,1.10796
2025-09-01 13:56,KNID,101693.3,22.8,2.8,94324.4,296.38,1.10870
2025-09-01 14:56,KNID,101727.1,26.1,2.8,94355.8,299.68,1.09686
2025-09-01 15:56,KNID,101727.1,28.9,2.8,94355.8,302.48,1.08670
2025-09-01 16:56,KNID,101727.1,32.8,2.8,94355.8,306.38,1.07287
2025-09-01 17:56,KNID,101693.3,35.0,2.2,94324.4,308.58,1.06487
2025-09-01 18:56,KNID,101625.5,37.8,0.6,94261.6,311.38,1.05459
2025-09-01 19:56,KNID,101557.8,40.0,1.7,94198.7,313.58,1.04649
2025-09-01 20:56,KNID,101490.1,41.1,1.7,94135.9,314.68,1.04214
2025-09-01 21:56,KNID,101422.4,41.7,0.6,94073.1,315.28,1.03946
2025-09-01 22:56,KNID,101388.5,41.1,0.6,94041.7,314.68,1.04110
2025-09-01 23:56,KNID,101354.6,41.1,0.6,94010.3,314.68,1.04075
2025-09-02 00:56,KNID,101320.8,40.6,0.6,93978.9,314.18,1.04206
2025-09-02 01:56,KNID,101320.8,38.9,2.2,93978.9,312.48,1.04772
2025-09-02 02:56,KNID,101354.6,36.1,2.2,94010.3,309.68,1.05755
2025-09-02 03:56,KNID,101456.2,35.0,3.9,94104.5,308.58,1.06239
2025-09-02 04:56,KNID,101490.1,31.7,3.3,94135.9,305.28,1.07423
2025-09-02 05:56,KNID,101523.9,33.3,4.4,94167.3,306.88,1.06898
2025-09-02 06:56,KNID,101557.8,31.1,4.4,94198.7,304.68,1.07706
2025-09-02 07:56,KNID,101591.7,30.6,4.4,94230.1,304.18,1.07919
2025-09-02 08:56,KNID,101591.7,28.9,3.9,94230.1,302.48,1.08526
2025-09-02 09:56,KNID,101591.7,27.2,3.3,94230.1,300.78,1.09139
2025-09-02 10:56,KNID,101523.9,27.2,3.9,94167.3,300.78,1.09066
2025-09-02 11:56,KNID,101557.8,26.1,3.9,94198.7,299.68,1.09503
2025-09-02 12:56,KNID,101625.5,25.0,3.9,94261.6,298.58,1.09980
2025-09-02 13:56,KNID,101693.3,25.0,3.3,94324.4,298.58,1.10053
2025-09-02 14:56,KNID,101727.1,29.4,5.0,94355.8,302.98,1.08491
2025-09-02 15:56,KNID,101794.9,27.2,3.9,94418.6,300.78,1.09357
2025-09-02 16:56,KNID,101862.6,30.0,5.6,94481.4,303.58,1.08421
2025-09-02 17:56,KNID,102031.9,32.2,12.2,94638.5,305.78,1.07820
2025-09-02 18:56,KNID,102065.8,32.8,11.1,94669.9,306.38,1.07644
2025-09-02 19:56,KNID,102099.6,31.7,12.2,94701.3,305.28,1.08068
2025-09-02 20:56,KNID,102099.6,32.8,10.6,94701.3,306.38,1.07680
2025-09-02 21:56,KNID,102031.9,33.3,10.6,94638.5,306.88,1.07433
2025-09-02 22:56,KNID,101998.0,32.8,10.0,94607.1,306.38,1.07573
2025-09-02 23:56,KNID,101930.3,33.3,9.4,94544.2,306.88,1.07326
2025-09-03 00:56,KNID,101862.6,33.9,8.9,94481.4,307.48,1.07046
2025-09-03 01:56,KNID,101794.9,32.2,8.3,94418.6,305.78,1.07569
2025-09-03 02:56,KNID,101794.9,31.1,7.8,94418.6,304.68,1.07958
2025-09-03 03:56,KNID,101862.6,30.0,7.8,94481.4,303.58,1.08421
2025-09-03 04:56,KNID,101862.6,29.4,8.3,94481.4,302.98,1.08636
2025-09-03 05:56,KNID,101896.4,28.9,8.3,94512.8,302.48,1.08851
2025-09-03 06:56,KNID,101930.3,28.3,8.9,94544.2,301.88,1.09104
2025-09-03 07:56,KNID,101896.4,27.8,10.0,94512.8,301.38,1.09249
2025-09-03 08:56,KNID,101896.4,26.7,10.0,94512.8,300.28,1.09649
2025-09-03 09:56,KNID,101862.6,25.6,9.4,94481.4,299.18,1.10015
2025-09-03 10:56,KNID,101862.6,24.4,8.3,94481.4,297.98,1.10458
2025-09-03 11:56,KNID,101862.6,23.3,8.3,94481.4,296.88,1.10868
2025-09-03 12:56,KNID,101862.6,22.8,8.3,94481.4,296.38,1.11055
2025-09-03 13:56,KNID,101896.4,22.8,9.4,94512.8,296.38,1.11092
2025-09-03 14:56,KNID,101964.2,25.6,8.9,94575.7,299.18,1.10125
2025-09-03 15:56,KNID,101964.2,28.9,10.0,94575.7,302.48,1.08924
2025-09-03 16:56,KNID,101964.2,30.6,11.1,94575.7,304.18,1.08315
2025-09-03 17:56,KNID,101930.3,32.2,10.6,94544.2,305.78,1.07712
2025-09-03 18:56,KNID,101862.6,33.3,10.6,94481.4,306.88,1.07255
2025-09-03 19:56,KNID,101794.9,34.4,11.1,94418.6,307.98,1.06801
2025-09-03 20:56,KNID,101727.1,35.6,11.7,94355.8,309.18,1.06315
2025-09-03 21:56,KNID,101591.7,36.1,10.6,94230.1,309.68,1.06002
2025-09-03 22:56,KNID,101523.9,36.1,10.0,94167.3,309.68,1.05932
2025-09-03 23:56,KNID,101456.2,36.1,10.0,94104.5,309.68,1.05861
2025-09-04 00:56,KNID,101422.4,35.6,9.4,94073.1,309.18,1.05997
2025-09-04 01:56,KNID,101422.4,35.0,9.4,94073.1,308.58,1.06203
2025-09-04 02:56,KNID,101456.2,33.3,9.4,94104.5,306.88,1.06827
2025-09-04 03:56,KNID,101523.9,31.7,10.0,94167.3,305.28,1.07459
2025-09-04 04:56,KNID,101557.8,29.4,9.4,94198.7,302.98,1.08310
2025-09-04 05:56,KNID,101591.7,29.4,9.4,94230.1,302.98,1.08347
2025-09-04 06:56,KNID,101557.8,28.3,9.4,94198.7,301.88,1.08705
2025-09-04 07:56,KNID,101557.8,27.8,8.9,94198.7,301.38,1.08885
2025-09-04 08:56,KNID,101557.8,26.7,8.9,94198.7,300.28,1.09284
2025-09-04 09:56,KNID,101523.9,25.6,8.3,94167.3,299.18,1.09650
2025-09-04 10:56,KNID,101490.1,23.9,8.3,94135.9,297.48,1.10239
2025-09-04 11:56,KNID,101490.1,23.9,8.3,94135.9,297.48,1.10239
2025-09-04 12:56,KNID,101523.9,23.3,8.3,94167.3,296.88,1.10499
2025-09-04 13:56,KNID,101557.8,23.3,8.3,94198.7,296.88,1.10536
2025-09-04 14:56,KNID,101591.7,26.7,9.4,94230.1,300.28,1.09321
2025-09-04 15:56,KNID,101591.7,28.9,9.4,94230.1,302.48,1.08526
2025-09-04 16:56,KNID,101591.7,31.7,9.4,94230.1,305.28,1.07530
2025-09-04 17:56,KNID,101523.9,34.4,10.0,94167.3,307.98,1.06517
2025-09-04 18:56,KNID,101456.2,36.1,10.0,94104.5,309.68,1.05861
2025-09-04 19:56,KNID,101354.6,36.7,10.0,94010.3,310.28,1.05551
2025-09-04 20:56,KNID,101253.0,37.8,8.9,93916.0,311.38,1.05072
2025-09-04 21:56,KNID,101151.4,37.2,8.3,93821.8,310.78,1.05170
2025-09-04 22:56,KNID,101049.8,37.8,8.3,93727.6,311.38,1.04861
2025-09-04 23:56,KNID,100982.1,37.8,7.8,93664.8,311.38,1.04791
2025-09-05 00:56,KNID,100914.4,37.8,7.2,93601.9,311.38,1.04721
2025-09-05 01:56,KNID,100880.5,36.7,6.7,93570.5,310.28,1.05057
2025-09-05 02:56,KNID,100914.4,34.4,7.8,93601.9,307.98,1.05877
2025-09-05 03:56,KNID,100948.3,33.3,6.1,93633.4,306.88,1.06292
2025-09-05 11:56,KNID,101049.8,25.0,6.7,93727.6,298.58,1.09357
2025-09-05 12:56,KNID,101117.6,25.0,7.8,93790.4,298.58,1.09430
2025-09-05 13:56,KNID,101219.2,23.3,6.7,93884.6,296.88,1.10167
2025-09-05 14:56,KNID,101286.9,25.0,7.2,93947.5,298.58,1.09613
2025-09-05 15:56,KNID,101320.8,28.3,7.8,93978.9,301.88,1.08451
2025-09-05 16:56,KNID,101354.6,31.1,8.3,94010.3,304.68,1.07491
2025-09-05 17:56,KNID,101354.6,32.8,8.9,94010.3,306.38,1.06894
2025-09-05 18:56,KNID,101286.9,35.0,8.3,93947.5,308.58,1.06061
2025-09-05 19:56,KNID,101219.2,36.1,5.6,93884.6,309.68,1.05614
2025-09-05 20:56,KNID,101151.4,37.2,3.3,93821.8,310.78,1.05170
2025-09-05 21:56,KNID,101049.8,37.8,1.7,93727.6,311.38,1.04861
2025-09-05 22:56,KNID,100982.1,37.8,0.0,93664.8,311.38,1.04791
2025-09-05 23:56,KNID,100948.3,37.8,-1.1,93633.4,311.38,1.04756
2025-09-06 00:56,KNID,100948.3,37.2,-3.3,93633.4,310.78,1.04958
2025-09-06 01:56,KNID,101016.0,35.0,0.6,93696.2,308.58,1.05778
2025-09-06 02:56,KNID,101083.7,33.3,3.9,93759.0,306.88,1.06435
2025-09-06 03:56,KNID,101185.3,31.1,4.4,93853.2,304.68,1.07311
2025-09-06 04:56,KNID,101219.2,29.4,5.0,93884.6,302.98,1.07949
2025-09-06 05:56,KNID,101253.0,28.9,4.4,93916.0,302.48,1.08164
2025-09-06 06:56,KNID,101286.9,27.8,5.6,93947.5,301.38,1.08595
2025-09-06 07:56,KNID,101320.8,26.7,6.7,93978.9,300.28,1.09029
2025-09-06 08:56,KNID,101320.8,26.1,6.7,93978.9,299.68,1.09248
2025-09-06 09:56,KNID,101422.4,24.4,5.0,94073.1,297.98,1.09981
2025-09-06 10:56,KNID,101490.1,23.9,6.7,94135.9,297.48,1.10239
2025-09-06 11:56,KNID,101523.9,22.8,6.7,94167.3,296.38,1.10685
2025-09-06 12:56,KNID,101591.7,21.1,6.1,94230.1,294.68,1.11398
2025-09-06 13:56,KNID,101693.3,19.4,5.6,94324.4,292.98,1.12157
2025-09-06 14:56,KNID,101761.0,23.9,6.7,94387.2,297.48,1.10534
2025-09-06 15:56,KNID,101794.9,26.7,6.1,94418.6,300.28,1.09539
2025-09-06 16:56,KNID,101828.7,28.9,6.1,94450.0,302.48,1.08779
2025-09-06 17:56,KNID,101828.7,31.1,3.9,94450.0,304.68,1.07993
2025-09-06 18:56,KNID,101794.9,35.0,-3.9,94418.6,308.58,1.06593
2025-09-06 19:56,KNID,101693.3,35.6,-2.2,94324.4,309.18,1.06280
2025-09-06 20:56,KNID,101625.5,36.1,-3.3,94261.6,309.68,1.06038
2025-09-06 21:56,KNID,101557.8,37.2,-8.3,94198.7,310.78,1.05592
2025-09-06 22:56,KNID,101490.1,37.2,-10.6,94135.9,310.78,1.05522
2025-09-06 23:56,KNID,101422.4,37.2,-8.3,94073.1,310.78,1.05451
2025-09-07 00:56,KNID,101456.2,35.6,-11.1,94104.5,309.18,1.06032
2025-09-07 01:56,KNID,101456.2,33.9,-5.0,94104.5,307.48,1.06619
2025-09-07 02:56,KNID,101557.8,31.7,-4.4,94198.7,305.28,1.07494
2025-09-07 03:56,KNID,101659.4,30.6,-2.2,94293.0,304.18,1.07991
2025-09-07 04:56,KNID,101693.3,28.9,-1.7,94324.4,302.48,1.08634
2025-09-07 05:56,KNID,101761.0,27.8,1.7,94387.2,301.38,1.09103
2025-09-07 06:56,KNID,101761.0,27.2,2.8,94387.2,300.78,1.09321
2025-09-07 07:56,KNID,101794.9,26.1,2.2,94418.6,299.68,1.09759
2025-09-07 08:56,KNID,101828.7,23.9,3.9,94450.0,297.48,1.10607
2025-09-07 09:56,KNID,101828.7,21.1,2.2,94450.0,294.68,1.11658
2025-09-07 10:56,KNID,101828.7,21.7,1.1,94450.0,295.28,1.11431
2025-09-07 11:56,KNID,101896.4,19.4,1.1,94512.8,292.98,1.12381
2025-09-07 12:56,KNID,101930.3,18.9,1.1,94544.2,292.48,1.12610
2025-09-07 13:56,KNID,101998.0,18.3,1.7,94607.1,291.88,1.12917
2025-09-07 14:56,KNID,102031.9,20.6,1.1,94638.5,294.18,1.12071
2025-09-07 15:56,KNID,102099.6,23.9,2.2,94701.3,297.48,1.10902
2025-09-07 16:56,KNID,102065.8,28.3,1.1,94669.9,301.88,1.09249
2025-09-07 17:56,KNID,102031.9,32.2,-4.4,94638.5,305.78,1.07820
2025-09-07 18:56,KNID,101964.2,35.6,1.7,94575.7,309.18,1.06563
2025-09-07 19:56,KNID,101896.4,36.1,1.1,94512.8,309.68,1.06320
2025-09-07 20:56,KNID,101794.9,36.7,-0.6,94418.6,310.28,1.06009
2025-09-07 21:56,KNID,101727.1,37.8,-1.1,94355.8,311.38,1.05564
2025-09-07 22:56,KNID,101659.4,37.2,-1.7,94293.0,310.78,1.05698
2025-09-07 23:56,KNID,101625.5,36.7,-3.9,94261.6,310.28,1.05833
2025-09-08 00:56,KNID,101625.5,35.6,-0.6,94261.6,309.18,1.06209
2025-09-08 01:56,KNID,101659.4,33.9,1.7,94293.0,307.48,1.06832
2025-09-08 02:56,KNID,101727.1,31.1,1.7,94355.8,304.68,1.07886
2025-09-08 03:56,KNID,101828.7,29.4,2.2,94450.0,302.98,1.08599
2025-09-08 04:56,KNID,101862.6,27.2,1.7,94481.4,300.78,1.09430
2025-09-08 05:56,KNID,101862.6,26.1,4.4,94481.4,299.68,1.09832
2025-09-08 06:56,KNID,101896.4,25.6,0.6,94512.8,299.18,1.10052
2025-09-08 07:56,KNID,101896.4,24.4,1.1,94512.8,297.98,1.10495
2025-09-08 08:56,KNID,101862.6,23.3,-1.1,94481.4,296.88,1.10868
2025-09-08 09:56,KNID,101862.6,22.2,0.6,94481.4,295.78,1.11280
2025-09-08 10:56,KNID,101862.6,22.2,0.0,94481.4,295.78,1.11280
2025-09-08 11:56,KNID,101862.6,22.2,0.0,94481.4,295.78,1.11280
2025-09-08 12:56,KNID,101896.4,20.0,0.0,94512.8,293.58,1.12151
2025-09-08 13:56,KNID,101930.3,20.6,-0.6,94544.2,294.18,1.11960
2025-09-08 14:56,KNID,101930.3,22.2,-1.1,94544.2,295.78,1.11354
2025-09-08 15:56,KNID,101930.3,22.8,-1.1,94544.2,296.38,1.11129
2025-09-08 16:56,KNID,101896.4,26.7,-0.6,94512.8,300.28,1.09649
2025-09-08 17:56,KNID,101828.7,30.6,-1.1,94450.0,304.18,1.08171
2025-09-08 18:56,KNID,101761.0,34.4,-8.3,94387.2,307.98,1.06765
2025-09-08 19:56,KNID,101693.3,35.0,-8.3,94324.4,308.58,1.06487
2025-09-08 20:56,KNID,101557.8,36.7,-8.9,94198.7,310.28,1.05762
2025-09-08 21:56,KNID,101490.1,36.7,-6.7,94135.9,310.28,1.05692
2025-09-08 22:56,KNID,101388.5,36.7,-6.1,94041.7,310.28,1.05586
2025-09-08 23:56,KNID,101354.6,35.6,-6.7,94010.3,309.18,1.05926
2025-09-09 00:56,KNID,101354.6,33.9,-5.6,94010.3,307.48,1.06512
2025-09-09 01:56,KNID,101354.6,31.7,-4.4,94010.3,305.28,1.07279
2025-09-09 02:56,KNID,101354.6,30.0,-5.0,94010.3,303.58,1.07880
2025-09-09 03:56,KNID,101422.4,28.3,-5.6,94073.1,301.88,1.08560
2025-09-09 04:56,KNID,101422.4,27.2,-4.4,94073.1,300.78,1.08957
2025-09-09 05:56,KNID,101388.5,26.7,-3.3,94041.7,300.28,1.09102
2025-09-09 06:56,KNID,101388.5,25.6,-2.2,94041.7,299.18,1.09503
2025-09-09 07:56,KNID,101388.5,25.6,-1.1,94041.7,299.18,1.09503
2025-09-09 08:56,KNID,101354.6,23.9,-1.7,94010.3,297.48,1.10092
2025-09-09 09:56,KNID,101354.6,23.9,0.0,94010.3,297.48,1.10092
2025-09-09 10:56,KNID,101320.8,21.1,-1.1,93978.9,294.68,1.11101
2025-09-09 11:56,KNID,101286.9,22.2,1.1,93947.5,295.78,1.10651
2025-09-09 12:56,KNID,101286.9,22.2,2.8,93947.5,295.78,1.10651
2025-09-09 13:56,KNID,101286.9,22.8,3.9,93947.5,296.38,1.10427
2025-09-09 14:56,KNID,101320.8,20.6,-1.7,93978.9,294.18,1.11290
2025-09-09 15:56,KNID,101320.8,24.4,0.6,93978.9,297.98,1.09871
2025-09-09 16:56,KNID,101253.0,28.9,5.6,93916.0,302.48,1.08164
2025-09-09 17:56,KNID,101219.2,31.1,3.3,93884.6,304.68,1.07347
2025-09-09 18:56,KNID,101151.4,32.2,2.8,93821.8,305.78,1.06889
2025-09-09 19:56,KNID,101049.8,32.8,3.9,93727.6,306.38,1.06573
2025-09-09 20:56,KNID,100982.1,33.3,3.9,93664.8,306.88,1.06328
2025-09-09 21:56,KNID,100914.4,33.9,0.6,93601.9,307.48,1.06049
2025-09-09 22:56,KNID,100880.5,33.9,-0.6,93570.5,307.48,1.06014
2025-09-09 23:56,KNID,100846.7,32.8,-0.6,93539.1,306.38,1.06359
2025-09-10 00:56,KNID,100846.7,31.1,2.2,93539.1,304.68,1.06952
2025-09-10 01:56,KNID,100880.5,28.3,2.8,93570.5,301.88,1.07980
2025-09-10 02:56,KNID,100880.5,26.7,2.2,93570.5,300.28,1.08556
2025-09-10 03:56,KNID,100948.3,25.6,3.9,93633.4,299.18,1.09028
2025-09-10 04:56,KNID,100982.1,25.0,5.0,93664.8,298.58,1.09284
2025-09-10 05:56,KNID,100948.3,23.9,7.2,93633.4,297.48,1.09651
2025-09-10 06:56,KNID,100982.1,23.3,7.2,93664.8,296.88,1.09909
2025-09-10 07:56,KNID,100982.1,22.8,6.1,93664.8,296.38,1.10095
2025-09-10 08:56,KNID,100948.3,22.2,6.7,93633.4,295.78,1.10281
2025-09-10 09:56,KNID,100948.3,22.2,6.7,93633.4,295.78,1.10281
2025-09-10 10:56,KNID,100914.4,21.1,6.7,93601.9,294.68,1.10656
2025-09-10 11:56,KNID,100914.4,21.1,7.2,93601.9,294.68,1.10656
2025-09-10 12:56,KNID,100982.1,17.8,5.0,93664.8,291.38,1.11984
2025-09-10 13:56,KNID,101049.8,20.0,7.8,93727.6,293.58,1.11219
2025-09-10 14:56,KNID,101117.6,22.2,6.7,93790.4,295.78,1.10466
2025-09-10 15:56,KNID,101151.4,24.4,8.9,93821.8,297.98,1.09687
2025-09-10 16:56,KNID,101151.4,26.1,7.8,93821.8,299.68,1.09065
2025-09-10 17:56,KNID,101151.4,27.8,7.2,93821.8,301.38,1.08450
2025-09-10 18:56,KNID,101151.4,28.9,6.1,93821.8,302.48,1.08055
2025-09-10 19:56,KNID,101083.7,30.0,5.0,93759.0,303.58,1.07592
2025-09-10 20:56,KNID,101016.0,31.1,5.0,93696.2,304.68,1.07132
2025-09-10 21:56,KNID,100982.1,31.1,5.0,93664.8,304.68,1.07096
2025-09-10 22:56,KNID,100914.4,31.1,3.9,93601.9,304.68,1.07024
2025-09-10 23:56,KNID,100914.4,30.0,2.8,93601.9,303.58,1.07412
2025-09-11 00:56,KNID,100948.3,28.3,5.0,93633.4,301.88,1.08053
2025-09-11 01:56,KNID,100948.3,26.1,7.2,93633.4,299.68,1.08846
2025-09-11 02:56,KNID,101049.8,24.4,7.2,93727.6,297.98,1.09577
2025-09-11 03:56,KNID,101083.7,23.3,6.7,93759.0,296.88,1.10020
2025-09-11 04:56,KNID,101117.6,22.2,6.7,93790.4,295.78,1.10466
2025-09-11 05:56,KNID,101185.3,22.2,6.7,93853.2,295.78,1.10540
2025-09-11 06:56,KNID,101185.3,21.1,6.1,93853.2,294.68,1.10953
2025-09-11 07:56,KNID,101253.0,19.4,5.6,93916.0,292.98,1.11671
2025-09-11 08:56,KNID,101286.9,20.0,6.7,93947.5,293.58,1.11480
2025-09-11 09:56,KNID,101286.9,20.0,7.2,93947.5,293.58,1.11480
2025-09-11 10:56,KNID,101354.6,18.3,6.1,94010.3,291.88,1.12205
2025-09-11 11:56,KNID,101354.6,17.2,7.2,94010.3,290.78,1.12629
2025-09-11 12:56,KNID,101388.5,15.0,5.6,94041.7,288.58,1.13526
2025-09-11 13:56,KNID,101422.4,15.6,6.1,94073.1,289.18,1.13328
2025-09-11 14:56,KNID,101490.1,18.3,6.1,94135.9,291.88,1.12354
2025-09-11 15:56,KNID,101557.8,20.0,6.7,94198.7,293.58,1.11778
2025-09-11 16:56,KNID,101591.7,22.2,7.2,94230.1,295.78,1.10984
2025-09-11 17:56,KNID,101557.8,25.6,7.8,94198.7,299.18,1.09686
2025-09-11 18:56,KNID,101523.9,27.2,6.7,94167.3,300.78,1.09066
2025-09-11 19:56,KNID,101490.1,28.3,5.6,94135.9,301.88,1.08633
2025-09-11 20:56,KNID,101388.5,28.9,5.0,94041.7,302.48,1.08309
2025-09-11 21:56,KNID,101286.9,30.0,2.2,93947.5,303.58,1.07808
2025-09-11 22:56,KNID,101219.2,30.0,3.9,93884.6,303.58,1.07736
2025-09-11 23:56,KNID,101185.3,31.1,4.4,93853.2,304.68,1.07311
2025-09-12 00:56,KNID,101151.4,28.9,2.2,93821.8,302.48,1.08055
2025-09-12 01:56,KNID,101151.4,28.3,6.1,93821.8,301.88,1.08270
2025-09-12 02:56,KNID,101219.2,26.7,6.1,93884.6,300.28,1.08920
2025-09-12 03:56,KNID,101286.9,24.4,8.3,93947.5,297.98,1.09834
2025-09-12 04:56,KNID,101286.9,23.3,8.3,93947.5,296.88,1.10241
2025-09-12 05:56,KNID,101286.9,22.2,8.9,93947.5,295.78,1.10651
2025-09-12 06:56,KNID,101286.9,21.7,8.3,93947.5,295.28,1.10838
2025-09-12 07:56,KNID,101320.8,21.1,8.3,93978.9,294.68,1.11101
2025-09-12 08:56,KNID,101320.8,18.9,7.8,93978.9,292.48,1.11937
2025-09-12 09:56,KNID,101320.8,18.3,7.2,93978.9,291.88,1.12167
2025-09-12 10:56,KNID,101354.6,16.7,7.2,94010.3,290.28,1.12823
2025-09-12 11:56,KNID,101388.5,15.6,6.7,94041.7,289.18,1.13290
2025-09-12 12:56,KNID,101456.2,14.4,6.7,94104.5,287.98,1.13838
2025-09-12 13:56,KNID,101490.1,14.4,6.7,94135.9,287.98,1.13876
2025-09-12 14:56,KNID,101523.9,17.8,7.2,94167.3,291.38,1.12585
2025-09-12 15:56,KNID,101557.8,20.0,7.8,94198.7,293.58,1.11778
2025-09-12 16:56,KNID,101557.8,22.8,8.3,94198.7,296.38,1.10722
2025-09-12 17:56,KNID,101523.9,25.6,8.3,94167.3,299.18,1.09650
2025-09-12 18:56,KNID,101490.1,27.8,6.7,94135.9,301.38,1.08813
2025-09-12 19:56,KNID,101422.4,28.9,5.0,94073.1,302.48,1.08345
2025-09-12 20:56,KNID,101320.8,30.0,3.9,93978.9,303.58,1.07844
2025-09-12 21:56,KNID,101253.0,30.6,1.1,93916.0,304.18,1.07559
2025-09-12 22:56,KNID,101151.4,30.6,0.6,93821.8,304.18,1.07452
2025-09-12 23:56,KNID,101151.4,31.1,-1.7,93821.8,304.68,1.07275
2025-09-13 00:56,KNID,101151.4,30.6,-0.6,93821.8,304.18,1.07452
2025-09-13 01:56,KNID,101151.4,30.0,-1.1,93821.8,303.58,1.07664
2025-09-13 02:56,KNID,101185.3,26.7,5.6,93853.2,300.28,1.08884
2025-09-13 03:56,KNID,101253.0,25.0,5.6,93916.0,298.58,1.09577
2025-09-13 04:56,KNID,101286.9,26.1,6.1,93947.5,299.68,1.09211
2025-09-13 06:56,KNID,101354.6,22.8,8.9,94010.3,296.38,1.10501
2025-09-13 07:56,KNID,101320.8,23.9,8.3,93978.9,297.48,1.10056
2025-09-13 08:56,KNID,101320.8,22.2,8.9,93978.9,295.78,1.10688
2025-09-13 09:56,KNID,101354.6,20.0,8.9,94010.3,293.58,1.11555
2025-09-13 10:56,KNID,101354.6,18.9,7.8,94010.3,292.48,1.11974
2025-09-13 11:56,KNID,101388.5,19.4,7.8,94041.7,292.98,1.11821
2025-09-13 12:56,KNID,101422.4,15.6,4.4,94073.1,289.18,1.13328
2025-09-13 13:56,KNID,101490.1,17.2,5.0,94135.9,290.78,1.12780
2025-09-13 14:56,KNID,101523.9,20.0,5.6,94167.3,293.58,1.11741
2025-09-13 15:56,KNID,101523.9,22.8,7.2,94167.3,296.38,1.10685
2025-09-13 16:56,KNID,101523.9,26.7,5.0,94167.3,300.28,1.09248
2025-09-13 17:56,KNID,101523.9,29.4,5.0,94167.3,302.98,1.08274
2025-09-13 18:56,KNID,101490.1,30.6,3.9,94135.9,304.18,1.07811
2025-09-13 19:56,KNID,101422.4,32.2,2.8,94073.1,305.78,1.07176
2025-09-13 20:56,KNID,101320.8,33.3,1.7,93978.9,306.88,1.06684
2025-09-13 21:56,KNID,101219.2,33.9,1.1,93884.6,307.48,1.06369
2025-09-13 22:56,KNID,101185.3,34.4,1.1,93853.2,307.98,1.06161
2025-09-13 23:56,KNID,101151.4,34.4,0.6,93821.8,307.98,1.06126
2025-09-14 00:56,KNID,101117.6,33.9,1.1,93790.4,307.48,1.06263
2025-09-14 01:56,KNID,101117.6,32.2,1.1,93790.4,305.78,1.06853
2025-09-14 02:56,KNID,101151.4,30.6,7.2,93821.8,304.18,1.07452
2025-09-14 03:56,KNID,101219.2,27.8,6.7,93884.6,301.38,1.08522
2025-09-14 04:56,KNID,101253.0,26.7,6.1,93916.0,300.28,1.08956
2025-09-14 05:56,KNID,101286.9,26.7,5.6,93947.5,300.28,1.08993
2025-09-14 06:56,KNID,101253.0,25.6,6.1,93916.0,299.18,1.09357
2025-09-14 07:56,KNID,101286.9,22.8,5.6,93947.5,296.38,1.10427
2025-09-14 08:56,KNID,101320.8,21.7,5.6,93978.9,295.28,1.10875
2025-09-14 09:56,KNID,101286.9,22.8,6.7,93947.5,296.38,1.10427
2025-09-14 10:56,KNID,101320.8,19.4,5.0,93978.9,292.98,1.11746
2025-09-14 11:56,KNID,101354.6,19.4,5.0,94010.3,292.98,1.11783
2025-09-14 12:56,KNID,101388.5,17.8,5.0,94041.7,291.38,1.12435
2025-09-14 13:56,KNID,101422.4,18.3,5.6,94073.1,291.88,1.12280
2025-09-14 14:56,KNID,101456.2,20.6,5.6,94104.5,294.18,1.11439
2025-09-14 15:56,KNID,101456.2,24.4,6.1,94104.5,297.98,1.10018
2025-09-14 16:56,KNID,101456.2,26.7,6.1,94104.5,300.28,1.09175
2025-09-14 17:56,KNID,101422.4,30.0,6.1,94073.1,303.58,1.07952
2025-09-14 18:56,KNID,101388.5,31.7,5.6,94041.7,305.28,1.07315
2025-09-14 19:56,KNID,101320.8,33.3,4.4,93978.9,306.88,1.06684
2025-09-14 20:56,KNID,101219.2,35.0,0.6,93884.6,308.58,1.05990
2025-09-14 21:56,KNID,101151.4,35.0,0.0,93821.8,308.58,1.05919
2025-09-14 22:56,KNID,101083.7,35.6,1.7,93759.0,309.18,1.05643
2025-09-14 23:56,KNID,101083.7,35.0,2.2,93759.0,308.58,1.05848
2025-09-15 00:56,KNID,101049.8,34.4,2.2,93727.6,307.98,1.06019
2025-09-15 01:56,KNID,101049.8,32.8,3.3,93727.6,306.38,1.06573
2025-09-15 02:56,KNID,101117.6,30.6,5.0,93790.4,304.18,1.07416
2025-09-15 03:56,KNID,101185.3,28.9,5.0,93853.2,302.48,1.08092
2025-09-15 04:56,KNID,101219.2,27.8,5.0,93884.6,301.38,1.08522
2025-09-15 05:56,KNID,101253.0,27.2,4.4,93916.0,300.78,1.08775
2025-09-15 06:56,KNID,101253.0,26.1,5.0,93916.0,299.68,1.09175
2025-09-15 07:56,KNID,101320.8,24.4,4.4,93978.9,297.98,1.09871
2025-09-15 08:56,KNID,101320.8,21.7,3.9,93978.9,295.28,1.10875
2025-09-15 09:56,KNID,101354.6,22.8,5.0,94010.3,296.38,1.10501
2025-09-15 10:56,KNID,101354.6,21.7,5.6,94010.3,295.28,1.10913
2025-09-15 11:56,KNID,101388.5,18.9,4.4,94041.7,292.48,1.12012
2025-09-15 12:56,KNID,101422.4,17.2,3.9,94073.1,290.78,1.12704
2025-09-15 13:56,KNID,101490.1,17.8,5.6,94135.9,291.38,1.12547
2025-09-15 14:56,KNID,101557.8,21.1,5.6,94198.7,294.68,1.11361
2025-09-15 15:56,KNID,101591.7,23.3,5.0,94230.1,296.88,1.10573
2025-09-15 16:56,KNID,101625.5,27.2,5.0,94261.6,300.78,1.09175
2025-09-15 17:56,KNID,101625.5,30.0,5.6,94261.6,303.58,1.08168
2025-09-15 18:56,KNID,101557.8,32.8,4.4,94198.7,306.38,1.07109
2025-09-15 19:56,KNID,101523.9,33.9,3.3,94167.3,307.48,1.06690
2025-09-15 20:56,KNID,101422.4,34.4,3.3,94073.1,307.98,1.06410
2025-09-15 21:56,KNID,101354.6,35.0,2.8,94010.3,308.58,1.06132
2025-09-15 22:56,KNID,101320.8,35.6,3.3,93978.9,309.18,1.05891
2025-09-15 23:56,KNID,101286.9,35.0,1.1,93947.5,308.58,1.06061
2025-09-16 00:56,KNID,101286.9,35.0,-0.6,93947.5,308.58,1.06061
2025-09-16 03:56,KNID,101422.4,27.8,1.1,94073.1,301.38,1.08740
2025-09-16 04:56,KNID,101456.2,26.1,1.1,94104.5,299.68,1.09394
2025-09-16 05:56,KNID,101456.2,26.7,5.0,94104.5,300.28,1.09175
2025-09-16 06:56,KNID,101490.1,25.6,5.6,94135.9,299.18,1.09613
2025-09-16 07:56,KNID,101523.9,24.4,6.1,94167.3,297.98,1.10091
2025-09-16 08:56,KNID,101557.8,21.7,2.2,94198.7,295.28,1.11135
2025-09-16 09:56,KNID,101591.7,22.8,3.9,94230.1,296.38,1.10759
2025-09-16 10:56,KNID,101591.7,21.7,4.4,94230.1,295.28,1.11172
2025-09-16 11:56,KNID,101625.5,18.3,2.2,94261.6,291.88,1.12504
2025-09-16 12:56,KNID,101693.3,18.3,2.8,94324.4,291.88,1.12579
2025-09-16 13:56,KNID,101761.0,18.9,3.3,94387.2,292.48,1.12423
2025-09-16 14:56,KNID,101828.7,22.2,3.9,94450.0,295.78,1.11243
2025-09-16 15:56,KNID,101862.6,25.0,3.9,94481.4,298.58,1.10236
2025-09-16 16:56,KNID,101896.4,27.2,3.9,94512.8,300.78,1.09466
2025-09-16 17:56,KNID,101896.4,30.6,3.9,94512.8,304.18,1.08243
2025-09-16 18:56,KNID,101828.7,33.3,2.8,94450.0,306.88,1.07219
2025-09-16 19:56,KNID,101727.1,35.0,3.3,94355.8,308.58,1.06522
2025-09-16 20:56,KNID,101659.4,36.1,5.6,94293.0,309.68,1.06073
2025-09-16 21:56,KNID,101591.7,36.1,3.9,94230.1,309.68,1.06002
2025-09-16 22:56,KNID,101523.9,37.2,1.1,94167.3,310.78,1.05557
2025-09-16 23:56,KNID,101456.2,36.7,5.0,94104.5,310.28,1.05656
2025-09-17 00:56,KNID,101422.4,36.7,6.7,94073.1,310.28,1.05621
2025-09-17 01:56,KNID,101422.4,35.0,8.3,94073.1,308.58,1.06203
2025-09-17 02:56,KNID,101422.4,33.3,10.0,94073.1,306.88,1.06791
2025-09-17 03:56,KNID,101557.8,30.6,6.7,94198.7,304.18,1.07883
2025-09-17 04:56,KNID,101591.7,29.4,5.6,94230.1,302.98,1.08347
2025-09-17 05:56,KNID,101625.5,28.3,6.1,94261.6,301.88,1.08778
2025-09-17 06:56,KNID,101625.5,27.2,6.7,94261.6,300.78,1.09175
2025-09-17 07:56,KNID,101625.5,26.1,6.7,94261.6,299.68,1.09576
2025-09-17 08:56,KNID,101591.7,23.9,6.7,94230.1,297.48,1.10350
2025-09-17 09:56,KNID,101591.7,25.0,7.2,94230.1,298.58,1.09943
2025-09-17 10:56,KNID,101591.7,22.8,6.7,94230.1,296.38,1.10759
2025-09-17 11:56,KNID,101625.5,20.6,6.1,94261.6,294.18,1.11625
2025-09-17 12:56,KNID,101659.4,19.4,5.0,94293.0,292.98,1.12119
2025-09-17 13:56,KNID,101727.1,18.9,5.0,94355.8,292.48,1.12386
2025-09-17 14:56,KNID,101761.0,22.2,5.0,94387.2,295.78,1.11169
2025-09-17 15:56,KNID,101761.0,25.6,6.1,94387.2,299.18,1.09906
2025-09-17 16:56,KNID,101761.0,30.0,6.7,94387.2,303.58,1.08313
2025-09-17 17:56,KNID,101727.1,32.8,6.7,94355.8,306.38,1.07287
2025-09-17 18:56,KNID,101659.4,34.4,6.1,94293.0,307.98,1.06659
2025-09-17 19:56,KNID,101557.8,36.1,6.1,94198.7,309.68,1.05967
2025-09-17 20:56,KNID,101422.4,37.8,4.4,94073.1,311.38,1.05248
2025-09-17 21:56,KNID,101354.6,37.8,3.9,94010.3,311.38,1.05178
2025-09-17 22:56,KNID,101286.9,37.8,0.6,93947.5,311.38,1.05107
2025-09-17 23:56,KNID,101219.2,37.8,0.6,93884.6,311.38,1.05037
2025-09-18 00:56,KNID,101185.3,36.7,2.8,93853.2,310.28,1.05374
2025-09-18 01:56,KNID,101151.4,35.0,4.4,93821.8,308.58,1.05919
2025-09-18 02:56,KNID,101185.3,33.3,4.4,93853.2,306.88,1.06542
2025-09-18 03:56,KNID,101219.2,32.2,4.4,93884.6,305.78,1.06961
2025-09-18 04:56,KNID,101219.2,30.6,5.6,93884.6,304.18,1.07523
2025-09-18 05:56,KNID,101185.3,30.0,6.1,93853.2,303.58,1.07700
2025-09-18 06:56,KNID,101185.3,28.3,6.7,93853.2,301.88,1.08306
2025-09-18 07:56,KNID,101151.4,27.2,6.1,93821.8,300.78,1.08666
2025-09-18 08:56,KNID,101151.4,26.7,6.7,93821.8,300.28,1.08847
2025-09-18 09:56,KNID,101117.6,25.6,6.7,93790.4,299.18,1.09211
2025-09-18 10:56,KNID,101117.6,25.0,5.0,93790.4,298.58,1.09430
2025-09-18 11:56,KNID,101151.4,25.6,6.7,93821.8,299.18,1.09247
2025-09-18 12:56,KNID,101253.0,26.7,8.3,93916.0,300.28,1.08956
2025-09-18 13:56,KNID,101354.6,25.6,10.0,94010.3,299.18,1.09467
2025-09-18 14:56,KNID,101422.4,26.1,11.1,94073.1,299.68,1.09357
2025-09-18 15:56,KNID,101557.8,26.1,12.8,94198.7,299.68,1.09503
2025-09-18 16:56,KNID,101659.4,22.8,17.2,94293.0,296.38,1.10833
2025-09-18 17:56,KNID,101659.4,23.3,16.7,94293.0,296.88,1.10647
2025-09-18 18:56,KNID,101625.5,23.9,16.7,94261.6,297.48,1.10387
2025-09-18 19:56,KNID,101557.8,25.6,15.6,94198.7,299.18,1.09686
2025-09-18 20:56,KNID,101422.4,27.8,15.6,94073.1,301.38,1.08740
2025-09-18 21:56,KNID,101320.8,28.9,14.4,93978.9,302.48,1.08236
2025-09-18 22:56,KNID,101219.2,28.3,12.8,93884.6,301.88,1.08343
2025-09-18 23:56,KNID,101219.2,27.8,13.3,93884.6,301.38,1.08522
2025-09-19 00:56,KNID,101422.4,20.0,18.3,94073.1,293.58,1.11629
2025-09-19 01:56,KNID,101456.2,18.9,18.3,94104.5,292.48,1.12087
2025-09-19 02:56,KNID,101490.1,18.9,18.3,94135.9,292.48,1.12124
2025-09-19 03:56,KNID,101591.7,18.9,18.3,94230.1,292.48,1.12236
2025-09-19 04:56,KNID,101557.8,19.4,17.8,94198.7,292.98,1.12007
2025-09-19 05:56,KNID,101591.7,18.9,17.8,94230.1,292.48,1.12236
2025-09-19 06:56,KNID,101557.8,18.9,17.8,94198.7,292.48,1.12199
2025-09-19 07:56,KNID,101557.8,19.4,17.8,94198.7,292.98,1.12007
2025-09-19 08:56,KNID,101523.9,19.4,17.8,94167.3,292.98,1.11970
2025-09-19 09:56,KNID,101523.9,19.4,17.8,94167.3,292.98,1.11970
2025-09-19 10:56,KNID,101490.1,20.0,18.3,94135.9,293.58,1.11704
2025-09-19 11:56,KNID,101523.9,19.4,18.3,94167.3,292.98,1.11970
2025-09-19 12:56,KNID,101523.9,19.4,17.8,94167.3,292.98,1.11970
2025-09-19 13:56,KNID,101591.7,19.4,17.8,94230.1,292.98,1.12045
2025-09-19 14:56,KNID,101625.5,20.0,18.3,94261.6,293.58,1.11853
2025-09-19 15:56,KNID,101693.3,20.6,17.8,94324.4,294.18,1.11699
2025-09-19 16:56,KNID,101693.3,21.7,17.8,94324.4,295.28,1.11283
2025-09-19 17:56,KNID,101693.3,22.8,18.3,94324.4,296.38,1.10870
2025-09-19 18:56,KNID,101659.4,24.4,18.3,94293.0,297.98,1.10238
2025-09-19 19:56,KNID,101625.5,23.9,18.9,94261.6,297.48,1.10387
2025-09-19 20:56,KNID,101557.8,26.1,18.3,94198.7,299.68,1.09503
2025-09-19 21:56,KNID,101490.1,26.1,17.8,94135.9,299.68,1.09430
2025-09-19 22:56,KNID,101456.2,26.7,17.2,94104.5,300.28,1.09175
2025-09-19 23:56,KNID,101456.2,27.2,17.8,94104.5,300.78,1.08994
2025-09-20 00:56,KNID,101456.2,26.7,17.8,94104.5,300.28,1.09175
2025-09-20 01:56,KNID,101456.2,26.1,17.2,94104.5,299.68,1.09394
2025-09-20 02:56,KNID,101490.1,24.4,17.8,94135.9,297.98,1.10054
2025-09-20 03:56,KNID,101523.9,23.9,18.3,94167.3,297.48,1.10276
2025-09-20 04:56,KNID,101557.8,22.8,17.2,94198.7,296.38,1.10722
2025-09-20 05:56,KNID,101557.8,22.8,16.7,94198.7,296.38,1.10722
2025-09-20 06:56,KNID,101591.7,21.7,17.2,94230.1,295.28,1.11172
2025-09-20 07:56,KNID,101625.5,21.7,16.7,94261.6,295.28,1.11209
2025-09-20 08:56,KNID,101659.4,20.6,17.2,94293.0,294.18,1.11662
2025-09-20 09:56,KNID,101659.4,20.0,16.7,94293.0,293.58,1.11890
2025-09-20 10:56,KNID,101659.4,19.4,17.2,94293.0,292.98,1.12119
2025-09-20 11:56,KNID,101693.3,18.9,16.7,94324.4,292.48,1.12348
2025-09-20 12:56,KNID,101727.1,18.9,16.7,94355.8,292.48,1.12386
2025-09-20 13:56,KNID,101761.0,18.3,16.7,94387.2,291.88,1.12654
2025-09-20 14:56,KNID,101828.7,20.6,16.7,94450.0,294.18,1.11848
2025-09-20 15:56,KNID,101896.4,22.8,17.2,94512.8,296.38,1.11092
2025-09-20 16:56,KNID,101930.3,24.4,17.2,94544.2,297.98,1.10532
2025-09-20 17:56,KNID,101930.3,25.6,17.2,94544.2,299.18,1.10088
2025-09-20 18:56,KNID,101862.6,26.7,16.1,94481.4,300.28,1.09612
2025-09-20 19:56,KNID,101794.9,28.3,15.0,94418.6,301.88,1.08959
2025-09-20 20:56,KNID,101693.3,30.0,14.4,94324.4,303.58,1.08241
2025-09-20 21:56,KNID,101625.5,29.4,14.4,94261.6,302.98,1.08383
2025-09-20 22:56,KNID,101557.8,31.1,13.3,94198.7,304.68,1.07706
2025-09-20 23:56,KNID,101523.9,31.7,3.9,94167.3,305.28,1.07459
2025-09-21 00:56,KNID,101490.1,30.6,7.2,94135.9,304.18,1.07811
2025-09-21 01:56,KNID,101490.1,28.3,11.7,94135.9,301.88,1.08633
2025-09-21 02:56,KNID,101490.1,26.7,12.8,94135.9,300.28,1.09211
2025-09-21 03:56,KNID,101557.8,25.6,13.9,94198.7,299.18,1.09686
2025-09-21 04:56,KNID,101557.8,23.9,15.0,94198.7,297.48,1.10313
2025-09-21 05:56,KNID,101557.8,23.9,15.0,94198.7,297.48,1.10313
2025-09-21 06:56,KNID,101557.8,23.3,15.0,94198.7,296.88,1.10536
2025-09-21 07:56,KNID,101523.9,22.8,14.4,94167.3,296.38,1.10685
2025-09-21 08:56,KNID,101557.8,20.0,15.6,94198.7,293.58,1.11778
2025-09-21 09:56,KNID,101523.9,20.6,15.0,94167.3,294.18,1.11513
2025-09-21 10:56,KNID,101523.9,21.7,14.4,94167.3,295.28,1.11098
2025-09-21 11:56,KNID,101523.9,21.1,14.4,94167.3,294.68,1.11324
2025-09-21 12:56,KNID,101523.9,18.3,15.0,94167.3,291.88,1.12392
2025-09-21 13:56,KNID,101591.7,17.8,15.0,94230.1,291.38,1.12660
2025-09-21 14:56,KNID,101659.4,20.6,15.0,94293.0,294.18,1.11662
2025-09-21 15:56,KNID,101625.5,23.9,13.9,94261.6,297.48,1.10387
2025-09-21 16:56,KNID,101659.4,25.6,14.4,94293.0,299.18,1.09796
2025-09-21 17:56,KNID,101591.7,26.7,13.3,94230.1,300.28,1.09321
2025-09-21 18:56,KNID,101557.8,28.3,11.7,94198.7,301.88,1.08705
2025-09-21 19:56,KNID,101490.1,30.6,0.6,94135.9,304.18,1.07811
2025-09-21 20:56,KNID,101422.4,31.7,2.2,94073.1,305.28,1.07351
2025-09-21 21:56,KNID,101286.9,31.7,6.1,93947.5,305.28,1.07208
2025-09-21 22:56,KNID,101219.2,31.7,7.2,93884.6,305.28,1.07136
2025-09-21 23:56,KNID,101151.4,32.2,7.8,93821.8,305.78,1.06889
2025-09-22 00:56,KNID,101083.7,31.7,5.6,93759.0,305.28,1.06993
2025-09-22 01:56,KNID,101083.7,28.9,8.9,93759.0,302.48,1.07983
2025-09-22 02:56,KNID,101151.4,27.2,9.4,93821.8,300.78,1.08666
2025-09-22 03:56,KNID,101219.2,26.1,9.4,93884.6,299.68,1.09138
2025-09-22 04:56,KNID,101286.9,25.6,9.4,93947.5,299.18,1.09394
2025-09-22 05:56,KNID,101286.9,23.9,9.4,93947.5,297.48,1.10019
2025-09-22 06:56,KNID,101320.8,23.3,8.9,93978.9,296.88,1.10278
2025-09-22 07:56,KNID,101320.8,20.0,11.7,93978.9,293.58,1.11518
2025-09-22 08:56,KNID,101354.6,19.4,12.8,94010.3,292.98,1.11783
2025-09-22 09:56,KNID,101320.8,17.8,12.8,93978.9,291.38,1.12360
2025-09-22 10:56,KNID,101320.8,17.8,12.8,93978.9,291.38,1.12360
2025-09-22 11:56,KNID,101388.5,16.1,13.3,94041.7,289.68,1.13094
2025-09-22 12:56,KNID,101456.2,16.7,13.3,94104.5,290.28,1.12936
2025-09-22 13:56,KNID,101490.1,17.2,12.8,94135.9,290.78,1.12780
2025-09-22 14:56,KNID,101557.8,18.9,12.8,94198.7,292.48,1.12199
2025-09-22 15:56,KNID,101557.8,20.6,12.2,94198.7,294.18,1.11550
2025-09-22 16:56,KNID,101557.8,23.9,11.7,94198.7,297.48,1.10313
2025-09-22 17:56,KNID,101523.9,27.2,10.0,94167.3,300.78,1.09066
2025-09-22 18:56,KNID,101490.1,30.6,9.4,94135.9,304.18,1.07811
2025-09-22 19:56,KNID,101422.4,31.1,7.8,94073.1,304.68,1.07562
2025-09-22 20:56,KNID,101320.8,33.3,6.7,93978.9,306.88,1.06684
2025-09-22 21:56,KNID,101253.0,32.8,5.6,93916.0,306.38,1.06787
2025-09-22 22:56,KNID,101219.2,33.3,6.1,93884.6,306.88,1.06577
2025-09-22 23:56,KNID,101185.3,33.3,5.6,93853.2,306.88,1.06542
2025-09-23 00:56,KNID,101151.4,32.8,5.6,93821.8,306.38,1.06680
2025-09-23 01:56,KNID,101185.3,29.4,7.2,93853.2,302.98,1.07913
2025-09-23 02:56,KNID,101219.2,26.7,9.4,93884.6,300.28,1.08920
2025-09-23 03:56,KNID,101320.8,25.0,11.7,93978.9,298.58,1.09650
2025-09-23 04:56,KNID,101388.5,23.9,11.1,94041.7,297.48,1.10129
2025-09-23 05:56,KNID,101422.4,23.3,10.0,94073.1,296.88,1.10389
2025-09-23 06:56,KNID,101422.4,22.2,10.0,94073.1,295.78,1.10799
2025-09-23 07:56,KNID,101422.4,21.1,10.6,94073.1,294.68,1.11213
2025-09-23 08:56,KNID,101456.2,20.6,10.6,94104.5,294.18,1.11439
2025-09-23 09:56,KNID,101456.2,20.6,9.4,94104.5,294.18,1.11439
2025-09-23 10:56,KNID,101422.4,20.0,9.4,94073.1,293.58,1.11629
2025-09-23 11:56,KNID,101456.2,18.9,10.0,94104.5,292.48,1.12087
2025-09-23 12:56,KNID,101456.2,18.9,10.0,94104.5,292.48,1.12087
2025-09-23 13:56,KNID,101557.8,17.8,10.6,94198.7,291.38,1.12622
2025-09-23 14:56,KNID,101625.5,22.2,10.0,94261.6,295.78,1.11021
2025-09-23 15:56,KNID,101659.4,25.0,9.4,94293.0,298.58,1.10017
2025-09-23 16:56,KNID,101693.3,27.8,8.3,94324.4,301.38,1.09031
2025-09-23 17:56,KNID,101693.3,30.6,6.1,94324.4,304.18,1.08027
2025-09-23 18:56,KNID,101659.4,32.2,6.7,94293.0,305.78,1.07426
2025-09-23 19:56,KNID,101591.7,33.3,5.6,94230.1,306.88,1.06970
2025-09-23 20:56,KNID,101490.1,35.0,4.4,94135.9,308.58,1.06274
2025-09-23 21:56,KNID,101456.2,35.6,3.9,94104.5,309.18,1.06032
2025-09-23 22:56,KNID,101388.5,35.6,3.9,94041.7,309.18,1.05962
2025-09-23 23:56,KNID,101388.5,35.0,3.9,94041.7,308.58,1.06168
2025-09-24 00:56,KNID,101388.5,34.4,4.4,94041.7,307.98,1.06374
2025-09-24 01:56,KNID,101422.4,32.2,5.0,94073.1,305.78,1.07176
2025-09-24 03:56,KNID,101557.8,30.6,5.6,94198.7,304.18,1.07883
2025-09-24 04:56,KNID,101591.7,25.6,8.9,94230.1,299.18,1.09723
2025-09-24 05:56,KNID,101625.5,25.6,8.9,94261.6,299.18,1.09759
2025-09-24 06:56,KNID,101625.5,26.7,7.2,94261.6,300.28,1.09357
2025-09-24 07:56,KNID,101625.5,25.6,7.2,94261.6,299.18,1.09759
2025-09-24 08:56,KNID,101659.4,23.9,10.0,94293.0,297.48,1.10423
2025-09-24 09:56,KNID,101659.4,23.3,12.2,94293.0,296.88,1.10647
2025-09-24 10:56,KNID,101659.4,22.8,12.8,94293.0,296.38,1.10833
2025-09-24 11:56,KNID,101659.4,21.7,12.8,94293.0,295.28,1.11246
2025-09-24 12:56,KNID,101727.1,21.1,11.7,94355.8,294.68,1.11547
2025-09-24 13:56,KNID,101761.0,21.1,12.2,94387.2,294.68,1.11584
2025-09-24 14:56,KNID,101794.9,25.0,8.9,94418.6,298.58,1.10163
2025-09-24 15:56,KNID,101761.0,32.6,9.4,94387.2,306.18,1.07393
2025-09-24 16:56,KNID,101828.7,30.6,5.6,94450.0,304.18,1.08171
2025-09-24 17:56,KNID,101828.7,32.2,3.9,94450.0,305.78,1.07605
2025-09-24 18:56,KNID,101761.0,34.4,0.6,94387.2,307.98,1.06765
2025-09-24 19:56,KNID,101693.3,34.4,0.6,94324.4,307.98,1.06694
2025-09-24 20:56,KNID,101591.7,35.6,0.6,94230.1,309.18,1.06174
2025-09-24 21:56,KNID,101523.9,36.1,1.1,94167.3,309.68,1.05932
2025-09-24 22:56,KNID,101456.2,35.6,3.3,94104.5,309.18,1.06032
2025-09-24 23:56,KNID,101456.2,35.0,6.1,94104.5,308.58,1.06239
2025-09-25 00:56,KNID,101422.4,33.9,7.2,94073.1,307.48,1.06583
2025-09-25 01:56,KNID,101456.2,31.1,11.1,94104.5,304.68,1.07598
2025-09-25 02:56,KNID,101523.9,30.6,11.7,94167.3,304.18,1.07847
2025-09-25 03:56,KNID,101591.7,28.9,12.8,94230.1,302.48,1.08526
2025-09-25 04:56,KNID,101625.5,28.3,12.8,94261.6,301.88,1.08778
2025-09-25 05:56,KNID,101659.4,27.8,12.2,94293.0,301.38,1.08994
2025-09-25 06:56,KNID,101625.5,27.2,11.7,94261.6,300.78,1.09175
2025-09-25 07:56,KNID,101625.5,26.7,11.7,94261.6,300.28,1.09357
2025-09-25 08:56,KNID,101625.5,24.4,12.2,94261.6,297.98,1.10201
2025-09-25 09:56,KNID,101625.5,23.9,12.2,94261.6,297.48,1.10387
2025-09-25 10:56,KNID,101625.5,21.7,12.2,94261.6,295.28,1.11209
2025-09-25 11:56,KNID,101625.5,21.7,11.7,94261.6,295.28,1.11209
2025-09-25 12:56,KNID,101659.4,21.7,11.7,94293.0,295.28,1.11246
2025-09-25 13:56,KNID,101625.5,21.7,12.2,94261.6,295.28,1.11209
2025-09-25 14:56,KNID,101659.4,22.2,12.2,94293.0,295.78,1.11058
2025-09-25 15:56,KNID,101693.3,25.0,12.8,94324.4,298.58,1.10053
2025-09-25 16:56,KNID,101693.3,26.7,11.1,94324.4,300.28,1.09430
2025-09-25 17:56,KNID,101659.4,27.8,10.6,94293.0,301.38,1.08994
2025-09-25 18:56,KNID,101557.8,28.9,10.6,94198.7,302.48,1.08490
2025-09-25 19:56,KNID,101490.1,29.4,8.9,94135.9,302.98,1.08238
2025-09-25 20:56,KNID,101354.6,30.6,9.4,94010.3,304.18,1.07667
2025-09-25 21:56,KNID,101253.0,31.7,5.6,93916.0,305.28,1.07172
2025-09-25 22:56,KNID,101117.6,32.2,8.3,93790.4,305.78,1.06853
2025-09-25 23:56,KNID,101083.7,31.1,6.7,93759.0,304.68,1.07203
2025-09-26 00:56,KNID,101083.7,29.4,7.8,93759.0,302.98,1.07805
2025-09-26 01:56,KNID,101117.6,26.7,10.0,93790.4,300.28,1.08811
2025-09-26 02:56,KNID,101117.6,25.6,10.0,93790.4,299.18,1.09211
2025-09-26 03:56,KNID,101117.6,25.6,9.4,93790.4,299.18,1.09211
2025-09-26 04:56,KNID,101151.4,25.0,9.4,93821.8,298.58,1.09467
2025-09-26 05:56,KNID,101117.6,22.2,11.7,93790.4,295.78,1.10466
2025-09-26 06:56,KNID,101151.4,22.2,11.7,93821.8,295.78,1.10503
2025-09-26 07:56,KNID,101151.4,22.2,11.1,93821.8,295.78,1.10503
2025-09-26 08:56,KNID,101185.3,21.7,11.1,93853.2,295.28,1.10727
2025-09-26 09:56,KNID,101219.2,20.6,11.1,93884.6,294.18,1.11178
2025-09-26 10:56,KNID,101219.2,20.6,11.1,93884.6,294.18,1.11178
2025-09-26 11:56,KNID,101219.2,21.1,11.7,93884.6,294.68,1.10990
2025-09-26 12:56,KNID,101253.0,21.1,12.2,93916.0,294.68,1.11027
2025-09-26 13:56,KNID,101253.0,20.0,13.3,93916.0,293.58,1.11443
2025-09-26 14:56,KNID,101286.9,22.8,12.2,93947.5,296.38,1.10427
2025-09-26 15:56,KNID,101286.9,25.0,11.1,93947.5,298.58,1.09613
2025-09-26 16:56,KNID,101320.8,27.8,10.0,93978.9,301.38,1.08631
2025-09-26 17:56,KNID,101286.9,28.9,9.4,93947.5,302.48,1.08200
2025-09-26 18:56,KNID,101219.2,30.6,8.9,93884.6,304.18,1.07523
2025-09-26 19:56,KNID,101185.3,31.1,7.8,93853.2,304.68,1.07311
2025-09-26 20:56,KNID,101083.7,32.8,7.2,93759.0,306.38,1.06609
2025-09-26 21:56,KNID,101016.0,32.8,7.2,93696.2,306.38,1.06537
2025-09-26 22:56,KNID,100982.1,33.3,6.7,93664.8,306.88,1.06328
2025-09-26 23:56,KNID,100982.1,33.3,6.7,93664.8,306.88,1.06328
2025-09-27 00:56,KNID,100982.1,31.7,6.1,93664.8,305.28,1.06885
2025-09-27 01:56,KNID,100982.1,28.9,8.9,93664.8,302.48,1.07875
2025-09-27 02:56,KNID,101117.6,27.2,10.0,93790.4,300.78,1.08630
2025-09-27 03:56,KNID,101219.2,25.0,11.7,93884.6,298.58,1.09540
2025-09-27 04:56,KNID,101456.2,22.2,15.6,94104.5,295.78,1.10836
2025-09-27 05:56,KNID,101354.6,22.2,13.9,94010.3,295.78,1.10725
2025-09-27 06:56,KNID,101320.8,21.1,14.4,93978.9,294.68,1.11101
2025-09-27 07:56,KNID,101354.6,20.0,15.6,94010.3,293.58,1.11555
2025-09-27 08:56,KNID,101354.6,20.0,14.4,94010.3,293.58,1.11555
2025-09-27 09:56,KNID,101354.6,18.9,15.0,94010.3,292.48,1.11974
2025-09-27 10:56,KNID,101320.8,18.9,15.0,93978.9,292.48,1.11937
2025-09-27 11:56,KNID,101320.8,18.3,15.0,93978.9,291.88,1.12167
2025-09-27 12:56,KNID,101354.6,17.2,15.0,94010.3,290.78,1.12629
2025-09-27 13:56,KNID,101422.4,17.2,15.0,94073.1,290.78,1.12704
2025-09-27 14:56,KNID,101456.2,18.3,15.0,94104.5,291.88,1.12317
2025-09-27 15:56,KNID,101490.1,20.0,15.0,94135.9,293.58,1.11704
2025-09-27 16:56,KNID,101523.9,22.2,13.9,94167.3,295.78,1.10910
2025-09-27 17:56,KNID,101523.9,23.9,13.3,94167.3,297.48,1.10276
2025-09-27 18:56,KNID,101456.2,26.1,11.7,94104.5,299.68,1.09394
2025-09-27 19:56,KNID,101354.6,27.8,11.7,94010.3,301.38,1.08668
2025-09-27 20:56,KNID,101253.0,28.9,10.0,93916.0,302.48,1.08164
2025-09-27 21:56,KNID,101185.3,29.4,9.4,93853.2,302.98,1.07913
2025-09-27 22:56,KNID,101117.6,30.0,8.9,93790.4,303.58,1.07628
2025-09-27 23:56,KNID,101117.6,29.4,8.9,93790.4,302.98,1.07841
2025-09-28 00:56,KNID,101117.6,29.4,8.9,93790.4,302.98,1.07841
2025-09-28 01:56,KNID,101151.4,27.2,10.6,93821.8,300.78,1.08666
2025-09-28 02:56,KNID,101253.0,25.6,11.7,93916.0,299.18,1.09357
2025-09-28 03:56,KNID,101354.6,24.4,11.7,94010.3,297.98,1.09908
2025-09-28 04:56,KNID,101388.5,23.9,12.8,94041.7,297.48,1.10129
2025-09-29 11:56,KNID,101659.4,18.9,13.3,94293.0,292.48,1.12311
2025-09-29 12:56,KNID,101693.3,18.3,13.3,94324.4,291.88,1.12579
2025-09-29 13:56,KNID,101727.1,19.4,13.3,94355.8,292.98,1.12194
2025-09-29 14:56,KNID,101761.0,20.6,13.3,94387.2,294.18,1.11774
2025-09-29 15:56,KNID,101794.9,22.8,13.3,94418.6,296.38,1.10981
2025-09-29 16:56,KNID,101794.9,24.4,12.8,94418.6,297.98,1.10385
2025-09-29 17:56,KNID,101761.0,26.7,12.2,94387.2,300.28,1.09503
2025-09-29 18:56,KNID,101659.4,28.3,11.7,94293.0,301.88,1.08814
2025-09-29 19:56,KNID,101557.8,28.9,9.4,94198.7,302.48,1.08490
2025-09-29 20:56,KNID,101490.1,30.0,9.4,94135.9,303.58,1.08024
2025-09-29 21:56,KNID,101388.5,30.6,10.0,94041.7,304.18,1.07703
2025-09-29 22:56,KNID,101354.6,30.6,9.4,94010.3,304.18,1.07667
2025-09-29 23:56,KNID,101286.9,31.1,8.9,93947.5,304.68,1.07419
2025-09-30 00:56,KNID,101286.9,30.0,7.2,93947.5,303.58,1.07808
2025-09-30 01:56,KNID,101253.0,27.8,7.2,93916.0,301.38,1.08559
2025-09-30 02:56,KNID,101253.0,26.7,5.6,93916.0,300.28,1.08956
2025-09-30 03:56,KNID,101286.9,25.0,10.0,93947.5,298.58,1.09613
2025-09-30 04:56,KNID,101320.8,24.4,8.9,93978.9,297.98,1.09871
2025-09-30 05:56,KNID,101354.6,22.8,8.9,94010.3,296.38,1.10501
2025-09-30 06:56,KNID,101320.8,22.2,7.8,93978.9,295.78,1.10688
2025-09-30 07:56,KNID,101388.5,22.8,7.8,94041.7,296.38,1.10538
2025-09-30 08:56,KNID,101422.4,21.7,10.6,94073.1,295.28,1.10987
2025-09-30 09:56,KNID,101354.6,21.7,10.6,94010.3,295.28,1.10913
2025-09-30 10:56,KNID,101354.6,20.6,10.0,94010.3,294.18,1.11327
2025-09-30 11:56,KNID,101354.6,19.4,10.6,94010.3,292.98,1.11783
2025-09-30 12:56,KNID,101388.5,18.9,11.1,94041.7,292.48,1.12012
2025-09-30 13:56,KNID,101456.2,18.9,11.1,94104.5,292.48,1.12087
2025-09-30 14:56,KNID,101490.1,20.0,11.1,94135.9,293.58,1.11704
2025-09-30 15:56,KNID,101523.9,22.8,10.6,94167.3,296.38,1.10685
2025-09-30 16:56,KNID,101557.8,24.4,10.0,94198.7,297.98,1.10128
2025-09-30 17:56,KNID,101557.8,26.1,8.9,94198.7,299.68,1.09503
2025-09-30 18:56,KNID,101456.2,27.8,8.9,94104.5,301.38,1.08777
2025-09-30 19:56,KNID,101388.5,28.9,7.2,94041.7,302.48,1.08309
2025-09-30 20:56,KNID,101320.8,29.4,4.4,93978.9,302.98,1.08058
2025-09-30 21:56,KNID,101286.9,30.0,2.2,93947.5,303.58,1.07808
2025-09-30 22:56,KNID,101253.0,29.4,5.6,93916.0,302.98,1.07985
2025-09-30 23:56,KNID,101253.0,28.3,5.6,93916.0,301.88,1.08379
2025-10-01 00:56,KNID,101286.9,26.1,6.7,93947.5,299.68,1.09211
2025-10-01 01:56,KNID,101320.8,23.9,6.7,93978.9,297.48,1.10056
2025-10-01 02:56,KNID,101320.8,22.8,7.2,93978.9,296.38,1.10464
2025-10-01 03:56,KNID,101422.4,22.2,6.7,94073.1,295.78,1.10799
2025-10-01 04:56,KNID,101456.2,21.1,6.7,94104.5,294.68,1.11250
2025-10-01 05:56,KNID,101523.9,20.6,7.2,94167.3,294.18,1.11513
2025-10-01 06:56,KNID,101523.9,19.4,7.2,94167.3,292.98,1.11970
2025-10-01 07:56,KNID,101557.8,18.3,7.2,94198.7,291.88,1.12429
2025-10-01 08:56,KNID,101557.8,17.8,7.2,94198.7,291.38,1.12622
2025-10-01 09:56,KNID,101591.7,16.1,7.8,94230.1,289.68,1.13321
2025-10-01 10:56,KNID,101591.7,15.6,7.8,94230.1,289.18,1.13517
2025-10-01 11:56,KNID,101625.5,16.1,7.8,94261.6,289.68,1.13359
2025-10-01 12:56,KNID,101693.3,14.4,7.8,94324.4,287.98,1.14104
2025-10-01 13:56,KNID,101727.1,12.8,7.8,94355.8,286.38,1.14780
2025-10-01 14:56,KNID,101794.9,16.1,8.3,94418.6,289.68,1.13548
2025-10-01 15:56,KNID,101828.7,18.3,8.3,94450.0,291.88,1.12729
2025-10-01 16:56,KNID,101862.6,20.6,7.8,94481.4,294.18,1.11885
2025-10-01 17:56,KNID,101828.7,23.9,7.8,94450.0,297.48,1.10607
2025-10-01 18:56,KNID,101761.0,25.6,7.2,94387.2,299.18,1.09906
2025-10-01 19:56,KNID,101693.3,26.7,7.8,94324.4,300.28,1.09430
2025-10-01 20:56,KNID,101591.7,27.8,8.3,94230.1,301.38,1.08922
2025-10-01 21:56,KNID,101557.8,28.9,6.7,94198.7,302.48,1.08490
2025-10-01 22:56,KNID,101490.1,29.4,7.8,94135.9,302.98,1.08238
2025-10-01 23:56,KNID,101490.1,29.4,7.8,94135.9,302.98,1.08238
2025-10-02 00:56,KNID,101456.2,28.9,7.8,94104.5,302.48,1.08381
2025-10-02 01:56,KNID,101490.1,27.2,7.2,94135.9,300.78,1.09030
2025-10-02 02:56,KNID,101523.9,24.4,8.3,94167.3,297.98,1.10091
2025-10-02 03:56,KNID,101591.7,23.3,9.4,94230.1,296.88,1.10573
2025-10-02 04:56,KNID,101625.5,23.3,9.4,94261.6,296.88,1.10610
2025-10-02 05:56,KNID,101659.4,22.2,10.0,94293.0,295.78,1.11058
2025-10-02 06:56,KNID,101659.4,21.1,10.6,94293.0,294.68,1.11473
2025-10-02 07:56,KNID,101659.4,20.0,10.0,94293.0,293.58,1.11890
2025-10-02 08:56,KNID,101625.5,20.6,10.0,94261.6,294.18,1.11625
2025-10-02 09:56,KNID,101625.5,20.0,10.0,94261.6,293.58,1.11853
2025-10-02 10:56,KNID,101659.4,19.4,10.0,94293.0,292.98,1.12119
2025-10-02 11:56,KNID,101659.4,17.2,10.0,94293.0,290.78,1.12968
2025-10-02 12:56,KNID,101727.1,16.1,10.0,94355.8,289.68,1.13472
2025-10-02 13:56,KNID,101727.1,16.7,10.0,94355.8,290.28,1.13238
2025-10-02 14:56,KNID,101761.0,18.3,10.6,94387.2,291.88,1.12654
2025-10-02 15:56,KNID,101828.7,21.1,10.0,94450.0,294.68,1.11658
2025-10-02 16:56,KNID,101828.7,23.3,9.4,94450.0,296.88,1.10831
2025-10-02 17:56,KNID,101794.9,25.0,10.0,94418.6,298.58,1.10163
2025-10-02 18:56,KNID,101693.3,27.2,8.9,94324.4,300.78,1.09248
2025-10-02 19:56,KNID,101591.7,28.9,6.7,94230.1,302.48,1.08526
2025-10-02 20:56,KNID,101490.1,30.6,5.6,94135.9,304.18,1.07811
2025-10-02 21:56,KNID,101422.4,31.7,6.1,94073.1,305.28,1.07351
2025-10-02 22:56,KNID,101354.6,31.7,5.0,94010.3,305.28,1.07279
2025-10-02 23:56,KNID,101320.8,31.7,3.9,93978.9,305.28,1.07244
2025-10-03 00:56,KNID,101320.8,29.4,6.7,93978.9,302.98,1.08058
2025-10-03 01:56,KNID,101354.6,27.2,7.8,94010.3,300.78,1.08884
2025-10-03 02:56,KNID,101388.5,25.6,9.4,94041.7,299.18,1.09503
2025-10-03 03:56,KNID,101422.4,24.4,8.9,94073.1,297.98,1.09981
2025-10-03 04:56,KNID,101456.2,23.3,8.9,94104.5,296.88,1.10425
2025-10-03 05:56,KNID,101490.1,22.8,8.9,94135.9,296.38,1.10649
2025-10-03 06:56,KNID,101490.1,22.2,9.4,94135.9,295.78,1.10873
2025-10-03 09:56,KNID,101388.5,20.6,11.1,94041.7,294.18,1.11364
2025-10-03 10:56,KNID,101354.6,20.0,11.7,94010.3,293.58,1.11555
2025-10-03 11:56,KNID,101354.6,21.1,10.6,94010.3,294.68,1.11138
2025-10-03 12:56,KNID,101388.5,19.4,11.1,94041.7,292.98,1.11821
2025-10-03 13:56,KNID,101456.2,18.3,11.1,94104.5,291.88,1.12317
2025-10-03 14:56,KNID,101422.4,21.1,8.3,94073.1,294.68,1.11213
2025-10-03 15:56,KNID,101456.2,22.2,6.7,94104.5,295.78,1.10836
2025-10-03 16:56,KNID,101456.2,23.3,5.0,94104.5,296.88,1.10425
2025-10-03 17:56,KNID,101422.4,23.3,3.9,94073.1,296.88,1.10389
2025-10-03 18:56,KNID,101354.6,24.4,2.2,94010.3,297.98,1.09908
2025-10-03 19:56,KNID,101286.9,23.9,1.7,93947.5,297.48,1.10019
2025-10-03 20:56,KNID,101185.3,24.4,1.7,93853.2,297.98,1.09724
2025-10-03 21:56,KNID,101185.3,24.4,0.6,93853.2,297.98,1.09724
2025-10-03 22:56,KNID,101117.6,23.9,0.0,93790.4,297.48,1.09835
2025-10-03 23:56,KNID,101049.8,23.3,0.0,93727.6,296.88,1.09983
2025-10-04 00:56,KNID,101117.6,21.7,2.2,93790.4,295.28,1.10653
2025-10-04 01:56,KNID,101185.3,20.6,2.2,93853.2,294.18,1.11141
2025-10-04 02:56,KNID,101286.9,20.0,1.7,93947.5,293.58,1.11480
2025-10-04 03:56,KNID,101388.5,18.3,2.8,94041.7,291.88,1.12242
2025-10-04 04:56,KNID,101422.4,17.8,2.8,94073.1,291.38,1.12472
2025-10-04 05:56,KNID,101422.4,17.2,2.8,94073.1,290.78,1.12704
2025-10-04 06:56,KNID,101422.4,16.7,2.8,94073.1,290.28,1.12898
2025-10-04 07:56,KNID,101456.2,14.4,2.8,94104.5,287.98,1.13838
2025-10-04 08:56,KNID,101523.9,15.0,3.3,94167.3,288.58,1.13677
2025-10-04 09:56,KNID,101456.2,14.4,2.8,94104.5,287.98,1.13838
2025-10-04 10:56,KNID,101490.1,14.4,2.8,94135.9,287.98,1.13876
2025-10-04 11:56,KNID,101490.1,14.4,2.8,94135.9,287.98,1.13876
2025-10-04 12:56,KNID,101523.9,12.2,3.3,94167.3,285.78,1.14791
2025-10-04 13:56,KNID,101557.8,12.2,3.3,94198.7,285.78,1.14829
2025-10-04 14:56,KNID,101557.8,16.1,3.9,94198.7,289.68,1.13283
2025-10-04 15:56,KNID,101591.7,18.3,3.3,94230.1,291.88,1.12467
2025-10-04 16:56,KNID,101591.7,20.6,2.2,94230.1,294.18,1.11588
2025-10-04 17:56,KNID,101591.7,22.2,1.7,94230.1,295.78,1.10984
2025-10-04 18:56,KNID,101523.9,23.3,1.7,94167.3,296.88,1.10499
2025-10-04 19:56,KNID,101456.2,23.9,1.1,94104.5,297.48,1.10203
2025-10-04 20:56,KNID,101388.5,25.0,1.1,94041.7,298.58,1.09723
2025-10-04 21:56,KNID,101286.9,26.1,1.7,93947.5,299.68,1.09211
2025-10-04 22:56,KNID,101253.0,25.6,1.7,93916.0,299.18,1.09357
2025-10-04 23:56,KNID,101185.3,26.1,1.7,93853.2,299.68,1.09102
2025-10-05 00:56,KNID,101151.4,25.0,1.7,93821.8,298.58,1.09467
2025-10-05 01:56,KNID,101151.4,22.2,2.8,93821.8,295.78,1.10503
2025-10-05 02:56,KNID,101185.3,21.7,4.4,93853.2,295.28,1.10727
2025-10-05 03:56,KNID,101219.2,19.4,5.6,93884.6,292.98,1.11634
2025-10-05 04:56,KNID,101219.2,18.3,6.1,93884.6,291.88,1.12055
2025-10-05 05:56,KNID,101253.0,17.2,6.1,93916.0,290.78,1.12516
2025-10-05 07:56,KNID,101286.9,15.0,6.1,93947.5,288.58,1.13412
2025-10-05 08:56,KNID,101286.9,14.4,6.1,93947.5,287.98,1.13648
2025-10-05 09:56,KNID,101253.0,13.9,6.7,93916.0,287.48,1.13808
2025-10-05 10:56,KNID,101219.2,13.3,6.1,93884.6,286.88,1.14008
2025-10-05 11:56,KNID,101219.2,12.8,5.6,93884.6,286.38,1.14207
2025-10-05 12:56,KNID,101219.2,12.2,5.0,93884.6,285.78,1.14446
2025-10-05 13:56,KNID,101286.9,11.1,5.6,93947.5,284.68,1.14965
2025-10-05 14:56,KNID,101354.6,13.9,5.6,94010.3,287.48,1.13922
2025-10-05 15:56,KNID,101388.5,17.8,5.0,94041.7,291.38,1.12435
2025-10-05 16:56,KNID,101388.5,20.6,4.4,94041.7,294.18,1.11364
2025-10-05 17:56,KNID,101388.5,22.8,3.9,94041.7,296.38,1.10538
2025-10-05 18:56,KNID,101320.8,24.4,3.3,93978.9,297.98,1.09871
2025-10-05 19:56,KNID,101253.0,26.1,2.8,93916.0,299.68,1.09175
2025-10-05 20:56,KNID,101151.4,26.1,2.2,93821.8,299.68,1.09065
2025-10-05 21:56,KNID,101117.6,26.7,1.7,93790.4,300.28,1.08811
2025-10-05 22:56,KNID,101049.8,27.2,1.7,93727.6,300.78,1.08557
2025-10-05 23:56,KNID,101016.0,27.2,1.7,93696.2,300.78,1.08521
2025-10-06 00:56,KNID,101016.0,26.1,2.2,93696.2,299.68,1.08919
2025-10-06 01:56,KNID,101049.8,23.3,2.8,93727.6,296.88,1.09983
2025-10-06 02:56,KNID,101083.7,20.6,3.3,93759.0,294.18,1.11030
2025-10-06 03:56,KNID,101185.3,19.4,4.4,93853.2,292.98,1.11597
2025-10-06 04:56,KNID,101219.2,18.9,3.3,93884.6,292.48,1.11825
2025-10-06 05:56,KNID,101253.0,17.8,3.9,93916.0,291.38,1.12284
2025-10-06 06:56,KNID,101253.0,15.6,5.0,93916.0,289.18,1.13139
2025-10-06 07:56,KNID,101253.0,15.6,4.4,93916.0,289.18,1.13139
2025-10-06 08:56,KNID,101253.0,15.0,4.4,93916.0,288.58,1.13374
2025-10-06 09:56,KNID,101253.0,15.0,3.9,93916.0,288.58,1.13374
2025-10-06 10:56,KNID,101253.0,13.9,3.9,93916.0,287.48,1.13808
2025-10-06 11:56,KNID,101286.9,13.3,3.9,93947.5,286.88,1.14084
2025-10-06 12:56,KNID,101320.8,13.3,3.3,93978.9,286.88,1.14122
2025-10-06 13:56,KNID,101388.5,12.2,3.9,94041.7,285.78,1.14638
2025-10-06 14:56,KNID,101422.4,14.4,5.0,94073.1,287.98,1.13800
2025-10-06 15:56,KNID,101490.1,19.4,5.0,94135.9,292.98,1.11933
2025-10-06 16:56,KNID,101523.9,22.8,4.4,94167.3,296.38,1.10685
2025-10-06 17:56,KNID,101523.9,25.0,2.8,94167.3,298.58,1.09870
2025-10-06 18:56,KNID,101490.1,26.7,2.8,94135.9,300.28,1.09211
2025-10-06 19:56,KNID,101422.4,27.8,2.2,94073.1,301.38,1.08740
2025-10-06 20:56,KNID,101354.6,28.9,1.1,94010.3,302.48,1.08272
2025-10-06 21:56,KNID,101286.9,28.9,0.6,93947.5,302.48,1.08200
2025-10-06 22:56,KNID,101286.9,29.4,0.6,93947.5,302.98,1.08022
2025-10-06 23:56,KNID,101253.0,28.9,-0.6,93916.0,302.48,1.08164
2025-10-07 00:56,KNID,101286.9,27.8,-0.6,93947.5,301.38,1.08595
2025-10-07 01:56,KNID,101320.8,24.4,0.6,93978.9,297.98,1.09871
2025-10-07 02:56,KNID,101388.5,22.2,1.1,94041.7,295.78,1.10762
2025-10-07 03:56,KNID,101456.2,17.8,2.8,94104.5,291.38,1.12510
2025-10-07 04:56,KNID,101490.1,17.8,2.8,94135.9,291.38,1.12547
2025-10-07 05:56,KNID,101490.1,16.7,3.3,94135.9,290.28,1.12974
2025-10-07 06:56,KNID,101490.1,17.2,1.7,94135.9,290.78,1.12780
2025-10-07 07:56,KNID,101490.1,16.1,2.2,94135.9,289.68,1.13208
2025-10-07 08:56,KNID,101523.9,15.0,2.8,94167.3,288.58,1.13677
2025-10-07 09:56,KNID,101490.1,14.4,2.8,94135.9,287.98,1.13876
2025-10-07 10:56,KNID,101490.1,14.4,2.8,94135.9,287.98,1.13876
2025-10-07 11:56,KNID,101523.9,14.4,2.8,94167.3,287.98,1.13914
2025-10-07 12:56,KNID,101523.9,13.9,2.8,94167.3,287.48,1.14112
2025-10-07 13:56,KNID,101557.8,12.2,2.8,94198.7,285.78,1.14829
2025-10-07 14:56,KNID,101625.5,15.0,2.8,94261.6,288.58,1.13791
2025-10-07 15:56,KNID,101659.4,19.4,3.3,94293.0,292.98,1.12119
2025-10-07 16:56,KNID,101693.3,22.8,3.3,94324.4,296.38,1.10870
2025-10-07 17:56,KNID,101659.4,25.6,2.2,94293.0,299.18,1.09796
2025-10-07 18:56,KNID,101625.5,27.2,1.1,94261.6,300.78,1.09175
2025-10-07 19:56,KNID,101557.8,28.3,0.0,94198.7,301.88,1.08705
2025-10-07 20:56,KNID,101490.1,29.4,-2.2,94135.9,302.98,1.08238
2025-10-07 21:56,KNID,101422.4,30.0,-2.8,94073.1,303.58,1.07952
2025-10-07 22:56,KNID,101388.5,29.4,-3.3,94041.7,302.98,1.08130
2025-10-07 23:56,KNID,101388.5,30.0,-2.8,94041.7,303.58,1.07916
2025-10-08 00:56,KNID,101388.5,28.3,-2.2,94041.7,301.88,1.08524
2025-10-08 01:56,KNID,101388.5,25.6,-0.6,94041.7,299.18,1.09503
2025-10-08 02:56,KNID,101422.4,22.2,1.1,94073.1,295.78,1.10799
2025-10-08 03:56,KNID,101456.2,18.9,2.8,94104.5,292.48,1.12087
2025-10-08 04:56,KNID,101490.1,17.8,2.2,94135.9,291.38,1.12547
2025-10-08 05:56,KNID,101490.1,17.2,1.1,94135.9,290.78,1.12780
2025-10-08 06:56,KNID,101490.1,17.2,0.0,94135.9,290.78,1.12780
2025-10-08 07:56,KNID,101490.1,16.1,0.6,94135.9,289.68,1.13208
2025-10-08 08:56,KNID,101490.1,15.0,0.6,94135.9,288.58,1.13639
2025-10-08 09:56,KNID,101456.2,13.3,1.1,94104.5,286.88,1.14275
2025-10-08 10:56,KNID,101456.2,12.8,1.1,94104.5,286.38,1.14474
2025-10-08 11:56,KNID,101456.2,12.8,1.1,94104.5,286.38,1.14474
2025-10-08 12:56,KNID,101490.1,12.2,1.7,94135.9,285.78,1.14753
2025-10-08 13:56,KNID,101523.9,11.7,1.7,94167.3,285.28,1.14992
2025-10-08 14:56,KNID,101557.8,13.3,2.2,94198.7,286.88,1.14389
2025-10-08 15:56,KNID,101591.7,16.7,2.2,94230.1,290.28,1.13087
2025-10-08 16:56,KNID,101591.7,21.1,1.7,94230.1,294.68,1.11398
2025-10-08 17:56,KNID,101591.7,24.4,0.6,94230.1,297.98,1.10165
2025-10-08 18:56,KNID,101523.9,27.2,-0.6,94167.3,300.78,1.09066
2025-10-08 19:56,KNID,101422.4,28.9,-0.6,94073.1,302.48,1.08345
2025-10-08 20:56,KNID,101320.8,29.4,-0.6,93978.9,302.98,1.08058
2025-10-08 21:56,KNID,101253.0,30.0,-0.6,93916.0,303.58,1.07772
2025-10-08 22:56,KNID,101185.3,31.7,-0.6,93853.2,305.28,1.07100
2025-10-08 23:56,KNID,101151.4,31.1,-0.6,93821.8,304.68,1.07275
2025-10-09 00:56,KNID,101117.6,29.4,0.0,93790.4,302.98,1.07841
2025-10-09 01:56,KNID,101151.4,26.1,1.1,93821.8,299.68,1.09065
2025-10-09 02:56,KNID,101185.3,22.8,1.7,93853.2,296.38,1.10316
2025-10-09 03:56,KNID,101253.0,23.9,0.6,93916.0,297.48,1.09982
2025-10-09 04:56,KNID,101286.9,22.8,-0.6,93947.5,296.38,1.10427
2025-10-09 05:56,KNID,101354.6,22.2,-3.3,94010.3,295.78,1.10725
2025-10-09 06:56,KNID,101388.5,20.6,-3.3,94041.7,294.18,1.11364
2025-10-09 07:56,KNID,101388.5,19.4,-4.4,94041.7,292.98,1.11821
2025-10-09 08:56,KNID,101422.4,18.9,-3.3,94073.1,292.48,1.12049
2025-10-09 09:56,KNID,101422.4,13.3,-2.2,94073.1,286.88,1.14236
2025-10-09 10:56,KNID,101456.2,14.4,-2.2,94104.5,287.98,1.13838
2025-10-09 11:56,KNID,101490.1,12.8,-2.2,94135.9,286.38,1.14512
2025-10-09 12:56,KNID,101557.8,12.2,-2.2,94198.7,285.78,1.14829
2025-10-09 13:56,KNID,101591.7,11.7,-1.7,94230.1,285.28,1.15069
2025-10-09 14:56,KNID,101625.5,13.9,-1.7,94261.6,287.48,1.14226
2025-10-09 15:56,KNID,101659.4,17.2,-1.1,94293.0,290.78,1.12968
2025-10-09 16:56,KNID,101693.3,21.7,-1.7,94324.4,295.28,1.11283
2025-10-09 17:56,KNID,101693.3,24.4,-1.7,94324.4,297.98,1.10275
2025-10-09 18:56,KNID,101625.5,27.2,-1.7,94261.6,300.78,1.09175
2025-10-09 19:56,KNID,101523.9,28.9,-2.2,94167.3,302.48,1.08453
2025-10-09 20:56,KNID,101456.2,30.0,-1.1,94104.5,303.58,1.07988
2025-10-09 21:56,KNID,101388.5,31.1,-0.6,94041.7,304.68,1.07527
2025-10-09 22:56,KNID,101320.8,31.7,1.7,93978.9,305.28,1.07244
2025-10-09 23:56,KNID,101320.8,31.1,3.3,93978.9,304.68,1.07455
2025-10-10 00:56,KNID,101320.8,30.0,2.2,93978.9,303.58,1.07844
2025-10-10 01:56,KNID,101354.6,25.6,6.7,94010.3,299.18,1.09467
2025-10-10 02:56,KNID,101388.5,26.1,12.2,94041.7,299.68,1.09321
2025-10-10 03:56,KNID,101456.2,26.1,12.2,94104.5,299.68,1.09394
2025-10-10 04:56,KNID,101490.1,25.6,11.7,94135.9,299.18,1.09613
2025-10-10 05:56,KNID,101557.8,23.3,10.6,94198.7,296.88,1.10536
2025-10-10 06:56,KNID,101591.7,22.2,8.9,94230.1,295.78,1.10984
2025-10-10 07:56,KNID,101591.7,20.6,6.7,94230.1,294.18,1.11588
2025-10-10 08:56,KNID,101591.7,19.4,6.7,94230.1,292.98,1.12045
2025-10-10 09:56,KNID,101591.7,19.4,3.9,94230.1,292.98,1.12045
2025-10-10 10:56,KNID,101557.8,17.2,5.6,94198.7,290.78,1.12855
2025-10-10 11:56,KNID,101523.9,17.8,6.1,94167.3,291.38,1.12585
2025-10-10 12:56,KNID,101523.9,15.6,6.7,94167.3,289.18,1.13441
2025-10-10 13:56,KNID,101591.7,16.1,6.1,94230.1,289.68,1.13321
2025-10-10 14:56,KNID,101625.5,17.8,7.2,94261.6,291.38,1.12697
2025-10-10 15:56,KNID,101659.4,20.6,7.8,94293.0,294.18,1.11662
2025-10-11 22:56,KNID,100643.5,27.2,0.0,93350.7,300.78,1.08120
2025-10-11 23:56,KNID,100643.5,25.6,1.7,93350.7,299.18,1.08699
2025-10-12 00:56,KNID,100711.2,22.8,2.2,93413.5,296.38,1.09799
2025-10-12 01:56,KNID,100812.8,20.6,1.7,93507.7,294.18,1.10732
2025-10-12 02:56,KNID,100846.7,20.0,1.1,93539.1,293.58,1.10996
2025-10-12 03:56,KNID,100880.5,19.4,1.1,93570.5,292.98,1.11260
2025-10-12 04:56,KNID,100914.4,17.8,2.8,93601.9,291.38,1.11909
2025-10-12 05:56,KNID,100982.1,14.4,1.1,93664.8,287.98,1.13306
2025-10-12 06:56,KNID,101016.0,13.9,1.1,93696.2,287.48,1.13541
2025-10-12 07:56,KNID,101117.6,13.9,1.1,93790.4,287.48,1.13655
2025-10-12 08:56,KNID,101151.4,12.2,1.7,93821.8,285.78,1.14370
2025-10-12 09:56,KNID,101185.3,10.6,1.7,93853.2,284.18,1.15052
2025-10-12 10:56,KNID,101185.3,10.0,2.2,93853.2,283.58,1.15296
2025-10-12 11:56,KNID,101219.2,9.4,2.2,93884.6,282.98,1.15579
2025-10-12 12:56,KNID,101286.9,9.4,2.2,93947.5,282.98,1.15656
2025-10-12 13:56,KNID,101320.8,8.3,2.2,93978.9,281.88,1.16146
2025-10-12 14:56,KNID,101320.8,11.1,2.2,93978.9,284.68,1.15004
2025-10-12 15:56,KNID,101354.6,15.0,2.8,94010.3,288.58,1.13488
2025-10-12 16:56,KNID,101354.6,18.3,2.2,94010.3,291.88,1.12205
2025-10-12 17:56,KNID,101286.9,21.1,-1.1,93947.5,294.68,1.11064
2025-10-12 18:56,KNID,101219.2,21.7,-2.2,93884.6,295.28,1.10764
2025-10-12 19:56,KNID,101117.6,23.3,-2.2,93790.4,296.88,1.10057
2025-10-12 20:56,KNID,101016.0,23.9,-2.2,93696.2,297.48,1.09724
2025-10-12 21:56,KNID,100914.4,25.0,-5.0,93601.9,298.58,1.09210
2025-10-12 22:56,KNID,100846.7,25.0,-3.9,93539.1,298.58,1.09137
2025-10-12 23:56,KNID,100778.9,25.0,-3.9,93476.3,298.58,1.09064
2025-10-13 00:56,KNID,100711.2,23.9,-3.3,93413.5,297.48,1.09393
2025-10-13 01:56,KNID,100711.2,20.0,-1.7,93413.5,293.58,1.10847
2025-10-13 02:56,KNID,100711.2,18.3,-0.6,93413.5,291.88,1.11492
2025-10-13 03:56,KNID,100711.2,18.3,2.2,93413.5,291.88,1.11492
2025-10-13 04:56,KNID,100677.3,17.2,2.8,93382.1,290.78,1.11876
2025-10-13 05:56,KNID,100677.3,17.2,1.1,93382.1,290.78,1.11876
2025-10-13 06:56,KNID,100643.5,15.6,2.2,93350.7,289.18,1.12458
2025-10-13 07:56,KNID,100643.5,14.4,1.7,93350.7,287.98,1.12926
2025-10-13 08:56,KNID,100643.5,15.0,1.7,93350.7,288.58,1.12691
2025-10-13 09:56,KNID,100609.6,14.4,0.6,93319.3,287.98,1.12888
2025-10-13 10:56,KNID,100541.9,13.3,-0.6,93256.4,286.88,1.13245
2025-10-13 11:56,KNID,100541.9,12.8,0.0,93256.4,286.38,1.13442
2025-10-13 12:56,KNID,100575.8,11.7,0.0,93287.8,285.28,1.13918
2025-10-13 13:56,KNID,100609.6,9.4,0.0,93319.3,282.98,1.14883
2025-10-13 14:56,KNID,100609.6,11.1,1.1,93319.3,284.68,1.14197
2025-10-13 15:56,KNID,100643.5,15.0,1.1,93350.7,288.58,1.12691
2025-10-13 16:56,KNID,100643.5,18.3,0.6,93350.7,291.88,1.11417
2025-10-13 17:56,KNID,100575.8,22.2,-5.6,93287.8,295.78,1.09874
2025-10-13 18:56,KNID,100508.0,23.3,-5.0,93225.0,296.88,1.09393
2025-10-13 19:56,KNID,100440.3,24.4,-3.3,93162.2,297.98,1.08916
2025-10-13 20:56,KNID,100338.7,25.6,-5.0,93068.0,299.18,1.08369
2025-10-13 21:56,KNID,100338.7,23.3,-3.3,93068.0,296.88,1.09209
2025-10-13 22:56,KNID,100372.6,22.8,-6.1,93099.4,296.38,1.09430
2025-10-13 23:56,KNID,100406.4,21.1,-2.8,93130.8,294.68,1.10099
2025-10-14 00:56,KNID,100474.2,20.0,0.6,93193.6,293.58,1.10586
2025-10-14 01:56,KNID,100541.9,18.3,1.1,93256.4,291.88,1.11305
2025-10-14 02:56,KNID,100643.5,16.7,7.2,93350.7,290.28,1.12031
2025-10-14 03:56,KNID,100745.1,15.6,7.2,93444.9,289.18,1.12571
2025-10-14 04:56,KNID,100812.8,15.0,6.7,93507.7,288.58,1.12881
2025-10-14 05:56,KNID,100880.5,15.0,6.1,93570.5,288.58,1.12957
2025-10-14 06:56,KNID,100914.4,15.0,6.1,93601.9,288.58,1.12995
2025-10-14 07:56,KNID,100948.3,15.0,5.6,93633.4,288.58,1.13033
2025-10-14 08:56,KNID,100982.1,15.0,5.0,93664.8,288.58,1.13071
2025-10-14 09:56,KNID,100982.1,14.4,5.0,93664.8,287.98,1.13306
2025-10-14 10:56,KNID,100948.3,13.9,4.4,93633.4,287.48,1.13465
2025-10-14 11:56,KNID,100948.3,13.9,5.0,93633.4,287.48,1.13465
2025-10-14 12:56,KNID,100982.1,13.3,5.6,93664.8,286.88,1.13741
2025-10-14 13:56,KNID,100982.1,13.3,5.6,93664.8,286.88,1.13741
2025-10-14 14:56,KNID,100982.1,13.9,6.7,93664.8,287.48,1.13503
2025-10-14 15:56,KNID,100982.1,14.4,6.7,93664.8,287.98,1.13306
2025-10-14 16:56,KNID,100982.1,13.9,8.3,93664.8,287.48,1.13503
2025-10-14 17:56,KNID,100914.4,15.0,7.8,93601.9,288.58,1.12995
2025-10-14 18:56,KNID,101016.0,13.3,10.0,93696.2,286.88,1.13779
2025-10-14 19:56,KNID,101117.6,11.1,8.9,93790.4,284.68,1.14773
2025-10-14 20:56,KNID,101083.7,10.6,8.3,93759.0,284.18,1.14937
2025-10-14 21:56,KNID,101151.4,13.3,8.3,93821.8,286.88,1.13931
2025-10-14 22:56,KNID,101185.3,13.9,7.2,93853.2,287.48,1.13732
2025-10-14 23:56,KNID,101219.2,13.9,7.2,93884.6,287.48,1.13770
2025-10-15 00:56,KNID,101253.0,13.3,6.1,93916.0,286.88,1.14046
2025-10-15 01:56,KNID,101286.9,12.2,5.6,93947.5,285.78,1.14523
2025-10-15 02:56,KNID,101320.8,11.7,5.0,93978.9,285.28,1.14762
2025-10-15 03:56,KNID,101388.5,11.1,5.6,94041.7,284.68,1.15081
2025-10-15 04:56,KNID,101490.1,10.6,6.1,94135.9,284.18,1.15399
2025-10-15 05:56,KNID,101490.1,10.6,5.6,94135.9,284.18,1.15399
2025-10-15 06:56,KNID,101490.1,10.0,5.6,94135.9,283.58,1.15643
2025-10-15 07:56,KNID,101490.1,10.0,4.4,94135.9,283.58,1.15643
2025-10-15 08:56,KNID,101523.9,9.4,4.4,94167.3,282.98,1.15927
2025-10-15 09:56,KNID,101523.9,9.4,3.3,94167.3,282.98,1.15927
2025-10-15 10:56,KNID,101490.1,9.4,3.3,94135.9,282.98,1.15888
2025-10-15 11:56,KNID,101490.1,8.9,2.8,94135.9,282.48,1.16093
2025-10-15 12:56,KNID,101523.9,6.1,3.3,94167.3,279.68,1.17295
2025-10-15 13:56,KNID,101523.9,7.2,2.8,94167.3,280.78,1.16835
2025-10-15 14:56,KNID,101591.7,7.8,3.3,94230.1,281.38,1.16664
2025-10-15 15:56,KNID,101693.3,9.4,3.9,94324.4,282.98,1.16120
2025-10-15 16:56,KNID,101761.0,12.2,4.4,94387.2,285.78,1.15059
2025-10-15 17:56,KNID,101794.9,13.9,3.3,94418.6,287.48,1.14417
2025-10-15 18:56,KNID,101761.0,15.0,1.1,94387.2,288.58,1.13943
2025-10-15 19:56,KNID,101727.1,15.6,1.1,94355.8,289.18,1.13668
2025-10-15 20:56,KNID,101659.4,17.2,2.2,94293.0,290.78,1.12968
2025-10-15 21:56,KNID,101659.4,17.8,1.7,94293.0,291.38,1.12735
2025-10-15 22:56,KNID,101625.5,18.3,1.1,94261.6,291.88,1.12504
2025-10-15 23:56,KNID,101625.5,18.3,0.0,94261.6,291.88,1.12504
2025-10-16 00:56,KNID,101625.5,17.2,2.2,94261.6,290.78,1.12930
2025-10-16 01:56,KNID,101693.3,15.6,5.6,94324.4,289.18,1.13631
2025-10-16 02:56,KNID,101693.3,13.9,6.1,94324.4,287.48,1.14302
2025-10-16 03:56,KNID,101761.0,13.3,5.6,94387.2,286.88,1.14618
2025-10-16 04:56,KNID,101794.9,11.7,6.1,94418.6,285.28,1.15299
2025-10-16 05:56,KNID,101828.7,10.6,6.1,94450.0,284.18,1.15784
2025-10-16 06:56,KNID,101828.7,9.4,6.7,94450.0,282.98,1.16275
2025-10-16 07:56,KNID,101862.6,9.4,6.1,94481.4,282.98,1.16314
2025-10-16 08:56,KNID,101862.6,8.9,6.1,94481.4,282.48,1.16519
2025-10-16 09:56,KNID,101828.7,8.3,5.6,94450.0,281.88,1.16729
2025-10-16 10:56,KNID,101828.7,7.8,5.6,94450.0,281.38,1.16936
2025-10-16 11:56,KNID,101794.9,7.2,4.4,94418.6,280.78,1.17147
2025-10-16 12:56,KNID,101828.7,7.2,5.0,94450.0,280.78,1.17186
2025-10-16 13:56,KNID,101828.7,6.7,4.4,94450.0,280.28,1.17395
2025-10-16 14:56,KNID,101862.6,8.9,5.0,94481.4,282.48,1.16519
2025-10-16 15:56,KNID,101930.3,11.7,5.6,94544.2,285.28,1.15452
2025-10-16 16:56,KNID,101896.4,13.9,5.6,94512.8,287.48,1.14531
2025-10-16 17:56,KNID,101862.6,17.2,5.6,94481.4,290.78,1.13193
2025-10-16 18:56,KNID,101828.7,18.9,3.9,94450.0,292.48,1.12498
2025-10-16 19:56,KNID,101761.0,20.6,3.3,94387.2,294.18,1.11774
2025-10-16 20:56,KNID,101693.3,21.1,2.8,94324.4,294.68,1.11510
2025-10-16 21:56,KNID,101625.5,22.8,2.2,94261.6,296.38,1.10796
2025-10-16 22:56,KNID,101591.7,22.2,1.7,94230.1,295.78,1.10984
2025-10-16 23:56,KNID,101523.9,22.8,1.7,94167.3,296.38,1.10685
2025-10-17 00:56,KNID,101523.9,21.1,1.7,94167.3,294.68,1.11324
2025-10-17 01:56,KNID,101591.7,18.3,2.8,94230.1,291.88,1.12467
2025-10-17 02:56,KNID,101625.5,15.6,3.3,94261.6,289.18,1.13555
2025-10-17 03:56,KNID,101659.4,16.7,2.8,94293.0,290.28,1.13162
2025-10-17 04:56,KNID,101659.4,13.9,3.9,94293.0,287.48,1.14264
2025-10-17 05:56,KNID,101659.4,13.3,3.3,94293.0,286.88,1.14503
2025-10-17 06:56,KNID,101693.3,13.3,3.9,94324.4,286.88,1.14542
2025-10-17 07:56,KNID,101693.3,12.8,3.9,94324.4,286.38,1.14742
2025-10-17 08:56,KNID,101693.3,15.0,1.1,94324.4,288.58,1.13867
2025-10-17 09:56,KNID,101693.3,14.4,1.1,94324.4,287.98,1.14104
2025-10-17 10:56,KNID,101727.1,12.8,1.7,94355.8,286.38,1.14780
2025-10-17 11:56,KNID,101727.1,13.9,0.6,94355.8,287.48,1.14341
2025-10-17 12:56,KNID,101828.7,12.2,1.1,94450.0,285.78,1.15136
2025-10-17 13:56,KNID,101828.7,13.9,0.0,94450.0,287.48,1.14455
2025-10-17 14:56,KNID,101896.4,15.0,0.6,94512.8,288.58,1.14094
2025-10-17 15:56,KNID,101930.3,17.2,0.6,94544.2,290.78,1.13269
2025-10-17 16:56,KNID,101930.3,20.0,0.0,94544.2,293.58,1.12188
2025-10-17 17:56,KNID,101896.4,21.1,0.0,94512.8,294.68,1.11732
2025-10-17 18:56,KNID,101862.6,22.2,-1.1,94481.4,295.78,1.11280
2025-10-17 19:56,KNID,101794.9,22.8,-0.6,94418.6,296.38,1.10981
2025-10-17 20:56,KNID,101693.3,23.9,-0.6,94324.4,297.48,1.10460
2025-10-17 21:56,KNID,101659.4,24.4,-1.1,94293.0,297.98,1.10238
2025-10-17 22:56,KNID,101591.7,24.4,-2.2,94230.1,297.98,1.10165
2025-10-17 23:56,KNID,101557.8,25.0,-3.3,94198.7,298.58,1.09907
2025-10-18 00:56,KNID,101557.8,22.8,0.0,94198.7,296.38,1.10722
2025-10-18 01:56,KNID,101591.7,18.9,2.8,94230.1,292.48,1.12236
2025-10-18 02:56,KNID,101659.4,18.3,3.3,94293.0,291.88,1.12542
2025-10-18 03:56,KNID,101761.0,16.1,3.3,94387.2,289.68,1.13510
2025-10-18 04:56,KNID,101828.7,13.9,3.9,94450.0,287.48,1.14455
2025-10-18 05:56,KNID,101828.7,12.8,4.4,94450.0,286.38,1.14894
2025-10-18 06:56,KNID,101862.6,12.8,5.0,94481.4,286.38,1.14933
2025-10-18 07:56,KNID,101862.6,11.7,5.0,94481.4,285.28,1.15376
2025-10-18 08:56,KNID,101896.4,10.6,4.4,94512.8,284.18,1.15861
2025-10-18 09:56,KNID,101896.4,10.0,4.4,94512.8,283.58,1.16106
2025-10-18 10:56,KNID,101862.6,10.0,4.4,94481.4,283.58,1.16067
2025-10-18 11:56,KNID,101896.4,8.9,4.4,94512.8,282.48,1.16558
2025-10-18 12:56,KNID,101964.2,8.9,3.9,94575.7,282.48,1.16636
2025-10-18 13:56,KNID,101998.0,8.3,3.9,94607.1,281.88,1.16923
2025-10-18 14:56,KNID,102099.6,10.0,3.9,94701.3,283.58,1.16338
2025-10-18 15:56,KNID,102133.5,13.3,3.9,94732.7,286.88,1.15037
2025-10-18 16:56,KNID,102167.4,17.2,3.3,94764.1,290.78,1.13532
2025-10-18 17:56,KNID,102167.4,20.0,1.1,94764.1,293.58,1.12449
2025-10-18 18:56,KNID,102099.6,22.2,-1.1,94701.3,295.78,1.11539
2025-10-18 19:56,KNID,102031.9,24.4,-1.7,94638.5,297.98,1.10642
2025-10-18 20:56,KNID,101964.2,25.6,-1.7,94575.7,299.18,1.10125
2025-10-18 21:56,KNID,101930.3,26.7,-2.2,94544.2,300.28,1.09685
2025-10-18 22:56,KNID,101896.4,26.7,-2.2,94512.8,300.28,1.09649
2025-10-18 23:56,KNID,101896.4,27.2,-2.8,94512.8,300.78,1.09466
2025-10-19 00:56,KNID,101896.4,24.4,0.6,94512.8,297.98,1.10495
2025-10-19 01:56,KNID,101896.4,20.6,3.9,94512.8,294.18,1.11922
2025-10-19 02:56,KNID,101964.2,17.2,5.0,94575.7,290.78,1.13306
2025-10-19 03:56,KNID,101998.0,16.7,5.0,94607.1,290.28,1.13539
2025-10-19 04:56,KNID,102065.8,15.0,3.9,94669.9,288.58,1.14284
2025-10-19 05:56,KNID,102065.8,15.0,2.8,94669.9,288.58,1.14284
2025-10-19 06:56,KNID,102031.9,14.4,2.8,94638.5,287.98,1.14484
2025-10-19 07:56,KNID,101998.0,11.1,2.8,94607.1,284.68,1.15773
2025-10-19 08:56,KNID,101998.0,11.7,2.8,94607.1,285.28,1.15529
2025-10-19 09:56,KNID,101998.0,11.1,2.8,94607.1,284.68,1.15773
2025-10-19 10:56,KNID,101964.2,10.6,2.8,94575.7,284.18,1.15938
2025-10-19 11:56,KNID,101964.2,9.4,2.8,94575.7,282.98,1.16430
2025-10-19 12:56,KNID,101964.2,8.9,2.8,94575.7,282.48,1.16636
2025-10-19 13:56,KNID,101998.0,8.3,2.8,94607.1,281.88,1.16923
2025-10-19 14:56,KNID,102065.8,10.0,3.3,94669.9,283.58,1.16299
2025-10-19 15:56,KNID,102099.6,13.9,3.9,94701.3,287.48,1.14759
2025-10-19 16:56,KNID,102099.6,17.2,3.3,94701.3,290.78,1.13457
2025-10-19 17:56,KNID,102065.8,20.0,3.3,94669.9,293.58,1.12338
2025-10-19 18:56,KNID,102031.9,22.2,1.7,94638.5,295.78,1.11465
2025-10-19 19:56,KNID,101930.3,24.4,1.1,94544.2,297.98,1.10532
2025-10-19 20:56,KNID,101794.9,25.6,2.2,94418.6,299.18,1.09942
2025-10-19 21:56,KNID,101727.1,27.2,2.2,94355.8,300.78,1.09285
2025-10-19 22:56,KNID,101659.4,27.8,2.2,94293.0,301.38,1.08994
2025-10-19 23:56,KNID,101591.7,27.2,1.7,94230.1,300.78,1.09139
2025-10-20 00:56,KNID,101557.8,23.9,3.9,94198.7,297.48,1.10313
2025-10-20 01:56,KNID,101557.8,20.6,4.4,94198.7,294.18,1.11550
2025-10-20 02:56,KNID,101591.7,19.4,3.9,94230.1,292.98,1.12045
2025-10-20 03:56,KNID,101625.5,17.2,4.4,94261.6,290.78,1.12930
2025-10-20 04:56,KNID,101693.3,18.3,3.9,94324.4,291.88,1.12579
2025-10-20 05:56,KNID,101761.0,15.6,4.4,94387.2,289.18,1.13706
2025-10-20 06:56,KNID,101761.0,15.6,3.9,94387.2,289.18,1.13706
2025-10-20 07:56,KNID,101828.7,13.3,4.4,94450.0,286.88,1.14694
2025-10-20 08:56,KNID,101862.6,12.8,4.4,94481.4,286.38,1.14933
2025-10-20 09:56,KNID,101862.6,12.2,3.9,94481.4,285.78,1.15174
2025-10-20 10:56,KNID,101896.4,12.2,3.9,94512.8,285.78,1.15212
2025-10-20 11:56,KNID,101964.2,10.0,4.4,94575.7,283.58,1.16183
2025-10-20 12:56,KNID,102031.9,10.0,4.4,94638.5,283.58,1.16260
2025-10-20 13:56,KNID,102065.8,10.0,4.4,94669.9,283.58,1.16299
2025-10-20 14:56,KNID,102133.5,12.8,5.0,94732.7,286.38,1.15238
2025-10-20 15:56,KNID,102235.1,16.7,5.6,94826.9,290.28,1.13803
2025-10-20 16:56,KNID,102268.9,20.0,5.6,94858.3,293.58,1.12561
2025-10-20 17:56,KNID,102235.1,22.2,4.4,94826.9,295.78,1.11687
2025-10-20 18:56,KNID,102201.2,24.4,4.4,94795.5,297.98,1.10826
2025-10-20 19:56,KNID,102133.5,26.7,2.8,94732.7,300.28,1.09904
2025-10-20 20:56,KNID,102065.8,26.7,1.1,94669.9,300.28,1.09831
2025-10-20 21:56,KNID,102031.9,27.8,1.1,94638.5,301.38,1.09394
2025-10-20 22:56,KNID,102031.9,28.3,0.6,94638.5,301.88,1.09213
2025-10-20 23:56,KNID,102031.9,28.3,0.0,94638.5,301.88,1.09213
2025-10-21 00:56,KNID,102031.9,26.1,2.8,94638.5,299.68,1.10014
2025-10-21 01:56,KNID,102065.8,21.1,2.8,94669.9,294.68,1.11918
2025-10-21 02:56,KNID,102133.5,18.3,4.4,94732.7,291.88,1.13067
2025-10-21 03:56,KNID,102201.2,17.8,5.0,94795.5,291.38,1.13336
2025-10-21 04:56,KNID,102201.2,16.1,5.0,94795.5,289.68,1.14001
2025-10-21 05:56,KNID,102235.1,15.6,4.4,94826.9,289.18,1.14236
2025-10-21 06:56,KNID,102235.1,14.4,4.4,94826.9,287.98,1.14712
2025-10-21 07:56,KNID,102235.1,14.4,3.9,94826.9,287.98,1.14712
2025-10-21 08:56,KNID,102235.1,13.3,3.9,94826.9,286.88,1.15152
2025-10-21 09:56,KNID,102235.1,12.2,3.9,94826.9,285.78,1.15595
2025-10-21 10:56,KNID,102201.2,11.7,4.4,94795.5,285.28,1.15759
2025-10-21 11:56,KNID,102235.1,10.0,3.9,94826.9,283.58,1.16492
2025-10-21 12:56,KNID,102235.1,9.4,3.9,94826.9,282.98,1.16739
2025-10-21 13:56,KNID,102235.1,10.0,4.4,94826.9,283.58,1.16492
2025-10-21 14:56,KNID,102268.9,11.7,5.0,94858.3,285.28,1.15836
2025-10-21 15:56,KNID,102302.8,15.6,6.1,94889.8,289.18,1.14312
2025-10-21 16:56,KNID,102268.9,18.9,5.0,94858.3,292.48,1.12984
2025-10-21 17:56,KNID,102235.1,22.2,3.9,94826.9,295.78,1.11687
2025-10-21 18:56,KNID,102167.4,24.4,4.4,94764.1,297.98,1.10789
2025-10-21 19:56,KNID,102031.9,27.2,2.2,94638.5,300.78,1.09612
2025-10-21 20:56,KNID,101930.3,28.9,-1.1,94544.2,302.48,1.08887
2025-10-21 21:56,KNID,101862.6,28.9,-1.1,94481.4,302.48,1.08815
2025-10-21 22:56,KNID,101794.9,29.4,-0.6,94418.6,302.98,1.08563
2025-10-21 23:56,KNID,101727.1,29.4,0.0,94355.8,302.98,1.08491
2025-10-22 00:56,KNID,101693.3,26.1,1.1,94324.4,299.68,1.09649
2025-10-22 01:56,KNID,101693.3,23.9,2.2,94324.4,297.48,1.10460
2025-10-22 02:56,KNID,101727.1,20.6,6.1,94355.8,294.18,1.11736
2025-10-22 03:56,KNID,101727.1,20.6,6.7,94355.8,294.18,1.11736
2025-10-22 04:56,KNID,101727.1,18.3,6.1,94355.8,291.88,1.12617
2025-10-22 05:56,KNID,101727.1,17.2,5.6,94355.8,290.78,1.13043
2025-10-22 06:56,KNID,101761.0,18.9,3.9,94387.2,292.48,1.12423
2025-10-22 07:56,KNID,101727.1,18.3,5.0,94355.8,291.88,1.12617
2025-10-22 08:56,KNID,101625.5,17.2,3.9,94261.6,290.78,1.12930
2025-10-22 09:56,KNID,101659.4,17.8,3.9,94293.0,291.38,1.12735
2025-10-22 10:56,KNID,101591.7,17.2,4.4,94230.1,290.78,1.12892
2025-10-22 11:56,KNID,101591.7,16.1,5.0,94230.1,289.68,1.13321
2025-10-22 12:56,KNID,101625.5,15.0,5.0,94261.6,288.58,1.13791
2025-10-22 13:56,KNID,101659.4,16.1,4.4,94293.0,289.68,1.13397
2025-10-22 14:56,KNID,101693.3,13.9,5.6,94324.4,287.48,1.14302
2025-10-22 15:56,KNID,101794.9,20.0,4.4,94418.6,293.58,1.12039
2025-10-22 16:56,KNID,101794.9,21.7,3.9,94418.6,295.28,1.11394
2025-10-22 17:56,KNID,101761.0,23.3,3.9,94387.2,296.88,1.10757
2025-10-22 18:56,KNID,101659.4,24.4,2.8,94293.0,297.98,1.10238
2025-10-22 19:56,KNID,101557.8,25.6,2.2,94198.7,299.18,1.09686
2025-10-22 20:56,KNID,101456.2,26.7,1.7,94104.5,300.28,1.09175
2025-10-22 21:56,KNID,101422.4,26.1,0.6,94073.1,299.68,1.09357
2025-10-22 22:56,KNID,101388.5,26.1,1.1,94041.7,299.68,1.09321
2025-10-22 23:56,KNID,101354.6,25.0,4.4,94010.3,298.58,1.09687
2025-10-23 00:56,KNID,101388.5,22.8,6.1,94041.7,296.38,1.10538
2025-10-23 01:56,KNID,101456.2,21.1,3.3,94104.5,294.68,1.11250
2025-10-23 02:56,KNID,101557.8,20.6,3.3,94198.7,294.18,1.11550
2025-10-23 03:56,KNID,101591.7,20.6,2.8,94230.1,294.18,1.11588
2025-10-23 04:56,KNID,101659.4,20.6,2.8,94293.0,294.18,1.11662
2025-10-23 05:56,KNID,101727.1,17.8,2.8,94355.8,291.38,1.12810
2025-10-23 06:56,KNID,101693.3,18.3,4.4,94324.4,291.88,1.12579
2025-10-23 07:56,KNID,101727.1,17.8,4.4,94355.8,291.38,1.12810
2025-10-23 08:56,KNID,101761.0,16.1,4.4,94387.2,289.68,1.13510
2025-10-23 09:56,KNID,101761.0,15.0,5.0,94387.2,288.58,1.13943
2025-10-23 10:56,KNID,101794.9,14.4,5.0,94418.6,287.98,1.14218
2025-10-23 11:56,KNID,101828.7,11.7,4.4,94450.0,285.28,1.15337
2025-10-23 12:56,KNID,101862.6,12.2,4.4,94481.4,285.78,1.15174
2025-10-23 13:56,KNID,101896.4,11.7,5.6,94512.8,285.28,1.15414
2025-10-23 14:56,KNID,101930.3,15.0,5.6,94544.2,288.58,1.14132
2025-10-23 15:56,KNID,101964.2,19.4,5.6,94575.7,292.98,1.12456
2025-10-23 16:56,KNID,101964.2,20.6,5.0,94575.7,294.18,1.11997
2025-10-23 17:56,KNID,101930.3,23.3,5.0,94544.2,296.88,1.10941
2025-10-23 18:56,KNID,101896.4,25.0,4.4,94512.8,298.58,1.10273
2025-10-23 19:56,KNID,101862.6,26.7,3.3,94481.4,300.28,1.09612
2025-10-23 20:56,KNID,101761.0,27.8,3.3,94387.2,301.38,1.09103
2025-10-23 21:56,KNID,101727.1,28.3,2.2,94355.8,301.88,1.08886
2025-10-23 22:56,KNID,101693.3,28.3,3.3,94324.4,301.88,1.08850
2025-10-23 23:56,KNID,101693.3,28.3,2.8,94324.4,301.88,1.08850
2025-10-24 00:56,KNID,101693.3,26.1,3.9,94324.4,299.68,1.09649
2025-10-24 01:56,KNID,101727.1,22.8,4.4,94355.8,296.38,1.10907
2025-10-24 02:56,KNID,101794.9,20.6,5.0,94418.6,294.18,1.11811
2025-10-24 03:56,KNID,101828.7,20.0,5.6,94450.0,293.58,1.12077
2025-10-24 04:56,KNID,101862.6,17.8,5.6,94481.4,291.38,1.12960
2025-10-24 05:56,KNID,101862.6,16.1,5.6,94481.4,289.68,1.13623
2025-10-24 06:56,KNID,101896.4,15.0,5.6,94512.8,288.58,1.14094
2025-10-24 07:56,KNID,101896.4,15.0,5.0,94512.8,288.58,1.14094
2025-10-24 08:56,KNID,101896.4,13.3,5.0,94512.8,286.88,1.14770
2025-10-24 09:56,KNID,101896.4,12.8,5.0,94512.8,286.38,1.14971
2025-10-24 10:56,KNID,101896.4,12.8,5.0,94512.8,286.38,1.14971
2025-10-24 11:56,KNID,101896.4,11.1,4.4,94512.8,284.68,1.15657
2025-10-24 12:56,KNID,101930.3,10.0,3.9,94544.2,283.58,1.16145
2025-10-24 13:56,KNID,101930.3,11.1,4.4,94544.2,284.68,1.15696
2025-10-24 14:56,KNID,101998.0,11.7,4.4,94607.1,285.28,1.15529
2025-10-24 15:56,KNID,102031.9,15.6,5.0,94638.5,289.18,1.14009
2025-10-24 16:56,KNID,102031.9,18.3,5.0,94638.5,291.88,1.12954
2025-10-24 17:56,KNID,101998.0,22.8,4.4,94607.1,296.38,1.11202
2025-10-24 18:56,KNID,101930.3,25.0,3.9,94544.2,298.58,1.10310
2025-10-24 19:56,KNID,101828.7,26.7,3.3,94450.0,300.28,1.09576
2025-10-24 20:56,KNID,101693.3,28.3,3.3,94324.4,301.88,1.08850
2025-10-24 21:56,KNID,101591.7,29.4,2.8,94230.1,302.98,1.08347
2025-10-24 22:56,KNID,101523.9,29.4,1.1,94167.3,302.98,1.08274
2025-10-24 23:56,KNID,101490.1,28.9,2.2,94135.9,302.48,1.08417
2025-10-25 00:56,KNID,101490.1,26.7,1.7,94135.9,300.28,1.09211
2025-10-25 01:56,KNID,101490.1,23.9,-2.8,94135.9,297.48,1.10239
2025-10-25 02:56,KNID,101557.8,21.7,-1.7,94198.7,295.28,1.11135
2025-10-25 03:56,KNID,101591.7,20.6,1.1,94230.1,294.18,1.11588
2025-10-25 04:56,KNID,101625.5,17.2,2.2,94261.6,290.78,1.12930
2025-10-25 05:56,KNID,101625.5,15.6,1.7,94261.6,289.18,1.13555
2025-10-25 06:56,KNID,101659.4,13.9,2.2,94293.0,287.48,1.14264
2025-10-25 07:56,KNID,101659.4,13.3,1.7,94293.0,286.88,1.14503
2025-10-25 08:56,KNID,101659.4,12.8,2.2,94293.0,286.38,1.14703
2025-10-25 09:56,KNID,101693.3,12.2,1.7,94324.4,285.78,1.14982
2025-10-25 10:56,KNID,101659.4,12.2,0.0,94293.0,285.78,1.14944
2025-10-25 11:56,KNID,101659.4,10.6,1.1,94293.0,284.18,1.15591
2025-10-25 12:56,KNID,101659.4,10.0,1.7,94293.0,283.58,1.15836
2025-10-25 13:56,KNID,101659.4,9.4,1.1,94293.0,282.98,1.16081
2025-10-25 14:56,KNID,101727.1,11.1,1.7,94355.8,284.68,1.15465
2025-10-25 15:56,KNID,101794.9,13.3,2.2,94418.6,286.88,1.14656
2025-10-25 16:56,KNID,101794.9,17.2,1.7,94418.6,290.78,1.13118
2025-10-25 17:56,KNID,101727.1,20.0,1.1,94355.8,293.58,1.11965
2025-10-25 18:56,KNID,101659.4,22.2,1.7,94293.0,295.78,1.11058
2025-10-25 19:56,KNID,101523.9,24.4,2.2,94167.3,297.98,1.10091
2025-10-25 20:56,KNID,101388.5,30.6,-8.3,94041.7,304.18,1.07703
2025-10-25 21:56,KNID,101320.8,30.6,-9.4,93978.9,304.18,1.07631
2025-10-25 22:56,KNID,101320.8,29.4,-7.2,93978.9,302.98,1.08058
2025-10-25 23:56,KNID,101320.8,26.7,-5.0,93978.9,300.28,1.09029
2025-10-26 00:56,KNID,101320.8,25.6,-3.3,93978.9,299.18,1.09430
2025-10-26 01:56,KNID,101354.6,24.4,-4.4,94010.3,297.98,1.09908
2025-10-26 02:56,KNID,101456.2,22.8,-1.1,94104.5,296.38,1.10612
2025-10-26 03:56,KNID,101422.4,21.7,-2.8,94073.1,295.28,1.10987
2025-10-26 04:56,KNID,101523.9,21.7,-3.9,94167.3,295.28,1.11098
2025-10-26 05:56,KNID,101557.8,20.6,-2.8,94198.7,294.18,1.11550
2025-10-26 06:56,KNID,101490.1,20.6,-2.8,94135.9,294.18,1.11476
2025-10-26 07:56,KNID,101456.2,20.0,-1.1,94104.5,293.58,1.11667
2025-10-26 08:56,KNID,101490.1,20.0,0.0,94135.9,293.58,1.11704
2025-10-26 09:56,KNID,101422.4,19.4,1.1,94073.1,292.98,1.11858
2025-10-26 10:56,KNID,101320.8,19.4,2.8,93978.9,292.98,1.11746
2025-10-26 11:56,KNID,101354.6,18.9,2.8,94010.3,292.48,1.11974
2025-10-26 12:56,KNID,101388.5,17.8,3.9,94041.7,291.38,1.12435
2025-10-26 13:56,KNID,101422.4,16.7,5.0,94073.1,290.28,1.12898
2025-10-26 14:56,KNID,101490.1,17.8,6.1,94135.9,291.38,1.12547
2025-10-26 15:56,KNID,101591.7,16.1,2.8,94230.1,289.68,1.13321
2025-10-26 16:56,KNID,101591.7,20.0,4.4,94230.1,293.58,1.11816
2025-10-26 17:56,KNID,101557.8,22.2,5.0,94198.7,295.78,1.10947
2025-10-26 18:56,KNID,101490.1,22.8,4.4,94135.9,296.38,1.10649
2025-10-26 19:56,KNID,101388.5,24.4,5.0,94041.7,297.98,1.09944
2025-10-26 20:56,KNID,101286.9,25.6,5.6,93947.5,299.18,1.09394
2025-10-26 21:56,KNID,101185.3,27.2,5.6,93853.2,300.78,1.08703
2025-10-26 22:56,KNID,101151.4,27.8,5.0,93821.8,301.38,1.08450
2025-10-26 23:56,KNID,101151.4,28.3,4.4,93821.8,301.88,1.08270
2025-10-27 00:56,KNID,101151.4,24.4,5.0,93821.8,297.98,1.09687
2025-10-27 01:56,KNID,101151.4,22.8,5.0,93821.8,296.38,1.10279
2025-10-27 02:56,KNID,101117.6,22.8,3.9,93790.4,296.38,1.10242
2025-10-27 03:56,KNID,101219.2,20.6,3.3,93884.6,294.18,1.11178
2025-10-27 04:56,KNID,101253.0,18.9,2.8,93916.0,292.48,1.11862
2025-10-27 05:56,KNID,101286.9,19.4,1.1,93947.5,292.98,1.11709
2025-10-27 06:56,KNID,101286.9,17.8,1.7,93947.5,291.38,1.12322
2025-10-27 07:56,KNID,101354.6,13.9,3.3,94010.3,287.48,1.13922
2025-10-27 08:56,KNID,101388.5,12.8,3.3,94041.7,286.38,1.14398
2025-10-27 09:56,KNID,101422.4,11.7,2.8,94073.1,285.28,1.14877
2025-10-27 10:56,KNID,101456.2,10.6,2.8,94104.5,284.18,1.15360
2025-10-27 11:56,KNID,101523.9,9.4,2.8,94167.3,282.98,1.15927
2025-10-27 12:56,KNID,101625.5,8.9,2.8,94261.6,282.48,1.16248
2025-10-27 13:56,KNID,101693.3,10.0,3.3,94324.4,283.58,1.15874
2025-10-27 14:56,KNID,101727.1,10.6,3.3,94355.8,284.18,1.15668
2025-10-27 15:56,KNID,101896.4,14.4,3.3,94512.8,287.98,1.14332
2025-10-27 16:56,KNID,101930.3,17.8,3.9,94544.2,291.38,1.13035
2025-10-27 17:56,KNID,101930.3,20.6,3.9,94544.2,294.18,1.11960
2025-10-27 18:56,KNID,101896.4,22.8,3.3,94512.8,296.38,1.11092
2025-10-27 19:56,KNID,101794.9,25.0,3.9,94418.6,298.58,1.10163
2025-10-27 20:56,KNID,101761.0,25.6,3.9,94387.2,299.18,1.09906
2025-10-27 21:56,KNID,101693.3,26.1,3.3,94324.4,299.68,1.09649
2025-10-27 22:56,KNID,101659.4,26.7,2.8,94293.0,300.28,1.09394
2025-10-27 23:56,KNID,101659.4,26.7,2.8,94293.0,300.28,1.09394
2025-10-28 00:56,KNID,101727.1,24.4,3.9,94355.8,297.98,1.10311
2025-10-28 01:56,KNID,101794.9,21.1,5.0,94418.6,294.68,1.11621
2025-10-28 02:56,KNID,101862.6,17.2,5.6,94481.4,290.78,1.13193
2025-10-28 03:56,KNID,101930.3,15.6,5.0,94544.2,289.18,1.13895
2025-10-28 04:56,KNID,101964.2,15.0,4.4,94575.7,288.58,1.14170
2025-10-28 05:56,KNID,101998.0,14.4,3.9,94607.1,287.98,1.14446
2025-10-28 06:56,KNID,101998.0,13.3,3.9,94607.1,286.88,1.14885
2025-10-28 07:56,KNID,102031.9,12.2,3.3,94638.5,285.78,1.15365
2025-10-28 08:56,KNID,102065.8,10.6,3.3,94669.9,284.18,1.16053
2025-10-28 09:56,KNID,102065.8,10.6,2.8,94669.9,284.18,1.16053
2025-10-28 10:56,KNID,102099.6,10.0,2.8,94701.3,283.58,1.16338
2025-10-28 11:56,KNID,102133.5,9.4,2.2,94732.7,282.98,1.16623
2025-10-28 12:56,KNID,102201.2,8.9,2.2,94795.5,282.48,1.16907
2025-10-28 13:56,KNID,102268.9,8.3,1.7,94858.3,281.88,1.17233
2025-10-28 14:56,KNID,102336.7,10.0,1.7,94921.2,283.58,1.16608
2025-10-28 15:56,KNID,102472.1,14.4,1.7,95046.8,287.98,1.14978
2025-10-28 16:56,KNID,102506.0,18.9,2.2,95078.2,292.48,1.13246
2025-10-28 17:56,KNID,102506.0,22.8,-1.7,95078.2,296.38,1.11756
2025-10-28 18:56,KNID,102472.1,25.0,-2.8,95046.8,298.58,1.10896
2025-10-28 19:56,KNID,102404.4,26.1,-4.4,94984.0,299.68,1.10416
2025-10-28 20:56,KNID,102336.7,26.7,-3.9,94921.2,300.28,1.10122
2025-10-28 21:56,KNID,102268.9,27.8,-5.0,94858.3,301.38,1.09648
2025-10-28 22:56,KNID,102268.9,27.8,-5.0,94858.3,301.38,1.09648
2025-10-28 23:56,KNID,102268.9,27.2,-5.0,94858.3,300.78,1.09867
2025-10-29 00:56,KNID,102302.8,24.4,-4.4,94889.8,297.98,1.10936
2025-10-29 01:56,KNID,102370.5,20.6,-4.4,94952.6,294.18,1.12443
2025-10-29 02:56,KNID,102438.3,17.2,-3.3,95015.4,290.78,1.13833
2025-10-29 03:56,KNID,102472.1,13.9,-1.1,95046.8,287.48,1.15178
2025-10-29 04:56,KNID,102506.0,13.9,-1.7,95078.2,287.48,1.15216
2025-10-29 05:56,KNID,102506.0,12.8,-2.2,95078.2,286.38,1.15659
2025-10-29 06:56,KNID,102506.0,12.2,-3.3,95078.2,285.78,1.15901
2025-10-29 07:56,KNID,102472.1,12.2,-3.3,95046.8,285.78,1.15863
2025-10-29 08:56,KNID,102472.1,11.7,-2.8,95046.8,285.28,1.16066
2025-10-29 09:56,KNID,102506.0,8.9,-2.2,95078.2,282.48,1.17255
2025-10-29 10:56,KNID,102472.1,10.0,-2.8,95046.8,283.58,1.16762
2025-10-29 11:56,KNID,102472.1,7.2,-2.2,95046.8,280.78,1.17926
2025-10-29 12:56,KNID,102472.1,6.7,-2.2,95046.8,280.28,1.18137
2025-10-29 13:56,KNID,102506.0,8.3,-2.2,95078.2,281.88,1.17505
2025-10-29 14:56,KNID,102506.0,8.9,-1.7,95078.2,282.48,1.17255
2025-10-29 15:56,KNID,102573.7,13.3,-1.1,95141.0,286.88,1.15533
2025-10-29 16:56,KNID,102539.9,17.2,-0.6,95109.6,290.78,1.13946
2025-10-29 17:56,KNID,102472.1,21.7,-2.8,95046.8,295.28,1.12135
2025-10-29 18:56,KNID,102370.5,23.9,-4.4,94952.6,297.48,1.11196
2025-10-29 19:56,KNID,102268.9,26.1,-6.7,94858.3,299.68,1.10270
2025-10-29 20:56,KNID,102133.5,27.2,-7.2,94732.7,300.78,1.09721
2025-10-29 21:56,KNID,102065.8,28.9,-7.8,94669.9,302.48,1.09032
2025-10-29 22:56,KNID,102031.9,28.3,-8.3,94638.5,301.88,1.09213
2025-10-29 23:56,KNID,102031.9,27.8,-7.8,94638.5,301.38,1.09394
2025-10-30 00:56,KNID,102031.9,24.4,-3.9,94638.5,297.98,1.10642
2025-10-30 01:56,KNID,102065.8,20.0,-1.1,94669.9,293.58,1.12338
2025-10-30 02:56,KNID,102099.6,16.7,-1.1,94701.3,290.28,1.13652
2025-10-30 03:56,KNID,102099.6,16.1,-3.3,94701.3,289.68,1.13888
2025-10-30 04:56,KNID,102133.5,15.0,-3.3,94732.7,288.58,1.14360
2025-10-30 05:56,KNID,102099.6,13.9,-3.9,94701.3,287.48,1.14759
2025-10-30 06:56,KNID,102065.8,12.2,-3.9,94669.9,285.78,1.15404
2025-10-30 07:56,KNID,102065.8,11.1,-3.3,94669.9,284.68,1.15850
2025-10-30 08:56,KNID,102031.9,11.1,-3.9,94638.5,284.68,1.15811
2025-10-30 09:56,KNID,102031.9,11.1,-3.9,94638.5,284.68,1.15811
2025-10-30 10:56,KNID,101998.0,8.3,-3.3,94607.1,281.88,1.16923
2025-10-30 11:56,KNID,101998.0,10.0,-3.3,94607.1,283.58,1.16222
2025-10-30 12:56,KNID,101998.0,7.2,-3.3,94607.1,280.78,1.17381
2025-10-30 13:56,KNID,102031.9,7.8,-2.8,94638.5,281.38,1.17169
2025-10-30 14:56,KNID,102065.8,8.9,-2.2,94669.9,282.48,1.16752
2025-10-30 15:56,KNID,102133.5,13.3,-1.7,94732.7,286.88,1.15037
2025-10-30 16:56,KNID,102099.6,15.6,-1.7,94701.3,289.18,1.14085
2025-10-30 17:56,KNID,102065.8,20.6,-2.2,94669.9,294.18,1.12108
2025-10-30 18:56,KNID,101998.0,23.9,-3.3,94607.1,297.48,1.10791
2025-10-30 19:56,KNID,101896.4,26.1,-2.8,94512.8,299.68,1.09868
2025-10-30 20:56,KNID,101761.0,27.8,-5.6,94387.2,301.38,1.09103
2025-10-30 21:56,KNID,101693.3,29.4,-5.0,94324.4,302.98,1.08455
2025-10-30 22:56,KNID,101625.5,30.0,-5.0,94261.6,303.58,1.08168
2025-10-30 23:56,KNID,101591.7,29.4,-5.6,94230.1,302.98,1.08347
2025-10-31 00:56,KNID,101591.7,25.0,-4.4,94230.1,298.58,1.09943
2025-10-31 01:56,KNID,101591.7,21.7,-3.3,94230.1,295.28,1.11172
2025-10-31 02:56,KNID,101625.5,19.4,-2.2,94261.6,292.98,1.12082
2025-10-31 03:56,KNID,101659.4,17.8,-2.8,94293.0,291.38,1.12735
2025-10-31 04:56,KNID,101693.3,15.6,-2.8,94324.4,289.18,1.13631
2025-10-31 05:56,KNID,101693.3,14.4,-2.2,94324.4,287.98,1.14104
2025-10-31 06:56,KNID,101659.4,13.9,-2.2,94293.0,287.48,1.14264
2025-10-31 07:56,KNID,101659.4,12.2,-1.7,94293.0,285.78,1.14944
2025-10-31 08:56,KNID,101693.3,10.6,-1.7,94324.4,284.18,1.15630
2025-10-31 09:56,KNID,101659.4,11.1,-1.7,94293.0,284.68,1.15388
2025-10-31 10:56,KNID,101693.3,9.4,-1.1,94324.4,282.98,1.16120
2025-10-31 11:56,KNID,101693.3,9.4,-1.1,94324.4,282.98,1.16120
2025-10-31 12:56,KNID,101761.0,10.0,-1.1,94387.2,283.58,1.15952
2025-10-31 13:56,KNID,101794.9,8.9,-1.1,94418.6,282.48,1.16442
2025-10-31 14:56,KNID,101862.6,10.0,0.0,94481.4,283.58,1.16067
2025-10-31 15:56,KNID,101896.4,16.7,0.0,94512.8,290.28,1.13426
2025-10-31 16:56,KNID,101930.3,17.2,-0.6,94544.2,290.78,1.13269
2025-10-31 17:56,KNID,101930.3,21.1,-1.1,94544.2,294.68,1.11770
2025-10-31 18:56,KNID,101930.3,23.9,-2.2,94544.2,297.48,1.10718
2025-10-31 19:56,KNID,101862.6,26.1,-3.3,94481.4,299.68,1.09832
2025-10-31 20:56,KNID,101761.0,27.8,-4.4,94387.2,301.38,1.09103
2025-10-31 21:56,KNID,101727.1,28.3,-5.0,94355.8,301.88,1.08886
2025-10-31 22:56,KNID,101693.3,28.9,-5.6,94324.4,302.48,1.08634
2025-10-31 23:56,KNID,101693.3,28.3,-5.0,94324.4,301.88,1.08850
2025-11-01 00:56,KNID,101693.3,26.1,-3.9,94324.4,299.68,1.09649
2025-11-01 01:56,KNID,101761.0,20.6,-1.1,94387.2,294.18,1.11774
2025-11-01 02:56,KNID,101794.9,17.2,-1.1,94418.6,290.78,1.13118
2025-11-01 03:56,KNID,101862.6,16.7,-1.7,94481.4,290.28,1.13388
2025-11-01 04:56,KNID,101896.4,16.1,-2.2,94512.8,289.68,1.13661
2025-11-01 05:56,KNID,101930.3,15.0,-2.2,94544.2,288.58,1.14132
2025-11-01 06:56,KNID,101964.2,13.3,-2.2,94575.7,286.88,1.14847
2025-11-01 07:56,KNID,101964.2,12.2,-2.2,94575.7,285.78,1.15289
2025-11-01 08:56,KNID,101998.0,10.6,-1.1,94607.1,284.18,1.15976
2025-11-01 09:56,KNID,101998.0,10.6,-0.6,94607.1,284.18,1.15976
2025-11-01 10:56,KNID,101998.0,11.1,-0.6,94607.1,284.68,1.15773
2025-11-01 11:56,KNID,102031.9,8.3,-1.1,94638.5,281.88,1.16961
2025-11-01 12:56,KNID,102065.8,8.3,-0.6,94669.9,281.88,1.17000
2025-11-01 13:56,KNID,102133.5,7.8,-1.1,94732.7,281.38,1.17286
2025-11-01 14:56,KNID,102167.4,9.4,0.6,94764.1,282.98,1.16662
2025-11-01 15:56,KNID,102235.1,13.3,0.0,94826.9,286.88,1.15152
2025-11-01 16:56,KNID,102268.9,17.2,-0.6,94858.3,290.78,1.13645
2025-11-01 17:56,KNID,102268.9,20.6,-0.6,94858.3,294.18,1.12332
2025-11-01 18:56,KNID,102201.2,23.3,-2.2,94795.5,296.88,1.11236
2025-11-01 19:56,KNID,102099.6,27.2,-2.2,94701.3,300.78,1.09685
2025-11-01 20:56,KNID,101964.2,27.8,-2.8,94575.7,301.38,1.09321
2025-11-01 21:56,KNID,101896.4,30.0,-1.7,94512.8,303.58,1.08457
2025-11-01 22:56,KNID,101862.6,30.0,-1.1,94481.4,303.58,1.08421
2025-11-01 23:56,KNID,101862.6,29.4,-2.2,94481.4,302.98,1.08636
2025-11-02 00:56,KNID,101862.6,26.1,-2.2,94481.4,299.68,1.09832
2025-11-02 01:56,KNID,101964.2,20.6,0.6,94575.7,294.18,1.11997
2025-11-02 02:56,KNID,101998.0,17.2,0.0,94607.1,290.78,1.13344
2025-11-02 03:56,KNID,102065.8,16.7,-0.6,94669.9,290.28,1.13615
2025-11-02 04:56,KNID,102099.6,16.1,-0.6,94701.3,289.68,1.13888
2025-11-02 05:56,KNID,102099.6,15.0,-0.6,94701.3,288.58,1.14322
2025-11-02 06:56,KNID,102133.5,13.3,-0.6,94732.7,286.88,1.15037
2025-11-02 07:56,KNID,102133.5,13.9,-0.6,94732.7,287.48,1.14797
2025-11-02 08:56,KNID,102133.5,10.0,-1.1,94732.7,283.58,1.16376
2025-11-02 09:56,KNID,102133.5,11.1,-0.6,94732.7,284.68,1.15926
2025-11-02 10:56,KNID,102099.6,9.4,0.0,94701.3,282.98,1.16584
2025-11-02 11:56,KNID,102099.6,10.0,0.0,94701.3,283.58,1.16338
2025-11-02 12:56,KNID,102133.5,7.8,0.0,94732.7,281.38,1.17286
2025-11-02 14:56,KNID,102235.1,8.9,0.0,94826.9,282.48,1.16945
2025-11-02 15:56,KNID,102268.9,14.4,1.1,94858.3,287.98,1.14750
2025-11-02 16:56,KNID,102302.8,18.9,0.0,94889.8,292.48,1.13022
2025-11-02 17:56,KNID,102302.8,21.7,0.0,94889.8,295.28,1.11950
2025-11-02 18:56,KNID,102235.1,25.6,0.0,94826.9,299.18,1.10418
2025-11-02 19:56,KNID,102133.5,26.1,-0.6,94732.7,299.68,1.10124
2025-11-02 20:56,KNID,102031.9,28.3,-1.1,94638.5,301.88,1.09213
2025-11-02 21:56,KNID,101930.3,28.9,-3.3,94544.2,302.48,1.08887
2025-11-02 22:56,KNID,101896.4,28.9,-3.3,94512.8,302.48,1.08851
2025-11-02 23:56,KNID,101828.7,28.9,-3.9,94450.0,302.48,1.08779
2025-11-03 00:56,KNID,101828.7,25.6,0.0,94450.0,299.18,1.09979
2025-11-03 01:56,KNID,101862.6,20.0,0.6,94481.4,293.58,1.12114
2025-11-03 02:56,KNID,101896.4,18.3,0.0,94512.8,291.88,1.12804
2025-11-03 03:56,KNID,101930.3,17.2,-0.6,94544.2,290.78,1.13269
2025-11-03 04:56,KNID,101930.3,16.7,-1.1,94544.2,290.28,1.13464
2025-11-03 05:56,KNID,101964.2,15.6,-1.7,94575.7,289.18,1.13933
2025-11-03 06:56,KNID,101930.3,13.9,-1.1,94544.2,287.48,1.14569
2025-11-03 07:56,KNID,101930.3,12.8,-1.1,94544.2,286.38,1.15009
2025-11-03 08:56,KNID,101930.3,11.7,-1.1,94544.2,285.28,1.15452
2025-11-03 09:56,KNID,101896.4,8.9,-0.6,94512.8,282.48,1.16558
2025-11-03 10:56,KNID,101862.6,9.4,-1.1,94481.4,282.98,1.16314
2025-11-03 11:56,KNID,101862.6,10.0,-1.1,94481.4,283.58,1.16067
2025-11-03 12:56,KNID,101896.4,7.8,-1.1,94512.8,281.38,1.17014
2025-11-03 13:56,KNID,101896.4,8.3,-1.1,94512.8,281.88,1.16806
2025-11-03 14:56,KNID,101964.2,8.9,0.0,94575.7,282.48,1.16636
2025-11-03 15:56,KNID,101998.0,11.7,-0.6,94607.1,285.28,1.15529
2025-11-03 16:56,KNID,101964.2,16.1,0.0,94575.7,289.68,1.13737
2025-11-03 17:56,KNID,101930.3,20.6,0.0,94544.2,294.18,1.11960
2025-11-03 18:56,KNID,101896.4,22.8,-1.1,94512.8,296.38,1.11092
2025-11-03 19:56,KNID,101794.9,25.0,-1.1,94418.6,298.58,1.10163
2025-11-03 20:56,KNID,101659.4,27.8,-0.6,94293.0,301.38,1.08994
2025-11-03 21:56,KNID,101625.5,29.4,-0.6,94261.6,302.98,1.08383
2025-11-03 22:56,KNID,101557.8,29.4,-1.7,94198.7,302.98,1.08310
2025-11-03 23:56,KNID,101523.9,28.3,-2.2,94167.3,301.88,1.08669
2025-11-04 00:56,KNID,101557.8,25.6,-1.7,94198.7,299.18,1.09686
2025-11-04 01:56,KNID,101625.5,23.9,-2.2,94261.6,297.48,1.10387
2025-11-04 02:56,KNID,101659.4,21.7,-1.7,94293.0,295.28,1.11246
2025-11-04 03:56,KNID,101693.3,21.1,-2.2,94324.4,294.68,1.11510
2025-11-04 04:56,KNID,101727.1,20.6,-2.2,94355.8,294.18,1.11736
2025-11-04 05:56,KNID,101761.0,17.8,-2.8,94387.2,291.38,1.12848
2025-11-04 06:56,KNID,101828.7,16.1,-1.7,94450.0,289.68,1.13586
2025-11-04 07:56,KNID,101828.7,13.9,-2.2,94450.0,287.48,1.14455
2025-11-04 08:56,KNID,101828.7,14.4,-2.2,94450.0,287.98,1.14256
2025-11-04 09:56,KNID,101828.7,11.7,-2.2,94450.0,285.28,1.15337
2025-11-04 10:56,KNID,101828.7,10.0,-1.7,94450.0,283.58,1.16029
2025-11-04 11:56,KNID,101828.7,10.0,-2.2,94450.0,283.58,1.16029
2025-11-04 12:56,KNID,101896.4,6.1,-2.2,94512.8,279.68,1.17725
2025-11-04 13:56,KNID,101930.3,8.9,-1.7,94544.2,282.48,1.16597
2025-11-04 14:56,KNID,101998.0,9.4,-1.1,94607.1,282.98,1.16468
2025-11-04 15:56,KNID,102099.6,13.3,0.0,94701.3,286.88,1.14999
2025-11-04 16:56,KNID,102133.5,16.1,-0.6,94732.7,289.68,1.13925
2025-11-04 17:56,KNID,102133.5,20.0,-0.6,94732.7,293.58,1.12412
2025-11-04 18:56,KNID,102099.6,21.7,-0.6,94701.3,295.28,1.11728
2025-11-04 19:56,KNID,102031.9,23.9,-1.1,94638.5,297.48,1.10828
2025-11-04 20:56,KNID,101930.3,25.6,-1.1,94544.2,299.18,1.10088
2025-11-04 21:56,KNID,101896.4,26.1,0.6,94512.8,299.68,1.09868
2025-11-04 22:56,KNID,101862.6,27.2,0.6,94481.4,300.78,1.09430
2025-11-04 23:56,KNID,101828.7,26.7,0.6,94450.0,300.28,1.09576
2025-11-05 00:56,KNID,101828.7,23.9,0.6,94450.0,297.48,1.10607
2025-11-05 02:56,KNID,101930.3,17.2,-1.1,94544.2,290.78,1.13269
2025-11-05 03:56,KNID,101964.2,15.6,-1.7,94575.7,289.18,1.13933
2025-11-05 04:56,KNID,102031.9,14.4,-2.2,94638.5,287.98,1.14484
2025-11-05 05:56,KNID,102065.8,15.0,-3.3,94669.9,288.58,1.14284
2025-11-05 06:56,KNID,102065.8,11.7,-3.3,94669.9,285.28,1.15606
2025-11-05 07:56,KNID,102099.6,10.0,-3.3,94701.3,283.58,1.16338
2025-11-05 08:56,KNID,102031.9,11.1,-3.9,94638.5,284.68,1.15811
2025-11-05 09:56,KNID,102065.8,9.4,-3.9,94669.9,282.98,1.16546
2025-11-05 10:56,KNID,102031.9,8.3,-3.3,94638.5,281.88,1.16961
2025-11-05 11:56,KNID,102031.9,7.8,-2.8,94638.5,281.38,1.17169
2025-11-05 12:56,KNID,102099.6,6.1,-3.9,94701.3,279.68,1.17960
2025-11-05 13:56,KNID,102099.6,5.6,-3.9,94701.3,279.18,1.18171
2025-11-05 14:56,KNID,102133.5,7.8,-2.8,94732.7,281.38,1.17286
2025-11-05 15:56,KNID,102133.5,12.2,-2.8,94732.7,285.78,1.15480
2025-11-05 16:56,KNID,102133.5,17.2,-2.8,94732.7,290.78,1.13494
2025-11-05 17:56,KNID,102133.5,20.6,-2.8,94732.7,294.18,1.12183
2025-11-05 18:56,KNID,102031.9,23.9,-3.3,94638.5,297.48,1.10828
2025-11-05 19:56,KNID,101930.3,26.1,-3.9,94544.2,299.68,1.09905
2025-11-05 20:56,KNID,101862.6,26.7,-5.0,94481.4,300.28,1.09612
2025-11-05 21:56,KNID,101794.9,27.2,-7.8,94418.6,300.78,1.09357
2025-11-05 22:56,KNID,101761.0,27.2,-6.1,94387.2,300.78,1.09321
2025-11-05 23:56,KNID,101761.0,25.6,-3.9,94387.2,299.18,1.09906
2025-11-06 00:56,KNID,101794.9,23.9,-3.3,94418.6,297.48,1.10570
2025-11-06 01:56,KNID,101794.9,22.8,-1.7,94418.6,296.38,1.10981
2025-11-06 02:56,KNID,101794.9,21.1,0.6,94418.6,294.68,1.11621
2025-11-06 03:56,KNID,101794.9,21.1,3.9,94418.6,294.68,1.11621
2025-11-06 04:56,KNID,101896.4,20.6,3.9,94512.8,294.18,1.11922
2025-11-06 05:56,KNID,101862.6,21.1,4.4,94481.4,294.68,1.11695
2025-11-06 06:56,KNID,101862.6,20.6,5.0,94481.4,294.18,1.11885
2025-11-06 07:56,KNID,101828.7,18.9,7.2,94450.0,292.48,1.12498
2025-11-06 08:56,KNID,101828.7,18.9,6.7,94450.0,292.48,1.12498
2025-11-06 09:56,KNID,101828.7,17.8,6.1,94450.0,291.38,1.12923
2025-11-06 10:56,KNID,101794.9,16.7,5.0,94418.6,290.28,1.13313
2025-11-06 11:56,KNID,101862.6,12.8,5.6,94481.4,286.38,1.14933
2025-11-06 12:56,KNID,101930.3,11.7,5.6,94544.2,285.28,1.15452
2025-11-06 13:56,KNID,101998.0,10.0,5.6,94607.1,283.58,1.16222
2025-11-06 14:56,KNID,102099.6,11.7,6.1,94701.3,285.28,1.15644
2025-11-06 15:56,KNID,102167.4,16.1,7.8,94764.1,289.68,1.13963
2025-11-06 16:56,KNID,102235.1,17.8,8.3,94826.9,291.38,1.13373
2025-11-06 17:56,KNID,102201.2,18.9,7.2,94795.5,292.48,1.12910
2025-11-06 18:56,KNID,102167.4,21.7,7.2,94764.1,295.28,1.11802
2025-11-06 19:56,KNID,102031.9,22.8,6.7,94638.5,296.38,1.11239
2025-11-06 20:56,KNID,101964.2,24.4,5.0,94575.7,297.98,1.10569
2025-11-06 21:56,KNID,101896.4,25.0,5.6,94512.8,298.58,1.10273
2025-11-06 22:56,KNID,101862.6,25.6,4.4,94481.4,299.18,1.10015
2025-11-06 23:56,KNID,101794.9,25.0,4.4,94418.6,298.58,1.10163
2025-11-07 00:56,KNID,101828.7,22.8,3.9,94450.0,296.38,1.11018
2025-11-07 01:56,KNID,101862.6,20.0,5.6,94481.4,293.58,1.12114
2025-11-07 02:56,KNID,101896.4,18.3,6.1,94512.8,291.88,1.12804
2025-11-07 03:56,KNID,101930.3,16.7,6.1,94544.2,290.28,1.13464
2025-11-07 04:56,KNID,101964.2,16.1,6.1,94575.7,289.68,1.13737
2025-11-07 05:56,KNID,101998.0,14.4,5.0,94607.1,287.98,1.14446
2025-11-07 06:56,KNID,101998.0,12.2,4.4,94607.1,285.78,1.15327
2025-11-07 07:56,KNID,101998.0,12.2,4.4,94607.1,285.78,1.15327
2025-11-07 08:56,KNID,101964.2,11.7,4.4,94575.7,285.28,1.15491
2025-11-07 09:56,KNID,101964.2,9.4,3.9,94575.7,282.98,1.16430
2025-11-07 10:56,KNID,101930.3,9.4,3.9,94544.2,282.98,1.16391
2025-11-07 11:56,KNID,101930.3,9.4,3.3,94544.2,282.98,1.16391
2025-11-07 12:56,KNID,101998.0,7.8,2.2,94607.1,281.38,1.17130
2025-11-07 13:56,KNID,101998.0,8.3,3.3,94607.1,281.88,1.16923
2025-11-07 14:56,KNID,102031.9,10.0,3.3,94638.5,283.58,1.16260
2025-11-07 15:56,KNID,102031.9,11.1,3.9,94638.5,284.68,1.15811
2025-11-07 16:56,KNID,102065.8,14.4,3.9,94669.9,287.98,1.14522
2025-11-07 17:56,KNID,102031.9,18.9,4.4,94638.5,292.48,1.12723
2025-11-07 18:56,KNID,101930.3,21.1,3.9,94544.2,294.68,1.11770
2025-11-07 19:56,KNID,101794.9,23.9,2.8,94418.6,297.48,1.10570
2025-11-07 20:56,KNID,101693.3,25.6,1.1,94324.4,299.18,1.09832
2025-11-07 21:56,KNID,101591.7,26.1,1.1,94230.1,299.68,1.09540
2025-11-07 22:56,KNID,101557.8,27.2,1.1,94198.7,300.78,1.09103
2025-11-07 23:56,KNID,101523.9,26.1,1.1,94167.3,299.68,1.09467
2025-11-08 00:56,KNID,101523.9,22.2,1.7,94167.3,295.78,1.10910
2025-11-08 01:56,KNID,101591.7,18.9,2.2,94230.1,292.48,1.12236
2025-11-08 02:56,KNID,101625.5,17.8,1.7,94261.6,291.38,1.12697
2025-11-08 03:56,KNID,101693.3,15.0,5.0,94324.4,288.58,1.13867
2025-11-08 04:56,KNID,101693.3,15.0,6.1,94324.4,288.58,1.13867
2025-11-08 05:56,KNID,101727.1,14.4,5.0,94355.8,287.98,1.14142
2025-11-08 06:56,KNID,101761.0,13.9,5.0,94387.2,287.48,1.14379
2025-11-08 07:56,KNID,101761.0,12.2,4.4,94387.2,285.78,1.15059
2025-11-08 08:56,KNID,101761.0,9.4,2.8,94387.2,282.98,1.16197
2025-11-08 09:56,KNID,101794.9,11.1,2.8,94418.6,284.68,1.15542
2025-11-08 10:56,KNID,101761.0,10.0,2.8,94387.2,283.58,1.15952
2025-11-08 11:56,KNID,101761.0,8.9,2.8,94387.2,282.48,1.16403
2025-11-08 12:56,KNID,101828.7,9.4,1.7,94450.0,282.98,1.16275
2025-11-08 13:56,KNID,101862.6,7.8,1.7,94481.4,281.38,1.16975
2025-11-08 14:56,KNID,101964.2,8.3,2.2,94575.7,281.88,1.16884
2025-11-08 15:56,KNID,101998.0,14.4,3.3,94607.1,287.98,1.14446
2025-11-08 16:56,KNID,102031.9,17.2,3.9,94638.5,290.78,1.13382
2025-11-08 17:56,KNID,102031.9,22.2,4.4,94638.5,295.78,1.11465
2025-11-08 18:56,KNID,101998.0,24.4,2.8,94607.1,297.98,1.10605
2025-11-08 19:56,KNID,101930.3,25.6,2.8,94544.2,299.18,1.10088
2025-11-08 20:56,KNID,101862.6,26.1,2.2,94481.4,299.68,1.09832
2025-11-08 21:56,KNID,101828.7,27.2,2.2,94450.0,300.78,1.09394
2025-11-08 22:56,KNID,101828.7,27.2,1.7,94450.0,300.78,1.09394
2025-11-08 23:56,KNID,101828.7,26.7,1.1,94450.0,300.28,1.09576
2025-11-09 00:56,KNID,101828.7,22.8,1.7,94450.0,296.38,1.11018
2025-11-09 01:56,KNID,101930.3,18.9,1.7,94544.2,292.48,1.12610
2025-11-09 02:56,KNID,102031.9,16.1,2.2,94638.5,289.68,1.13812
2025-11-09 03:56,KNID,102099.6,15.6,1.7,94701.3,289.18,1.14085
2025-11-09 04:56,KNID,102167.4,14.4,1.7,94764.1,287.98,1.14636
2025-11-09 05:56,KNID,102201.2,14.4,1.7,94795.5,287.98,1.14674
2025-11-09 06:56,KNID,102201.2,12.2,1.7,94795.5,285.78,1.15557
2025-11-09 07:56,KNID,102201.2,12.2,1.1,94795.5,285.78,1.15557
2025-11-09 08:56,KNID,102268.9,12.2,1.1,94858.3,285.78,1.15633
2025-11-09 09:56,KNID,102302.8,10.6,0.6,94889.8,284.18,1.16323
2025-11-09 10:56,KNID,102302.8,10.0,0.6,94889.8,283.58,1.16569
2025-11-09 11:56,KNID,102336.7,8.9,0.6,94921.2,282.48,1.17062
2025-11-09 12:56,KNID,102404.4,7.8,1.1,94984.0,281.38,1.17597
2025-11-09 13:56,KNID,102438.3,8.9,1.1,95015.4,282.48,1.17178
2025-11-09 14:56,KNID,102506.0,10.0,1.7,95078.2,283.58,1.16801
2025-11-09 15:56,KNID,102573.7,11.1,1.7,95141.0,284.68,1.16426
2025-11-09 16:56,KNID,102607.6,16.7,2.8,95172.4,290.28,1.14218
2025-11-09 17:56,KNID,102607.6,21.7,2.8,95172.4,295.28,1.12284
2025-11-09 18:56,KNID,102539.9,25.0,0.0,95109.6,298.58,1.10969
2025-11-09 19:56,KNID,102506.0,26.7,-1.1,95078.2,300.28,1.10305
2025-11-09 20:56,KNID,102404.4,27.2,-2.2,94984.0,300.78,1.10012
2025-11-09 21:56,KNID,102370.5,28.9,-1.7,94952.6,302.48,1.09358
2025-11-09 22:56,KNID,102336.7,28.3,-1.7,94921.2,301.88,1.09539
2025-11-09 23:56,KNID,102336.7,27.8,-1.7,94921.2,301.38,1.09721
2025-11-10 00:56,KNID,102370.5,23.9,-1.1,94952.6,297.48,1.11196
2025-11-10 01:56,KNID,102438.3,20.6,-1.1,95015.4,294.18,1.12518
2025-11-10 02:56,KNID,102506.0,17.2,-0.6,95078.2,290.78,1.13908
2025-11-10 03:56,KNID,102573.7,15.6,-0.6,95141.0,289.18,1.14614
2025-11-10 04:56,KNID,102607.6,15.0,-1.1,95172.4,288.58,1.14891
2025-11-10 05:56,KNID,102607.6,14.4,-1.1,95172.4,287.98,1.15130
2025-11-10 06:56,KNID,102641.5,12.8,-1.7,95203.9,286.38,1.15811
2025-11-10 07:56,KNID,102641.5,11.1,-1.1,95203.9,284.68,1.16503
2025-11-10 08:56,KNID,102641.5,10.6,-1.1,95203.9,284.18,1.16708
2025-11-10 09:56,KNID,102641.5,10.6,-1.1,95203.9,284.18,1.16708
2025-11-10 10:56,KNID,102641.5,10.6,-1.1,95203.9,284.18,1.16708
2025-11-10 11:56,KNID,102641.5,7.8,-1.7,95203.9,281.38,1.17869
2025-11-10 12:56,KNID,102675.3,7.8,-1.7,95235.3,281.38,1.17908
2025-11-10 13:56,KNID,102675.3,7.8,-1.1,95235.3,281.38,1.17908
2025-11-10 14:56,KNID,102743.0,8.9,-1.1,95298.1,282.48,1.17527
2025-11-10 15:56,KNID,102776.9,12.2,-0.6,95329.5,285.78,1.16208
2025-11-10 16:56,KNID,102810.8,15.6,0.0,95360.9,289.18,1.14879
2025-11-10 17:56,KNID,102776.9,20.0,0.6,95329.5,293.58,1.13120
2025-11-10 18:56,KNID,102709.2,23.3,-0.6,95266.7,296.88,1.11789
2025-11-10 19:56,KNID,102573.7,26.7,-1.1,95141.0,300.28,1.10378
2025-11-10 20:56,KNID,102472.1,27.2,-1.7,95046.8,300.78,1.10085
2025-11-10 21:56,KNID,102370.5,28.3,-2.2,94952.6,301.88,1.09575
2025-11-10 22:56,KNID,102336.7,28.3,-2.2,94921.2,301.88,1.09539
2025-11-10 23:56,KNID,102302.8,27.2,-2.2,94889.8,300.78,1.09903
2025-11-11 00:56,KNID,102336.7,23.9,-0.6,94921.2,297.48,1.11159
2025-11-11 01:56,KNID,102336.7,19.4,-0.6,94921.2,292.98,1.12866
2025-11-11 02:56,KNID,102404.4,16.7,-0.6,94984.0,290.28,1.13992
2025-11-11 03:56,KNID,102438.3,15.6,-1.1,95015.4,289.18,1.14463
2025-11-11 04:56,KNID,102472.1,15.0,-1.7,95046.8,288.58,1.14739
2025-11-11 05:56,KNID,102438.3,14.4,-1.7,95015.4,287.98,1.14940
2025-11-11 06:56,KNID,102404.4,12.8,-1.7,94984.0,286.38,1.15544
2025-11-11 07:56,KNID,102370.5,10.6,-1.7,94952.6,284.18,1.16400
2025-11-11 08:56,KNID,102336.7,10.6,-1.7,94921.2,284.18,1.16361
2025-11-11 09:56,KNID,102370.5,10.0,-1.7,94952.6,283.58,1.16646
2025-11-11 10:56,KNID,102336.7,8.9,-1.7,94921.2,282.48,1.17062
2025-11-11 11:56,KNID,102302.8,8.9,-1.7,94889.8,282.48,1.17023
2025-11-11 12:56,KNID,102336.7,8.3,-1.7,94921.2,281.88,1.17311
2025-11-11 13:56,KNID,102302.8,6.7,-1.7,94889.8,280.28,1.17942
2025-11-11 14:56,KNID,102370.5,7.2,-1.7,94952.6,280.78,1.17809
2025-11-11 15:56,KNID,102404.4,11.1,-1.1,94984.0,284.68,1.16234
2025-11-11 16:56,KNID,102404.4,15.0,0.0,94984.0,288.58,1.14663
2025-11-11 17:56,KNID,102404.4,18.3,0.0,94984.0,291.88,1.13367
2025-11-11 18:56,KNID,102302.8,20.0,-1.7,94889.8,293.58,1.12598
2025-11-11 19:56,KNID,102167.4,22.2,-1.1,94764.1,295.78,1.11613
2025-11-11 20:56,KNID,102065.8,23.9,-1.1,94669.9,297.48,1.10865
2025-11-11 21:56,KNID,101998.0,24.4,-1.7,94607.1,297.98,1.10605
2025-11-11 22:56,KNID,101964.2,25.6,-2.2,94575.7,299.18,1.10125
2025-11-11 23:56,KNID,101930.3,23.9,0.0,94544.2,297.48,1.10718
2025-11-12 00:56,KNID,101930.3,20.0,1.7,94544.2,293.58,1.12188
2025-11-12 01:56,KNID,101930.3,18.3,1.7,94544.2,291.88,1.12842
2025-11-12 02:56,KNID,101930.3,17.8,1.7,94544.2,291.38,1.13035
2025-11-12 03:56,KNID,101930.3,16.7,2.2,94544.2,290.28,1.13464
2025-11-12 04:56,KNID,101964.2,15.6,1.1,94575.7,289.18,1.13933
2025-11-12 05:56,KNID,101964.2,13.9,1.1,94575.7,287.48,1.14607
2025-11-12 06:56,KNID,101930.3,13.3,0.6,94544.2,286.88,1.14809
2025-11-12 07:56,KNID,101930.3,12.2,0.6,94544.2,285.78,1.15250
2025-11-12 08:56,KNID,101930.3,12.8,0.6,94544.2,286.38,1.15009
2025-11-12 09:56,KNID,101930.3,11.7,1.1,94544.2,285.28,1.15452
2025-11-12 10:56,KNID,101896.4,11.7,1.1,94512.8,285.28,1.15414
2025-11-12 11:56,KNID,101896.4,11.1,1.1,94512.8,284.68,1.15657
2025-11-12 12:56,KNID,101896.4,10.6,1.7,94512.8,284.18,1.15861
2025-11-12 13:56,KNID,101896.4,10.6,1.7,94512.8,284.18,1.15861
2025-11-12 14:56,KNID,101964.2,11.7,1.1,94575.7,285.28,1.15491
2025-11-12 15:56,KNID,101998.0,13.3,2.2,94607.1,286.88,1.14885
2025-11-12 16:56,KNID,101998.0,15.0,1.7,94607.1,288.58,1.14208
2025-11-12 17:56,KNID,101964.2,17.8,1.1,94575.7,291.38,1.13073
2025-11-12 18:56,KNID,101964.2,20.0,1.7,94575.7,293.58,1.12226
2025-11-12 19:56,KNID,101862.6,21.1,1.1,94481.4,294.68,1.11695
2025-11-12 20:56,KNID,101828.7,21.7,0.6,94450.0,295.28,1.11431
2025-11-12 21:56,KNID,101761.0,23.3,1.1,94387.2,296.88,1.10757
2025-11-12 22:56,KNID,101761.0,24.4,1.1,94387.2,297.98,1.10348
2025-11-12 23:56,KNID,101727.1,23.9,2.2,94355.8,297.48,1.10497
2025-11-13 00:56,KNID,101727.1,23.3,2.2,94355.8,296.88,1.10720
2025-11-13 01:56,KNID,101794.9,21.7,2.2,94418.6,295.28,1.11394
2025-11-13 02:56,KNID,101862.6,21.7,2.2,94481.4,295.28,1.11468
2025-11-13 03:56,KNID,101862.6,19.4,2.8,94481.4,292.98,1.12343
2025-11-13 04:56,KNID,101930.3,19.4,2.2,94544.2,292.98,1.12418
2025-11-13 05:56,KNID,101964.2,18.9,1.1,94575.7,292.48,1.12648
2025-11-13 06:56,KNID,101964.2,17.8,1.7,94575.7,291.38,1.13073
2025-11-13 07:56,KNID,101930.3,18.9,1.1,94544.2,292.48,1.12610
2025-11-13 08:56,KNID,101896.4,16.7,1.1,94512.8,290.28,1.13426
2025-11-13 09:56,KNID,101896.4,15.0,2.2,94512.8,288.58,1.14094
2025-11-13 10:56,KNID,101862.6,12.8,1.7,94481.4,286.38,1.14933
2025-11-13 11:56,KNID,101862.6,12.2,1.7,94481.4,285.78,1.15174
2025-11-13 12:56,KNID,101862.6,10.6,1.7,94481.4,284.18,1.15822
2025-11-13 13:56,KNID,101896.4,10.0,1.7,94512.8,283.58,1.16106
2025-11-13 14:56,KNID,101930.3,10.6,2.2,94544.2,284.18,1.15899
2025-11-13 15:56,KNID,101998.0,15.0,3.3,94607.1,288.58,1.14208
2025-11-13 16:56,KNID,101998.0,18.3,3.3,94607.1,291.88,1.12917
2025-11-13 17:56,KNID,101930.3,21.7,3.3,94544.2,295.28,1.11543
2025-11-13 18:56,KNID,101862.6,22.2,2.8,94481.4,295.78,1.11280
2025-11-13 19:56,KNID,101727.1,23.3,3.3,94355.8,296.88,1.10720
2025-11-13 20:56,KNID,101659.4,25.0,5.0,94293.0,298.58,1.10017
2025-11-13 21:56,KNID,101591.7,25.0,6.7,94230.1,298.58,1.09943
2025-11-13 22:56,KNID,101591.7,23.9,6.7,94230.1,297.48,1.10350
2025-11-13 23:56,KNID,101591.7,22.8,6.7,94230.1,296.38,1.10759
2025-11-14 00:56,KNID,101591.7,21.7,5.6,94230.1,295.28,1.11172
2025-11-14 01:56,KNID,101625.5,21.7,5.6,94261.6,295.28,1.11209
2025-11-14 02:56,KNID,101591.7,21.1,5.0,94230.1,294.68,1.11398
2025-11-14 03:56,KNID,101693.3,19.4,6.7,94324.4,292.98,1.12157
2025-11-14 04:56,KNID,101693.3,20.6,5.0,94324.4,294.18,1.11699
2025-11-14 05:56,KNID,101727.1,18.9,5.6,94355.8,292.48,1.12386
2025-11-14 06:56,KNID,101727.1,18.9,3.9,94355.8,292.48,1.12386
2025-11-14 07:56,KNID,101693.3,17.8,3.3,94324.4,291.38,1.12773
2025-11-14 08:56,KNID,101659.4,18.3,3.3,94293.0,291.88,1.12542
2025-11-14 09:56,KNID,101625.5,18.3,3.9,94261.6,291.88,1.12504
2025-11-14 10:56,KNID,101591.7,17.8,4.4,94230.1,291.38,1.12660
2025-11-14 11:56,KNID,101591.7,17.2,5.0,94230.1,290.78,1.12892
2025-11-14 12:56,KNID,101591.7,16.1,6.7,94230.1,289.68,1.13321
2025-11-14 13:56,KNID,101625.5,16.1,6.7,94261.6,289.68,1.13359
2025-11-14 14:56,KNID,101693.3,15.0,8.9,94324.4,288.58,1.13867
2025-11-14 15:56,KNID,101761.0,14.4,10.6,94387.2,287.98,1.14180
2025-11-14 16:56,KNID,101828.7,14.4,12.2,94450.0,287.98,1.14256
2025-11-14 17:56,KNID,101828.7,14.4,12.2,94450.0,287.98,1.14256
2025-11-14 18:56,KNID,101828.7,14.4,11.1,94450.0,287.98,1.14256
2025-11-14 19:56,KNID,101794.9,14.4,11.1,94418.6,287.98,1.14218
2025-11-14 20:56,KNID,101727.1,14.4,11.7,94355.8,287.98,1.14142
2025-11-14 21:56,KNID,101727.1,15.0,11.1,94355.8,288.58,1.13905
2025-11-14 22:56,KNID,101693.3,15.6,11.1,94324.4,289.18,1.13631
2025-11-14 23:56,KNID,101693.3,15.6,11.1,94324.4,289.18,1.13631
2025-11-15 00:56,KNID,101693.3,15.0,11.7,94324.4,288.58,1.13867
2025-11-15 01:56,KNID,101727.1,14.4,12.2,94355.8,287.98,1.14142
2025-11-15 02:56,KNID,101761.0,14.4,12.2,94387.2,287.98,1.14180
2025-11-15 03:56,KNID,101794.9,14.4,12.8,94418.6,287.98,1.14218
2025-11-15 04:56,KNID,101828.7,14.4,13.3,94450.0,287.98,1.14256
2025-11-15 05:56,KNID,101828.7,13.9,13.3,94450.0,287.48,1.14455
2025-11-15 06:56,KNID,101794.9,13.9,13.3,94418.6,287.48,1.14417
2025-11-15 07:56,KNID,101761.0,13.9,13.3,94387.2,287.48,1.14379
2025-11-15 08:56,KNID,101693.3,13.9,13.3,94324.4,287.48,1.14302
2025-11-15 09:56,KNID,101693.3,13.9,13.3,94324.4,287.48,1.14302
2025-11-15 10:56,KNID,101625.5,13.9,13.3,94261.6,287.48,1.14226
2025-11-15 11:56,KNID,101557.8,13.9,12.8,94198.7,287.48,1.14150
2025-11-15 12:56,KNID,101490.1,13.9,12.8,94135.9,287.48,1.14074
2025-11-15 13:56,KNID,101523.9,14.4,12.8,94167.3,287.98,1.13914
2025-11-15 14:56,KNID,101490.1,14.4,12.8,94135.9,287.98,1.13876
2025-11-15 15:56,KNID,101523.9,15.0,13.3,94167.3,288.58,1.13677
2025-11-15 16:56,KNID,101490.1,15.0,13.3,94135.9,288.58,1.13639
2025-11-15 17:56,KNID,101456.2,15.0,13.9,94104.5,288.58,1.13601
2025-11-15 18:56,KNID,101388.5,14.4,12.8,94041.7,287.98,1.13762
2025-11-15 19:56,KNID,101253.0,14.4,13.3,93916.0,287.98,1.13610
2025-11-15 20:56,KNID,101151.4,15.0,13.9,93821.8,288.58,1.13260
2025-11-15 21:56,KNID,101016.0,15.0,13.9,93696.2,288.58,1.13108
2025-11-15 22:56,KNID,101049.8,13.3,11.7,93727.6,286.88,1.13817
2025-11-15 23:56,KNID,101049.8,12.8,11.7,93727.6,286.38,1.14016
2025-11-16 00:56,KNID,101049.8,12.2,11.1,93727.6,285.78,1.14255
2025-11-16 01:56,KNID,101117.6,12.8,11.1,93790.4,286.38,1.14092
2025-11-16 02:56,KNID,101117.6,12.2,11.1,93790.4,285.78,1.14332
2025-11-16 03:56,KNID,101151.4,12.2,11.7,93821.8,285.78,1.14370
2025-11-16 04:56,KNID,101185.3,12.2,10.6,93853.2,285.78,1.14408
2025-11-16 05:56,KNID,101219.2,11.1,9.4,93884.6,284.68,1.14889
2025-11-16 06:56,KNID,101253.0,11.7,9.4,93916.0,285.28,1.14685
2025-11-16 07:56,KNID,101253.0,11.7,9.4,93916.0,285.28,1.14685
2025-11-16 08:56,KNID,101286.9,11.7,10.0,93947.5,285.28,1.14724
2025-11-16 09:56,KNID,101286.9,11.1,8.9,93947.5,284.68,1.14965
2025-11-16 10:56,KNID,101253.0,10.6,8.3,93916.0,284.18,1.15129
2025-11-16 11:56,KNID,101286.9,10.6,7.8,93947.5,284.18,1.15168
2025-11-16 12:56,KNID,101320.8,10.0,7.2,93978.9,283.58,1.15450
2025-11-16 13:56,KNID,101354.6,10.0,6.7,94010.3,283.58,1.15489
2025-11-16 14:56,KNID,101354.6,10.6,6.7,94010.3,284.18,1.15245
2025-11-16 15:56,KNID,101388.5,11.1,6.7,94041.7,284.68,1.15081
2025-11-16 16:56,KNID,101456.2,11.1,7.2,94104.5,284.68,1.15158
2025-11-16 17:56,KNID,101523.9,11.7,7.2,94167.3,285.28,1.14992
2025-11-16 18:56,KNID,101490.1,12.2,7.8,94135.9,285.78,1.14753
2025-11-16 19:56,KNID,101388.5,13.3,7.8,94041.7,286.88,1.14198
2025-11-16 20:56,KNID,101320.8,13.3,7.8,93978.9,286.88,1.14122
2025-11-16 21:56,KNID,101253.0,13.9,8.3,93916.0,287.48,1.13808
2025-11-16 22:56,KNID,101253.0,14.4,6.7,93916.0,287.98,1.13610
2025-11-16 23:56,KNID,101253.0,13.9,7.2,93916.0,287.48,1.13808
2025-11-17 00:56,KNID,101253.0,12.8,7.8,93916.0,286.38,1.14245
2025-11-17 01:56,KNID,101286.9,12.2,7.8,93947.5,285.78,1.14523
2025-11-17 02:56,KNID,101286.9,12.2,7.2,93947.5,285.78,1.14523
2025-11-17 03:56,KNID,101286.9,12.2,7.2,93947.5,285.78,1.14523
2025-11-17 04:56,KNID,101354.6,12.2,6.7,94010.3,285.78,1.14600
2025-11-17 05:56,KNID,101354.6,12.2,6.7,94010.3,285.78,1.14600
2025-11-17 06:56,KNID,101354.6,11.7,6.1,94010.3,285.28,1.14800
2025-11-17 07:56,KNID,101320.8,10.6,6.1,93978.9,284.18,1.15206
2025-11-17 08:56,KNID,101320.8,11.7,4.4,93978.9,285.28,1.14762
2025-11-17 09:56,KNID,101320.8,11.7,5.6,93978.9,285.28,1.14762
2025-11-17 10:56,KNID,101320.8,11.1,7.2,93978.9,284.68,1.15004
2025-11-17 11:56,KNID,101286.9,11.7,6.1,93947.5,285.28,1.14724
2025-11-17 12:56,KNID,101320.8,8.3,5.6,93978.9,281.88,1.16146
2025-11-17 13:56,KNID,101354.6,8.3,6.1,94010.3,281.88,1.16185
2025-11-17 14:56,KNID,101388.5,9.4,7.2,94041.7,282.98,1.15772
2025-11-17 15:56,KNID,101422.4,10.6,7.2,94073.1,284.18,1.15322
2025-11-17 16:56,KNID,101456.2,12.8,7.2,94104.5,286.38,1.14474
2025-11-17 17:56,KNID,101456.2,13.9,7.2,94104.5,287.48,1.14036
2025-11-17 18:56,KNID,101388.5,14.4,7.2,94041.7,287.98,1.13762
2025-11-17 19:56,KNID,101286.9,14.4,7.2,93947.5,287.98,1.13648
2025-11-17 20:56,KNID,101185.3,14.4,7.2,93853.2,287.98,1.13534
2025-11-17 21:56,KNID,101151.4,12.8,9.4,93821.8,286.38,1.14130
2025-11-17 22:56,KNID,101117.6,12.2,9.4,93790.4,285.78,1.14332
2025-11-17 23:56,KNID,101083.7,12.8,9.4,93759.0,286.38,1.14054
2025-11-18 00:56,KNID,101049.8,12.2,10.0,93727.6,285.78,1.14255
2025-11-18 01:56,KNID,101049.8,11.7,10.0,93727.6,285.28,1.14455
2025-11-18 02:56,KNID,101049.8,11.7,10.6,93727.6,285.28,1.14455
2025-11-18 03:56,KNID,101117.6,10.0,8.3,93790.4,283.58,1.15219
2025-11-18 04:56,KNID,101151.4,10.0,7.8,93821.8,283.58,1.15257
2025-11-18 05:56,KNID,101219.2,9.4,6.7,93884.6,282.98,1.15579
2025-11-18 06:56,KNID,101253.0,9.4,6.1,93916.0,282.98,1.15617
2025-11-18 07:56,KNID,101286.9,9.4,6.7,93947.5,282.98,1.15656
2025-11-18 08:56,KNID,101286.9,8.9,6.1,93947.5,282.48,1.15861
2025-11-18 09:56,KNID,101286.9,8.3,6.1,93947.5,281.88,1.16107
2025-11-18 10:56,KNID,101286.9,7.2,5.6,93947.5,280.78,1.16562
2025-11-18 11:56,KNID,101286.9,6.1,4.4,93947.5,279.68,1.17021
2025-11-18 12:56,KNID,101286.9,6.1,4.4,93947.5,279.68,1.17021
2025-11-18 13:56,KNID,101320.8,6.7,4.4,93978.9,280.28,1.16809
2025-11-18 14:56,KNID,101354.6,5.6,3.9,94010.3,279.18,1.17309
2025-11-18 15:56,KNID,101388.5,6.7,4.4,94041.7,280.28,1.16887
2025-11-18 16:56,KNID,101422.4,7.8,5.6,94073.1,281.38,1.16469
2025-11-18 17:56,KNID,101490.1,10.0,6.1,94135.9,283.58,1.15643
2025-11-18 18:56,KNID,101422.4,12.2,5.0,94073.1,285.78,1.14676
2025-11-18 19:56,KNID,101422.4,12.2,6.1,94073.1,285.78,1.14676
2025-11-18 20:56,KNID,101388.5,12.2,6.1,94041.7,285.78,1.14638
2025-11-18 21:56,KNID,101388.5,12.2,5.6,94041.7,285.78,1.14638
2025-11-18 22:56,KNID,101422.4,11.7,5.6,94073.1,285.28,1.14877
2025-11-18 23:56,KNID,101422.4,11.7,6.1,94073.1,285.28,1.14877
2025-11-19 00:56,KNID,101456.2,10.0,6.1,94104.5,283.58,1.15604
2025-11-19 01:56,KNID,101557.8,8.9,6.7,94198.7,282.48,1.16171
2025-11-19 02:56,KNID,101557.8,8.3,6.1,94198.7,281.88,1.16418
2025-11-19 03:56,KNID,101625.5,8.3,6.1,94261.6,281.88,1.16496
2025-11-19 04:56,KNID,101659.4,8.3,5.6,94293.0,281.88,1.16534
2025-11-19 05:56,KNID,101659.4,7.2,5.0,94293.0,280.78,1.16991
2025-11-19 06:56,KNID,101659.4,7.2,6.1,94293.0,280.78,1.16991
2025-11-19 07:56,KNID,101693.3,7.8,6.7,94324.4,281.38,1.16780
2025-11-19 08:56,KNID,101693.3,7.2,5.6,94324.4,280.78,1.17030
2025-11-19 09:56,KNID,101727.1,6.7,5.6,94355.8,280.28,1.17278
2025-11-19 10:56,KNID,101693.3,7.2,5.6,94324.4,280.78,1.17030
2025-11-19 11:56,KNID,101693.3,7.2,6.1,94324.4,280.78,1.17030
2025-11-19 12:56,KNID,101761.0,6.7,5.6,94387.2,280.28,1.17317
2025-11-19 13:56,KNID,101761.0,6.1,5.0,94387.2,279.68,1.17569
2025-11-19 14:56,KNID,101828.7,6.1,5.6,94450.0,279.68,1.17647
2025-11-19 15:56,KNID,101862.6,7.8,6.7,94481.4,281.38,1.16975
2025-11-19 16:56,KNID,101896.4,9.4,6.7,94512.8,282.98,1.16352
2025-11-19 17:56,KNID,101930.3,10.6,6.7,94544.2,284.18,1.15899
2025-11-19 18:56,KNID,101862.6,12.8,6.1,94481.4,286.38,1.14933
2025-11-19 19:56,KNID,101794.9,13.3,6.1,94418.6,286.88,1.14656
2025-11-19 20:56,KNID,101693.3,14.4,5.6,94324.4,287.98,1.14104
2025-11-19 21:56,KNID,101659.4,14.4,5.0,94293.0,287.98,1.14066
2025-11-19 22:56,KNID,101659.4,14.4,5.0,94293.0,287.98,1.14066
2025-11-19 23:56,KNID,101659.4,13.9,5.6,94293.0,287.48,1.14264
2025-11-20 00:56,KNID,101693.3,12.2,7.2,94324.4,285.78,1.14982
2025-11-20 01:56,KNID,101727.1,12.2,7.2,94355.8,285.78,1.15021
2025-11-20 02:56,KNID,101727.1,11.7,7.2,94355.8,285.28,1.15222
2025-11-20 03:56,KNID,101761.0,10.6,8.3,94387.2,284.18,1.15707
2025-11-20 04:56,KNID,101761.0,10.0,7.8,94387.2,283.58,1.15952
2025-11-20 05:56,KNID,101761.0,8.9,7.2,94387.2,282.48,1.16403
2025-11-20 06:56,KNID,101761.0,8.3,6.7,94387.2,281.88,1.16651
2025-11-20 07:56,KNID,101727.1,6.7,5.6,94355.8,280.28,1.17278
2025-11-20 08:56,KNID,101727.1,6.1,5.0,94355.8,279.68,1.17529
2025-11-20 09:56,KNID,101727.1,6.7,5.0,94355.8,280.28,1.17278
2025-11-20 10:56,KNID,101659.4,6.7,5.6,94293.0,280.28,1.17200
2025-11-20 11:56,KNID,101625.5,6.1,5.0,94261.6,279.68,1.17412
2025-11-20 12:56,KNID,101625.5,6.7,5.0,94261.6,280.28,1.17161
2025-11-20 13:56,KNID,101591.7,5.0,4.4,94230.1,278.58,1.17836
2025-11-20 14:56,KNID,101659.4,5.6,4.4,94293.0,279.18,1.17662
2025-11-20 15:56,KNID,101659.4,7.8,5.6,94293.0,281.38,1.16742
2025-11-20 16:56,KNID,101693.3,9.4,6.7,94324.4,282.98,1.16120
2025-11-20 17:56,KNID,101659.4,10.6,6.1,94293.0,284.18,1.15591
2025-11-20 18:56,KNID,101591.7,11.7,5.6,94230.1,285.28,1.15069
2025-11-20 19:56,KNID,101490.1,12.8,5.0,94135.9,286.38,1.14512
2025-11-20 20:56,KNID,101456.2,12.8,5.6,94104.5,286.38,1.14474
2025-11-20 21:56,KNID,101388.5,12.8,5.0,94041.7,286.38,1.14398
2025-11-20 22:56,KNID,101456.2,9.4,7.2,94104.5,282.98,1.15849
2025-11-20 23:56,KNID,101490.1,9.4,6.7,94135.9,282.98,1.15888
2025-11-21 00:56,KNID,101456.2,9.4,7.2,94104.5,282.98,1.15849
2025-11-21 01:56,KNID,101490.1,8.9,7.2,94135.9,282.48,1.16093
2025-11-21 02:56,KNID,101523.9,8.9,7.8,94167.3,282.48,1.16132
2025-11-21 03:56,KNID,101523.9,8.9,7.2,94167.3,282.48,1.16132
2025-11-21 04:56,KNID,101523.9,8.9,7.8,94167.3,282.48,1.16132
2025-11-21 05:56,KNID,101557.8,8.3,7.2,94198.7,281.88,1.16418
2025-11-21 06:56,KNID,101557.8,8.3,7.2,94198.7,281.88,1.16418
2025-11-21 07:56,KNID,101523.9,7.8,6.7,94167.3,281.38,1.16586
2025-11-21 08:56,KNID,101523.9,7.8,7.2,94167.3,281.38,1.16586
2025-11-21 09:56,KNID,101557.8,7.8,7.2,94198.7,281.38,1.16625
2025-11-21 10:56,KNID,101591.7,7.8,6.1,94230.1,281.38,1.16664
2025-11-21 11:56,KNID,101625.5,7.2,5.6,94261.6,280.78,1.16952
2025-11-21 12:56,KNID,101693.3,7.2,6.1,94324.4,280.78,1.17030
2025-11-21 13:56,KNID,101761.0,7.2,6.1,94387.2,280.78,1.17108
2025-11-21 14:56,KNID,101828.7,7.2,6.1,94450.0,280.78,1.17186
2025-11-21 15:56,KNID,101896.4,8.3,6.7,94512.8,281.88,1.16806
2025-11-21 16:56,KNID,101964.2,9.4,6.1,94575.7,282.98,1.16430
2025-11-21 17:56,KNID,102031.9,9.4,5.6,94638.5,282.98,1.16507
2025-11-21 18:56,KNID,102065.8,9.4,7.2,94669.9,282.98,1.16546
2025-11-21 19:56,KNID,102031.9,10.0,7.2,94638.5,283.58,1.16260
2025-11-21 20:56,KNID,101998.0,10.0,7.8,94607.1,283.58,1.16222
2025-11-21 21:56,KNID,101964.2,10.6,6.7,94575.7,284.18,1.15938
2025-11-21 22:56,KNID,101998.0,10.6,6.1,94607.1,284.18,1.15976
2025-11-21 23:56,KNID,102031.9,10.0,7.2,94638.5,283.58,1.16260
2025-11-22 00:56,KNID,102031.9,10.0,7.2,94638.5,283.58,1.16260
2025-11-22 01:56,KNID,102065.8,8.3,6.7,94669.9,281.88,1.17000
2025-11-22 02:56,KNID,102031.9,7.8,6.1,94638.5,281.38,1.17169
2025-11-22 03:56,KNID,102099.6,7.8,6.1,94701.3,281.38,1.17247
2025-11-22 04:56,KNID,102099.6,8.3,6.7,94701.3,281.88,1.17039
2025-11-22 05:56,KNID,102065.8,8.3,6.1,94669.9,281.88,1.17000
2025-11-22 06:56,KNID,102065.8,7.8,6.1,94669.9,281.38,1.17208
2025-11-22 07:56,KNID,102031.9,7.8,6.7,94638.5,281.38,1.17169
2025-11-22 08:56,KNID,101998.0,8.9,6.7,94607.1,282.48,1.16674
2025-11-22 09:56,KNID,102031.9,8.3,6.7,94638.5,281.88,1.16961
2025-11-22 10:56,KNID,101964.2,10.0,6.7,94575.7,283.58,1.16183
2025-11-22 11:56,KNID,101930.3,11.1,6.1,94544.2,284.68,1.15696
2025-11-22 12:56,KNID,101930.3,9.4,6.7,94544.2,282.98,1.16391
2025-11-22 13:56,KNID,101930.3,11.1,5.6,94544.2,284.68,1.15696
2025-11-22 14:56,KNID,101930.3,11.7,5.0,94544.2,285.28,1.15452
2025-11-22 15:56,KNID,102031.9,11.7,6.1,94638.5,285.28,1.15568
2025-11-22 16:56,KNID,102099.6,12.2,5.6,94701.3,285.78,1.15442
2025-11-22 17:56,KNID,102065.8,13.3,5.6,94669.9,286.88,1.14961
2025-11-22 18:56,KNID,102031.9,15.0,6.1,94638.5,288.58,1.14246
2025-11-22 19:56,KNID,101896.4,16.7,4.4,94512.8,290.28,1.13426
2025-11-22 20:56,KNID,101794.9,16.7,5.0,94418.6,290.28,1.13313
2025-11-22 21:56,KNID,101761.0,16.7,5.6,94387.2,290.28,1.13275
2025-11-22 22:56,KNID,101761.0,17.2,5.0,94387.2,290.78,1.13081
2025-11-22 23:56,KNID,101794.9,16.7,4.4,94418.6,290.28,1.13313
2025-11-23 00:56,KNID,101794.9,15.0,4.4,94418.6,288.58,1.13981
2025-11-23 01:56,KNID,101828.7,13.9,4.4,94450.0,287.48,1.14455
2025-11-23 02:56,KNID,101828.7,12.8,4.4,94450.0,286.38,1.14894
2025-11-23 03:56,KNID,101828.7,12.2,3.3,94450.0,285.78,1.15136
2025-11-23 04:56,KNID,101828.7,11.1,3.3,94450.0,284.68,1.15580
2025-11-23 05:56,KNID,101794.9,10.6,3.3,94418.6,284.18,1.15745
2025-11-23 06:56,KNID,101828.7,10.0,3.3,94450.0,283.58,1.16029
2025-11-23 07:56,KNID,101862.6,8.9,3.3,94481.4,282.48,1.16519
2025-11-23 08:56,KNID,101862.6,8.3,3.3,94481.4,281.88,1.16767
2025-11-23 09:56,KNID,101862.6,7.2,3.3,94481.4,280.78,1.17225
2025-11-23 10:56,KNID,101828.7,6.7,3.3,94450.0,280.28,1.17395
2025-11-23 11:56,KNID,101828.7,6.7,2.8,94450.0,280.28,1.17395
2025-11-23 12:56,KNID,101862.6,5.0,2.8,94481.4,278.58,1.18151
2025-11-23 13:56,KNID,101896.4,6.1,2.2,94512.8,279.68,1.17725
2025-11-23 14:56,KNID,101964.2,7.8,2.2,94575.7,281.38,1.17092
2025-11-23 15:56,KNID,101998.0,10.6,3.3,94607.1,284.18,1.15976
2025-11-23 16:56,KNID,102065.8,11.1,5.0,94669.9,284.68,1.15850
2025-11-23 17:56,KNID,102099.6,15.6,4.4,94701.3,289.18,1.14085
2025-11-23 18:56,KNID,102065.8,16.1,2.8,94669.9,289.68,1.13850
2025-11-23 19:56,KNID,101998.0,17.2,3.9,94607.1,290.78,1.13344
2025-11-23 20:56,KNID,101964.2,18.3,3.3,94575.7,291.88,1.12879
2025-11-23 21:56,KNID,101964.2,19.4,2.8,94575.7,292.98,1.12456
2025-11-23 22:56,KNID,101964.2,20.0,1.7,94575.7,293.58,1.12226
2025-11-23 23:56,KNID,101998.0,18.9,3.9,94607.1,292.48,1.12685
2025-11-24 00:56,KNID,101998.0,16.1,6.1,94607.1,289.68,1.13774
2025-11-24 01:56,KNID,102065.8,13.3,8.3,94669.9,286.88,1.14961
2025-11-24 02:56,KNID,102133.5,10.0,6.7,94732.7,283.58,1.16376
2025-11-24 03:56,KNID,102133.5,8.9,6.7,94732.7,282.48,1.16829
2025-11-24 04:56,KNID,102167.4,9.4,5.6,94764.1,282.98,1.16662
2025-11-24 05:56,KNID,102201.2,7.8,5.6,94795.5,281.38,1.17364
2025-11-24 06:56,KNID,102201.2,7.8,5.0,94795.5,281.38,1.17364
2025-11-24 07:56,KNID,102268.9,6.7,4.4,94858.3,280.28,1.17902
2025-11-24 08:56,KNID,102235.1,6.1,3.9,94826.9,279.68,1.18116
2025-11-24 09:56,KNID,102235.1,6.1,3.3,94826.9,279.68,1.18116
2025-11-24 10:56,KNID,102235.1,5.6,3.3,94826.9,279.18,1.18328
2025-11-24 11:56,KNID,102235.1,5.0,2.8,94826.9,278.58,1.18583
2025-11-24 12:56,KNID,102235.1,4.4,2.8,94826.9,277.98,1.18839
2025-11-24 13:56,KNID,102302.8,4.4,2.2,94889.8,277.98,1.18917
2025-11-24 14:56,KNID,102370.5,3.3,2.2,94952.6,276.88,1.19469
2025-11-24 15:56,KNID,102438.3,7.2,3.9,95015.4,280.78,1.17887
2025-11-24 16:56,KNID,102472.1,10.0,5.6,95046.8,283.58,1.16762
2025-11-24 17:56,KNID,102438.3,12.8,6.1,95015.4,286.38,1.15582
2025-11-24 18:56,KNID,102438.3,15.6,5.6,95015.4,289.18,1.14463
2025-11-24 19:56,KNID,102370.5,16.1,5.6,94952.6,289.68,1.14190
2025-11-24 20:56,KNID,102302.8,17.8,6.7,94889.8,291.38,1.13449
2025-11-24 21:56,KNID,102235.1,18.3,5.6,94826.9,291.88,1.13179
2025-11-24 22:56,KNID,102235.1,18.9,4.4,94826.9,292.48,1.12947
2025-11-24 23:56,KNID,102201.2,18.9,6.7,94795.5,292.48,1.12910
2025-11-25 00:56,KNID,102235.1,14.4,7.2,94826.9,287.98,1.14712
2025-11-25 01:56,KNID,102268.9,11.7,7.8,94858.3,285.28,1.15836
2025-11-25 02:56,KNID,102302.8,10.0,6.7,94889.8,283.58,1.16569
2025-11-25 03:56,KNID,102370.5,10.0,6.7,94952.6,283.58,1.16646
2025-11-25 04:56,KNID,102370.5,8.9,6.1,94952.6,282.48,1.17100
2025-11-25 05:56,KNID,102370.5,8.3,5.6,94952.6,281.88,1.17350
2025-11-25 06:56,KNID,102370.5,7.2,5.0,94952.6,280.78,1.17809
2025-11-25 07:56,KNID,102336.7,7.2,4.4,94921.2,280.78,1.17770
2025-11-25 08:56,KNID,102302.8,6.1,3.9,94889.8,279.68,1.18195
2025-11-25 09:56,KNID,102404.4,5.0,3.9,94984.0,278.58,1.18779
2025-11-25 10:56,KNID,102370.5,5.0,3.9,94952.6,278.58,1.18740
2025-11-25 11:56,KNID,102370.5,5.6,3.9,94952.6,279.18,1.18485
2025-11-25 12:56,KNID,102404.4,4.4,3.3,94984.0,277.98,1.19035
2025-11-25 13:56,KNID,102404.4,3.3,2.2,94984.0,276.88,1.19508
2025-11-25 14:56,KNID,102506.0,3.3,1.7,95078.2,276.88,1.19627
2025-11-25 15:56,KNID,102539.9,7.2,5.0,95109.6,280.78,1.18004
2025-11-25 16:56,KNID,102573.7,9.4,6.1,95141.0,282.98,1.17126
2025-11-25 17:56,KNID,102539.9,12.2,6.1,95109.6,285.78,1.15940
2025-11-25 18:56,KNID,102506.0,15.0,6.1,95078.2,288.58,1.14777
2025-11-25 19:56,KNID,102404.4,17.2,6.7,94984.0,290.78,1.13796
2025-11-25 20:56,KNID,102336.7,18.3,6.7,94921.2,291.88,1.13292
2025-11-25 21:56,KNID,102302.8,18.9,6.1,94889.8,292.48,1.13022
2025-11-25 22:56,KNID,102336.7,18.9,6.7,94921.2,292.48,1.13059
2025-11-25 23:56,KNID,102336.7,18.9,5.6,94921.2,292.48,1.13059
2025-11-26 00:56,KNID,102370.5,15.6,6.7,94952.6,289.18,1.14387
2025-11-26 01:56,KNID,102404.4,11.1,7.2,94984.0,284.68,1.16234
2025-11-26 02:56,KNID,102438.3,10.0,6.7,95015.4,283.58,1.16723
2025-11-26 03:56,KNID,102472.1,9.4,6.1,95046.8,282.98,1.17010
2025-11-26 04:56,KNID,102539.9,8.3,5.6,95109.6,281.88,1.17544
2025-11-26 05:56,KNID,102539.9,7.8,5.0,95109.6,281.38,1.17753
2025-11-26 06:56,KNID,102573.7,8.3,4.4,95141.0,281.88,1.17583
2025-11-26 07:56,KNID,102573.7,6.7,3.9,95141.0,280.28,1.18254
2025-11-26 08:56,KNID,102573.7,5.6,3.9,95141.0,279.18,1.18720
2025-11-26 09:56,KNID,102573.7,5.0,3.3,95141.0,278.58,1.18975
2025-11-26 10:56,KNID,102573.7,4.4,2.8,95141.0,277.98,1.19232
2025-11-26 11:56,KNID,102607.6,4.4,2.8,95172.4,277.98,1.19272
2025-11-26 12:56,KNID,102641.5,4.4,2.8,95203.9,277.98,1.19311
2025-11-26 13:56,KNID,102641.5,2.8,1.7,95203.9,276.38,1.20002
2025-11-26 14:56,KNID,102709.2,2.8,1.7,95266.7,276.38,1.20081
2025-11-26 15:56,KNID,102743.0,6.1,3.9,95298.1,279.68,1.18703
2025-11-26 16:56,KNID,102743.0,11.1,5.0,95298.1,284.68,1.16618
2025-11-26 17:56,KNID,102743.0,12.2,6.1,95298.1,285.78,1.16169
2025-11-26 18:56,KNID,102675.3,14.4,6.7,95235.3,287.98,1.15206
2025-11-26 19:56,KNID,102607.6,16.7,6.7,95172.4,290.28,1.14218
2025-11-26 20:56,KNID,102506.0,17.8,6.7,95078.2,291.38,1.13674
2025-11-26 21:56,KNID,102438.3,18.9,6.7,95015.4,292.48,1.13172
2025-11-26 22:56,KNID,102438.3,19.4,4.4,95015.4,292.98,1.12978
2025-11-26 23:56,KNID,102438.3,18.9,5.0,95015.4,292.48,1.13172
2025-11-27 00:56,KNID,102438.3,15.0,6.1,95015.4,288.58,1.14701
2025-11-27 01:56,KNID,102472.1,11.7,7.8,95046.8,285.28,1.16066
2025-11-27 02:56,KNID,102506.0,9.4,6.7,95078.2,282.98,1.17048
2025-11-27 03:56,KNID,102539.9,9.4,5.6,95109.6,282.98,1.17087
2025-11-27 04:56,KNID,102573.7,8.9,5.0,95141.0,282.48,1.17333
2025-11-27 05:56,KNID,102607.6,7.8,4.4,95172.4,281.38,1.17830
2025-11-27 06:56,KNID,102607.6,6.7,3.9,95172.4,280.28,1.18293
2025-11-27 07:56,KNID,102573.7,6.1,3.9,95141.0,279.68,1.18508
2025-11-27 08:56,KNID,102539.9,5.6,3.3,95109.6,279.18,1.18681
2025-11-27 09:56,KNID,102539.9,4.4,2.8,95109.6,277.98,1.19193
2025-11-27 10:56,KNID,102506.0,5.0,2.8,95078.2,278.58,1.18897
2025-11-27 11:56,KNID,102506.0,3.9,2.2,95078.2,277.48,1.19368
2025-11-27 12:56,KNID,102506.0,2.8,1.7,95078.2,276.38,1.19843
2025-11-27 13:56,KNID,102539.9,2.8,1.7,95109.6,276.38,1.19883
2025-11-27 14:56,KNID,102539.9,3.3,1.7,95109.6,276.88,1.19666
2025-11-27 15:56,KNID,102539.9,5.6,2.8,95109.6,279.18,1.18681
2025-11-27 16:56,KNID,102539.9,8.3,4.4,95109.6,281.88,1.17544
2025-11-27 17:56,KNID,102539.9,11.1,5.6,95109.6,284.68,1.16388
2025-11-27 18:56,KNID,102472.1,13.9,6.7,95046.8,287.48,1.15178
2025-11-27 19:56,KNID,102336.7,17.2,6.7,94921.2,290.78,1.13720
2025-11-27 20:56,KNID,102268.9,18.3,6.1,94858.3,291.88,1.13217
2025-11-27 21:56,KNID,102167.4,18.3,5.6,94764.1,291.88,1.13104
2025-11-27 22:56,KNID,102133.5,18.3,7.2,94732.7,291.88,1.13067
2025-11-27 23:56,KNID,102133.5,17.2,7.2,94732.7,290.78,1.13494
2025-11-28 00:56,KNID,102133.5,13.3,7.8,94732.7,286.88,1.15037
2025-11-28 01:56,KNID,102167.4,11.7,7.8,94764.1,285.28,1.15721
2025-11-28 02:56,KNID,102167.4,10.6,7.8,94764.1,284.18,1.16169
2025-11-28 03:56,KNID,102167.4,9.4,6.7,94764.1,282.98,1.16662
2025-11-28 04:56,KNID,102167.4,8.9,5.6,94764.1,282.48,1.16868
2025-11-28 05:56,KNID,102167.4,7.8,5.0,94764.1,281.38,1.17325
2025-11-28 06:56,KNID,102133.5,7.2,4.4,94732.7,280.78,1.17537
2025-11-28 07:56,KNID,102133.5,6.1,3.9,94732.7,279.68,1.17999
2025-11-28 08:56,KNID,102099.6,6.1,3.3,94701.3,279.68,1.17960
2025-11-28 09:56,KNID,102065.8,5.0,2.8,94669.9,278.58,1.18386
2025-11-28 10:56,KNID,102031.9,4.4,2.2,94638.5,277.98,1.18602
2025-11-28 11:56,KNID,101998.0,5.0,2.2,94607.1,278.58,1.18308
2025-11-28 12:56,KNID,101964.2,2.8,1.1,94575.7,276.38,1.19210
2025-11-28 13:56,KNID,101998.0,3.3,1.1,94607.1,276.88,1.19034
2025-11-28 14:56,KNID,101964.2,2.2,0.6,94575.7,275.78,1.19469
2025-11-28 15:56,KNID,101964.2,5.6,2.8,94575.7,279.18,1.18014
2025-11-28 16:56,KNID,101998.0,8.9,5.0,94607.1,282.48,1.16674
2025-11-28 17:56,KNID,101964.2,10.0,5.6,94575.7,283.58,1.16183
2025-11-28 18:56,KNID,101828.7,13.3,5.6,94450.0,286.88,1.14694
2025-11-28 19:56,KNID,101794.9,15.6,6.1,94418.6,289.18,1.13744
2025-11-28 20:56,KNID,101659.4,16.7,5.6,94293.0,290.28,1.13162
2025-11-28 21:56,KNID,101625.5,18.3,5.6,94261.6,291.88,1.12504
2025-11-28 22:56,KNID,101591.7,18.9,5.6,94230.1,292.48,1.12236
2025-11-28 23:56,KNID,101557.8,17.8,6.1,94198.7,291.38,1.12622
2025-11-29 00:56,KNID,101591.7,14.4,6.7,94230.1,287.98,1.13990
2025-11-29 01:56,KNID,101625.5,11.7,7.2,94261.6,285.28,1.15107
2025-11-29 02:56,KNID,101659.4,10.0,6.1,94293.0,283.58,1.15836
2025-11-29 03:56,KNID,101727.1,8.9,5.0,94355.8,282.48,1.16364
2025-11-29 04:56,KNID,101761.0,7.8,5.0,94387.2,281.38,1.16858
2025-11-29 05:56,KNID,101828.7,7.2,5.0,94450.0,280.78,1.17186
2025-11-29 06:56,KNID,101828.7,6.7,4.4,94450.0,280.28,1.17395
2025-11-29 07:56,KNID,101896.4,6.1,3.9,94512.8,279.68,1.17725
2025-11-29 08:56,KNID,101896.4,6.1,3.9,94512.8,279.68,1.17725
2025-11-29 09:56,KNID,101896.4,5.0,3.3,94512.8,278.58,1.18190
2025-11-29 10:56,KNID,101930.3,4.4,2.2,94544.2,277.98,1.18484
2025-11-29 11:56,KNID,101896.4,3.9,2.2,94512.8,277.48,1.18658
2025-11-29 12:56,KNID,101930.3,5.0,2.8,94544.2,278.58,1.18229
2025-11-29 13:56,KNID,101998.0,2.2,1.1,94607.1,275.78,1.19509
2025-11-29 14:56,KNID,102065.8,3.3,1.7,94669.9,276.88,1.19113
2025-11-29 15:56,KNID,102099.6,7.2,3.3,94701.3,280.78,1.17498
2025-11-29 16:56,KNID,102133.5,8.3,4.4,94732.7,281.88,1.17078
2025-11-29 17:56,KNID,102167.4,11.7,5.6,94764.1,285.28,1.15721
2025-11-29 18:56,KNID,102099.6,14.4,6.1,94701.3,287.98,1.14560
2025-11-29 19:56,KNID,101998.0,16.1,7.2,94607.1,289.68,1.13774
2025-11-29 20:56,KNID,101896.4,17.2,5.6,94512.8,290.78,1.13231
2025-11-29 21:56,KNID,101862.6,17.8,3.9,94481.4,291.38,1.12960
2025-11-29 22:56,KNID,101828.7,18.9,3.3,94450.0,292.48,1.12498
2025-11-29 23:56,KNID,101794.9,17.8,2.2,94418.6,291.38,1.12885
2025-11-30 00:56,KNID,101828.7,13.9,5.0,94450.0,287.48,1.14455
2025-11-30 01:56,KNID,101828.7,11.1,5.6,94450.0,284.68,1.15580
2025-11-30 02:56,KNID,101862.6,8.9,5.0,94481.4,282.48,1.16519
2025-11-30 03:56,KNID,101862.6,8.9,5.0,94481.4,282.48,1.16519
2025-11-30 04:56,KNID,101862.6,7.2,3.9,94481.4,280.78,1.17225
2025-11-30 05:56,KNID,101862.6,6.7,3.3,94481.4,280.28,1.17434
2025-11-30 06:56,KNID,101862.6,5.6,3.3,94481.4,279.18,1.17897
2025-11-30 07:56,KNID,101794.9,5.0,2.8,94418.6,278.58,1.18072
2025-11-30 08:56,KNID,101761.0,5.0,2.8,94387.2,278.58,1.18033
2025-11-30 09:56,KNID,101727.1,3.3,1.7,94355.8,276.88,1.18718
2025-11-30 10:56,KNID,101761.0,2.8,1.1,94387.2,276.38,1.18972
2025-11-30 11:56,KNID,101693.3,3.3,1.7,94324.4,276.88,1.18678
2025-11-30 12:56,KNID,101659.4,3.3,1.7,94293.0,276.88,1.18639
2025-11-30 13:56,KNID,101659.4,1.7,0.6,94293.0,275.28,1.19328
2025-11-30 14:56,KNID,101591.7,2.2,1.1,94230.1,275.78,1.19033
2025-11-30 15:56,KNID,101591.7,3.9,2.2,94230.1,277.48,1.18304
2025-11-30 16:56,KNID,101591.7,6.1,3.3,94230.1,279.68,1.17373
2025-11-30 17:56,KNID,101591.7,7.2,4.4,94230.1,280.78,1.16913
2025-11-30 18:56,KNID,101591.7,10.0,5.0,94230.1,283.58,1.15759
2025-11-30 19:56,KNID,101456.2,11.1,4.4,94104.5,284.68,1.15158
2025-11-30 20:56,KNID,101422.4,11.7,3.9,94073.1,285.28,1.14877
2025-11-30 21:56,KNID,101456.2,11.7,5.6,94104.5,285.28,1.14915
2025-11-30 22:56,KNID,101523.9,11.7,5.6,94167.3,285.28,1.14992
2025-11-30 23:56,KNID,101490.1,10.6,6.1,94135.9,284.18,1.15399
2025-12-01 00:56,KNID,101591.7,9.4,5.6,94230.1,282.98,1.16004
2025-12-01 01:56,KNID,101693.3,7.8,5.0,94324.4,281.38,1.16780
2025-12-01 02:56,KNID,101761.0,6.7,4.4,94387.2,280.28,1.17317
2025-12-01 03:56,KNID,101794.9,6.1,3.9,94418.6,279.68,1.17608
2025-12-01 04:56,KNID,101896.4,5.6,2.2,94512.8,279.18,1.17936
2025-12-01 05:56,KNID,101998.0,3.9,2.2,94607.1,277.48,1.18777
2025-12-01 06:56,KNID,102065.8,3.9,1.7,94669.9,277.48,1.18856
2025-12-01 07:56,KNID,102099.6,3.3,1.1,94701.3,276.88,1.19153
2025-12-01 08:56,KNID,102133.5,2.2,0.6,94732.7,275.78,1.19668
2025-12-01 09:56,KNID,102133.5,1.7,0.6,94732.7,275.28,1.19885
2025-12-01 10:56,KNID,102133.5,1.1,0.0,94732.7,274.68,1.20147
2025-12-01 11:56,KNID,102167.4,1.1,0.0,94764.1,274.68,1.20187
2025-12-01 12:56,KNID,102201.2,0.0,-1.1,94795.5,273.58,1.20710
2025-12-01 13:56,KNID,102201.2,1.1,-0.6,94795.5,274.68,1.20227
2025-12-01 14:56,KNID,102268.9,1.7,0.0,94858.3,275.28,1.20044
2025-12-01 15:56,KNID,102370.5,2.8,0.0,94952.6,276.38,1.19685
2025-12-01 16:56,KNID,102404.4,5.6,1.7,94984.0,279.18,1.18524
2025-12-01 17:56,KNID,102438.3,10.6,2.8,95015.4,284.18,1.16477
2025-12-01 18:56,KNID,102404.4,13.3,0.6,94984.0,286.88,1.15343
2025-12-01 19:56,KNID,102336.7,13.9,-0.6,94921.2,287.48,1.15026
2025-12-01 20:56,KNID,102201.2,15.0,-2.2,94795.5,288.58,1.14436
2025-12-01 21:56,KNID,102167.4,15.6,-3.9,94764.1,289.18,1.14160
2025-12-01 22:56,KNID,102133.5,15.6,-3.9,94732.7,289.18,1.14122
2025-12-01 23:56,KNID,102133.5,15.0,-3.9,94732.7,288.58,1.14360
2025-12-02 00:56,KNID,102133.5,11.7,-1.7,94732.7,285.28,1.15683
2025-12-02 01:56,KNID,102201.2,8.9,0.0,94795.5,282.48,1.16907
2025-12-02 02:56,KNID,102167.4,6.7,0.6,94764.1,280.28,1.17785
2025-12-02 03:56,KNID,102201.2,5.6,-0.6,94795.5,279.18,1.18289
2025-12-02 04:56,KNID,102235.1,5.0,-1.1,94826.9,278.58,1.18583
2025-12-02 05:56,KNID,102268.9,3.9,-1.1,94858.3,277.48,1.19092
2025-12-02 06:56,KNID,102235.1,2.2,-1.1,94826.9,275.78,1.19787
2025-12-02 07:56,KNID,102235.1,1.7,-1.7,94826.9,275.28,1.20004
2025-12-02 08:56,KNID,102201.2,1.7,-1.7,94795.5,275.28,1.19964
2025-12-02 09:56,KNID,102201.2,1.1,-1.7,94795.5,274.68,1.20227
2025-12-02 10:56,KNID,102133.5,1.1,-2.2,94732.7,274.68,1.20147
2025-12-02 11:56,KNID,102133.5,-0.6,-2.2,94732.7,272.98,1.20895
2025-12-02 12:56,KNID,102099.6,0.0,-2.2,94701.3,273.58,1.20590
2025-12-02 13:56,KNID,102099.6,0.6,-2.2,94701.3,274.18,1.20326
2025-12-02 14:56,KNID,102133.5,-1.1,-2.8,94732.7,272.48,1.21117
2025-12-02 15:56,KNID,102167.4,1.7,-1.7,94764.1,275.28,1.19925
2025-12-02 16:56,KNID,102201.2,5.0,-0.6,94795.5,278.58,1.18543
2025-12-02 17:56,KNID,102065.8,10.6,-1.1,94669.9,284.18,1.16053
2025-12-02 18:56,KNID,101862.6,12.8,-1.1,94481.4,286.38,1.14933
2025-12-02 19:56,KNID,101862.6,8.9,-2.2,94481.4,282.48,1.16519
2025-12-02 20:56,KNID,101727.1,12.2,-1.7,94355.8,285.78,1.15021
2025-12-02 21:56,KNID,101557.8,13.3,-1.7,94198.7,286.88,1.14389
2025-12-02 22:56,KNID,101490.1,15.0,-2.2,94135.9,288.58,1.13639
2025-12-02 23:56,KNID,101388.5,12.8,-2.2,94041.7,286.38,1.14398
2025-12-03 00:56,KNID,101320.8,10.0,-1.7,93978.9,283.58,1.15450
2025-12-03 01:56,KNID,101286.9,6.1,-1.1,93947.5,279.68,1.17021
2025-12-03 02:56,KNID,101253.0,3.3,-2.2,93916.0,276.88,1.18165
2025-12-03 03:56,KNID,101151.4,2.2,-1.7,93821.8,275.78,1.18517
2025-12-03 04:56,KNID,101219.2,4.4,1.1,93884.6,277.98,1.17658
2025-12-03 05:56,KNID,101388.5,3.3,-0.6,94041.7,276.88,1.18323
2025-12-03 06:56,KNID,101422.4,,,94073.1,,
2025-12-03 07:56,KNID,101388.5,,,94041.7,,
2025-12-03 08:56,KNID,101490.1,,,94135.9,,
2025-12-03 09:56,KNID,101490.1,,,94135.9,,
2025-12-03 10:56,KNID,101523.9,,,94167.3,,
2025-12-03 11:56,KNID,101557.8,,,94198.7,,
2025-12-03 12:56,KNID,101693.3,0.6,-1.7,94324.4,274.18,1.19847
2025-12-03 13:56,KNID,101794.9,1.1,0.0,94418.6,274.68,1.19748
2025-12-03 14:56,KNID,101862.6,5.0,-3.0,94481.4,278.58,1.18151
2025-12-03 15:56,KNID,101930.3,10.0,-1.7,94544.2,283.58,1.16145
2025-12-03 16:56,KNID,101964.2,11.7,-3.3,94575.7,285.28,1.15491
2025-12-03 17:56,KNID,102031.9,13.9,-3.9,94638.5,287.48,1.14683
2025-12-03 18:56,KNID,102031.9,13.9,-6.1,94638.5,287.48,1.14683
2025-12-03 19:56,KNID,101964.2,13.9,-7.5,94575.7,287.48,1.14607
2025-12-03 20:56,KNID,101862.6,14.4,-7.8,94481.4,287.98,1.14294
2025-12-03 21:56,KNID,101862.6,15.6,-7.2,94481.4,289.18,1.13820
2025-12-03 22:56,KNID,101862.6,16.1,-7.8,94481.4,289.68,1.13623
2025-12-03 23:56,KNID,101862.6,14.4,-5.6,94481.4,287.98,1.14294
2025-12-04 00:56,KNID,101930.3,9.4,-3.3,94544.2,282.98,1.16391
2025-12-04 01:56,KNID,102031.9,8.9,-3.9,94638.5,282.48,1.16713
2025-12-04 02:56,KNID,102099.6,6.7,-3.3,94701.3,280.28,1.17707
2025-12-04 03:56,KNID,102201.2,5.6,-3.3,94795.5,279.18,1.18289
2025-12-04 04:56,KNID,102235.1,4.4,-3.3,94826.9,277.98,1.18839
2025-12-04 05:56,KNID,102302.8,3.9,-3.3,94889.8,277.48,1.19132
2025-12-04 06:56,KNID,102370.5,3.3,-2.8,94952.6,276.88,1.19469
2025-12-04 07:56,KNID,102336.7,3.9,-2.2,94921.2,277.48,1.19171
2025-12-04 08:56,KNID,102404.4,3.3,-2.8,94984.0,276.88,1.19508
2025-12-04 09:56,KNID,102438.3,1.1,-3.3,95015.4,274.68,1.20505
2025-12-04 10:56,KNID,102438.3,0.0,-3.3,95015.4,273.58,1.20990
2025-12-04 11:56,KNID,102438.3,0.0,-3.3,95015.4,273.58,1.20990
2025-12-04 12:56,KNID,102472.1,0.0,-3.9,95046.8,273.58,1.21030
2025-12-04 13:56,KNID,102506.0,0.0,-3.9,95078.2,273.58,1.21070
2025-12-04 14:56,KNID,102539.9,0.0,-3.9,95109.6,273.58,1.21110
2025-12-04 15:56,KNID,102607.6,1.1,-3.3,95172.4,274.68,1.20705
2025-12-04 16:56,KNID,102675.3,5.0,-3.3,95235.3,278.58,1.19093
2025-12-04 17:56,KNID,102709.2,7.2,-1.7,95266.7,280.78,1.18199
2025-12-04 18:56,KNID,102641.5,10.0,-3.9,95203.9,283.58,1.16955
2025-12-04 19:56,KNID,102506.0,11.7,-4.4,95078.2,285.28,1.16105
2025-12-04 20:56,KNID,102404.4,13.3,-4.4,94984.0,286.88,1.15343
2025-12-04 21:56,KNID,102336.7,13.9,-5.6,94921.2,287.48,1.15026
2025-12-04 22:56,KNID,102302.8,13.9,-5.0,94889.8,287.48,1.14988
2025-12-04 23:56,KNID,102302.8,13.3,-3.9,94889.8,286.88,1.15228
2025-12-05 00:56,KNID,102302.8,11.1,-3.9,94889.8,284.68,1.16119
2025-12-05 01:56,KNID,102336.7,8.9,-3.3,94921.2,282.48,1.17062
2025-12-05 02:56,KNID,102336.7,5.0,-1.1,94921.2,278.58,1.18701
2025-12-05 03:56,KNID,102370.5,3.9,-0.6,94952.6,277.48,1.19211
2025-12-05 04:56,KNID,102404.4,3.9,-1.7,94984.0,277.48,1.19250
2025-12-05 05:56,KNID,102404.4,3.3,-2.2,94984.0,276.88,1.19508
2025-12-05 06:56,KNID,102404.4,3.3,-2.2,94984.0,276.88,1.19508
2025-12-05 07:56,KNID,102438.3,1.1,-1.7,95015.4,274.68,1.20505
2025-12-05 08:56,KNID,102370.5,0.6,-2.2,94952.6,274.18,1.20645
2025-12-05 09:56,KNID,102268.9,0.6,-2.8,94858.3,274.18,1.20526
2025-12-05 10:56,KNID,102268.9,-1.1,-2.8,94858.3,272.48,1.21278
2025-12-05 11:56,KNID,102235.1,-0.6,-2.8,94826.9,272.98,1.21015
2025-12-05 12:56,KNID,102235.1,-0.6,-2.8,94826.9,272.98,1.21015
2025-12-05 13:56,KNID,102235.1,-1.7,-3.3,94826.9,271.88,1.21505
2025-12-05 14:56,KNID,102302.8,-1.7,-3.3,94889.8,271.88,1.21585
2025-12-05 15:56,KNID,102268.9,2.8,-2.2,94858.3,276.38,1.19566
2025-12-05 16:56,KNID,102268.9,5.6,-1.7,94858.3,279.18,1.18367
2025-12-05 17:56,KNID,102370.5,7.8,-0.6,94952.6,281.38,1.17558
2025-12-05 18:56,KNID,102235.1,8.9,-1.7,94826.9,282.48,1.16945
2025-12-05 19:56,KNID,102133.5,12.2,-1.7,94732.7,285.78,1.15480
2025-12-05 20:56,KNID,102065.8,13.3,-1.7,94669.9,286.88,1.14961
2025-12-05 21:56,KNID,101964.2,13.9,-1.7,94575.7,287.48,1.14607
2025-12-05 22:56,KNID,101896.4,15.0,-1.1,94512.8,288.58,1.14094
2025-12-05 23:56,KNID,101896.4,14.4,-1.1,94512.8,287.98,1.14332
2025-12-06 00:56,KNID,101896.4,11.7,-0.6,94512.8,285.28,1.15414
2025-12-06 01:56,KNID,101930.3,8.3,1.1,94544.2,281.88,1.16845
2025-12-06 02:56,KNID,101964.2,6.7,1.7,94575.7,280.28,1.17551
2025-12-06 03:56,KNID,101930.3,6.1,1.1,94544.2,279.68,1.17764
2025-12-06 04:56,KNID,101998.0,5.6,1.1,94607.1,279.18,1.18053
2025-12-06 05:56,KNID,101998.0,3.9,1.1,94607.1,277.48,1.18777
2025-12-06 06:56,KNID,101998.0,3.9,0.6,94607.1,277.48,1.18777
2025-12-06 07:56,KNID,101998.0,2.8,0.0,94607.1,276.38,1.19249
2025-12-06 08:56,KNID,101930.3,2.2,0.0,94544.2,275.78,1.19430
2025-12-06 09:56,KNID,101930.3,2.8,-0.6,94544.2,276.38,1.19170
2025-12-06 10:56,KNID,101896.4,0.6,-1.1,94512.8,274.18,1.20087
2025-12-06 11:56,KNID,101896.4,0.6,-1.1,94512.8,274.18,1.20087
2025-12-06 12:56,KNID,101862.6,1.7,-1.1,94481.4,275.28,1.19567
2025-12-06 13:56,KNID,101896.4,0.0,-1.7,94512.8,273.58,1.20350
2025-12-06 14:56,KNID,101998.0,-1.1,-2.2,94607.1,272.48,1.20956
2025-12-06 15:56,KNID,101964.2,2.8,-0.6,94575.7,276.38,1.19210
2025-12-06 16:56,KNID,101964.2,6.1,0.6,94575.7,279.68,1.17803
2025-12-06 17:56,KNID,102031.9,8.3,1.1,94638.5,281.88,1.16961
2025-12-06 18:56,KNID,101998.0,11.1,1.1,94607.1,284.68,1.15773
2025-12-06 19:56,KNID,101896.4,13.3,1.1,94512.8,286.88,1.14770
2025-12-06 20:56,KNID,101828.7,15.0,1.7,94450.0,288.58,1.14018
2025-12-06 21:56,KNID,101794.9,16.1,1.7,94418.6,289.68,1.13548
2025-12-06 22:56,KNID,101761.0,17.2,0.6,94387.2,290.78,1.13081
2025-12-06 23:56,KNID,101794.9,16.7,2.2,94418.6,290.28,1.13313
2025-12-07 00:56,KNID,101828.7,12.2,4.4,94450.0,285.78,1.15136
2025-12-07 01:56,KNID,101930.3,10.0,3.9,94544.2,283.58,1.16145
2025-12-07 02:56,KNID,101964.2,7.8,3.9,94575.7,281.38,1.17092
2025-12-07 03:56,KNID,102031.9,7.2,3.3,94638.5,280.78,1.17420
2025-12-07 04:56,KNID,102065.8,7.2,2.8,94669.9,280.78,1.17459
2025-12-07 05:56,KNID,102099.6,7.2,2.2,94701.3,280.78,1.17498
2025-12-07 06:56,KNID,102133.5,5.6,2.2,94732.7,279.18,1.18210
2025-12-07 07:56,KNID,102167.4,3.9,1.7,94764.1,277.48,1.18974
2025-12-07 08:56,KNID,102167.4,3.9,2.2,94764.1,277.48,1.18974
2025-12-07 09:56,KNID,102201.2,3.3,1.7,94795.5,276.88,1.19271
2025-12-07 10:56,KNID,102268.9,2.2,1.1,94858.3,275.78,1.19826
2025-12-07 11:56,KNID,102235.1,2.8,1.1,94826.9,276.38,1.19527
2025-12-07 12:56,KNID,102268.9,2.8,1.1,94858.3,276.38,1.19566
2025-12-07 13:56,KNID,102302.8,0.6,0.0,94889.8,274.18,1.20565
2025-12-07 14:56,KNID,102404.4,0.6,-0.6,94984.0,274.18,1.20685
2025-12-07 15:56,KNID,102438.3,4.4,1.7,95015.4,277.98,1.19075
2025-12-07 16:56,KNID,102506.0,8.3,2.8,95078.2,281.88,1.17505
2025-12-07 17:56,KNID,102573.7,10.6,3.3,95141.0,284.18,1.16631
2025-12-07 18:56,KNID,102506.0,12.8,3.9,95078.2,286.38,1.15659
2025-12-07 19:56,KNID,102438.3,14.4,3.3,95015.4,287.98,1.14940
2025-12-07 20:56,KNID,102370.5,16.7,3.3,94952.6,290.28,1.13954
2025-12-07 21:56,KNID,102302.8,17.2,2.8,94889.8,290.78,1.13683
2025-12-07 22:56,KNID,102302.8,17.8,2.8,94889.8,291.38,1.13449
2025-12-07 23:56,KNID,102302.8,17.8,3.3,94889.8,291.38,1.13449
2025-12-08 00:56,KNID,102302.8,15.0,3.3,94889.8,288.58,1.14549
2025-12-08 01:56,KNID,102370.5,10.6,5.0,94952.6,284.18,1.16400
2025-12-08 02:56,KNID,102404.4,8.3,5.6,94984.0,281.88,1.17389
2025-12-08 03:56,KNID,102438.3,8.3,4.4,95015.4,281.88,1.17427
2025-12-08 04:56,KNID,102472.1,7.2,3.9,95046.8,280.78,1.17926
2025-12-08 05:56,KNID,102506.0,6.7,3.9,95078.2,280.28,1.18176
2025-12-08 06:56,KNID,102506.0,5.0,2.8,95078.2,278.58,1.18897
2025-12-08 07:56,KNID,102539.9,4.4,2.8,95109.6,277.98,1.19193
2025-12-08 08:56,KNID,102539.9,4.4,2.2,95109.6,277.98,1.19193
2025-12-08 09:56,KNID,102539.9,5.0,2.2,95109.6,278.58,1.18936
2025-12-08 10:56,KNID,102539.9,2.2,1.1,95109.6,275.78,1.20144
2025-12-08 11:56,KNID,102539.9,2.2,1.1,95109.6,275.78,1.20144
2025-12-08 12:56,KNID,102573.7,2.8,1.1,95141.0,276.38,1.19923
2025-12-08 13:56,KNID,102573.7,1.1,0.0,95141.0,274.68,1.20665
2025-12-08 14:56,KNID,102641.5,1.7,0.6,95203.9,275.28,1.20481
2025-12-08 15:56,KNID,102675.3,3.9,1.7,95235.3,277.48,1.19565
2025-12-08 16:56,KNID,102743.0,7.2,3.3,95298.1,280.78,1.18238
2025-12-08 17:56,KNID,102743.0,10.0,3.9,95298.1,283.58,1.17071
2025-12-08 18:56,KNID,102709.2,13.3,4.4,95266.7,286.88,1.15686
2025-12-08 19:56,KNID,102573.7,15.6,5.0,95141.0,289.18,1.14614
2025-12-08 20:56,KNID,102472.1,17.2,4.4,95046.8,290.78,1.13871
2025-12-08 21:56,KNID,102438.3,17.8,5.0,95015.4,291.38,1.13599
2025-12-08 22:56,KNID,102404.4,18.3,3.9,94984.0,291.88,1.13367
2025-12-08 23:56,KNID,102438.3,17.8,3.9,95015.4,291.38,1.13599
2025-12-09 00:56,KNID,102438.3,13.9,5.0,95015.4,287.48,1.15140
2025-12-09 01:56,KNID,102472.1,10.6,5.6,95046.8,284.18,1.16515
2025-12-09 02:56,KNID,102506.0,8.9,5.6,95078.2,282.48,1.17255
2025-12-09 03:56,KNID,102506.0,8.3,4.4,95078.2,281.88,1.17505
2025-12-09 04:56,KNID,102539.9,7.2,3.3,95109.6,280.78,1.18004
2025-12-09 05:56,KNID,102539.9,6.7,2.8,95109.6,280.28,1.18215
2025-12-09 06:56,KNID,102539.9,6.1,2.2,95109.6,279.68,1.18468
2025-12-09 07:56,KNID,102506.0,3.3,1.7,95078.2,276.88,1.19627
2025-12-09 08:56,KNID,102472.1,3.3,1.7,95046.8,276.88,1.19587
2025-12-09 09:56,KNID,102438.3,3.9,1.7,95015.4,277.48,1.19289
2025-12-09 10:56,KNID,102438.3,1.7,0.6,95015.4,275.28,1.20243
2025-12-09 11:56,KNID,102370.5,2.2,0.6,94952.6,275.78,1.19945
2025-12-09 12:56,KNID,102370.5,2.2,0.6,94952.6,275.78,1.19945
2025-12-09 13:56,KNID,102404.4,1.1,0.0,94984.0,274.68,1.20466
2025-12-09 14:56,KNID,102472.1,1.1,-0.6,95046.8,274.68,1.20545
2025-12-09 15:56,KNID,102506.0,3.9,1.7,95078.2,277.48,1.19368
2025-12-09 16:56,KNID,102506.0,7.2,2.8,95078.2,280.78,1.17965
2025-12-09 17:56,KNID,102539.9,10.0,3.9,95109.6,283.58,1.16839
2025-12-09 18:56,KNID,102472.1,13.3,3.9,95046.8,286.88,1.15419
2025-12-09 19:56,KNID,102336.7,15.6,3.9,94921.2,289.18,1.14349
2025-12-09 20:56,KNID,102201.2,17.8,1.7,94795.5,291.38,1.13336
2025-12-09 21:56,KNID,102133.5,18.3,1.1,94732.7,291.88,1.13067
2025-12-09 22:56,KNID,102099.6,18.9,2.8,94701.3,292.48,1.12797
2025-12-09 23:56,KNID,102099.6,17.8,3.3,94701.3,291.38,1.13223
2025-12-10 00:56,KNID,102099.6,13.9,5.0,94701.3,287.48,1.14759
2025-12-10 01:56,KNID,102167.4,10.6,5.6,94764.1,284.18,1.16169
2025-12-10 02:56,KNID,102201.2,8.9,3.9,94795.5,282.48,1.16907
2025-12-10 03:56,KNID,102235.1,7.2,3.9,94826.9,280.78,1.17654
2025-12-10 04:56,KNID,102268.9,7.8,2.8,94858.3,281.38,1.17442
2025-12-10 05:56,KNID,102302.8,5.6,2.2,94889.8,279.18,1.18406
2025-12-10 06:56,KNID,102302.8,5.6,2.2,94889.8,279.18,1.18406
2025-12-10 07:56,KNID,102302.8,3.9,1.1,94889.8,277.48,1.19132
2025-12-10 08:56,KNID,102302.8,3.3,1.7,94889.8,276.88,1.19390
2025-12-10 09:56,KNID,102302.8,3.3,1.1,94889.8,276.88,1.19390
2025-12-10 10:56,KNID,102302.8,3.3,0.6,94889.8,276.88,1.19390
2025-12-10 11:56,KNID,102268.9,1.7,0.0,94858.3,275.28,1.20044
2025-12-10 12:56,KNID,102268.9,2.2,-0.6,94858.3,275.78,1.19826
2025-12-10 13:56,KNID,102302.8,1.7,0.0,94889.8,275.28,1.20084
2025-12-10 14:56,KNID,102370.5,1.1,0.0,94952.6,274.68,1.20426
2025-12-10 15:56,KNID,102404.4,3.3,0.6,94984.0,276.88,1.19508
2025-12-10 16:56,KNID,102438.3,6.7,1.7,95015.4,280.28,1.18098
2025-12-10 17:56,KNID,102472.1,10.0,2.8,95046.8,283.58,1.16762
2025-12-10 18:56,KNID,102336.7,15.0,3.3,94921.2,288.58,1.14587
2025-12-10 19:56,KNID,102235.1,16.1,4.4,94826.9,289.68,1.14039
2025-12-10 20:56,KNID,102167.4,17.8,3.3,94764.1,291.38,1.13298
2025-12-10 21:56,KNID,102099.6,19.4,4.4,94701.3,292.98,1.12605
2025-12-10 22:56,KNID,102099.6,20.6,3.9,94701.3,294.18,1.12146
2025-12-10 23:56,KNID,102099.6,18.3,6.1,94701.3,291.88,1.13029
2025-12-11 00:56,KNID,102099.6,15.6,6.1,94701.3,289.18,1.14085
2025-12-11 01:56,KNID,102167.4,11.7,6.1,94764.1,285.28,1.15721
2025-12-11 02:56,KNID,102201.2,10.0,5.6,94795.5,283.58,1.16453
2025-12-11 03:56,KNID,102235.1,10.0,3.3,94826.9,283.58,1.16492
2025-12-11 04:56,KNID,102235.1,8.3,3.3,94826.9,281.88,1.17194
2025-12-11 05:56,KNID,102268.9,7.8,2.2,94858.3,281.38,1.17442
2025-12-11 06:56,KNID,102268.9,7.8,2.2,94858.3,281.38,1.17442
2025-12-11 07:56,KNID,102235.1,6.1,1.7,94826.9,279.68,1.18116
2025-12-11 08:56,KNID,102201.2,3.9,1.7,94795.5,277.48,1.19013
2025-12-11 09:56,KNID,102201.2,5.0,1.7,94795.5,278.58,1.18543
2025-12-11 10:56,KNID,102201.2,3.9,1.1,94795.5,277.48,1.19013
2025-12-11 11:56,KNID,102167.4,3.3,1.1,94764.1,276.88,1.19232
2025-12-11 12:56,KNID,102201.2,3.3,1.1,94795.5,276.88,1.19271
2025-12-11 13:56,KNID,102201.2,1.7,0.6,94795.5,275.28,1.19964
2025-12-11 14:56,KNID,102235.1,1.7,0.0,94826.9,275.28,1.20004
2025-12-11 15:56,KNID,102268.9,5.0,2.2,94858.3,278.58,1.18622
2025-12-11 16:56,KNID,102268.9,8.3,2.8,94858.3,281.88,1.17233
2025-12-11 17:56,KNID,102302.8,11.1,3.9,94889.8,284.68,1.16119
2025-12-11 18:56,KNID,102201.2,15.0,3.9,94795.5,288.58,1.14436
2025-12-11 19:56,KNID,102065.8,17.2,3.3,94669.9,290.78,1.13419
2025-12-11 20:56,KNID,101964.2,19.4,0.6,94575.7,292.98,1.12456
2025-12-11 21:56,KNID,101930.3,20.6,2.2,94544.2,294.18,1.11960
2025-12-11 22:56,KNID,101896.4,21.1,3.3,94512.8,294.68,1.11732
2025-12-11 23:56,KNID,101896.4,20.0,6.7,94512.8,293.58,1.12151
2025-12-12 01:56,KNID,101930.3,12.2,7.2,94544.2,285.78,1.15250
2025-12-12 02:56,KNID,101998.0,11.1,5.6,94607.1,284.68,1.15773
2025-12-12 03:56,KNID,101998.0,10.0,5.0,94607.1,283.58,1.16222
2025-12-12 04:56,KNID,102031.9,9.4,4.4,94638.5,282.98,1.16507
2025-12-12 05:56,KNID,102065.8,7.2,3.9,94669.9,280.78,1.17459
2025-12-12 06:56,KNID,102065.8,6.7,3.9,94669.9,280.28,1.17668
2025-12-12 07:56,KNID,102031.9,6.7,3.3,94638.5,280.28,1.17629
2025-12-12 08:56,KNID,102031.9,5.6,2.8,94638.5,279.18,1.18093
2025-12-12 09:56,KNID,102065.8,5.6,2.8,94669.9,279.18,1.18132
2025-12-12 10:56,KNID,102065.8,5.6,2.8,94669.9,279.18,1.18132
2025-12-12 11:56,KNID,102031.9,3.9,2.2,94638.5,277.48,1.18816
2025-12-12 12:56,KNID,102031.9,2.8,1.7,94638.5,276.38,1.19289
2025-12-12 13:56,KNID,102065.8,3.3,1.7,94669.9,276.88,1.19113
2025-12-12 14:56,KNID,102133.5,3.3,2.2,94732.7,276.88,1.19192
2025-12-12 15:56,KNID,102201.2,3.3,1.7,94795.5,276.88,1.19271
2025-12-12 16:56,KNID,102235.1,6.7,3.3,94826.9,280.28,1.17863
2025-12-12 17:56,KNID,102235.1,11.1,4.4,94826.9,284.68,1.16042
2025-12-12 18:56,KNID,102167.4,14.4,5.6,94764.1,287.98,1.14636
2025-12-12 19:56,KNID,102031.9,17.8,5.6,94638.5,291.38,1.13148
2025-12-12 20:56,KNID,101896.4,19.4,5.0,94512.8,292.98,1.12381
2025-12-12 21:56,KNID,101828.7,20.6,6.1,94450.0,294.18,1.11848
2025-12-12 22:56,KNID,101828.7,21.1,6.1,94450.0,294.68,1.11658
2025-12-12 23:56,KNID,101828.7,19.4,5.0,94450.0,292.98,1.12306
2025-12-13 00:56,KNID,101828.7,16.1,6.7,94450.0,289.68,1.13586
2025-12-13 01:56,KNID,101896.4,11.1,6.1,94512.8,284.68,1.15657
2025-12-13 02:56,KNID,101930.3,10.6,5.6,94544.2,284.18,1.15899
2025-12-13 03:56,KNID,101998.0,8.9,4.4,94607.1,282.48,1.16674
2025-12-13 04:56,KNID,101998.0,9.4,3.9,94607.1,282.98,1.16468
2025-12-13 05:56,KNID,102065.8,7.8,3.3,94669.9,281.38,1.17208
2025-12-13 06:56,KNID,102065.8,7.2,2.8,94669.9,280.78,1.17459
2025-12-13 07:56,KNID,102065.8,6.1,2.2,94669.9,279.68,1.17921
2025-12-13 08:56,KNID,102031.9,5.6,1.7,94638.5,279.18,1.18093
2025-12-13 09:56,KNID,102031.9,4.4,1.7,94638.5,277.98,1.18602
2025-12-13 10:56,KNID,102031.9,3.3,1.1,94638.5,276.88,1.19074
2025-12-13 11:56,KNID,101998.0,3.3,1.1,94607.1,276.88,1.19034
2025-12-13 12:56,KNID,101998.0,2.8,0.6,94607.1,276.38,1.19249
2025-12-13 13:56,KNID,102031.9,3.3,0.6,94638.5,276.88,1.19074
2025-12-13 14:56,KNID,102099.6,2.8,0.6,94701.3,276.38,1.19368
2025-12-13 15:56,KNID,102133.5,3.3,1.1,94732.7,276.88,1.19192
2025-12-13 16:56,KNID,102167.4,7.8,1.7,94764.1,281.38,1.17325
2025-12-13 17:56,KNID,102201.2,11.1,3.9,94795.5,284.68,1.16003
2025-12-13 18:56,KNID,102133.5,14.4,3.9,94732.7,287.98,1.14598
2025-12-13 19:56,KNID,102031.9,16.1,3.9,94638.5,289.68,1.13812
2025-12-13 20:56,KNID,101930.3,18.3,1.7,94544.2,291.88,1.12842
2025-12-13 21:56,KNID,101896.4,19.4,3.3,94512.8,292.98,1.12381
2025-12-13 22:56,KNID,101896.4,20.0,2.8,94512.8,293.58,1.12151
2025-12-13 23:56,KNID,101862.6,18.3,4.4,94481.4,291.88,1.12767
2025-12-14 00:56,KNID,101896.4,15.6,3.9,94512.8,289.18,1.13858
2025-12-14 01:56,KNID,101930.3,11.1,5.6,94544.2,284.68,1.15696
2025-12-14 02:56,KNID,101998.0,8.9,4.4,94607.1,282.48,1.16674
2025-12-14 03:56,KNID,102031.9,8.3,2.8,94638.5,281.88,1.16961
2025-12-14 04:56,KNID,102099.6,7.2,1.7,94701.3,280.78,1.17498
2025-12-14 06:56,KNID,102099.6,5.6,1.1,94701.3,279.18,1.18171
2025-12-14 07:56,KNID,102099.6,5.0,1.1,94701.3,278.58,1.18426
2025-12-14 08:56,KNID,102099.6,5.6,0.6,94701.3,279.18,1.18171
2025-12-14 09:56,KNID,102133.5,3.3,0.6,94732.7,276.88,1.19192
2025-12-14 10:56,KNID,102133.5,5.0,0.6,94732.7,278.58,1.18465
2025-12-14 11:56,KNID,102099.6,4.4,0.6,94701.3,277.98,1.18681
2025-12-14 12:56,KNID,102099.6,3.3,0.6,94701.3,276.88,1.19153
2025-12-14 13:56,KNID,102167.4,2.2,-0.6,94764.1,275.78,1.19707
2025-12-14 14:56,KNID,102201.2,2.2,0.0,94795.5,275.78,1.19747
2025-12-14 15:56,KNID,102268.9,3.9,0.6,94858.3,277.48,1.19092
2025-12-14 16:56,KNID,102336.7,6.7,1.1,94921.2,280.28,1.17981
2025-12-14 17:56,KNID,102336.7,11.1,1.7,94921.2,284.68,1.16157
2025-12-14 18:56,KNID,102302.8,13.3,2.2,94889.8,286.88,1.15228
2025-12-14 19:56,KNID,102235.1,15.6,2.2,94826.9,289.18,1.14236
2025-12-14 20:56,KNID,102133.5,17.2,2.2,94732.7,290.78,1.13494
2025-12-14 21:56,KNID,102099.6,18.9,1.1,94701.3,292.48,1.12797
2025-12-14 22:56,KNID,102099.6,19.4,0.6,94701.3,292.98,1.12605
2025-12-14 23:56,KNID,102099.6,19.4,0.0,94701.3,292.98,1.12605
2025-12-15 00:56,KNID,102133.5,13.9,3.9,94732.7,287.48,1.14797
2025-12-15 01:56,KNID,102167.4,11.1,3.3,94764.1,284.68,1.15965
2025-12-15 02:56,KNID,102235.1,8.3,2.8,94826.9,281.88,1.17194
2025-12-15 03:56,KNID,102268.9,7.8,2.2,94858.3,281.38,1.17442
2025-12-15 04:56,KNID,102302.8,7.2,1.1,94889.8,280.78,1.17731
2025-12-15 05:56,KNID,102336.7,5.0,0.6,94921.2,278.58,1.18701
2025-12-15 06:56,KNID,102336.7,5.0,0.0,94921.2,278.58,1.18701
2025-12-15 07:56,KNID,102336.7,3.9,0.0,94921.2,277.48,1.19171
2025-12-15 08:56,KNID,102336.7,2.8,-0.6,94921.2,276.38,1.19645
2025-12-15 09:56,KNID,102370.5,3.3,-1.1,94952.6,276.88,1.19469
2025-12-15 10:56,KNID,102404.4,2.2,-1.1,94984.0,275.78,1.19985
2025-12-15 11:56,KNID,102404.4,1.1,-1.7,94984.0,274.68,1.20466
2025-12-15 12:56,KNID,102404.4,0.0,-1.7,94984.0,273.58,1.20950
2025-12-15 13:56,KNID,102438.3,0.0,-1.7,95015.4,273.58,1.20990
2025-12-15 14:56,KNID,102506.0,0.6,-1.7,95078.2,274.18,1.20805
2025-12-15 15:56,KNID,102539.9,3.9,-0.6,95109.6,277.48,1.19408
2025-12-15 16:56,KNID,102573.7,6.7,0.0,95141.0,280.28,1.18254
2025-12-15 17:56,KNID,102573.7,9.4,1.7,95141.0,282.98,1.17126
2025-12-15 18:56,KNID,102506.0,13.9,1.1,95078.2,287.48,1.15216
2025-12-15 19:56,KNID,102404.4,17.2,0.6,94984.0,290.78,1.13796
2025-12-15 20:56,KNID,102302.8,17.8,2.2,94889.8,291.38,1.13449
2025-12-15 21:56,KNID,102201.2,18.3,2.2,94795.5,291.88,1.13142
2025-12-15 22:56,KNID,102201.2,18.9,1.7,94795.5,292.48,1.12910
2025-12-15 23:56,KNID,102201.2,17.8,2.2,94795.5,291.38,1.13336
2025-12-16 00:56,KNID,102235.1,14.4,3.9,94826.9,287.98,1.14712
2025-12-16 01:56,KNID,102235.1,10.0,4.4,94826.9,283.58,1.16492
2025-12-16 02:56,KNID,102302.8,7.8,2.8,94889.8,281.38,1.17480
2025-12-16 03:56,KNID,102336.7,7.8,2.2,94921.2,281.38,1.17519
2025-12-16 04:56,KNID,102268.9,7.2,1.1,94858.3,280.78,1.17693
2025-12-16 05:56,KNID,102302.8,6.1,1.1,94889.8,279.68,1.18195
2025-12-16 06:56,KNID,102235.1,5.6,1.1,94826.9,279.18,1.18328
2025-12-16 07:56,KNID,102302.8,4.4,0.6,94889.8,277.98,1.18917
2025-12-16 08:56,KNID,102268.9,4.4,0.0,94858.3,277.98,1.18878
2025-12-16 09:56,KNID,102302.8,3.9,0.0,94889.8,277.48,1.19132
2025-12-16 10:56,KNID,102336.7,1.7,0.0,94921.2,275.28,1.20123
2025-12-16 11:56,KNID,102235.1,2.8,-0.6,94826.9,276.38,1.19527
2025-12-16 12:56,KNID,102268.9,0.6,-1.7,94858.3,274.18,1.20526
2025-12-16 13:56,KNID,102268.9,1.7,-1.1,94858.3,275.28,1.20044
2025-12-16 14:56,KNID,102302.8,1.1,-1.1,94889.8,274.68,1.20346
2025-12-16 15:56,KNID,102370.5,2.8,-0.6,94952.6,276.38,1.19685
2025-12-16 16:56,KNID,102404.4,6.7,1.1,94984.0,280.28,1.18059
2025-12-16 17:56,KNID,102370.5,10.0,1.1,94952.6,283.58,1.16646
2025-12-16 18:56,KNID,102336.7,12.8,1.7,94921.2,286.38,1.15468
2025-12-16 19:56,KNID,102235.1,15.0,1.7,94826.9,288.58,1.14473
2025-12-16 20:56,KNID,102133.5,16.7,2.2,94732.7,290.28,1.13690
2025-12-16 21:56,KNID,102065.8,17.8,1.7,94669.9,291.38,1.13186
2025-12-16 22:56,KNID,102031.9,18.3,2.2,94638.5,291.88,1.12954
2025-12-16 23:56,KNID,102031.9,17.8,2.2,94638.5,291.38,1.13148
2025-12-17 00:56,KNID,102031.9,13.9,2.2,94638.5,287.48,1.14683
2025-12-17 01:56,KNID,102031.9,10.6,3.9,94638.5,284.18,1.16015
2025-12-17 02:56,KNID,102065.8,9.4,3.9,94669.9,282.98,1.16546
2025-12-17 03:56,KNID,102065.8,8.3,2.8,94669.9,281.88,1.17000
2025-12-17 04:56,KNID,102099.6,5.6,2.8,94701.3,279.18,1.18171
2025-12-17 05:56,KNID,102133.5,6.1,2.8,94732.7,279.68,1.17999
2025-12-17 06:56,KNID,102133.5,6.1,2.8,94732.7,279.68,1.17999
2025-12-17 07:56,KNID,102065.8,6.7,2.2,94669.9,280.28,1.17668
2025-12-17 08:56,KNID,102031.9,4.4,1.7,94638.5,277.98,1.18602
2025-12-17 09:56,KNID,101998.0,3.9,1.7,94607.1,277.48,1.18777
2025-12-17 10:56,KNID,101930.3,3.9,1.1,94544.2,277.48,1.18698
2025-12-17 11:56,KNID,101862.6,3.3,1.1,94481.4,276.88,1.18876
2025-12-17 12:56,KNID,101794.9,4.4,1.7,94418.6,277.98,1.18327
2025-12-17 13:56,KNID,101727.1,2.8,1.1,94355.8,276.38,1.18933
2025-12-17 14:56,KNID,101794.9,2.8,0.6,94418.6,276.38,1.19012
2025-12-17 15:56,KNID,101794.9,5.6,1.7,94418.6,279.18,1.17818
2025-12-17 16:56,KNID,101828.7,8.9,2.8,94450.0,282.48,1.16481
2025-12-17 17:56,KNID,101862.6,11.1,2.8,94481.4,284.68,1.15619
2025-12-17 18:56,KNID,101761.0,13.9,2.8,94387.2,287.48,1.14379
2025-12-17 19:56,KNID,101625.5,16.1,2.8,94261.6,289.68,1.13359
2025-12-17 20:56,KNID,101523.9,17.8,2.8,94167.3,291.38,1.12585
2025-12-17 21:56,KNID,101456.2,18.3,3.3,94104.5,291.88,1.12317
2025-12-17 22:56,KNID,101456.2,18.9,3.9,94104.5,292.48,1.12087
2025-12-17 23:56,KNID,101490.1,18.9,5.0,94135.9,292.48,1.12124
2025-12-18 00:56,KNID,101523.9,15.6,5.6,94167.3,289.18,1.13441
2025-12-18 01:56,KNID,101557.8,11.7,5.6,94198.7,285.28,1.15031
2025-12-18 02:56,KNID,101591.7,10.0,5.6,94230.1,283.58,1.15759
2025-12-18 03:56,KNID,101693.3,8.3,5.0,94324.4,281.88,1.16573
2025-12-18 04:56,KNID,101794.9,8.3,4.4,94418.6,281.88,1.16690
2025-12-18 05:56,KNID,101794.9,7.8,4.4,94418.6,281.38,1.16897
2025-12-18 06:56,KNID,101794.9,6.1,3.9,94418.6,279.68,1.17608
2025-12-18 07:56,KNID,101794.9,6.1,3.9,94418.6,279.68,1.17608
2025-12-18 08:56,KNID,101828.7,3.9,2.8,94450.0,277.48,1.18580
2025-12-18 09:56,KNID,101862.6,5.0,2.8,94481.4,278.58,1.18151
2025-12-18 10:56,KNID,101862.6,5.0,2.8,94481.4,278.58,1.18151
2025-12-18 11:56,KNID,101828.7,4.4,2.2,94450.0,277.98,1.18366
2025-12-18 12:56,KNID,101828.7,4.4,2.2,94450.0,277.98,1.18366
2025-12-18 13:56,KNID,101862.6,2.2,1.1,94481.4,275.78,1.19350
2025-12-18 14:56,KNID,101964.2,3.3,1.7,94575.7,276.88,1.18995
2025-12-18 15:56,KNID,101998.0,2.8,1.7,94607.1,276.38,1.19249
2025-12-18 16:56,KNID,102099.6,6.1,3.3,94701.3,279.68,1.17960
2025-12-18 17:56,KNID,102133.5,10.6,5.0,94732.7,284.18,1.16130
2025-12-18 18:56,KNID,102031.9,13.3,5.6,94638.5,286.88,1.14923
2025-12-18 19:56,KNID,101896.4,14.4,5.0,94512.8,287.98,1.14332
2025-12-18 20:56,KNID,101828.7,16.7,3.9,94450.0,290.28,1.13351
2025-12-18 21:56,KNID,101761.0,18.3,2.8,94387.2,291.88,1.12654
2025-12-18 22:56,KNID,101761.0,17.2,3.9,94387.2,290.78,1.13081
2025-12-18 23:56,KNID,101727.1,17.8,3.9,94355.8,291.38,1.12810
2025-12-19 00:56,KNID,101727.1,15.0,4.4,94355.8,288.58,1.13905
2025-12-19 01:56,KNID,101761.0,11.7,5.6,94387.2,285.28,1.15261
2025-12-19 05:56,KNID,101794.9,6.7,3.9,94418.6,280.28,1.17356
2025-12-19 06:56,KNID,101794.9,6.1,3.3,94418.6,279.68,1.17608
2025-12-19 07:56,KNID,101761.0,6.1,3.3,94387.2,279.68,1.17569
2025-12-19 08:56,KNID,101727.1,4.4,2.2,94355.8,277.98,1.18248
2025-12-19 09:56,KNID,101761.0,3.9,1.7,94387.2,277.48,1.18501
2025-12-19 10:56,KNID,101761.0,2.2,1.1,94387.2,275.78,1.19231
2025-12-19 11:56,KNID,101727.1,2.8,1.1,94355.8,276.38,1.18933
2025-12-19 12:56,KNID,101693.3,1.7,0.6,94324.4,275.28,1.19368
2025-12-19 13:56,KNID,101693.3,2.2,1.1,94324.4,275.78,1.19152
2025-12-19 14:56,KNID,101727.1,2.2,1.1,94355.8,275.78,1.19191
2025-12-19 15:56,KNID,101761.0,3.9,2.2,94387.2,277.48,1.18501
2025-12-19 16:56,KNID,101761.0,5.6,3.3,94387.2,279.18,1.17779
2025-12-19 17:56,KNID,101727.1,9.4,4.4,94355.8,282.98,1.16159
2025-12-19 18:56,KNID,101659.4,12.2,3.9,94293.0,285.78,1.14944
2025-12-19 19:56,KNID,101490.1,15.6,5.6,94135.9,289.18,1.13404
2025-12-19 20:56,KNID,101354.6,18.9,5.0,94010.3,292.48,1.11974
2025-12-19 21:56,KNID,101219.2,23.3,1.1,93884.6,296.88,1.10167
2025-12-19 22:56,KNID,101185.3,25.6,-9.4,93853.2,299.18,1.09284
2025-12-19 23:56,KNID,101151.4,24.4,-9.4,93821.8,297.98,1.09687
2025-12-20 00:56,KNID,101151.4,21.7,-8.9,93821.8,295.28,1.10690
2025-12-20 01:56,KNID,101219.2,20.0,-10.0,93884.6,293.58,1.11406
2025-12-20 02:56,KNID,101253.0,20.0,-10.0,93916.0,293.58,1.11443
2025-12-20 03:56,KNID,101253.0,18.3,-6.7,93916.0,291.88,1.12092
2025-12-20 04:56,KNID,101286.9,18.3,-5.0,93947.5,291.88,1.12130
2025-12-20 05:56,KNID,101320.8,18.3,-3.9,93978.9,291.88,1.12167
2025-12-20 06:56,KNID,101354.6,17.2,-3.9,94010.3,290.78,1.12629
2025-12-20 07:56,KNID,101388.5,16.1,-3.9,94041.7,289.68,1.13094
2025-12-20 08:56,KNID,101354.6,15.0,-3.9,94010.3,288.58,1.13488
2025-12-20 09:56,KNID,101388.5,11.1,-2.8,94041.7,284.68,1.15081
2025-12-20 10:56,KNID,101422.4,10.6,-2.8,94073.1,284.18,1.15322
2025-12-20 11:56,KNID,101388.5,8.3,-1.7,94041.7,281.88,1.16224
2025-12-20 12:56,KNID,101422.4,9.4,-1.1,94073.1,282.98,1.15811
2025-12-20 13:56,KNID,101456.2,7.8,-1.1,94104.5,281.38,1.16508
2025-12-20 14:56,KNID,101523.9,13.3,-1.7,94167.3,286.88,1.14351
2025-12-20 15:56,KNID,101591.7,8.3,-0.6,94230.1,281.88,1.16457
2025-12-20 16:56,KNID,101659.4,11.7,0.0,94293.0,285.28,1.15146
2025-12-20 17:56,KNID,101659.4,16.1,0.6,94293.0,289.68,1.13397
2025-12-20 18:56,KNID,101625.5,18.3,-0.6,94261.6,291.88,1.12504
2025-12-20 19:56,KNID,101523.9,20.0,2.2,94167.3,293.58,1.11741
2025-12-20 20:56,KNID,101490.1,20.6,2.2,94135.9,294.18,1.11476
2025-12-20 21:56,KNID,101456.2,21.1,2.8,94104.5,294.68,1.11250
2025-12-20 22:56,KNID,101456.2,21.1,3.9,94104.5,294.68,1.11250
2025-12-20 23:56,KNID,101490.1,21.1,5.0,94135.9,294.68,1.11287
2025-12-21 00:56,KNID,101523.9,17.2,5.6,94167.3,290.78,1.12817
2025-12-21 01:56,KNID,101557.8,15.6,4.4,94198.7,289.18,1.13479
2025-12-21 02:56,KNID,101625.5,13.3,5.6,94261.6,286.88,1.14465
2025-12-21 03:56,KNID,101625.5,12.8,5.0,94261.6,286.38,1.14665
2025-12-21 04:56,KNID,101693.3,13.9,5.6,94324.4,287.48,1.14302
2025-12-21 05:56,KNID,101727.1,11.7,5.0,94355.8,285.28,1.15222
2025-12-21 06:56,KNID,101761.0,10.6,5.0,94387.2,284.18,1.15707
2025-12-21 07:56,KNID,101727.1,10.6,5.0,94355.8,284.18,1.15668
2025-12-21 08:56,KNID,101727.1,8.9,5.0,94355.8,282.48,1.16364
2025-12-21 09:56,KNID,101727.1,10.0,5.0,94355.8,283.58,1.15913
2025-12-21 10:56,KNID,101693.3,8.9,5.0,94324.4,282.48,1.16326
2025-12-21 11:56,KNID,101659.4,8.9,4.4,94293.0,282.48,1.16287
2025-12-21 12:56,KNID,101659.4,8.9,4.4,94293.0,282.48,1.16287
2025-12-21 13:56,KNID,101659.4,6.7,3.9,94293.0,280.28,1.17200
2025-12-21 14:56,KNID,101693.3,5.6,3.9,94324.4,279.18,1.17701
2025-12-21 15:56,KNID,101727.1,9.4,5.0,94355.8,282.98,1.16159
2025-12-21 16:56,KNID,101761.0,12.2,5.6,94387.2,285.78,1.15059
2025-12-21 17:56,KNID,101761.0,15.0,6.1,94387.2,288.58,1.13943
2025-12-21 18:56,KNID,101693.3,20.6,7.2,94324.4,294.18,1.11699
2025-12-21 19:56,KNID,101557.8,23.9,6.1,94198.7,297.48,1.10313
2025-12-21 20:56,KNID,101456.2,25.6,2.2,94104.5,299.18,1.09576
2025-12-21 21:56,KNID,101456.2,25.6,2.2,94104.5,299.18,1.09576
2025-12-21 22:56,KNID,101490.1,25.0,0.6,94135.9,298.58,1.09833
2025-12-21 23:56,KNID,101523.9,21.7,2.8,94167.3,295.28,1.11098
2025-12-22 00:56,KNID,101557.8,20.0,3.3,94198.7,293.58,1.11778
2025-12-22 01:56,KNID,101557.8,18.9,2.2,94198.7,292.48,1.12199
2025-12-22 02:56,KNID,101591.7,18.9,1.1,94230.1,292.48,1.12236
2025-12-22 03:56,KNID,101591.7,17.8,1.7,94230.1,291.38,1.12660
2025-12-22 04:56,KNID,101659.4,16.7,2.8,94293.0,290.28,1.13162
2025-12-22 05:56,KNID,101693.3,15.6,3.3,94324.4,289.18,1.13631
2025-12-22 06:56,KNID,101693.3,15.6,3.3,94324.4,289.18,1.13631
2025-12-22 07:56,KNID,101727.1,12.2,1.7,94355.8,285.78,1.15021
2025-12-22 08:56,KNID,101727.1,12.8,-1.7,94355.8,286.38,1.14780
2025-12-22 09:56,KNID,101761.0,10.0,-0.6,94387.2,283.58,1.15952
2025-12-22 10:56,KNID,101761.0,8.9,0.0,94387.2,282.48,1.16403
2025-12-22 11:56,KNID,101761.0,8.9,0.0,94387.2,282.48,1.16403
2025-12-22 12:56,KNID,101761.0,6.7,0.6,94387.2,280.28,1.17317
2025-12-22 13:56,KNID,101794.9,6.1,0.6,94418.6,279.68,1.17608
2025-12-22 14:56,KNID,101828.7,4.4,0.0,94450.0,277.98,1.18366
2025-12-22 15:56,KNID,101896.4,6.1,1.1,94512.8,279.68,1.17725
2025-12-22 16:56,KNID,101930.3,9.4,1.1,94544.2,282.98,1.16391
2025-12-22 17:56,KNID,101964.2,11.7,0.6,94575.7,285.28,1.15491
2025-12-22 18:56,KNID,101896.4,15.0,1.7,94512.8,288.58,1.14094
2025-12-22 19:56,KNID,101794.9,17.8,0.6,94418.6,291.38,1.12885
2025-12-22 20:56,KNID,101693.3,19.4,0.6,94324.4,292.98,1.12157
2025-12-22 21:56,KNID,101625.5,20.0,0.6,94261.6,293.58,1.11853
2025-12-22 22:56,KNID,101591.7,20.0,1.7,94230.1,293.58,1.11816
2025-12-22 23:56,KNID,101557.8,18.3,2.2,94198.7,291.88,1.12429
2025-12-23 00:56,KNID,101557.8,15.0,3.3,94198.7,288.58,1.13715
2025-12-23 01:56,KNID,101591.7,13.3,4.4,94230.1,286.88,1.14427
2025-12-23 02:56,KNID,101591.7,12.8,5.0,94230.1,286.38,1.14627
2025-12-23 03:56,KNID,101591.7,12.2,5.0,94230.1,285.78,1.14868
2025-12-23 04:56,KNID,101591.7,11.7,5.0,94230.1,285.28,1.15069
2025-12-23 05:56,KNID,101591.7,9.4,5.0,94230.1,282.98,1.16004
2025-12-23 06:56,KNID,101591.7,10.6,5.0,94230.1,284.18,1.15514
2025-12-23 07:56,KNID,101523.9,10.0,5.0,94167.3,283.58,1.15682
2025-12-23 08:56,KNID,101490.1,8.9,5.0,94135.9,282.48,1.16093
2025-12-23 09:56,KNID,101523.9,8.3,4.4,94167.3,281.88,1.16379
2025-12-23 10:56,KNID,101523.9,8.9,4.4,94167.3,282.48,1.16132
2025-12-23 11:56,KNID,101490.1,7.8,4.4,94135.9,281.38,1.16547
2025-12-23 12:56,KNID,101490.1,7.8,5.0,94135.9,281.38,1.16547
2025-12-23 13:56,KNID,101490.1,6.7,4.4,94135.9,280.28,1.17005
2025-12-23 14:56,KNID,101523.9,6.7,4.4,94167.3,280.28,1.17044
2025-12-23 15:56,KNID,101557.8,7.8,5.0,94198.7,281.38,1.16625
2025-12-23 16:56,KNID,101523.9,8.9,5.6,94167.3,282.48,1.16132
2025-12-23 17:56,KNID,101591.7,8.9,4.4,94230.1,282.48,1.16209
2025-12-23 18:56,KNID,101557.8,10.0,5.0,94198.7,283.58,1.15720
2025-12-23 19:56,KNID,101456.2,11.1,6.1,94104.5,284.68,1.15158
2025-12-23 20:56,KNID,101388.5,11.1,7.2,94041.7,284.68,1.15081
2025-12-23 21:56,KNID,101422.4,12.2,6.7,94073.1,285.78,1.14676
2025-12-23 22:56,KNID,101456.2,12.8,6.1,94104.5,286.38,1.14474
2025-12-23 23:56,KNID,101456.2,12.8,5.6,94104.5,286.38,1.14474
2025-12-24 00:56,KNID,101456.2,11.7,5.6,94104.5,285.28,1.14915
2025-12-24 01:56,KNID,101523.9,9.4,5.6,94167.3,282.98,1.15927
2025-12-24 02:56,KNID,101557.8,8.3,5.0,94198.7,281.88,1.16418
2025-12-24 03:56,KNID,101625.5,10.0,5.6,94261.6,283.58,1.15797
2025-12-24 04:56,KNID,101659.4,10.0,5.6,94293.0,283.58,1.15836
2025-12-24 05:56,KNID,101693.3,10.0,6.1,94324.4,283.58,1.15874
2025-12-24 06:56,KNID,101659.4,12.2,7.2,94293.0,285.78,1.14944
2025-12-24 07:56,KNID,101625.5,12.2,6.7,94261.6,285.78,1.14906
2025-12-24 08:56,KNID,101591.7,12.2,7.2,94230.1,285.78,1.14868
2025-12-24 09:56,KNID,101557.8,10.6,7.2,94198.7,284.18,1.15476
2025-12-24 10:56,KNID,101490.1,10.0,8.3,94135.9,283.58,1.15643
2025-12-24 11:56,KNID,101354.6,9.4,8.9,94010.3,282.98,1.15733
2025-12-24 12:56,KNID,101253.0,9.4,8.9,93916.0,282.98,1.15617
2025-12-24 13:56,KNID,101253.0,9.4,9.4,93916.0,282.98,1.15617
2025-12-24 14:56,KNID,101253.0,9.4,9.4,93916.0,282.98,1.15617
2025-12-24 15:56,KNID,101185.3,10.0,9.4,93853.2,283.58,1.15296
2025-12-24 16:56,KNID,101185.3,10.6,10.6,93853.2,284.18,1.15052
2025-12-24 17:56,KNID,101083.7,14.4,12.8,93759.0,287.98,1.13420
2025-12-24 18:56,KNID,101083.7,14.4,12.8,93759.0,287.98,1.13420
2025-12-24 19:56,KNID,101117.6,14.4,13.3,93790.4,287.98,1.13458
2025-12-24 20:56,KNID,101049.8,13.3,11.7,93727.6,286.88,1.13817
2025-12-24 21:56,KNID,101185.3,12.8,11.7,93853.2,286.38,1.14168
2025-12-24 22:56,KNID,101253.0,12.2,10.0,93916.0,285.78,1.14485
2025-12-24 23:56,KNID,101185.3,11.7,10.0,93853.2,285.28,1.14609
2025-12-25 00:56,KNID,101219.2,11.7,9.4,93884.6,285.28,1.14647
2025-12-25 01:56,KNID,101286.9,11.7,9.4,93947.5,285.28,1.14724
2025-12-25 02:56,KNID,101354.6,11.7,9.4,94010.3,285.28,1.14800
2025-12-25 03:56,KNID,101354.6,11.7,8.9,94010.3,285.28,1.14800
2025-12-25 04:56,KNID,101422.4,11.1,8.9,94073.1,284.68,1.15119
2025-12-25 05:56,KNID,101490.1,11.7,7.8,94135.9,285.28,1.14954
2025-12-25 06:56,KNID,101490.1,10.0,6.7,94135.9,283.58,1.15643
2025-12-25 07:56,KNID,101490.1,9.4,6.7,94135.9,282.98,1.15888
2025-12-25 08:56,KNID,101523.9,11.1,6.1,94167.3,284.68,1.15235
2025-12-25 09:56,KNID,101523.9,10.6,6.1,94167.3,284.18,1.15437
2025-12-25 10:56,KNID,101591.7,10.6,6.1,94230.1,284.18,1.15514
2025-12-25 11:56,KNID,101591.7,11.1,5.6,94230.1,284.68,1.15311
2025-12-25 12:56,KNID,101659.4,11.7,5.6,94293.0,285.28,1.15146
2025-12-25 13:56,KNID,101693.3,11.1,5.6,94324.4,284.68,1.15427
2025-12-25 14:56,KNID,101794.9,11.1,5.6,94418.6,284.68,1.15542
2025-12-25 15:56,KNID,101862.6,11.7,5.0,94481.4,285.28,1.15376
2025-12-25 16:56,KNID,101930.3,12.2,6.1,94544.2,285.78,1.15250
2025-12-25 17:56,KNID,101930.3,12.2,6.1,94544.2,285.78,1.15250
2025-12-25 18:56,KNID,101862.6,13.3,6.1,94481.4,286.88,1.14732
2025-12-25 19:56,KNID,101761.0,14.4,5.6,94387.2,287.98,1.14180
2025-12-25 20:56,KNID,101693.3,15.0,5.6,94324.4,288.58,1.13867
2025-12-25 21:56,KNID,101727.1,14.4,7.2,94355.8,287.98,1.14142
2025-12-25 22:56,KNID,101693.3,14.4,6.7,94324.4,287.98,1.14104
2025-12-25 23:56,KNID,101659.4,12.8,7.2,94293.0,286.38,1.14703
2025-12-26 00:56,KNID,101659.4,12.2,7.2,94293.0,285.78,1.14944
2025-12-26 01:56,KNID,101727.1,12.2,7.2,94355.8,285.78,1.15021
2025-12-26 02:56,KNID,101761.0,11.7,7.2,94387.2,285.28,1.15261
2025-12-26 03:56,KNID,101794.9,11.7,7.2,94418.6,285.28,1.15299
2025-12-26 04:56,KNID,101794.9,11.7,6.7,94418.6,285.28,1.15299
2025-12-26 05:56,KNID,101794.9,11.1,7.2,94418.6,284.68,1.15542
2025-12-26 06:56,KNID,101761.0,11.1,7.2,94387.2,284.68,1.15504
2025-12-26 07:56,KNID,101693.3,11.1,7.8,94324.4,284.68,1.15427
2025-12-26 08:56,KNID,101659.4,11.7,7.2,94293.0,285.28,1.15146
2025-12-26 09:56,KNID,101659.4,11.7,7.8,94293.0,285.28,1.15146
2025-12-26 10:56,KNID,101693.3,10.6,8.3,94324.4,284.18,1.15630
2025-12-26 11:56,KNID,101625.5,10.6,8.3,94261.6,284.18,1.15553
2025-12-26 12:56,KNID,101625.5,10.0,8.3,94261.6,283.58,1.15797
2025-12-26 13:56,KNID,101591.7,11.1,8.3,94230.1,284.68,1.15311
2025-12-26 14:56,KNID,101591.7,10.0,8.3,94230.1,283.58,1.15759
2025-12-26 15:56,KNID,101625.5,11.1,8.3,94261.6,284.68,1.15350
2025-12-26 16:56,KNID,101693.3,12.2,9.4,94324.4,285.78,1.14982
2025-12-26 17:56,KNID,101693.3,13.9,9.4,94324.4,287.48,1.14302
2025-12-26 18:56,KNID,101625.5,14.4,7.8,94261.6,287.98,1.14028
2025-12-26 19:56,KNID,101490.1,14.4,8.9,94135.9,287.98,1.13876
2025-12-26 20:56,KNID,101422.4,14.4,8.3,94073.1,287.98,1.13800
2025-12-26 21:56,KNID,101354.6,13.9,8.3,94010.3,287.48,1.13922
2025-12-26 22:56,KNID,101320.8,13.3,8.3,93978.9,286.88,1.14122
2025-12-26 23:56,KNID,101388.5,12.2,6.7,94041.7,285.78,1.14638
2025-12-27 00:56,KNID,101422.4,11.7,5.0,94073.1,285.28,1.14877
2025-12-27 01:56,KNID,101422.4,10.6,5.6,94073.1,284.18,1.15322
2025-12-27 02:56,KNID,101354.6,10.0,5.6,94010.3,283.58,1.15489
2025-12-27 03:56,KNID,101388.5,10.0,5.6,94041.7,283.58,1.15527
2025-12-27 04:56,KNID,101422.4,9.4,5.6,94073.1,282.98,1.15811
2025-12-27 05:56,KNID,101422.4,10.0,4.4,94073.1,283.58,1.15566
2025-12-27 06:56,KNID,101456.2,7.8,3.9,94104.5,281.38,1.16508
2025-12-27 07:56,KNID,101388.5,7.2,3.3,94041.7,280.78,1.16679
2025-12-27 08:56,KNID,101388.5,6.1,2.2,94041.7,279.68,1.17138
2025-12-27 09:56,KNID,101388.5,7.2,0.6,94041.7,280.78,1.16679
2025-12-27 10:56,KNID,101422.4,6.1,1.1,94073.1,279.68,1.17177
2025-12-27 11:56,KNID,101422.4,4.4,1.1,94073.1,277.98,1.17894
2025-12-27 12:56,KNID,101456.2,3.3,2.2,94104.5,276.88,1.18402
2025-12-27 13:56,KNID,101557.8,2.8,2.2,94198.7,276.38,1.18735
2025-12-27 14:56,KNID,101625.5,2.2,1.7,94261.6,275.78,1.19072
2025-12-27 15:56,KNID,101727.1,4.4,2.2,94355.8,277.98,1.18248
2025-12-27 16:56,KNID,101828.7,5.6,2.2,94450.0,279.18,1.17857
2025-12-27 17:56,KNID,101862.6,7.2,2.8,94481.4,280.78,1.17225
2025-12-27 18:56,KNID,101862.6,9.4,3.3,94481.4,282.98,1.16314
2025-12-27 19:56,KNID,101761.0,10.6,3.3,94387.2,284.18,1.15707
2025-12-27 20:56,KNID,101727.1,11.7,1.7,94355.8,285.28,1.15222
2025-12-27 21:56,KNID,101693.3,12.8,1.7,94324.4,286.38,1.14742
2025-12-27 22:56,KNID,101727.1,13.3,1.1,94355.8,286.88,1.14580
2025-12-27 23:56,KNID,101761.0,13.3,0.0,94387.2,286.88,1.14618
2025-12-28 00:56,KNID,101828.7,11.7,2.8,94450.0,285.28,1.15337
2025-12-28 01:56,KNID,101896.4,9.4,3.3,94512.8,282.98,1.16352
2025-12-28 02:56,KNID,101998.0,6.7,3.9,94607.1,280.28,1.17590
2025-12-28 03:56,KNID,102065.8,5.0,2.8,94669.9,278.58,1.18386
2025-12-28 04:56,KNID,102133.5,4.4,2.2,94732.7,277.98,1.18721
2025-12-28 05:56,KNID,102201.2,3.9,1.7,94795.5,277.48,1.19013
2025-12-28 06:56,KNID,102235.1,3.3,0.6,94826.9,276.88,1.19311
2025-12-28 07:56,KNID,102268.9,2.8,-0.6,94858.3,276.38,1.19566
2025-12-28 08:56,KNID,102302.8,1.7,-0.6,94889.8,275.28,1.20084
2025-12-28 09:56,KNID,102336.7,3.3,-1.7,94921.2,276.88,1.19429
2025-12-28 10:56,KNID,102336.7,1.7,-1.1,94921.2,275.28,1.20123
2025-12-28 11:56,KNID,102370.5,1.1,-1.7,94952.6,274.68,1.20426
2025-12-28 12:56,KNID,102404.4,1.1,-2.2,94984.0,274.68,1.20466
2025-12-28 13:56,KNID,102472.1,1.1,-2.8,95046.8,274.68,1.20545
2025-12-28 14:56,KNID,102573.7,-0.6,-2.2,95141.0,272.98,1.21416
2025-12-28 15:56,KNID,102641.5,1.1,-1.1,95203.9,274.68,1.20744
2025-12-28 16:56,KNID,102709.2,5.0,-0.6,95266.7,278.58,1.19133
2025-12-28 17:56,KNID,102743.0,8.9,-2.2,95298.1,282.48,1.17527
2025-12-28 18:56,KNID,102675.3,10.6,-2.2,95235.3,284.18,1.16746
2025-12-28 19:56,KNID,102573.7,11.7,-2.8,95141.0,285.28,1.16181
2025-12-28 20:56,KNID,102506.0,12.2,-3.3,95078.2,285.78,1.15901
2025-12-28 21:56,KNID,102506.0,13.3,-1.1,95078.2,286.88,1.15457
2025-12-28 22:56,KNID,102506.0,13.3,-4.4,95078.2,286.88,1.15457
2025-12-28 23:56,KNID,102506.0,12.8,-3.3,95078.2,286.38,1.15659
2025-12-29 00:56,KNID,102539.9,10.0,0.0,95109.6,283.58,1.16839
2025-12-29 01:56,KNID,102573.7,7.2,0.6,95141.0,280.78,1.18043
2025-12-29 02:56,KNID,102607.6,5.0,1.1,95172.4,278.58,1.19015
2025-12-29 03:56,KNID,102641.5,3.9,1.1,95203.9,277.48,1.19526
2025-12-29 04:56,KNID,102675.3,3.3,0.6,95235.3,276.88,1.19825
2025-12-29 05:56,KNID,102709.2,4.4,-1.1,95266.7,277.98,1.19390
2025-12-29 06:56,KNID,102776.9,3.9,-1.7,95329.5,277.48,1.19684
2025-12-29 07:56,KNID,102810.8,2.8,-1.1,95360.9,276.38,1.20200
2025-12-29 08:56,KNID,102878.5,3.3,-2.2,95423.7,276.88,1.20062
2025-12-29 09:56,KNID,102844.6,1.1,-1.7,95392.3,274.68,1.20983
2025-12-29 10:56,KNID,102810.8,3.3,-1.7,95360.9,276.88,1.19983
2025-12-29 11:56,KNID,102810.8,3.3,-3.3,95360.9,276.88,1.19983
2025-12-29 12:56,KNID,102810.8,3.9,-3.9,95360.9,277.48,1.19723
2025-12-29 13:56,KNID,102810.8,1.7,-3.9,95360.9,275.28,1.20680
2025-12-29 14:56,KNID,102878.5,2.8,-3.9,95423.7,276.38,1.20279
2025-12-29 15:56,KNID,102946.2,3.3,-2.2,95486.5,276.88,1.20141
2025-12-29 16:56,KNID,103014.0,7.8,-3.3,95549.4,281.38,1.18297
2025-12-29 17:56,KNID,103014.0,9.4,-4.4,95549.4,282.98,1.17628
2025-12-29 18:56,KNID,102946.2,11.7,-4.4,95486.5,285.28,1.16603
2025-12-29 19:56,KNID,102810.8,12.8,-5.0,95360.9,286.38,1.16002
2025-12-29 20:56,KNID,102709.2,13.9,-5.6,95266.7,287.48,1.15444
2025-12-29 21:56,KNID,102675.3,15.0,-4.4,95235.3,288.58,1.14966
2025-12-29 22:56,KNID,102675.3,15.6,-5.6,95235.3,289.18,1.14728
2025-12-29 23:56,KNID,102641.5,14.4,-4.4,95203.9,287.98,1.15168
2025-12-30 00:56,KNID,102641.5,11.7,-5.0,95203.9,285.28,1.16258
2025-12-30 01:56,KNID,102641.5,7.2,-1.1,95203.9,280.78,1.18121
2025-12-30 02:56,KNID,102709.2,5.6,-1.7,95266.7,279.18,1.18877
2025-12-30 03:56,KNID,102743.0,5.6,-2.8,95298.1,279.18,1.18916
2025-12-30 04:56,KNID,102776.9,4.4,-2.2,95329.5,277.98,1.19468
2025-12-30 05:56,KNID,102810.8,2.8,-1.7,95360.9,276.38,1.20200
2025-12-30 06:56,KNID,102776.9,2.2,-1.7,95329.5,275.78,1.20421
2025-12-30 07:56,KNID,102776.9,2.8,-2.8,95329.5,276.38,1.20160
2025-12-30 08:56,KNID,102776.9,2.2,-1.7,95329.5,275.78,1.20421
2025-12-30 09:56,KNID,102776.9,1.7,-1.7,95329.5,275.28,1.20640
2025-12-30 10:56,KNID,102776.9,1.1,-0.6,95329.5,274.68,1.20904
2025-12-30 11:56,KNID,102709.2,2.2,-1.1,95266.7,275.78,1.20342
2025-12-30 12:56,KNID,102709.2,2.8,-1.7,95266.7,276.38,1.20081
2025-12-30 13:56,KNID,102743.0,1.7,-1.7,95298.1,275.28,1.20600
2025-12-30 14:56,KNID,102776.9,1.1,-1.1,95329.5,274.68,1.20904
2025-12-30 15:56,KNID,102810.8,1.7,-0.6,95360.9,275.28,1.20680
2025-12-30 16:56,KNID,102878.5,4.4,0.0,95423.7,277.98,1.19587
2025-12-30 17:56,KNID,102912.4,7.2,0.0,95455.1,280.78,1.18433
2025-12-30 18:56,KNID,102844.6,8.3,-0.6,95392.3,281.88,1.17893
2025-12-30 19:56,KNID,102776.9,7.8,2.2,95329.5,281.38,1.18025
2025-12-30 20:56,KNID,102743.0,8.9,2.2,95298.1,282.48,1.17527
2025-12-30 21:56,KNID,102641.5,10.0,2.2,95203.9,283.58,1.16955
2025-12-30 22:56,KNID,102641.5,11.7,1.7,95203.9,285.28,1.16258
2025-12-30 23:56,KNID,102539.9,11.7,1.1,95109.6,285.28,1.16143
2025-12-31 00:56,KNID,102539.9,9.4,2.8,95109.6,282.98,1.17087
2025-12-31 01:56,KNID,102573.7,6.7,2.8,95141.0,280.28,1.18254
2025-12-31 02:56,KNID,102607.6,5.6,2.8,95172.4,279.18,1.18759
2025-12-31 03:56,KNID,102607.6,4.4,2.2,95172.4,277.98,1.19272
2025-12-31 04:56,KNID,102607.6,3.9,0.6,95172.4,277.48,1.19487
2025-12-31 05:56,KNID,102573.7,3.9,1.1,95141.0,277.48,1.19447
2025-12-31 06:56,KNID,102573.7,3.9,1.1,95141.0,277.48,1.19447
2025-12-31 07:56,KNID,102539.9,4.4,1.1,95109.6,277.98,1.19193
2025-12-31 08:56,KNID,102506.0,3.3,1.1,95078.2,276.88,1.19627
2025-12-31 09:56,KNID,102472.1,3.9,1.7,95046.8,277.48,1.19329
2025-12-31 10:56,KNID,102438.3,4.4,2.2,95015.4,277.98,1.19075
2025-12-31 11:56,KNID,102370.5,3.3,2.2,94952.6,276.88,1.19469
2025-12-31 12:56,KNID,102336.7,3.3,1.7,94921.2,276.88,1.19429
2025-12-31 13:56,KNID,102370.5,3.9,2.2,94952.6,277.48,1.19211
2025-12-31 14:56,KNID,102370.5,5.0,2.8,94952.6,278.58,1.18740
2025-12-31 15:56,KNID,102404.4,5.0,3.3,94984.0,278.58,1.18779
2025-12-31 16:56,KNID,102438.3,5.0,3.3,95015.4,278.58,1.18818
2025-12-31 17:56,KNID,102472.1,6.1,3.3,95046.8,279.68,1.18390
2025-12-31 18:56,KNID,102404.4,8.3,2.8,94984.0,281.88,1.17389
2025-12-31 19:56,KNID,102268.9,8.9,2.2,94858.3,282.48,1.16984
2025-12-31 20:56,KNID,102167.4,9.4,2.2,94764.1,282.98,1.16662
2025-12-31 21:56,KNID,102099.6,9.4,4.4,94701.3,282.98,1.16584
2025-12-31 22:56,KNID,102099.6,9.4,5.0,94701.3,282.98,1.16584
2025-12-31 23:56,KNID,102099.6,8.9,5.6,94701.3,282.48,1.16791
2026-01-01 00:56,KNID,102099.6,7.8,6.1,94701.3,281.38,1.17247
2026-01-01 01:56,KNID,102133.5,7.8,6.1,94732.7,281.38,1.17286
2026-01-01 02:56,KNID,102099.6,7.2,5.6,94701.3,280.78,1.17498
2026-01-01 03:56,KNID,102099.6,6.7,5.6,94701.3,280.28,1.17707
2026-01-01 04:56,KNID,102099.6,6.7,6.1,94701.3,280.28,1.17707
2026-01-01 05:56,KNID,102133.5,6.1,6.1,94732.7,279.68,1.17999
2026-01-01 06:56,KNID,102133.5,6.1,6.1,94732.7,279.68,1.17999
2026-01-01 07:56,KNID,102065.8,6.1,6.1,94669.9,279.68,1.17921
2026-01-01 08:56,KNID,102031.9,6.7,6.1,94638.5,280.28,1.17629
2026-01-01 09:56,KNID,102031.9,6.7,6.1,94638.5,280.28,1.17629
2026-01-01 10:56,KNID,101964.2,6.7,6.1,94575.7,280.28,1.17551
2026-01-01 11:56,KNID,101930.3,6.1,6.1,94544.2,279.68,1.17764
2026-01-01 12:56,KNID,101930.3,6.7,6.1,94544.2,280.28,1.17512
2026-01-01 13:56,KNID,101964.2,6.7,6.1,94575.7,280.28,1.17551
2026-01-01 14:56,KNID,101964.2,6.7,6.7,94575.7,280.28,1.17551
2026-01-01 15:56,KNID,101998.0,6.7,6.7,94607.1,280.28,1.17590
2026-01-01 16:56,KNID,101998.0,7.2,6.7,94607.1,280.78,1.17381
2026-01-01 17:56,KNID,102031.9,7.2,6.7,94638.5,280.78,1.17420
2026-01-01 18:56,KNID,101998.0,7.8,7.2,94607.1,281.38,1.17130
2026-01-01 19:56,KNID,101930.3,8.3,7.2,94544.2,281.88,1.16845
2026-01-01 20:56,KNID,101828.7,8.9,7.8,94450.0,282.48,1.16481
2026-01-01 21:56,KNID,101794.9,10.0,8.3,94418.6,283.58,1.15990
2026-01-01 22:56,KNID,101828.7,10.6,8.3,94450.0,284.18,1.15784
2026-01-01 23:56,KNID,101794.9,10.6,8.9,94418.6,284.18,1.15745
2026-01-02 00:56,KNID,101794.9,10.6,7.8,94418.6,284.18,1.15745
2026-01-02 01:56,KNID,101794.9,10.0,7.8,94418.6,283.58,1.15990
2026-01-02 02:56,KNID,101828.7,8.9,7.2,94450.0,282.48,1.16481
2026-01-02 03:56,KNID,101828.7,8.3,7.2,94450.0,281.88,1.16729
2026-01-02 04:56,KNID,101862.6,6.1,6.1,94481.4,279.68,1.17686
2026-01-02 05:56,KNID,101896.4,5.6,5.6,94512.8,279.18,1.17936
2026-01-02 06:56,KNID,101930.3,5.0,5.0,94544.2,278.58,1.18229
2026-01-02 07:56,KNID,101896.4,4.4,4.4,94512.8,277.98,1.18445
2026-01-02 08:56,KNID,101930.3,4.4,4.4,94544.2,277.98,1.18484
2026-01-02 09:56,KNID,101998.0,4.4,3.9,94607.1,277.98,1.18563
2026-01-02 10:56,KNID,102031.9,4.4,4.4,94638.5,277.98,1.18602
2026-01-02 11:56,KNID,101998.0,5.6,5.6,94607.1,279.18,1.18053
2026-01-02 12:56,KNID,102031.9,4.4,4.4,94638.5,277.98,1.18602
2026-01-02 13:56,KNID,102099.6,4.4,4.4,94701.3,277.98,1.18681
2026-01-02 14:56,KNID,102133.5,5.0,4.4,94732.7,278.58,1.18465
2026-01-02 15:56,KNID,102201.2,5.6,5.0,94795.5,279.18,1.18289
2026-01-02 16:56,KNID,102235.1,6.1,5.6,94826.9,279.68,1.18116
2026-01-02 17:56,KNID,102268.9,7.8,6.7,94858.3,281.38,1.17442
2026-01-02 18:56,KNID,102268.9,10.0,7.2,94858.3,283.58,1.16530
2026-01-02 19:56,KNID,102167.4,11.1,7.8,94764.1,284.68,1.15965
2026-01-02 20:56,KNID,102031.9,12.2,7.2,94638.5,285.78,1.15365
2026-01-02 21:56,KNID,101930.3,12.8,6.7,94544.2,286.38,1.15009
2026-01-02 22:56,KNID,101930.3,12.8,7.2,94544.2,286.38,1.15009
2026-01-02 23:56,KNID,101930.3,12.2,7.2,94544.2,285.78,1.15250
2026-01-03 00:56,KNID,101896.4,12.2,7.8,94512.8,285.78,1.15212
2026-01-03 01:56,KNID,101998.0,11.7,7.8,94607.1,285.28,1.15529
2026-01-03 02:56,KNID,101998.0,11.1,8.3,94607.1,284.68,1.15773
2026-01-03 03:56,KNID,102031.9,10.6,8.3,94638.5,284.18,1.16015
2026-01-03 04:56,KNID,101998.0,10.0,8.9,94607.1,283.58,1.16222
2026-01-03 05:56,KNID,102031.9,10.0,8.9,94638.5,283.58,1.16260
2026-01-03 06:56,KNID,101998.0,10.0,8.9,94607.1,283.58,1.16222
2026-01-03 07:56,KNID,101930.3,10.0,8.9,94544.2,283.58,1.16145
2026-01-03 08:56,KNID,101896.4,9.4,8.9,94512.8,282.98,1.16352
2026-01-03 09:56,KNID,101896.4,9.4,8.9,94512.8,282.98,1.16352
2026-01-03 10:56,KNID,101896.4,9.4,8.9,94512.8,282.98,1.16352
2026-01-03 11:56,KNID,101828.7,9.4,8.9,94450.0,282.98,1.16275
2026-01-03 12:56,KNID,101761.0,9.4,8.9,94387.2,282.98,1.16197
2026-01-03 13:56,KNID,101761.0,9.4,8.9,94387.2,282.98,1.16197
2026-01-03 14:56,KNID,101794.9,10.0,8.9,94418.6,283.58,1.15990
2026-01-03 15:56,KNID,101794.9,10.0,8.9,94418.6,283.58,1.15990
2026-01-03 16:56,KNID,101828.7,10.6,9.4,94450.0,284.18,1.15784
2026-01-03 17:56,KNID,101862.6,11.7,8.9,94481.4,285.28,1.15376
2026-01-03 18:56,KNID,101794.9,12.2,9.4,94418.6,285.78,1.15097
2026-01-03 19:56,KNID,101625.5,12.8,9.4,94261.6,286.38,1.14665
2026-01-03 20:56,KNID,101490.1,12.8,9.4,94135.9,286.38,1.14512
2026-01-03 21:56,KNID,101625.5,11.1,10.0,94261.6,284.68,1.15350
2026-01-03 22:56,KNID,101557.8,11.1,10.6,94198.7,284.68,1.15273
2026-01-03 23:56,KNID,101523.9,11.1,10.6,94167.3,284.68,1.15235
2026-01-04 00:56,KNID,101490.1,10.6,9.4,94135.9,284.18,1.15399
2026-01-04 01:56,KNID,101523.9,10.0,8.9,94167.3,283.58,1.15682
2026-01-04 02:56,KNID,101557.8,8.9,8.3,94198.7,282.48,1.16171
2026-01-04 03:56,KNID,101557.8,8.3,7.8,94198.7,281.88,1.16418
2026-01-04 04:56,KNID,101557.8,7.2,7.2,94198.7,280.78,1.16874
2026-01-04 05:56,KNID,101591.7,6.7,6.1,94230.1,280.28,1.17122
2026-01-04 06:56,KNID,101591.7,7.2,6.7,94230.1,280.78,1.16913
2026-01-04 07:56,KNID,101557.8,6.7,6.1,94198.7,280.28,1.17083
2026-01-04 08:56,KNID,101490.1,8.9,7.2,94135.9,282.48,1.16093
2026-01-04 09:56,KNID,101523.9,6.7,6.7,94167.3,280.28,1.17044
2026-01-04 10:56,KNID,101490.1,6.1,6.1,94135.9,279.68,1.17256
2026-01-04 11:56,KNID,101422.4,8.9,6.7,94073.1,282.48,1.16016
2026-01-04 12:56,KNID,101388.5,9.4,6.7,94041.7,282.98,1.15772
2026-01-04 13:56,KNID,101422.4,10.0,7.2,94073.1,283.58,1.15566
2026-01-04 14:56,KNID,101422.4,10.0,7.2,94073.1,283.58,1.15566
2026-01-04 15:56,KNID,101456.2,10.6,7.2,94104.5,284.18,1.15360
2026-01-04 16:56,KNID,101523.9,11.7,8.3,94167.3,285.28,1.14992
2026-01-04 17:56,KNID,101557.8,12.2,7.8,94198.7,285.78,1.14829
2026-01-04 18:56,KNID,101490.1,13.3,7.8,94135.9,286.88,1.14313
2026-01-04 19:56,KNID,101422.4,14.4,8.3,94073.1,287.98,1.13800
2026-01-04 20:56,KNID,101286.9,13.9,8.3,93947.5,287.48,1.13846
2026-01-04 21:56,KNID,101253.0,13.3,7.8,93916.0,286.88,1.14046
2026-01-04 22:56,KNID,101219.2,12.8,7.2,93884.6,286.38,1.14207
2026-01-04 23:56,KNID,101219.2,12.2,6.7,93884.6,285.78,1.14446
2026-01-05 00:56,KNID,101185.3,11.7,6.1,93853.2,285.28,1.14609
2026-01-05 01:56,KNID,101253.0,11.1,6.1,93916.0,284.68,1.14927
2026-01-05 02:56,KNID,101286.9,10.6,5.6,93947.5,284.18,1.15168
2026-01-05 03:56,KNID,101354.6,11.1,5.0,94010.3,284.68,1.15042
2026-01-05 04:56,KNID,101354.6,11.1,3.9,94010.3,284.68,1.15042
2026-01-05 05:56,KNID,101422.4,10.0,2.8,94073.1,283.58,1.15566
2026-01-05 06:56,KNID,101456.2,8.9,2.8,94104.5,282.48,1.16055
2026-01-05 07:56,KNID,101490.1,8.9,2.8,94135.9,282.48,1.16093
2026-01-05 08:56,KNID,101456.2,8.3,2.2,94104.5,281.88,1.16302
2026-01-05 09:56,KNID,101490.1,7.8,1.1,94135.9,281.38,1.16547
2026-01-05 10:56,KNID,101456.2,6.7,1.1,94104.5,280.28,1.16965
2026-01-05 11:56,KNID,101422.4,5.6,0.6,94073.1,279.18,1.17387
2026-01-05 12:56,KNID,101456.2,7.2,0.0,94104.5,280.78,1.16757
2026-01-05 13:56,KNID,101490.1,7.8,-0.6,94135.9,281.38,1.16547
2026-01-05 14:56,KNID,101591.7,2.8,0.6,94230.1,276.38,1.18774
2026-01-05 15:56,KNID,101625.5,5.0,1.1,94261.6,278.58,1.17876
2026-01-05 16:56,KNID,101693.3,7.8,1.7,94324.4,281.38,1.16780
2026-01-05 17:56,KNID,101761.0,8.9,1.7,94387.2,282.48,1.16403
2026-01-05 18:56,KNID,101761.0,12.8,2.2,94387.2,286.38,1.14818
2026-01-05 19:56,KNID,101659.4,14.4,2.2,94293.0,287.98,1.14066
2026-01-05 20:56,KNID,101591.7,14.4,3.9,94230.1,287.98,1.13990
2026-01-05 21:56,KNID,101557.8,14.4,3.9,94198.7,287.98,1.13952
2026-01-05 22:56,KNID,101591.7,14.4,3.9,94230.1,287.98,1.13990
2026-01-05 23:56,KNID,101625.5,12.8,3.9,94261.6,286.38,1.14665
2026-01-06 00:56,KNID,101625.5,11.7,3.9,94261.6,285.28,1.15107
2026-01-06 01:56,KNID,101727.1,11.1,3.9,94355.8,284.68,1.15465
2026-01-06 02:56,KNID,101794.9,10.6,3.9,94418.6,284.18,1.15745
2026-01-06 03:56,KNID,101828.7,9.4,4.4,94450.0,282.98,1.16275
2026-01-06 04:56,KNID,101896.4,8.9,4.4,94512.8,282.48,1.16558
2026-01-06 05:56,KNID,101930.3,7.8,3.9,94544.2,281.38,1.17053
2026-01-06 06:56,KNID,101964.2,6.7,3.9,94575.7,280.28,1.17551
2026-01-06 07:56,KNID,101964.2,5.6,3.3,94575.7,279.18,1.18014
2026-01-06 08:56,KNID,101964.2,3.9,2.8,94575.7,277.48,1.18737
2026-01-06 09:56,KNID,101964.2,2.8,1.7,94575.7,276.38,1.19210
2026-01-06 10:56,KNID,101998.0,2.8,1.7,94607.1,276.38,1.19249
2026-01-06 11:56,KNID,101964.2,3.9,2.2,94575.7,277.48,1.18737
2026-01-06 12:56,KNID,101964.2,3.3,2.2,94575.7,276.88,1.18995
2026-01-06 13:56,KNID,102031.9,2.8,1.7,94638.5,276.38,1.19289
2026-01-06 14:56,KNID,102065.8,2.8,1.7,94669.9,276.38,1.19329
2026-01-06 15:56,KNID,102133.5,3.3,2.2,94732.7,276.88,1.19192
2026-01-06 16:56,KNID,102201.2,5.0,3.3,94795.5,278.58,1.18543
2026-01-06 17:56,KNID,102201.2,7.2,4.4,94795.5,280.78,1.17615
2026-01-06 18:56,KNID,102167.4,8.9,3.9,94764.1,282.48,1.16868
2026-01-06 19:56,KNID,102099.6,9.4,4.4,94701.3,282.98,1.16584
2026-01-06 20:56,KNID,101964.2,11.1,4.4,94575.7,284.68,1.15734
2026-01-06 21:56,KNID,101896.4,12.2,3.3,94512.8,285.78,1.15212
2026-01-06 22:56,KNID,101862.6,12.8,3.3,94481.4,286.38,1.14933
2026-01-06 23:56,KNID,101862.6,12.8,3.9,94481.4,286.38,1.14933
2026-01-07 00:56,KNID,101896.4,10.6,4.4,94512.8,284.18,1.15861
2026-01-07 01:56,KNID,101862.6,8.9,5.6,94481.4,282.48,1.16519
2026-01-07 02:56,KNID,101896.4,7.2,5.0,94512.8,280.78,1.17264
2026-01-07 03:56,KNID,101930.3,6.1,4.4,94544.2,279.68,1.17764
2026-01-07 04:56,KNID,101896.4,6.1,3.9,94512.8,279.68,1.17725
2026-01-07 05:56,KNID,101896.4,4.4,3.3,94512.8,277.98,1.18445
2026-01-07 06:56,KNID,101862.6,4.4,2.8,94481.4,277.98,1.18406
2026-01-07 07:56,KNID,101794.9,3.3,2.2,94418.6,276.88,1.18797
2026-01-07 08:56,KNID,101727.1,2.8,1.7,94355.8,276.38,1.18933
2026-01-07 09:56,KNID,101693.3,2.2,1.1,94324.4,275.78,1.19152
2026-01-07 10:56,KNID,101659.4,1.1,0.6,94293.0,274.68,1.19589
2026-01-07 11:56,KNID,101625.5,1.1,0.6,94261.6,274.68,1.19549
2026-01-07 12:56,KNID,101557.8,1.1,0.6,94198.7,274.68,1.19470
2026-01-07 13:56,KNID,101557.8,-0.6,-1.1,94198.7,272.98,1.20214
2026-01-07 14:56,KNID,101591.7,0.0,0.0,94230.1,273.58,1.19990
2026-01-07 15:56,KNID,101591.7,1.1,1.1,94230.1,274.68,1.19509
2026-01-07 16:56,KNID,101625.5,3.3,3.3,94261.6,276.88,1.18599
2026-01-07 17:56,KNID,101625.5,5.6,4.4,94261.6,279.18,1.17622
2026-01-07 18:56,KNID,101557.8,7.2,3.9,94198.7,280.78,1.16874
2026-01-07 19:56,KNID,101456.2,10.0,3.9,94104.5,283.58,1.15604
2026-01-07 20:56,KNID,101286.9,11.7,3.9,93947.5,285.28,1.14724
2026-01-07 21:56,KNID,101253.0,12.8,3.3,93916.0,286.38,1.14245
2026-01-07 22:56,KNID,101185.3,12.2,3.3,93853.2,285.78,1.14408
2026-01-07 23:56,KNID,101219.2,12.8,2.8,93884.6,286.38,1.14207
2026-01-08 00:56,KNID,101219.2,11.1,5.0,93884.6,284.68,1.14889
2026-01-08 01:56,KNID,101286.9,8.3,5.0,93947.5,281.88,1.16107
2026-01-08 02:56,KNID,101320.8,7.2,4.4,93978.9,280.78,1.16601
2026-01-08 03:56,KNID,101320.8,5.0,3.9,93978.9,278.58,1.17522
2026-01-08 04:56,KNID,101354.6,3.3,2.8,94010.3,276.88,1.18283
2026-01-08 05:56,KNID,101388.5,3.3,2.2,94041.7,276.88,1.18323
2026-01-08 06:56,KNID,101388.5,3.3,1.7,94041.7,276.88,1.18323
2026-01-08 07:56,KNID,101354.6,2.2,1.7,94010.3,275.78,1.18755
2026-01-08 08:56,KNID,101320.8,2.2,1.7,93978.9,275.78,1.18715
2026-01-08 09:56,KNID,101286.9,2.8,2.2,93947.5,276.38,1.18418
2026-01-08 10:56,KNID,101185.3,10.0,-0.6,93853.2,283.58,1.15296
2026-01-08 11:56,KNID,101151.4,10.0,-2.2,93821.8,283.58,1.15257
2026-01-08 12:56,KNID,101253.0,9.4,-3.3,93916.0,282.98,1.15617
2026-01-08 13:56,KNID,101320.8,7.2,-0.6,93978.9,280.78,1.16601
2026-01-08 14:56,KNID,101388.5,7.2,-2.8,94041.7,280.78,1.16679
2026-01-08 15:56,KNID,101456.2,6.7,-0.6,94104.5,280.28,1.16965
2026-01-08 16:56,KNID,101456.2,10.0,-3.3,94104.5,283.58,1.15604
2026-01-08 17:56,KNID,101591.7,11.1,-5.0,94230.1,284.68,1.15311
2026-01-08 18:56,KNID,101625.5,12.8,-5.6,94261.6,286.38,1.14665
2026-01-08 19:56,KNID,101625.5,12.8,-6.7,94261.6,286.38,1.14665
2026-01-08 20:56,KNID,101591.7,12.8,-6.7,94230.1,286.38,1.14627
2026-01-08 21:56,KNID,101659.4,12.2,-6.1,94293.0,285.78,1.14944
2026-01-08 22:56,KNID,101761.0,11.7,-7.2,94387.2,285.28,1.15261
2026-01-08 23:56,KNID,101828.7,11.1,-8.3,94450.0,284.68,1.15580
2026-01-09 00:56,KNID,101964.2,8.9,-7.8,94575.7,282.48,1.16636
2026-01-09 01:56,KNID,102201.2,6.7,-6.7,94795.5,280.28,1.17824
2026-01-09 02:56,KNID,102302.8,5.0,-7.2,94889.8,278.58,1.18661
2026-01-09 03:56,KNID,102370.5,6.1,-9.4,94952.6,279.68,1.18273
2026-01-09 04:56,KNID,102404.4,5.0,-8.3,94984.0,278.58,1.18779
2026-01-09 05:56,KNID,102573.7,5.0,-9.4,95141.0,278.58,1.18975
2026-01-09 06:56,KNID,102641.5,5.0,-10.0,95203.9,278.58,1.19054
2026-01-09 07:56,KNID,102641.5,3.3,-9.4,95203.9,276.88,1.19785
2026-01-09 08:56,KNID,102607.6,3.9,-10.0,95172.4,277.48,1.19487
2026-01-09 09:56,KNID,102709.2,3.3,-9.4,95266.7,276.88,1.19864
2026-01-09 10:56,KNID,102776.9,1.7,-8.3,95329.5,275.28,1.20640
2026-01-09 11:56,KNID,102810.8,0.0,-7.8,95360.9,273.58,1.21430
2026-01-09 12:56,KNID,102878.5,0.6,-7.8,95423.7,274.18,1.21244
2026-01-09 13:56,KNID,103014.0,0.6,-7.8,95549.4,274.18,1.21404
2026-01-09 14:56,KNID,103115.5,0.0,-7.2,95643.6,273.58,1.21790
2026-01-09 15:56,KNID,103149.4,0.0,-7.2,95675.0,273.58,1.21830
2026-01-09 16:56,KNID,103217.1,1.7,-6.1,95737.8,275.28,1.21157
2026-01-09 17:56,KNID,103251.0,5.0,-6.1,95769.2,278.58,1.19761
2026-01-09 18:56,KNID,103284.9,7.8,-10.0,95800.6,281.38,1.18608
2026-01-09 19:56,KNID,103217.1,9.4,-10.0,95737.8,282.98,1.17860
2026-01-09 20:56,KNID,103149.4,10.0,-10.0,95675.0,283.58,1.17534
2026-01-09 21:56,KNID,103115.5,11.1,-8.9,95643.6,284.68,1.17041
2026-01-09 22:56,KNID,103115.5,11.1,-9.4,95643.6,284.68,1.17041
2026-01-09 23:56,KNID,103149.4,10.6,-7.8,95675.0,284.18,1.17286
2026-01-10 00:56,KNID,103183.3,8.3,-6.1,95706.4,281.88,1.18281
2026-01-10 01:56,KNID,103284.9,5.0,-4.4,95800.6,278.58,1.19800
2026-01-10 02:56,KNID,103352.6,3.9,-3.3,95863.5,277.48,1.20354
2026-01-10 03:56,KNID,103386.5,2.2,-3.3,95894.9,275.78,1.21136
2026-01-10 04:56,KNID,103454.2,1.1,-3.3,95957.7,274.68,1.21700
2026-01-10 05:56,KNID,103521.9,0.6,-3.9,96020.5,274.18,1.22002
2026-01-10 06:56,KNID,103555.8,-1.7,-3.9,96051.9,271.88,1.23075
2026-01-10 07:56,KNID,103589.6,-1.1,-3.9,96083.3,272.48,1.22844
2026-01-10 08:56,KNID,103589.6,-1.1,-4.4,96083.3,272.48,1.22844
2026-01-10 09:56,KNID,103623.5,-1.7,-4.4,96114.7,271.88,1.23155
2026-01-10 10:56,KNID,103555.8,-2.2,-5.0,96051.9,271.38,1.23301
2026-01-10 11:56,KNID,103521.9,-2.2,-5.0,96020.5,271.38,1.23261
2026-01-10 12:56,KNID,103555.8,-2.8,-5.6,96051.9,270.78,1.23575
2026-01-10 13:56,KNID,103623.5,-3.9,-5.6,96114.7,269.68,1.24160
2026-01-10 14:56,KNID,103657.4,-3.3,-5.6,96146.2,270.28,1.23925
2026-01-10 15:56,KNID,103657.4,-2.2,-4.4,96146.2,271.38,1.23422
2026-01-10 16:56,KNID,103725.1,0.6,-3.9,96209.0,274.18,1.22242
2026-01-10 17:56,KNID,103725.1,2.8,-2.8,96209.0,276.38,1.21269
2026-01-10 18:56,KNID,103657.4,5.0,-2.8,96146.2,278.58,1.20232
2026-01-10 19:56,KNID,103521.9,8.3,-3.9,96020.5,281.88,1.18670
2026-01-10 20:56,KNID,103386.5,11.1,-4.4,95894.9,284.68,1.17349
2026-01-10 21:56,KNID,103318.7,12.2,-6.7,95832.1,285.78,1.16820
2026-01-10 22:56,KNID,103284.9,12.8,-7.8,95800.6,286.38,1.16537
2026-01-10 23:56,KNID,103251.0,11.7,-5.6,95769.2,285.28,1.16948
2026-01-11 00:56,KNID,103251.0,10.0,-3.9,95769.2,283.58,1.17649
2026-01-11 01:56,KNID,103284.9,6.7,-2.2,95800.6,280.28,1.19074
2026-01-11 02:56,KNID,103318.7,3.9,-1.7,95832.1,277.48,1.20315
2026-01-11 03:56,KNID,103318.7,2.2,-1.7,95832.1,275.78,1.21056
2026-01-11 04:56,KNID,103318.7,2.2,-2.2,95832.1,275.78,1.21056
2026-01-11 05:56,KNID,103318.7,1.7,-2.8,95832.1,275.28,1.21276
2026-01-11 06:56,KNID,103284.9,0.6,-2.2,95800.6,274.18,1.21723
2026-01-11 07:56,KNID,103284.9,-1.1,-2.8,95800.6,272.48,1.22482
2026-01-11 08:56,KNID,103217.1,0.0,-3.3,95737.8,273.58,1.21910
2026-01-12 00:56,KNID,102810.8,11.1,0.0,95360.9,284.68,1.16695
2026-01-12 01:56,KNID,102844.6,9.4,-1.1,95392.3,282.98,1.17435
2026-01-12 02:56,KNID,102878.5,5.0,0.0,95423.7,278.58,1.19329
2026-01-12 03:56,KNID,102912.4,3.3,0.0,95455.1,276.88,1.20101
2026-01-12 04:56,KNID,102912.4,3.3,-0.6,95455.1,276.88,1.20101
2026-01-12 05:56,KNID,102946.2,3.3,-1.1,95486.5,276.88,1.20141
2026-01-12 06:56,KNID,102980.1,2.8,-1.1,95518.0,276.38,1.20398
2026-01-12 07:56,KNID,102946.2,0.6,-1.1,95486.5,274.18,1.21324
2026-01-12 08:56,KNID,102912.4,1.1,-1.7,95455.1,274.68,1.21063
2026-01-12 09:56,KNID,102912.4,0.0,-2.2,95455.1,273.58,1.21550
2026-01-12 10:56,KNID,102912.4,-0.6,-2.2,95455.1,272.98,1.21817
2026-01-12 11:56,KNID,102912.4,-1.1,-2.8,95455.1,272.48,1.22041
2026-01-12 12:56,KNID,102912.4,-1.7,-3.3,95455.1,271.88,1.22310
2026-01-12 13:56,KNID,102946.2,-2.2,-3.3,95486.5,271.38,1.22576
2026-01-12 14:56,KNID,102980.1,-2.2,-3.3,95518.0,271.38,1.22616
2026-01-12 15:56,KNID,103014.0,-1.1,-2.8,95549.4,272.48,1.22161
2026-01-12 16:56,KNID,103047.8,2.2,-1.7,95580.8,275.78,1.20739
2026-01-12 17:56,KNID,103047.8,6.7,0.6,95580.8,280.28,1.18800
2026-01-12 18:56,KNID,102980.1,9.4,1.1,95518.0,282.98,1.17590
2026-01-12 19:56,KNID,102878.5,12.8,1.7,95423.7,286.38,1.16079
2026-01-12 20:56,KNID,102776.9,14.4,1.1,95329.5,287.98,1.15320
2026-01-12 21:56,KNID,102709.2,16.1,0.6,95266.7,289.68,1.14568
2026-01-12 22:56,KNID,102675.3,16.7,-1.7,95235.3,290.28,1.14293
2026-01-12 23:56,KNID,102675.3,16.7,-2.2,95235.3,290.28,1.14293
2026-01-13 00:56,KNID,102709.2,13.3,1.1,95266.7,286.88,1.15686
2026-01-13 01:56,KNID,102709.2,10.6,0.0,95266.7,284.18,1.16785
2026-01-13 02:56,KNID,102743.0,5.6,1.7,95298.1,279.18,1.18916
2026-01-13 03:56,KNID,102776.9,4.4,0.6,95329.5,277.98,1.19468
2026-01-13 04:56,KNID,102743.0,4.4,0.0,95298.1,277.98,1.19429
2026-01-13 05:56,KNID,102776.9,2.8,0.0,95329.5,276.38,1.20160
2026-01-13 06:56,KNID,102776.9,2.8,-0.6,95329.5,276.38,1.20160
2026-01-13 07:56,KNID,102776.9,3.3,-1.1,95329.5,276.88,1.19943
2026-01-13 08:56,KNID,102810.8,2.8,-1.1,95360.9,276.38,1.20200
2026-01-13 09:56,KNID,102810.8,1.7,-1.7,95360.9,275.28,1.20680
2026-01-13 10:56,KNID,102776.9,0.0,-1.7,95329.5,273.58,1.21390
2026-01-13 11:56,KNID,102810.8,-0.6,-1.7,95360.9,272.98,1.21697
2026-01-13 12:56,KNID,102810.8,0.6,-1.7,95360.9,274.18,1.21164
2026-01-13 13:56,KNID,102844.6,1.7,-2.2,95392.3,275.28,1.20720
2026-01-13 14:56,KNID,102844.6,1.1,-2.2,95392.3,274.68,1.20983
2026-01-13 15:56,KNID,102844.6,3.9,-1.7,95392.3,277.48,1.19763
2026-01-13 16:56,KNID,102878.5,10.0,-1.1,95423.7,283.58,1.17225
2026-01-13 17:56,KNID,102878.5,16.7,-0.6,95423.7,290.28,1.14519
2026-01-13 18:56,KNID,102810.8,18.9,-3.9,95360.9,292.48,1.13583
2026-01-13 19:56,KNID,102743.0,18.9,-3.9,95298.1,292.48,1.13508
2026-01-13 20:56,KNID,102607.6,20.0,-3.3,95172.4,293.58,1.12934
2026-01-13 21:56,KNID,102573.7,20.6,-4.4,95141.0,294.18,1.12666
2026-01-13 22:56,KNID,102539.9,20.6,-3.9,95109.6,294.18,1.12629
2026-01-13 23:56,KNID,102539.9,20.0,-1.1,95109.6,293.58,1.12859
2026-01-14 00:56,KNID,102573.7,16.7,0.6,95141.0,290.28,1.14180
2026-01-14 01:56,KNID,102675.3,12.2,1.1,95235.3,285.78,1.16093
2026-01-14 02:56,KNID,102675.3,8.3,2.8,95235.3,281.88,1.17699
2026-01-14 03:56,KNID,102709.2,8.3,1.1,95266.7,281.88,1.17738
2026-01-14 04:56,KNID,102709.2,7.8,0.6,95266.7,281.38,1.17947
2026-01-14 05:56,KNID,102709.2,6.7,0.6,95266.7,280.28,1.18410
2026-01-14 06:56,KNID,102709.2,7.2,0.0,95266.7,280.78,1.18199
2026-01-14 07:56,KNID,102709.2,5.6,0.0,95266.7,279.18,1.18877
2026-01-14 08:56,KNID,102675.3,3.9,0.6,95235.3,277.48,1.19565
2026-01-14 09:56,KNID,102709.2,3.3,0.0,95266.7,276.88,1.19864
2026-01-14 10:56,KNID,102675.3,5.6,-0.6,95235.3,279.18,1.18837
2026-01-14 11:56,KNID,102641.5,2.2,-0.6,95203.9,275.78,1.20263
2026-01-14 12:56,KNID,102607.6,3.3,-0.6,95172.4,276.88,1.19745
2026-01-14 13:56,KNID,102641.5,5.0,-1.7,95203.9,278.58,1.19054
2026-01-14 14:56,KNID,102675.3,1.7,-1.1,95235.3,275.28,1.20521
2026-01-14 15:56,KNID,102709.2,8.3,-1.7,95266.7,281.88,1.17738
2026-01-14 16:56,KNID,102743.0,11.1,2.2,95298.1,284.68,1.16618
2026-01-14 17:56,KNID,102776.9,13.9,2.8,95329.5,287.48,1.15521
2026-01-14 18:56,KNID,102709.2,18.3,1.1,95266.7,291.88,1.13704
2026-01-14 19:56,KNID,102607.6,20.6,-2.2,95172.4,294.18,1.12704
2026-01-14 20:56,KNID,102506.0,22.2,-5.0,95078.2,295.78,1.11983
2026-01-14 21:56,KNID,102438.3,22.2,-3.3,95015.4,295.78,1.11909
2026-01-14 22:56,KNID,102404.4,22.2,-2.8,94984.0,295.78,1.11872
2026-01-14 23:56,KNID,102404.4,21.7,-2.2,94984.0,295.28,1.12061
2026-01-15 00:56,KNID,102404.4,17.8,0.6,94984.0,291.38,1.13561
2026-01-15 01:56,KNID,102404.4,13.3,0.0,94984.0,286.88,1.15343
2026-01-15 02:56,KNID,102438.3,9.4,2.8,95015.4,282.98,1.16971
2026-01-15 03:56,KNID,102472.1,8.9,1.7,95046.8,282.48,1.17217
2026-01-15 04:56,KNID,102472.1,8.9,0.6,95046.8,282.48,1.17217
2026-01-15 05:56,KNID,102506.0,8.9,0.0,95078.2,282.48,1.17255
2026-01-15 06:56,KNID,102506.0,7.8,0.6,95078.2,281.38,1.17714
2026-01-15 07:56,KNID,102438.3,5.0,0.0,95015.4,278.58,1.18818
2026-01-15 08:56,KNID,102404.4,6.1,-0.6,94984.0,279.68,1.18312
2026-01-15 09:56,KNID,102370.5,5.0,0.0,94952.6,278.58,1.18740
2026-01-15 10:56,KNID,102336.7,7.8,-1.7,94921.2,281.38,1.17519
2026-01-15 11:56,KNID,102302.8,6.1,-1.7,94889.8,279.68,1.18195
2026-01-15 12:56,KNID,102302.8,2.2,0.0,94889.8,275.78,1.19866
2026-01-15 13:56,KNID,102336.7,2.8,-1.1,94921.2,276.38,1.19645
2026-01-15 14:56,KNID,102336.7,3.3,-1.7,94921.2,276.88,1.19429
2026-01-15 15:56,KNID,102370.5,5.6,-1.1,94952.6,279.18,1.18485
2026-01-15 16:56,KNID,102404.4,9.4,1.1,94984.0,282.98,1.16932
2026-01-15 17:56,KNID,102404.4,11.1,2.2,94984.0,284.68,1.16234
2026-01-15 18:56,KNID,102336.7,15.0,1.7,94921.2,288.58,1.14587
2026-01-15 19:56,KNID,102201.2,17.8,0.6,94795.5,291.38,1.13336
2026-01-15 20:56,KNID,102099.6,20.6,1.7,94701.3,294.18,1.12146
2026-01-15 21:56,KNID,102031.9,21.7,-3.3,94638.5,295.28,1.11654
2026-01-15 22:56,KNID,101998.0,21.1,-3.3,94607.1,294.68,1.11844
2026-01-15 23:56,KNID,101964.2,20.6,-0.6,94575.7,294.18,1.11997
2026-01-16 00:56,KNID,101964.2,17.2,1.1,94575.7,290.78,1.13306
2026-01-16 01:56,KNID,101964.2,11.7,2.2,94575.7,285.28,1.15491
2026-01-16 02:56,KNID,101964.2,9.4,2.8,94575.7,282.98,1.16430
2026-01-16 03:56,KNID,101998.0,7.8,2.2,94607.1,281.38,1.17130
2026-01-16 04:56,KNID,101998.0,8.3,1.1,94607.1,281.88,1.16923
2026-01-16 05:56,KNID,102031.9,8.3,0.6,94638.5,281.88,1.16961
2026-01-16 06:56,KNID,102065.8,6.1,0.6,94669.9,279.68,1.17921
2026-01-16 07:56,KNID,102031.9,4.4,0.6,94638.5,277.98,1.18602
2026-01-16 08:56,KNID,102065.8,4.4,0.0,94669.9,277.98,1.18642
2026-01-16 09:56,KNID,102065.8,2.2,-0.6,94669.9,275.78,1.19588
2026-01-16 10:56,KNID,102065.8,1.7,0.0,94669.9,275.28,1.19805
2026-01-16 11:56,KNID,102031.9,1.1,-0.6,94638.5,274.68,1.20027
2026-01-16 12:56,KNID,102065.8,0.6,-1.1,94669.9,274.18,1.20286
2026-01-16 13:56,KNID,102099.6,2.2,-1.1,94701.3,275.78,1.19628
2026-01-16 14:56,KNID,102167.4,0.0,-2.2,94764.1,273.58,1.20670
2026-01-16 15:56,KNID,102235.1,5.0,-1.1,94826.9,278.58,1.18583
2026-01-16 16:56,KNID,102268.9,10.6,2.2,94858.3,284.18,1.16284
2026-01-16 17:56,KNID,102336.7,15.0,1.7,94921.2,288.58,1.14587
2026-01-16 18:56,KNID,102302.8,19.4,-4.4,94889.8,292.98,1.12829
2026-01-16 19:56,KNID,102167.4,20.0,-4.4,94764.1,293.58,1.12449
2026-01-16 20:56,KNID,102099.6,20.6,-5.0,94701.3,294.18,1.12146
2026-01-16 21:56,KNID,101998.0,21.1,-5.6,94607.1,294.68,1.11844
2026-01-16 22:56,KNID,101964.2,21.7,-5.6,94575.7,295.28,1.11580
2026-01-16 23:56,KNID,101998.0,20.6,-4.4,94607.1,294.18,1.12034
2026-01-17 00:56,KNID,101998.0,17.8,-1.7,94607.1,291.38,1.13111
2026-01-17 01:56,KNID,102099.6,11.1,0.0,94701.3,284.68,1.15888
2026-01-17 02:56,KNID,102167.4,8.3,1.1,94764.1,281.88,1.17117
2026-01-17 03:56,KNID,102167.4,7.2,0.6,94764.1,280.78,1.17576
2026-01-17 04:56,KNID,102201.2,7.8,-0.6,94795.5,281.38,1.17364
2026-01-17 05:56,KNID,102235.1,6.1,-1.1,94826.9,279.68,1.18116
2026-01-17 06:56,KNID,102302.8,5.0,-1.7,94889.8,278.58,1.18661
2026-01-17 07:56,KNID,102302.8,3.9,-1.7,94889.8,277.48,1.19132
2026-01-17 09:56,KNID,102336.7,3.3,-2.8,94921.2,276.88,1.19429
2026-01-17 10:56,KNID,102302.8,1.7,-2.2,94889.8,275.28,1.20084
2026-01-17 11:56,KNID,102302.8,0.0,-2.2,94889.8,273.58,1.20830
2026-01-17 12:56,KNID,102336.7,1.1,-2.8,94921.2,274.68,1.20386
2026-01-17 13:56,KNID,102404.4,-0.6,-2.8,94984.0,272.98,1.21216
2026-01-17 14:56,KNID,102438.3,0.6,-3.3,95015.4,274.18,1.20725
2026-01-17 15:56,KNID,102506.0,3.3,-2.2,95078.2,276.88,1.19627
2026-01-17 16:56,KNID,102573.7,5.6,-1.1,95141.0,279.18,1.18720
2026-01-17 17:56,KNID,102607.6,10.0,-0.6,95172.4,283.58,1.16916
2026-01-17 18:56,KNID,102607.6,13.9,0.6,95172.4,287.48,1.15330
2026-01-17 19:56,KNID,102506.0,16.1,0.0,95078.2,289.68,1.14341
2026-01-17 20:56,KNID,102404.4,18.3,-1.1,94984.0,291.88,1.13367
2026-01-17 21:56,KNID,102370.5,19.4,-5.0,94952.6,292.98,1.12904
2026-01-17 22:56,KNID,102370.5,20.0,-6.1,94952.6,293.58,1.12673
2026-01-17 23:56,KNID,102370.5,18.9,-2.8,94952.6,292.48,1.13097
2026-01-18 00:56,KNID,102404.4,16.7,-1.7,94984.0,290.28,1.13992
2026-01-18 01:56,KNID,102472.1,10.6,0.6,95046.8,284.18,1.16515
2026-01-18 02:56,KNID,102539.9,7.8,1.1,95109.6,281.38,1.17753
2026-01-18 03:56,KNID,102539.9,6.7,1.1,95109.6,280.28,1.18215
2026-01-18 04:56,KNID,102539.9,7.2,-1.1,95109.6,280.78,1.18004
2026-01-18 05:56,KNID,102539.9,7.2,-1.1,95109.6,280.78,1.18004
2026-01-18 06:56,KNID,102539.9,5.6,-1.1,95109.6,279.18,1.18681
2026-01-18 07:56,KNID,102573.7,5.0,-1.7,95141.0,278.58,1.18975
2026-01-18 08:56,KNID,102539.9,2.8,-1.1,95109.6,276.38,1.19883
2026-01-18 09:56,KNID,102539.9,2.8,-1.1,95109.6,276.38,1.19883
2026-01-18 10:56,KNID,102539.9,2.2,-1.7,95109.6,275.78,1.20144
2026-01-18 11:56,KNID,102506.0,1.7,-1.7,95078.2,275.28,1.20322
2026-01-18 12:56,KNID,102472.1,2.2,-1.7,95046.8,275.78,1.20064
2026-01-18 13:56,KNID,102506.0,-0.6,-2.2,95078.2,272.98,1.21336
2026-01-18 14:56,KNID,102539.9,0.0,-2.2,95109.6,273.58,1.21110
2026-01-18 15:56,KNID,102539.9,3.3,-1.1,95109.6,276.88,1.19666
2026-01-18 16:56,KNID,102573.7,7.8,0.0,95141.0,281.38,1.17792
2026-01-18 17:56,KNID,102607.6,6.7,1.1,95172.4,280.28,1.18293
2026-01-18 18:56,KNID,102539.9,10.0,1.1,95109.6,283.58,1.16839
2026-01-18 19:56,KNID,102404.4,13.3,0.6,94984.0,286.88,1.15343
2026-01-18 20:56,KNID,102235.1,16.7,0.0,94826.9,290.28,1.13803
2026-01-18 21:56,KNID,102133.5,18.3,-2.2,94732.7,291.88,1.13067
2026-01-18 22:56,KNID,102099.6,18.3,-2.8,94701.3,291.88,1.13029
2026-01-18 23:56,KNID,102065.8,16.7,0.6,94669.9,290.28,1.13615
2026-01-19 00:56,KNID,102031.9,13.9,1.1,94638.5,287.48,1.14683
2026-01-19 01:56,KNID,102031.9,10.6,2.8,94638.5,284.18,1.16015
2026-01-19 02:56,KNID,102065.8,7.8,2.8,94669.9,281.38,1.17208
2026-01-19 03:56,KNID,102099.6,6.7,2.2,94701.3,280.28,1.17707
2026-01-19 04:56,KNID,102099.6,6.1,1.7,94701.3,279.68,1.17960
2026-01-19 05:56,KNID,102133.5,5.0,1.1,94732.7,278.58,1.18465
2026-01-19 06:56,KNID,102133.5,4.4,0.6,94732.7,277.98,1.18721
2026-01-19 07:56,KNID,102099.6,3.9,0.0,94701.3,277.48,1.18895
2026-01-19 08:56,KNID,102099.6,3.9,-0.6,94701.3,277.48,1.18895
2026-01-19 09:56,KNID,102133.5,1.1,-1.1,94732.7,274.68,1.20147
2026-01-19 10:56,KNID,102133.5,1.1,-1.1,94732.7,274.68,1.20147
2026-01-19 11:56,KNID,102065.8,1.1,-1.1,94669.9,274.68,1.20067
2026-01-19 12:56,KNID,102031.9,1.7,-1.1,94638.5,275.28,1.19766
2026-01-19 13:56,KNID,102099.6,0.6,-1.7,94701.3,274.18,1.20326
2026-01-19 14:56,KNID,102133.5,-0.6,-2.2,94732.7,272.98,1.20895
2026-01-19 15:56,KNID,102167.4,2.8,-1.1,94764.1,276.38,1.19447
2026-01-19 16:56,KNID,102235.1,6.1,0.6,94826.9,279.68,1.18116
2026-01-19 17:56,KNID,102268.9,10.0,1.1,94858.3,283.58,1.16530
2026-01-19 18:56,KNID,102268.9,12.2,1.7,94858.3,285.78,1.15633
2026-01-19 19:56,KNID,102167.4,14.4,1.7,94764.1,287.98,1.14636
2026-01-19 20:56,KNID,102099.6,16.7,2.2,94701.3,290.28,1.13652
2026-01-19 21:56,KNID,102065.8,18.3,2.2,94669.9,291.88,1.12992
2026-01-19 22:56,KNID,102031.9,20.0,-3.3,94638.5,293.58,1.12300
2026-01-19 23:56,KNID,102031.9,19.4,-3.3,94638.5,292.98,1.12530
2026-01-20 01:56,KNID,102133.5,11.7,1.7,94732.7,285.28,1.15683
2026-01-20 02:56,KNID,102201.2,8.3,2.2,94795.5,281.88,1.17156
2026-01-20 03:56,KNID,102235.1,6.7,1.7,94826.9,280.28,1.17863
2026-01-20 04:56,KNID,102268.9,6.7,1.7,94858.3,280.28,1.17902
2026-01-20 05:56,KNID,102302.8,7.2,0.0,94889.8,280.78,1.17731
2026-01-20 06:56,KNID,102370.5,5.0,0.0,94952.6,278.58,1.18740
2026-01-20 07:56,KNID,102370.5,3.9,-0.6,94952.6,277.48,1.19211
2026-01-20 08:56,KNID,102336.7,3.3,-1.1,94921.2,276.88,1.19429
2026-01-20 09:56,KNID,102336.7,2.2,-1.1,94921.2,275.78,1.19906
2026-01-20 10:56,KNID,102336.7,1.7,-1.7,94921.2,275.28,1.20123
2026-01-20 11:56,KNID,102336.7,1.1,-1.7,94921.2,274.68,1.20386
2026-01-20 12:56,KNID,102336.7,1.1,-1.7,94921.2,274.68,1.20386
2026-01-20 13:56,KNID,102370.5,0.0,-2.2,94952.6,273.58,1.20910
2026-01-20 14:56,KNID,102404.4,0.6,-2.2,94984.0,274.18,1.20685
2026-01-20 15:56,KNID,102438.3,2.8,-1.1,95015.4,276.38,1.19764
2026-01-20 16:56,KNID,102472.1,7.8,0.0,95046.8,281.38,1.17675
2026-01-20 17:56,KNID,102506.0,8.3,1.1,95078.2,281.88,1.17505
2026-01-20 18:56,KNID,102438.3,11.7,2.2,95015.4,285.28,1.16028
2026-01-20 19:56,KNID,102370.5,15.0,1.7,94952.6,288.58,1.14625
2026-01-20 20:56,KNID,102268.9,17.2,0.6,94858.3,290.78,1.13645
2026-01-20 21:56,KNID,102167.4,17.2,0.0,94764.1,290.78,1.13532
2026-01-20 22:56,KNID,102133.5,17.8,-1.1,94732.7,291.38,1.13261
2026-01-20 23:56,KNID,102133.5,17.8,-0.6,94732.7,291.38,1.13261
2026-01-21 00:56,KNID,102133.5,14.4,0.6,94732.7,287.98,1.14598
2026-01-21 01:56,KNID,102133.5,12.2,0.6,94732.7,285.78,1.15480
2026-01-21 02:56,KNID,102167.4,10.0,1.1,94764.1,283.58,1.16415
2026-01-21 03:56,KNID,102235.1,8.3,2.8,94826.9,281.88,1.17194
2026-01-21 04:56,KNID,102235.1,7.2,2.2,94826.9,280.78,1.17654
2026-01-21 05:56,KNID,102268.9,6.7,1.7,94858.3,280.28,1.17902
2026-01-21 06:56,KNID,102268.9,6.7,1.1,94858.3,280.28,1.17902
2026-01-21 07:56,KNID,102268.9,6.1,1.1,94858.3,279.68,1.18155
2026-01-21 08:56,KNID,102167.4,3.9,1.7,94764.1,277.48,1.18974
2026-01-21 09:56,KNID,102201.2,5.0,1.1,94795.5,278.58,1.18543
2026-01-21 10:56,KNID,102167.4,5.0,1.1,94764.1,278.58,1.18504
2026-01-21 11:56,KNID,102167.4,5.0,0.6,94764.1,278.58,1.18504
2026-01-21 12:56,KNID,102201.2,3.3,0.6,94795.5,276.88,1.19271
2026-01-21 13:56,KNID,102201.2,1.7,0.0,94795.5,275.28,1.19964
2026-01-21 14:56,KNID,102268.9,2.2,0.0,94858.3,275.78,1.19826
2026-01-21 15:56,KNID,102268.9,2.8,0.0,94858.3,276.38,1.19566
2026-01-21 16:56,KNID,102302.8,5.0,0.6,94889.8,278.58,1.18661
2026-01-21 17:56,KNID,102336.7,7.2,1.1,94921.2,280.78,1.17770
2026-01-21 18:56,KNID,102268.9,11.1,1.7,94858.3,284.68,1.16080
2026-01-21 19:56,KNID,102167.4,12.8,1.7,94764.1,286.38,1.15276
2026-01-21 20:56,KNID,102065.8,15.0,1.1,94669.9,288.58,1.14284
2026-01-21 21:56,KNID,101998.0,15.0,1.7,94607.1,288.58,1.14208
2026-01-21 22:56,KNID,101964.2,15.0,1.7,94575.7,288.58,1.14170
2026-01-21 23:56,KNID,101930.3,15.0,2.2,94544.2,288.58,1.14132
2026-01-22 00:56,KNID,101930.3,13.3,2.2,94544.2,286.88,1.14809
2026-01-22 01:56,KNID,101964.2,11.1,3.9,94575.7,284.68,1.15734
2026-01-22 02:56,KNID,101964.2,10.0,5.0,94575.7,283.58,1.16183
2026-01-22 03:56,KNID,101964.2,8.9,5.0,94575.7,282.48,1.16636
2026-01-22 04:56,KNID,101964.2,10.0,5.0,94575.7,283.58,1.16183
2026-01-22 05:56,KNID,101964.2,9.4,4.4,94575.7,282.98,1.16430
2026-01-22 06:56,KNID,101930.3,8.3,5.0,94544.2,281.88,1.16845
2026-01-22 07:56,KNID,101896.4,7.8,5.0,94512.8,281.38,1.17014
2026-01-22 08:56,KNID,101896.4,8.9,4.4,94512.8,282.48,1.16558
2026-01-22 09:56,KNID,101862.6,7.8,5.0,94481.4,281.38,1.16975
2026-01-22 10:56,KNID,101794.9,6.1,4.4,94418.6,279.68,1.17608
2026-01-22 11:56,KNID,101761.0,5.6,3.3,94387.2,279.18,1.17779
2026-01-22 12:56,KNID,101727.1,5.6,3.3,94355.8,279.18,1.17740
2026-01-22 13:56,KNID,101794.9,6.1,3.3,94418.6,279.68,1.17608
2026-01-22 14:56,KNID,101828.7,5.0,3.3,94450.0,278.58,1.18111
2026-01-22 15:56,KNID,101828.7,5.6,3.3,94450.0,279.18,1.17857
2026-01-22 16:56,KNID,101862.6,7.8,3.3,94481.4,281.38,1.16975
2026-01-22 17:56,KNID,101964.2,10.0,3.9,94575.7,283.58,1.16183
2026-01-22 18:56,KNID,101862.6,10.0,3.9,94481.4,283.58,1.16067
2026-01-22 19:56,KNID,101761.0,12.8,2.2,94387.2,286.38,1.14818
2026-01-22 20:56,KNID,101659.4,13.3,1.7,94293.0,286.88,1.14503
2026-01-22 21:56,KNID,101591.7,15.0,1.1,94230.1,288.58,1.13753
2026-01-22 22:56,KNID,101591.7,15.6,1.1,94230.1,289.18,1.13517
2026-01-22 23:56,KNID,101557.8,14.4,2.8,94198.7,287.98,1.13952
2026-01-23 00:56,KNID,101557.8,13.9,2.8,94198.7,287.48,1.14150
2026-01-23 01:56,KNID,101591.7,11.7,2.8,94230.1,285.28,1.15069
2026-01-23 02:56,KNID,101591.7,7.8,2.8,94230.1,281.38,1.16664
2026-01-23 03:56,KNID,101591.7,7.2,3.3,94230.1,280.78,1.16913
2026-01-23 04:56,KNID,101625.5,5.6,2.8,94261.6,279.18,1.17622
2026-01-23 05:56,KNID,101625.5,5.6,2.2,94261.6,279.18,1.17622
2026-01-23 06:56,KNID,101625.5,5.6,1.7,94261.6,279.18,1.17622
2026-01-23 07:56,KNID,101591.7,5.6,2.2,94230.1,279.18,1.17583
2026-01-23 08:56,KNID,101523.9,5.0,2.2,94167.3,278.58,1.17758
2026-01-23 09:56,KNID,101523.9,5.6,2.2,94167.3,279.18,1.17505
2026-01-23 10:56,KNID,101490.1,5.6,2.8,94135.9,279.18,1.17466
2026-01-23 11:56,KNID,101456.2,5.0,2.2,94104.5,278.58,1.17679
2026-01-23 12:56,KNID,101456.2,2.2,1.1,94104.5,275.78,1.18874
2026-01-23 13:56,KNID,101456.2,2.2,1.1,94104.5,275.78,1.18874
2026-01-23 14:56,KNID,101456.2,1.1,0.0,94104.5,274.68,1.19350
2026-01-23 15:56,KNID,101490.1,4.4,1.7,94135.9,277.98,1.17973
2026-01-23 16:56,KNID,101490.1,7.2,2.2,94135.9,280.78,1.16796
2026-01-23 17:56,KNID,101490.1,9.4,2.8,94135.9,282.98,1.15888
2026-01-23 18:56,KNID,101422.4,12.8,1.7,94073.1,286.38,1.14436
2026-01-23 19:56,KNID,101286.9,14.4,1.7,93947.5,287.98,1.13648
2026-01-23 20:56,KNID,101151.4,15.6,1.7,93821.8,289.18,1.13025
2026-01-23 21:56,KNID,101049.8,16.7,1.7,93727.6,290.28,1.12484
2026-01-23 22:56,KNID,100982.1,17.2,2.2,93664.8,290.78,1.12215
2026-01-23 23:56,KNID,100982.1,16.7,3.3,93664.8,290.28,1.12408
2026-01-24 00:56,KNID,100982.1,15.0,3.9,93664.8,288.58,1.13071
2026-01-24 01:56,KNID,100982.1,12.8,3.3,93664.8,286.38,1.13939
2026-01-24 02:56,KNID,101016.0,10.0,2.8,93696.2,283.58,1.15103
2026-01-24 03:56,KNID,101049.8,7.8,3.9,93727.6,281.38,1.16042
2026-01-24 04:56,KNID,101049.8,6.7,3.3,93727.6,280.28,1.16497
2026-01-24 05:56,KNID,101083.7,5.6,2.8,93759.0,279.18,1.16995
2026-01-24 06:56,KNID,101117.6,5.6,1.7,93790.4,279.18,1.17034
2026-01-24 07:56,KNID,101117.6,3.9,1.7,93790.4,277.48,1.17751
2026-01-24 08:56,KNID,101117.6,4.4,1.1,93790.4,277.98,1.17540
2026-01-24 09:56,KNID,101117.6,3.3,1.1,93790.4,276.88,1.18007
2026-01-24 10:56,KNID,101117.6,3.9,1.7,93790.4,277.48,1.17751
2026-01-24 11:56,KNID,101083.7,2.2,0.6,93759.0,275.78,1.18438
2026-01-24 12:56,KNID,101117.6,1.7,0.6,93790.4,275.28,1.18692
2026-01-24 13:56,KNID,101185.3,2.2,0.6,93853.2,275.78,1.18557
2026-01-24 14:56,KNID,101253.0,1.7,0.6,93916.0,275.28,1.18851
2026-01-24 15:56,KNID,101320.8,3.9,1.7,93978.9,277.48,1.17988
2026-01-24 16:56,KNID,101388.5,8.3,2.2,94041.7,281.88,1.16224
2026-01-24 17:56,KNID,101456.2,13.3,0.6,94104.5,286.88,1.14275
2026-01-24 18:56,KNID,101422.4,15.6,-3.3,94073.1,289.18,1.13328
2026-01-24 19:56,KNID,101320.8,15.6,-6.7,93978.9,289.18,1.13214
2026-01-24 20:56,KNID,101253.0,16.7,-9.4,93916.0,290.28,1.12710
2026-01-24 21:56,KNID,101219.2,17.2,-11.7,93884.6,290.78,1.12478
2026-01-24 22:56,KNID,101286.9,16.7,-14.4,93947.5,290.28,1.12748
2026-01-24 23:56,KNID,101354.6,16.1,-15.6,94010.3,289.68,1.13057
2026-01-25 00:56,KNID,101388.5,15.0,-17.2,94041.7,288.58,1.13526
2026-01-25 01:56,KNID,101490.1,12.8,-13.9,94135.9,286.38,1.14512
2026-01-25 02:56,KNID,101591.7,8.3,-11.7,94230.1,281.88,1.16457
2026-01-25 03:56,KNID,101693.3,8.3,-11.1,94324.4,281.88,1.16573
2026-01-25 04:56,KNID,101794.9,7.2,-10.6,94418.6,280.78,1.17147
2026-01-25 05:56,KNID,101862.6,7.8,-11.1,94481.4,281.38,1.16975
2026-01-25 06:56,KNID,101896.4,7.8,-11.1,94512.8,281.38,1.17014
2026-01-25 07:56,KNID,101964.2,5.0,-11.1,94575.7,278.58,1.18268
2026-01-25 08:56,KNID,101998.0,7.2,-11.7,94607.1,280.78,1.17381
2026-01-25 09:56,KNID,102031.9,6.1,-11.7,94638.5,279.68,1.17882
2026-01-25 10:56,KNID,102099.6,4.4,-11.7,94701.3,277.98,1.18681
2026-01-25 11:56,KNID,102065.8,5.0,-11.7,94669.9,278.58,1.18386
2026-01-25 12:56,KNID,102133.5,1.7,-10.6,94732.7,275.28,1.19885
2026-01-25 13:56,KNID,102201.2,-1.7,-10.6,94795.5,271.88,1.21465
2026-01-25 14:56,KNID,102302.8,-1.1,-10.0,94889.8,272.48,1.21318
2026-01-25 15:56,KNID,102370.5,2.2,-10.0,94952.6,275.78,1.19945
2026-01-25 16:56,KNID,102438.3,5.0,-8.9,95015.4,278.58,1.18818
2026-01-25 17:56,KNID,102472.1,7.2,-10.0,95046.8,280.78,1.17926
2026-01-25 18:56,KNID,102472.1,10.0,-9.4,95046.8,283.58,1.16762
2026-01-25 19:56,KNID,102404.4,12.2,-10.6,94984.0,285.78,1.15787
2026-01-25 20:56,KNID,102302.8,13.3,-9.4,94889.8,286.88,1.15228
2026-01-25 21:56,KNID,102302.8,13.3,-8.9,94889.8,286.88,1.15228
2026-01-25 22:56,KNID,102302.8,14.4,-10.0,94889.8,287.98,1.14788
2026-01-25 23:56,KNID,102370.5,14.4,-9.4,94952.6,287.98,1.14864
2026-01-26 00:56,KNID,102404.4,11.1,-6.1,94984.0,284.68,1.16234
2026-01-26 01:56,KNID,102438.3,9.4,-5.6,95015.4,282.98,1.16971
2026-01-26 02:56,KNID,102539.9,6.1,-4.4,95109.6,279.68,1.18468
2026-01-26 03:56,KNID,102573.7,3.9,-4.4,95141.0,277.48,1.19447
2026-01-26 04:56,KNID,102607.6,3.3,-4.4,95172.4,276.88,1.19745
2026-01-26 05:56,KNID,102641.5,2.2,-5.0,95203.9,275.78,1.20263
2026-01-26 06:56,KNID,102675.3,1.1,-5.0,95235.3,274.68,1.20784
2026-01-26 07:56,KNID,102675.3,1.1,-5.0,95235.3,274.68,1.20784
2026-01-26 08:56,KNID,102709.2,1.7,-4.4,95266.7,275.28,1.20561
2026-01-26 09:56,KNID,102709.2,1.7,-3.9,95266.7,275.28,1.20561
2026-01-26 10:56,KNID,102743.0,-0.6,-4.4,95298.1,272.98,1.21617
2026-01-26 11:56,KNID,102743.0,-2.2,-5.0,95298.1,271.38,1.22334
2026-01-26 12:56,KNID,102776.9,-1.7,-5.6,95329.5,271.88,1.22149
2026-01-26 13:56,KNID,102844.6,-1.1,-6.1,95392.3,272.48,1.21960
2026-01-26 14:56,KNID,102912.4,-2.2,-5.6,95455.1,271.38,1.22535
2026-01-26 15:56,KNID,102946.2,-2.2,-5.6,95486.5,271.38,1.22576
2026-01-26 16:56,KNID,103014.0,0.6,-5.6,95549.4,274.18,1.21404
2026-01-26 17:56,KNID,103047.8,5.0,-4.4,95580.8,278.58,1.19525
2026-01-26 18:56,KNID,103014.0,8.3,-6.7,95549.4,281.88,1.18087
2026-01-26 19:56,KNID,102912.4,11.1,-8.9,95455.1,284.68,1.16810
2026-01-26 20:56,KNID,102776.9,12.8,-7.8,95329.5,286.38,1.15964
2026-01-26 21:56,KNID,102709.2,14.4,-8.3,95266.7,287.98,1.15244
2026-01-26 22:56,KNID,102641.5,15.0,-11.7,95203.9,288.58,1.14928
2026-01-26 23:56,KNID,102675.3,14.4,-12.8,95235.3,287.98,1.15206
2026-01-27 00:56,KNID,102675.3,12.8,-9.4,95235.3,286.38,1.15850
2026-01-27 01:56,KNID,102709.2,7.2,-6.7,95266.7,280.78,1.18199
2026-01-27 02:56,KNID,102743.0,3.9,-5.6,95298.1,277.48,1.19644
2026-01-27 03:56,KNID,102810.8,2.8,-6.1,95360.9,276.38,1.20200
2026-01-27 04:56,KNID,102844.6,2.2,-7.2,95392.3,275.78,1.20501
2026-01-27 05:56,KNID,102844.6,1.7,-7.2,95392.3,275.28,1.20720
2026-01-27 06:56,KNID,102810.8,0.0,-7.2,95360.9,273.58,1.21430
2026-01-27 07:56,KNID,102810.8,-1.1,-7.2,95360.9,272.48,1.21920
2026-01-27 08:56,KNID,102844.6,-0.6,-7.8,95392.3,272.98,1.21737
2026-01-27 09:56,KNID,102844.6,-1.7,-7.8,95392.3,271.88,1.22229
2026-01-27 10:56,KNID,102844.6,-2.2,-8.3,95392.3,271.38,1.22455
2026-01-27 11:56,KNID,102810.8,-3.3,-7.8,95360.9,270.28,1.22912
2026-01-27 12:56,KNID,102844.6,-2.8,-8.3,95392.3,270.78,1.22726
2026-01-27 13:56,KNID,102844.6,-2.8,-8.3,95392.3,270.78,1.22726
2026-01-27 14:56,KNID,102878.5,-3.9,-8.3,95423.7,269.68,1.23267
2026-01-27 15:56,KNID,102980.1,-2.2,-8.3,95518.0,271.38,1.22616
2026-01-27 16:56,KNID,103014.0,-0.6,-7.2,95549.4,272.98,1.21937
2026-01-27 17:56,KNID,103081.7,4.4,-6.7,95612.2,277.98,1.19823
2026-01-27 18:56,KNID,102980.1,8.3,-7.2,95518.0,281.88,1.18048
2026-01-27 19:56,KNID,102878.5,11.1,-10.0,95423.7,284.68,1.16772
2026-01-27 20:56,KNID,102743.0,13.3,-10.6,95298.1,286.88,1.15724
2026-01-27 21:56,KNID,102607.6,15.0,-10.6,95172.4,288.58,1.14891
2026-01-27 22:56,KNID,102573.7,15.0,-7.2,95141.0,288.58,1.14853
2026-01-27 23:56,KNID,102573.7,15.0,-11.7,95141.0,288.58,1.14853
2026-01-28 00:56,KNID,102607.6,12.8,-7.8,95172.4,286.38,1.15773
2026-01-28 01:56,KNID,102641.5,9.4,-5.6,95203.9,282.98,1.17203
2026-01-28 02:56,KNID,102709.2,6.1,-4.4,95266.7,279.68,1.18664
2026-01-28 03:56,KNID,102709.2,5.0,-3.9,95266.7,278.58,1.19133
2026-01-28 04:56,KNID,102743.0,3.9,-3.3,95298.1,277.48,1.19644
2026-01-28 05:56,KNID,102776.9,4.4,-3.9,95329.5,277.98,1.19468
2026-01-28 06:56,KNID,102810.8,3.3,-3.9,95360.9,276.88,1.19983
2026-01-28 07:56,KNID,102743.0,2.2,-4.4,95298.1,275.78,1.20382
2026-01-28 08:56,KNID,102743.0,1.1,-4.4,95298.1,274.68,1.20864
2026-01-28 09:56,KNID,102743.0,1.7,-5.0,95298.1,275.28,1.20600
2026-01-28 10:56,KNID,102675.3,1.1,-5.0,95235.3,274.68,1.20784
2026-01-28 11:56,KNID,102641.5,0.0,-4.4,95203.9,273.58,1.21230
2026-01-28 12:56,KNID,102607.6,1.1,-5.0,95172.4,274.68,1.20705
2026-01-28 13:56,KNID,102573.7,2.2,-5.6,95141.0,275.78,1.20183
2026-01-28 14:56,KNID,102641.5,-1.7,-4.4,95203.9,271.88,1.21988
2026-01-28 15:56,KNID,102810.8,0.0,-3.9,95360.9,273.58,1.21430
2026-01-28 16:56,KNID,102810.8,5.6,-3.9,95360.9,279.18,1.18994
2026-01-28 17:56,KNID,102878.5,10.6,-5.0,95423.7,284.18,1.16977
2026-01-28 18:56,KNID,102878.5,12.8,-6.1,95423.7,286.38,1.16079
2026-01-28 19:56,KNID,102743.0,13.9,-6.1,95298.1,287.48,1.15482
2026-01-28 20:56,KNID,102641.5,15.0,-8.3,95203.9,288.58,1.14928
2026-01-28 21:56,KNID,102607.6,16.1,-7.2,95172.4,289.68,1.14454
2026-01-28 22:56,KNID,102573.7,16.7,-7.8,95141.0,290.28,1.14180
2026-01-28 23:56,KNID,102573.7,16.7,-7.2,95141.0,290.28,1.14180
2026-01-29 00:56,KNID,102607.6,14.4,-6.7,95172.4,287.98,1.15130
2026-01-29 01:56,KNID,102641.5,10.6,-5.6,95203.9,284.18,1.16708
2026-01-29 02:56,KNID,102641.5,6.7,-3.3,95203.9,280.28,1.18332
2026-01-29 03:56,KNID,102675.3,5.6,-2.8,95235.3,279.18,1.18837
2026-01-29 04:56,KNID,102709.2,5.0,-3.3,95266.7,278.58,1.19133
2026-01-29 05:56,KNID,102709.2,4.4,-3.3,95266.7,277.98,1.19390
2026-01-29 06:56,KNID,102743.0,2.2,-3.3,95298.1,275.78,1.20382
2026-01-29 07:56,KNID,102743.0,1.7,-3.9,95298.1,275.28,1.20600
2026-01-29 08:56,KNID,102743.0,1.1,-3.9,95298.1,274.68,1.20864
2026-01-29 09:56,KNID,102743.0,2.8,-4.4,95298.1,276.38,1.20120
2026-01-29 10:56,KNID,102709.2,0.0,-4.4,95266.7,273.58,1.21310
2026-01-29 11:56,KNID,102709.2,-0.6,-4.4,95266.7,272.98,1.21577
2026-01-29 12:56,KNID,102743.0,0.0,-5.0,95298.1,273.58,1.21350
2026-01-29 13:56,KNID,102776.9,-1.1,-4.4,95329.5,272.48,1.21880
2026-01-29 14:56,KNID,102844.6,-1.7,-5.0,95392.3,271.88,1.22229
2026-01-29 15:56,KNID,102946.2,-0.6,-5.0,95486.5,272.98,1.21857
2026-01-29 16:56,KNID,103014.0,4.4,-3.3,95549.4,277.98,1.19744
2026-01-29 17:56,KNID,103014.0,7.8,-2.2,95549.4,281.38,1.18297
2026-01-29 18:56,KNID,102946.2,11.7,-2.2,95486.5,285.28,1.16603
2026-01-29 19:56,KNID,102878.5,15.0,-3.3,95423.7,288.58,1.15194
2026-01-29 20:56,KNID,102743.0,16.1,-4.4,95298.1,289.68,1.14605
2026-01-29 21:56,KNID,102743.0,17.2,-6.7,95298.1,290.78,1.14172
2026-01-29 22:56,KNID,102641.5,17.8,-7.2,95203.9,291.38,1.13824
2026-01-29 23:56,KNID,102607.6,17.8,-6.7,95172.4,291.38,1.13787
2026-01-30 00:56,KNID,102641.5,15.6,-6.1,95203.9,289.18,1.14690
2026-01-30 01:56,KNID,102641.5,12.8,-6.7,95203.9,286.38,1.15811
2026-01-30 02:56,KNID,102743.0,7.8,-2.8,95298.1,281.38,1.17986
2026-01-30 03:56,KNID,102810.8,6.1,-1.7,95360.9,279.68,1.18781
2026-01-30 04:56,KNID,102810.8,6.7,-2.8,95360.9,280.28,1.18527
2026-01-30 05:56,KNID,102844.6,6.1,-2.8,95392.3,279.68,1.18821
2026-01-30 06:56,KNID,102878.5,5.0,-2.8,95423.7,278.58,1.19329
2026-01-30 07:56,KNID,102878.5,3.9,-3.3,95423.7,277.48,1.19802
2026-01-30 08:56,KNID,102912.4,2.2,-2.8,95455.1,275.78,1.20580
2026-01-30 09:56,KNID,102912.4,1.7,-2.8,95455.1,275.28,1.20799
2026-01-30 10:56,KNID,102912.4,2.2,-3.3,95455.1,275.78,1.20580
2026-01-30 11:56,KNID,102946.2,0.6,-3.3,95486.5,274.18,1.21324
2026-01-30 12:56,KNID,102946.2,1.7,-3.3,95486.5,275.28,1.20839
2026-01-30 13:56,KNID,102946.2,-1.1,-3.9,95486.5,272.48,1.22081
2026-01-30 14:56,KNID,103014.0,0.0,-3.9,95549.4,273.58,1.21670
2026-01-30 15:56,KNID,103081.7,1.7,-3.3,95612.2,275.28,1.20998
2026-01-30 16:56,KNID,103115.5,5.6,-2.8,95643.6,279.18,1.19347
2026-01-30 17:56,KNID,103115.5,9.4,-1.7,95643.6,282.98,1.17744
2026-01-30 18:56,KNID,103081.7,13.3,-1.7,95612.2,286.88,1.16105
2026-01-30 19:56,KNID,102946.2,15.0,-2.8,95486.5,288.58,1.15270
2026-01-30 21:56,KNID,102776.9,18.9,-1.7,95329.5,292.48,1.13546
2026-01-30 22:56,KNID,102743.0,18.9,-2.2,95298.1,292.48,1.13508
2026-01-30 23:56,KNID,102709.2,18.9,-3.3,95266.7,292.48,1.13471
2026-01-31 00:56,KNID,102709.2,17.2,-2.2,95266.7,290.78,1.14134
2026-01-31 01:56,KNID,102776.9,12.8,-1.1,95329.5,286.38,1.15964
2026-01-31 02:56,KNID,102776.9,10.0,-0.6,95329.5,283.58,1.17109
2026-01-31 03:56,KNID,102844.6,6.7,0.6,95392.3,280.28,1.18566
2026-01-31 04:56,KNID,102844.6,7.8,0.0,95392.3,281.38,1.18103
2026-01-31 05:56,KNID,102878.5,6.1,0.0,95423.7,279.68,1.18860
2026-01-31 06:56,KNID,102878.5,6.1,-0.6,95423.7,279.68,1.18860
2026-01-31 07:56,KNID,102810.8,5.0,-1.1,95360.9,278.58,1.19250
2026-01-31 08:56,KNID,102810.8,3.9,-1.1,95360.9,277.48,1.19723
2026-01-31 09:56,KNID,102810.8,3.3,-1.1,95360.9,276.88,1.19983
2026-01-31 10:56,KNID,102810.8,2.2,-1.1,95360.9,275.78,1.20461
2026-01-31 11:56,KNID,102776.9,2.2,-1.7,95329.5,275.78,1.20421
2026-01-31 12:56,KNID,102776.9,2.2,-1.7,95329.5,275.78,1.20421
2026-01-31 13:56,KNID,102776.9,0.0,-2.2,95329.5,273.58,1.21390
2026-01-31 14:56,KNID,102810.8,0.6,-2.2,95360.9,274.18,1.21164
2026-01-31 15:56,KNID,102844.6,4.4,-0.6,95392.3,277.98,1.19547
2026-01-31 16:56,KNID,102878.5,7.2,0.0,95423.7,280.78,1.18394
2026-01-31 17:56,KNID,102844.6,11.1,1.1,95392.3,284.68,1.16734
2026-01-31 18:56,KNID,102776.9,13.9,1.7,95329.5,287.48,1.15521
2026-01-31 19:56,KNID,102641.5,17.8,1.1,95203.9,291.38,1.13824
2026-01-31 20:56,KNID,102506.0,18.9,-1.1,95078.2,292.48,1.13246
2026-01-31 21:56,KNID,102404.4,20.6,0.0,94984.0,294.18,1.12480
2026-01-31 22:56,KNID,102370.5,20.6,0.6,94952.6,294.18,1.12443
2026-01-31 23:56,KNID,102336.7,20.6,0.0,94921.2,294.18,1.12406
2026-02-01 00:56,KNID,102302.8,18.3,0.0,94889.8,291.88,1.13254
2026-02-01 01:56,KNID,102336.7,12.8,2.2,94921.2,286.38,1.15468
2026-02-01 02:56,KNID,102370.5,10.6,1.7,94952.6,284.18,1.16400
2026-02-01 03:56,KNID,102370.5,8.3,2.2,94952.6,281.88,1.17350
2026-02-01 04:56,KNID,102370.5,7.8,1.7,94952.6,281.38,1.17558
2026-02-01 05:56,KNID,102370.5,6.7,1.1,94952.6,280.28,1.18020
2026-02-01 06:56,KNID,102370.5,6.1,0.6,94952.6,279.68,1.18273
2026-02-01 07:56,KNID,102370.5,5.0,0.0,94952.6,278.58,1.18740
2026-02-01 08:56,KNID,102336.7,3.3,0.0,94921.2,276.88,1.19429
2026-02-01 09:56,KNID,102336.7,3.3,0.0,94921.2,276.88,1.19429
2026-02-01 10:56,KNID,102302.8,2.8,-0.6,94889.8,276.38,1.19606
2026-02-01 11:56,KNID,102302.8,2.8,-0.6,94889.8,276.38,1.19606
2026-02-01 12:56,KNID,102302.8,1.7,-1.1,94889.8,275.28,1.20084
2026-02-01 13:56,KNID,102302.8,0.0,-2.2,94889.8,273.58,1.20830
2026-02-01 14:56,KNID,102336.7,0.6,-1.7,94921.2,274.18,1.20605
2026-02-01 15:56,KNID,102370.5,3.9,0.0,94952.6,277.48,1.19211
2026-02-01 16:56,KNID,102438.3,6.7,1.1,95015.4,280.28,1.18098
2026-02-01 17:56,KNID,102404.4,10.0,1.7,94984.0,283.58,1.16685
2026-02-01 18:56,KNID,102336.7,13.3,1.7,94921.2,286.88,1.15266
2026-02-01 19:56,KNID,102235.1,16.7,1.7,94826.9,290.28,1.13803
2026-02-01 20:56,KNID,102133.5,18.9,1.7,94732.7,292.48,1.12835
2026-02-01 21:56,KNID,102031.9,20.0,0.0,94638.5,293.58,1.12300
2026-02-01 22:56,KNID,101964.2,20.6,0.6,94575.7,294.18,1.11997
2026-02-01 23:56,KNID,101930.3,20.6,-1.1,94544.2,294.18,1.11960
2026-02-02 00:56,KNID,101930.3,18.9,0.6,94544.2,292.48,1.12610
2026-02-02 01:56,KNID,101930.3,13.9,2.8,94544.2,287.48,1.14569
2026-02-02 02:56,KNID,101998.0,12.2,3.3,94607.1,285.78,1.15327
2026-02-02 03:56,KNID,102031.9,11.1,2.8,94638.5,284.68,1.15811
2026-02-02 04:56,KNID,102065.8,11.7,3.3,94669.9,285.28,1.15606
2026-02-02 05:56,KNID,102065.8,11.1,3.3,94669.9,284.68,1.15850
2026-02-02 06:56,KNID,102065.8,7.2,2.8,94669.9,280.78,1.17459
2026-02-02 07:56,KNID,102133.5,7.2,2.8,94732.7,280.78,1.17537
2026-02-02 08:56,KNID,102099.6,6.7,2.2,94701.3,280.28,1.17707
2026-02-02 09:56,KNID,102099.6,6.7,2.8,94701.3,280.28,1.17707
2026-02-02 10:56,KNID,102065.8,6.1,2.2,94669.9,279.68,1.17921
2026-02-02 11:56,KNID,102065.8,4.4,1.7,94669.9,277.98,1.18642
2026-02-02 12:56,KNID,102099.6,3.3,1.1,94701.3,276.88,1.19153
2026-02-02 13:56,KNID,102099.6,3.9,1.1,94701.3,277.48,1.18895
2026-02-02 14:56,KNID,102167.4,3.3,0.6,94764.1,276.88,1.19232
2026-02-02 15:56,KNID,102235.1,4.4,0.6,94826.9,277.98,1.18839
2026-02-02 16:56,KNID,102302.8,7.2,2.2,94889.8,280.78,1.17731
2026-02-02 17:56,KNID,102336.7,13.3,3.3,94921.2,286.88,1.15266
2026-02-02 18:56,KNID,102336.7,15.6,2.2,94921.2,289.18,1.14349
2026-02-02 19:56,KNID,102235.1,18.9,1.7,94826.9,292.48,1.12947
2026-02-02 20:56,KNID,102167.4,21.7,-1.1,94764.1,295.28,1.11802
2026-02-02 21:56,KNID,102133.5,21.7,-1.1,94732.7,295.28,1.11765
2026-02-02 22:56,KNID,102133.5,22.2,-1.1,94732.7,295.78,1.11576
2026-02-02 23:56,KNID,102133.5,21.7,-1.7,94732.7,295.28,1.11765
2026-02-03 00:56,KNID,102167.4,19.4,-0.6,94764.1,292.98,1.12680
2026-02-03 01:56,KNID,102235.1,15.0,0.6,94826.9,288.58,1.14473
2026-02-03 02:56,KNID,102302.8,11.1,1.7,94889.8,284.68,1.16119
2026-02-03 03:56,KNID,102370.5,8.3,1.7,94952.6,281.88,1.17350
2026-02-03 04:56,KNID,102438.3,7.8,1.1,95015.4,281.38,1.17636
2026-02-03 05:56,KNID,102472.1,7.8,0.6,95046.8,281.38,1.17675
2026-02-03 06:56,KNID,102539.9,7.2,0.0,95109.6,280.78,1.18004
2026-02-03 07:56,KNID,102539.9,5.6,-0.6,95109.6,279.18,1.18681
2026-02-03 08:56,KNID,102573.7,5.0,-1.1,95141.0,278.58,1.18975
2026-02-03 09:56,KNID,102573.7,4.4,-1.1,95141.0,277.98,1.19232
2026-02-03 10:56,KNID,102573.7,3.3,-1.7,95141.0,276.88,1.19706
2026-02-03 11:56,KNID,102641.5,2.2,-1.7,95203.9,275.78,1.20263
2026-02-03 12:56,KNID,102675.3,1.7,-2.2,95235.3,275.28,1.20521
2026-02-03 13:56,KNID,102709.2,0.0,-2.8,95266.7,273.58,1.21310
2026-02-03 14:56,KNID,102810.8,1.1,-2.2,95360.9,274.68,1.20944
2026-02-03 15:56,KNID,102844.6,4.4,-1.1,95392.3,277.98,1.19547
2026-02-03 16:56,KNID,102912.4,9.4,-0.6,95455.1,282.98,1.17512
2026-02-03 17:56,KNID,102946.2,14.4,-2.8,95486.5,287.98,1.15510
2026-02-03 18:56,KNID,102912.4,17.8,-3.3,95455.1,291.38,1.14125
2026-02-03 19:56,KNID,102810.8,20.0,-4.4,95360.9,293.58,1.13157
2026-02-03 20:56,KNID,102743.0,21.1,-3.9,95298.1,294.68,1.12661
2026-02-03 21:56,KNID,102675.3,21.7,-4.4,95235.3,295.28,1.12358
2026-02-03 22:56,KNID,102641.5,22.2,-4.4,95203.9,295.78,1.12131
2026-02-03 23:56,KNID,102641.5,21.7,-5.0,95203.9,295.28,1.12321
2026-02-04 00:56,KNID,102675.3,19.4,-1.7,95235.3,292.98,1.13240
2026-02-04 01:56,KNID,102709.2,13.9,-1.1,95266.7,287.48,1.15444
2026-02-04 02:56,KNID,102743.0,10.6,0.0,95298.1,284.18,1.16823
2026-02-04 03:56,KNID,102743.0,8.3,-0.6,95298.1,281.88,1.17777
2026-02-04 04:56,KNID,102776.9,7.8,-1.1,95329.5,281.38,1.18025
2026-02-04 05:56,KNID,102776.9,7.2,-1.7,95329.5,280.78,1.18277
2026-02-04 06:56,KNID,102810.8,5.0,-0.6,95360.9,278.58,1.19250
2026-02-04 07:56,KNID,102810.8,5.0,-2.2,95360.9,278.58,1.19250
2026-02-04 08:56,KNID,102844.6,4.4,-2.8,95392.3,277.98,1.19547
2026-02-04 09:56,KNID,102844.6,5.0,-3.3,95392.3,278.58,1.19290
2026-02-04 10:56,KNID,102810.8,3.3,-2.8,95360.9,276.88,1.19983
2026-02-04 11:56,KNID,102810.8,3.9,-3.3,95360.9,277.48,1.19723
2026-02-04 12:56,KNID,102844.6,-0.6,-3.3,95392.3,272.98,1.21737
2026-02-04 13:56,KNID,102878.5,0.0,-3.9,95423.7,273.58,1.21510
2026-02-04 14:56,KNID,102912.4,0.6,-3.9,95455.1,274.18,1.21284
2026-02-04 15:56,KNID,102946.2,2.8,-2.8,95486.5,276.38,1.20358
2026-02-04 16:56,KNID,102946.2,8.3,-2.2,95486.5,281.88,1.18010
2026-02-04 17:56,KNID,102912.4,12.8,-2.2,95455.1,286.38,1.16117
2026-02-04 18:56,KNID,102844.6,17.8,-1.7,95392.3,291.38,1.14049
2026-02-04 19:56,KNID,102709.2,20.6,-5.0,95266.7,294.18,1.12815
2026-02-04 20:56,KNID,102607.6,22.2,-5.0,95172.4,295.78,1.12094
2026-02-04 21:56,KNID,102539.9,23.3,-4.4,95109.6,296.88,1.11605
2026-02-04 22:56,KNID,102472.1,23.3,-5.0,95046.8,296.88,1.11531
2026-02-04 23:56,KNID,102438.3,22.8,-3.9,95015.4,296.38,1.11682
2026-02-05 00:56,KNID,102370.5,20.6,-2.8,94952.6,294.18,1.12443
2026-02-05 01:56,KNID,102404.4,17.8,-4.4,94984.0,291.38,1.13561
2026-02-05 02:56,KNID,102472.1,13.3,-2.2,95046.8,286.88,1.15419
2026-02-05 03:56,KNID,102472.1,10.6,-1.7,95046.8,284.18,1.16515
2026-02-05 04:56,KNID,102539.9,10.0,-2.2,95109.6,283.58,1.16839
2026-02-05 05:56,KNID,102506.0,7.8,-1.7,95078.2,281.38,1.17714
2026-02-05 06:56,KNID,102506.0,6.1,-2.2,95078.2,279.68,1.18429
2026-02-05 07:56,KNID,102506.0,6.1,-2.2,95078.2,279.68,1.18429
2026-02-05 08:56,KNID,102438.3,6.1,-2.8,95015.4,279.68,1.18351
2026-02-05 09:56,KNID,102404.4,3.9,-2.2,94984.0,277.48,1.19250
2026-02-05 10:56,KNID,102370.5,3.9,-2.8,94952.6,277.48,1.19211
2026-02-05 11:56,KNID,102370.5,2.8,-2.8,94952.6,276.38,1.19685
2026-02-05 12:56,KNID,102370.5,2.8,-2.8,94952.6,276.38,1.19685
2026-02-05 13:56,KNID,102370.5,2.2,-2.8,94952.6,275.78,1.19945
2026-02-05 14:56,KNID,102404.4,1.1,-2.8,94984.0,274.68,1.20466
2026-02-05 15:56,KNID,102438.3,4.4,-1.7,95015.4,277.98,1.19075
2026-02-05 16:56,KNID,102404.4,8.3,-1.1,94984.0,281.88,1.17389
2026-02-05 17:56,KNID,102404.4,16.1,-2.2,94984.0,289.68,1.14228
2026-02-05 18:56,KNID,102336.7,18.9,-3.3,94921.2,292.48,1.13059
2026-02-05 19:56,KNID,102235.1,20.0,-2.2,94826.9,293.58,1.12524
2026-02-05 20:56,KNID,102099.6,21.7,-3.3,94701.3,295.28,1.11728
2026-02-05 21:56,KNID,102065.8,21.1,-2.2,94669.9,294.68,1.11918
2026-02-05 22:56,KNID,101998.0,20.0,-1.1,94607.1,293.58,1.12263
2026-02-05 23:56,KNID,101998.0,20.0,0.6,94607.1,293.58,1.12263
2026-02-06 00:56,KNID,102031.9,17.2,2.2,94638.5,290.78,1.13382
2026-02-06 01:56,KNID,102031.9,15.6,1.7,94638.5,289.18,1.14009
2026-02-06 02:56,KNID,102065.8,13.9,3.9,94669.9,287.48,1.14721
2026-02-06 03:56,KNID,102065.8,12.2,2.8,94669.9,285.78,1.15404
2026-02-06 04:56,KNID,102099.6,11.7,2.8,94701.3,285.28,1.15644
2026-02-06 05:56,KNID,102099.6,11.7,0.6,94701.3,285.28,1.15644
2026-02-06 06:56,KNID,102133.5,11.1,1.1,94732.7,284.68,1.15926
2026-02-06 07:56,KNID,102133.5,9.4,2.8,94732.7,282.98,1.16623
2026-02-06 08:56,KNID,102099.6,10.0,1.7,94701.3,283.58,1.16338
2026-02-06 09:56,KNID,102133.5,10.0,1.7,94732.7,283.58,1.16376
2026-02-06 10:56,KNID,102167.4,10.0,2.8,94764.1,283.58,1.16415
2026-02-06 11:56,KNID,102167.4,13.9,4.4,94764.1,287.48,1.14835
2026-02-06 12:56,KNID,102235.1,13.3,6.1,94826.9,286.88,1.15152
2026-02-06 13:56,KNID,102268.9,13.3,5.6,94858.3,286.88,1.15190
2026-02-06 14:56,KNID,102302.8,11.7,6.7,94889.8,285.28,1.15874
2026-02-06 15:56,KNID,102268.9,12.2,7.2,94858.3,285.78,1.15633
2026-02-06 16:56,KNID,102370.5,14.4,5.6,94952.6,287.98,1.14864
2026-02-06 17:56,KNID,102404.4,15.0,5.6,94984.0,288.58,1.14663
2026-02-06 18:56,KNID,102370.5,16.7,5.0,94952.6,290.28,1.13954
2026-02-06 19:56,KNID,102268.9,18.3,4.4,94858.3,291.88,1.13217
2026-02-06 20:56,KNID,102201.2,19.4,3.9,94795.5,292.98,1.12717
2026-02-06 21:56,KNID,102099.6,19.4,3.3,94701.3,292.98,1.12605
2026-02-06 22:56,KNID,102065.8,19.4,4.4,94669.9,292.98,1.12568
2026-02-06 23:56,KNID,102065.8,19.4,3.9,94669.9,292.98,1.12568
2026-02-07 00:56,KNID,102099.6,17.8,3.3,94701.3,291.38,1.13223
2026-02-07 01:56,KNID,102167.4,14.4,3.3,94764.1,287.98,1.14636
2026-02-07 02:56,KNID,102235.1,11.7,3.3,94826.9,285.28,1.15798
2026-02-07 03:56,KNID,102302.8,8.3,3.9,94889.8,281.88,1.17272
2026-02-07 04:56,KNID,102370.5,8.9,3.9,94952.6,282.48,1.17100
2026-02-07 05:56,KNID,102370.5,7.8,3.9,94952.6,281.38,1.17558
2026-02-07 06:56,KNID,102438.3,7.2,3.3,95015.4,280.78,1.17887
2026-02-07 07:56,KNID,102438.3,6.7,3.3,95015.4,280.28,1.18098
2026-02-07 08:56,KNID,102404.4,5.6,2.8,94984.0,279.18,1.18524
2026-02-07 09:56,KNID,102404.4,5.0,2.2,94984.0,278.58,1.18779
2026-02-07 10:56,KNID,102404.4,5.6,2.2,94984.0,279.18,1.18524
2026-02-07 11:56,KNID,102404.4,4.4,2.2,94984.0,277.98,1.19035
2026-02-07 12:56,KNID,102438.3,2.8,1.1,95015.4,276.38,1.19764
2026-02-07 13:56,KNID,102506.0,3.3,1.1,95078.2,276.88,1.19627
2026-02-07 14:56,KNID,102573.7,3.3,1.1,95141.0,276.88,1.19706
2026-02-07 15:56,KNID,102641.5,6.7,2.2,95203.9,280.28,1.18332
2026-02-07 16:56,KNID,102675.3,10.0,2.8,95235.3,283.58,1.16993
2026-02-07 17:56,KNID,102675.3,13.9,3.3,95235.3,287.48,1.15406
2026-02-07 18:56,KNID,102641.5,18.3,2.2,95203.9,291.88,1.13629
2026-02-07 19:56,KNID,102573.7,19.4,1.7,95141.0,292.98,1.13128
2026-02-07 20:56,KNID,102438.3,20.0,0.6,95015.4,293.58,1.12747
2026-02-07 21:56,KNID,102370.5,21.1,1.1,94952.6,294.68,1.12252
2026-02-07 22:56,KNID,102336.7,21.1,1.1,94921.2,294.68,1.12215
2026-02-07 23:56,KNID,102302.8,20.6,0.6,94889.8,294.18,1.12369
2026-02-08 00:56,KNID,102370.5,19.4,1.1,94952.6,292.98,1.12904
2026-02-08 01:56,KNID,102472.1,15.0,2.2,95046.8,288.58,1.14739
2026-02-08 02:56,KNID,102506.0,12.2,2.8,95078.2,285.78,1.15901
2026-02-08 03:56,KNID,102539.9,11.7,2.8,95109.6,285.28,1.16143
2026-02-08 04:56,KNID,102573.7,9.4,2.8,95141.0,282.98,1.17126
2026-02-08 05:56,KNID,102641.5,8.9,2.8,95203.9,282.48,1.17410
2026-02-08 06:56,KNID,102641.5,7.8,2.2,95203.9,281.38,1.17869
2026-02-08 07:56,KNID,102607.6,6.7,1.7,95172.4,280.28,1.18293
2026-02-08 08:56,KNID,102573.7,6.1,1.7,95141.0,279.68,1.18508
2026-02-08 09:56,KNID,102607.6,6.1,1.7,95172.4,279.68,1.18547
2026-02-08 10:56,KNID,102607.6,5.0,1.7,95172.4,278.58,1.19015
2026-02-08 11:56,KNID,102539.9,5.0,1.1,95109.6,278.58,1.18936
2026-02-08 12:56,KNID,102573.7,3.9,1.1,95141.0,277.48,1.19447
2026-02-08 13:56,KNID,102641.5,2.2,0.6,95203.9,275.78,1.20263
2026-02-08 14:56,KNID,102743.0,2.2,0.0,95298.1,275.78,1.20382
2026-02-08 15:56,KNID,102810.8,6.7,1.1,95360.9,280.28,1.18527
2026-02-08 16:56,KNID,102810.8,9.4,1.7,95360.9,282.98,1.17396
2026-02-08 17:56,KNID,102844.6,12.2,2.8,95392.3,285.78,1.16284
2026-02-08 18:56,KNID,102810.8,15.6,2.2,95360.9,289.18,1.14879
2026-02-08 19:56,KNID,102709.2,18.3,2.2,95266.7,291.88,1.13704
2026-02-08 20:56,KNID,102607.6,20.6,2.2,95172.4,294.18,1.12704
2026-02-08 21:56,KNID,102472.1,21.7,2.8,95046.8,295.28,1.12135
2026-02-08 22:56,KNID,102370.5,22.2,-1.1,94952.6,295.78,1.11835
2026-02-08 23:56,KNID,102302.8,22.2,1.1,94889.8,295.78,1.11761
2026-02-09 00:56,KNID,102268.9,20.6,2.2,94858.3,294.18,1.12332
2026-02-09 01:56,KNID,102302.8,16.7,2.8,94889.8,290.28,1.13878
2026-02-09 02:56,KNID,102302.8,13.9,2.8,94889.8,287.48,1.14988
2026-02-09 03:56,KNID,102302.8,13.3,2.2,94889.8,286.88,1.15228
2026-02-09 04:56,KNID,102235.1,12.8,2.2,94826.9,286.38,1.15353
2026-02-09 05:56,KNID,102268.9,10.0,2.2,94858.3,283.58,1.16530
2026-02-09 06:56,KNID,102235.1,10.0,1.7,94826.9,283.58,1.16492
2026-02-09 07:56,KNID,102201.2,7.8,1.7,94795.5,281.38,1.17364
2026-02-09 08:56,KNID,102133.5,7.2,0.6,94732.7,280.78,1.17537
2026-02-09 09:56,KNID,102065.8,6.7,1.1,94669.9,280.28,1.17668
2026-02-09 10:56,KNID,101964.2,3.9,0.6,94575.7,277.48,1.18737
2026-02-09 11:56,KNID,101964.2,5.0,1.1,94575.7,278.58,1.18268
2026-02-09 12:56,KNID,101964.2,3.9,1.1,94575.7,277.48,1.18737
2026-02-09 13:56,KNID,101998.0,3.3,0.6,94607.1,276.88,1.19034
2026-02-09 14:56,KNID,102031.9,3.9,0.6,94638.5,277.48,1.18816
2026-02-09 15:56,KNID,102031.9,7.8,1.7,94638.5,281.38,1.17169
2026-02-09 16:56,KNID,102065.8,7.2,2.8,94669.9,280.78,1.17459
2026-02-09 17:56,KNID,102065.8,9.4,2.8,94669.9,282.98,1.16546
2026-02-09 18:56,KNID,102065.8,12.2,3.3,94669.9,285.78,1.15404
2026-02-09 19:56,KNID,101930.3,15.6,2.8,94544.2,289.18,1.13895
2026-02-09 20:56,KNID,101862.6,17.8,1.7,94481.4,291.38,1.12960
2026-02-09 21:56,KNID,101761.0,18.9,2.2,94387.2,292.48,1.12423
2026-02-09 22:56,KNID,101727.1,18.9,1.7,94355.8,292.48,1.12386
2026-02-09 23:56,KNID,101659.4,18.9,1.1,94293.0,292.48,1.12311
2026-02-10 00:56,KNID,101659.4,17.2,2.2,94293.0,290.78,1.12968
2026-02-10 01:56,KNID,101591.7,12.8,3.3,94230.1,286.38,1.14627
2026-02-10 02:56,KNID,101625.5,11.1,3.3,94261.6,284.68,1.15350
2026-02-10 03:56,KNID,101659.4,9.4,3.9,94293.0,282.98,1.16081
2026-02-10 04:56,KNID,101659.4,9.4,3.3,94293.0,282.98,1.16081
2026-02-10 05:56,KNID,101625.5,9.4,2.8,94261.6,282.98,1.16043
2026-02-10 06:56,KNID,101591.7,9.4,2.8,94230.1,282.98,1.16004
2026-02-10 07:56,KNID,101523.9,8.3,3.3,94167.3,281.88,1.16379
2026-02-10 08:56,KNID,101523.9,7.8,3.3,94167.3,281.38,1.16586
2026-02-10 09:56,KNID,101456.2,7.2,3.3,94104.5,280.78,1.16757
2026-02-10 10:56,KNID,101456.2,8.3,1.7,94104.5,281.88,1.16302
2026-02-10 11:56,KNID,101422.4,6.7,2.8,94073.1,280.28,1.16926
2026-02-10 12:56,KNID,101422.4,6.7,3.3,94073.1,280.28,1.16926
2026-02-10 13:56,KNID,101354.6,6.1,2.8,94010.3,279.68,1.17099
2026-02-10 14:56,KNID,101388.5,6.7,2.2,94041.7,280.28,1.16887
2026-02-10 15:56,KNID,101523.9,8.3,1.7,94167.3,281.88,1.16379
2026-02-10 16:56,KNID,101523.9,8.9,2.2,94167.3,282.48,1.16132
2026-02-10 17:56,KNID,101523.9,10.6,1.7,94167.3,284.18,1.15437
2026-02-10 18:56,KNID,101557.8,12.2,2.2,94198.7,285.78,1.14829
2026-02-10 19:56,KNID,101422.4,11.7,5.0,94073.1,285.28,1.14877
2026-02-10 20:56,KNID,101523.9,12.2,3.9,94167.3,285.78,1.14791
2026-02-10 21:56,KNID,101320.8,13.9,2.8,93978.9,287.48,1.13884
2026-02-10 22:56,KNID,101354.6,13.9,4.4,94010.3,287.48,1.13922
2026-02-10 23:56,KNID,101286.9,13.3,5.0,93947.5,286.88,1.14084
2026-02-11 00:56,KNID,101286.9,12.2,5.0,93947.5,285.78,1.14523
2026-02-11 01:56,KNID,101320.8,10.0,5.0,93978.9,283.58,1.15450
2026-02-11 02:56,KNID,101354.6,8.9,5.0,94010.3,282.48,1.15938
2026-02-11 03:56,KNID,101354.6,9.0,4.0,94010.3,282.58,1.15897
2026-02-11 04:56,KNID,101354.6,8.3,3.9,94010.3,281.88,1.16185
2026-02-11 05:56,KNID,101354.6,7.2,3.9,94010.3,280.78,1.16640
2026-02-11 06:56,KNID,101354.6,7.2,3.9,94010.3,280.78,1.16640
2026-02-11 07:56,KNID,101354.6,8.9,3.9,94010.3,282.48,1.15938
2026-02-11 08:56,KNID,101422.4,7.8,5.0,94073.1,281.38,1.16469
2026-02-11 09:56,KNID,101456.2,9.4,5.6,94104.5,282.98,1.15849
2026-02-11 10:56,KNID,101490.1,8.9,6.7,94135.9,282.48,1.16093
2026-02-11 11:56,KNID,101456.2,9.4,7.8,94104.5,282.98,1.15849
2026-02-11 12:56,KNID,101557.8,10.0,7.8,94198.7,283.58,1.15720
2026-02-11 13:56,KNID,101591.7,8.9,7.8,94230.1,282.48,1.16209
2026-02-11 14:56,KNID,101693.3,10.0,7.8,94324.4,283.58,1.15874
2026-02-11 15:56,KNID,101761.0,10.6,7.2,94387.2,284.18,1.15707
2026-02-11 16:56,KNID,101828.7,12.2,7.2,94450.0,285.78,1.15136
2026-02-11 17:56,KNID,101896.4,13.9,5.0,94512.8,287.48,1.14531
2026-02-11 18:56,KNID,101896.4,15.6,1.7,94512.8,289.18,1.13858
2026-02-11 19:56,KNID,101828.7,15.6,2.2,94450.0,289.18,1.13782
2026-02-11 20:56,KNID,101761.0,16.7,3.3,94387.2,290.28,1.13275
2026-02-11 21:56,KNID,101727.1,17.2,3.3,94355.8,290.78,1.13043
2026-02-11 22:56,KNID,101727.1,17.2,2.2,94355.8,290.78,1.13043
2026-02-11 23:56,KNID,101761.0,15.6,2.8,94387.2,289.18,1.13706
2026-02-12 00:56,KNID,101794.9,15.0,3.9,94418.6,288.58,1.13981
2026-02-12 01:56,KNID,101828.7,11.7,1.7,94450.0,285.28,1.15337
2026-02-12 02:56,KNID,101896.4,10.6,-0.6,94512.8,284.18,1.15861
2026-02-12 03:56,KNID,101896.4,10.0,-0.6,94512.8,283.58,1.16106
2026-02-12 04:56,KNID,101964.2,9.4,-0.6,94575.7,282.98,1.16430
2026-02-12 05:56,KNID,101964.2,9.4,-0.6,94575.7,282.98,1.16430
2026-02-12 06:56,KNID,101998.0,6.1,0.0,94607.1,279.68,1.17842
2026-02-12 07:56,KNID,102065.8,4.4,0.0,94669.9,277.98,1.18642
2026-02-12 08:56,KNID,102065.8,3.3,-0.6,94669.9,276.88,1.19113
2026-02-12 09:56,KNID,102099.6,2.8,-1.1,94701.3,276.38,1.19368
2026-02-12 10:56,KNID,102065.8,1.1,-1.1,94669.9,274.68,1.20067
2026-02-12 11:56,KNID,102065.8,1.7,-0.6,94669.9,275.28,1.19805
2026-02-12 12:56,KNID,102133.5,1.7,-0.6,94732.7,275.28,1.19885
2026-02-12 13:56,KNID,102167.4,1.1,-1.1,94764.1,274.68,1.20187
2026-02-12 14:56,KNID,102201.2,1.1,-1.1,94795.5,274.68,1.20227
2026-02-12 15:56,KNID,102268.9,3.9,-0.6,94858.3,277.48,1.19092
2026-02-12 16:56,KNID,102302.8,6.1,0.6,94889.8,279.68,1.18195
2026-02-12 17:56,KNID,102302.8,8.3,0.0,94889.8,281.88,1.17272
2026-02-12 18:56,KNID,102268.9,12.2,-1.1,94858.3,285.78,1.15633
2026-02-12 19:56,KNID,102133.5,15.0,-3.3,94732.7,288.58,1.14360
2026-02-12 20:56,KNID,102031.9,16.1,-3.9,94638.5,289.68,1.13812
2026-02-12 21:56,KNID,101930.3,17.2,-3.9,94544.2,290.78,1.13269
2026-02-12 22:56,KNID,101896.4,17.2,-3.9,94512.8,290.78,1.13231
2026-02-12 23:56,KNID,101862.6,17.2,-4.4,94481.4,290.78,1.13193
2026-02-13 00:56,KNID,101862.6,16.1,-4.4,94481.4,289.68,1.13623
2026-02-13 01:56,KNID,101862.6,12.8,-2.8,94481.4,286.38,1.14933
2026-02-13 02:56,KNID,101896.4,10.0,-2.8,94512.8,283.58,1.16106
2026-02-13 03:56,KNID,101930.3,7.8,-0.6,94544.2,281.38,1.17053
2026-02-13 04:56,KNID,101964.2,6.1,-0.6,94575.7,279.68,1.17803
2026-02-13 05:56,KNID,101964.2,5.0,-1.1,94575.7,278.58,1.18268
2026-02-13 06:56,KNID,101964.2,3.9,-1.1,94575.7,277.48,1.18737
2026-02-13 07:56,KNID,101964.2,3.9,-1.1,94575.7,277.48,1.18737
2026-02-13 08:56,KNID,101930.3,3.3,-1.1,94544.2,276.88,1.18955
2026-02-13 09:56,KNID,101862.6,2.2,-1.7,94481.4,275.78,1.19350
2026-02-13 10:56,KNID,101828.7,2.8,-1.7,94450.0,276.38,1.19052
2026-02-13 11:56,KNID,101761.0,3.9,-2.2,94387.2,277.48,1.18501
2026-02-13 12:56,KNID,101794.9,3.3,-2.2,94418.6,276.88,1.18797
2026-02-13 13:56,KNID,101828.7,3.3,-2.2,94450.0,276.88,1.18837
2026-02-13 17:56,KNID,101930.3,14.4,-1.7,94544.2,287.98,1.14370
2026-02-13 18:56,KNID,101862.6,16.1,-2.8,94481.4,289.68,1.13623
2026-02-13 19:56,KNID,101794.9,17.2,-2.8,94418.6,290.78,1.13118
2026-02-13 20:56,KNID,101693.3,17.8,-3.9,94324.4,291.38,1.12773
2026-02-13 21:56,KNID,101659.4,18.9,-5.0,94293.0,292.48,1.12311
2026-02-13 22:56,KNID,101625.5,18.9,-5.6,94261.6,292.48,1.12274
2026-02-13 23:56,KNID,101625.5,18.9,-5.6,94261.6,292.48,1.12274
2026-02-14 00:56,KNID,101659.4,17.8,-4.4,94293.0,291.38,1.12735
2026-02-14 01:56,KNID,101693.3,14.4,-3.9,94324.4,287.98,1.14104
2026-02-14 02:56,KNID,101761.0,12.8,1.1,94387.2,286.38,1.14818
2026-02-14 03:56,KNID,101794.9,11.1,1.1,94418.6,284.68,1.15542
2026-02-14 04:56,KNID,101862.6,8.3,0.6,94481.4,281.88,1.16767
2026-02-14 05:56,KNID,101862.6,7.8,-0.6,94481.4,281.38,1.16975
2026-02-14 06:56,KNID,101896.4,6.1,-0.6,94512.8,279.68,1.17725
2026-02-14 07:56,KNID,101896.4,5.6,-0.6,94512.8,279.18,1.17936
2026-02-14 08:56,KNID,101896.4,4.4,-0.6,94512.8,277.98,1.18445
2026-02-14 09:56,KNID,101896.4,3.9,-0.6,94512.8,277.48,1.18658
2026-02-14 10:56,KNID,101896.4,3.3,-1.1,94512.8,276.88,1.18916
2026-02-14 11:56,KNID,101896.4,2.2,-1.7,94512.8,275.78,1.19390
2026-02-14 12:56,KNID,101964.2,2.2,-1.7,94575.7,275.78,1.19469
2026-02-14 13:56,KNID,101964.2,0.6,-1.7,94575.7,274.18,1.20166
2026-02-14 14:56,KNID,102031.9,0.6,-2.2,94638.5,274.18,1.20246
2026-02-14 15:56,KNID,102099.6,3.3,-1.7,94701.3,276.88,1.19153
2026-02-14 16:56,KNID,102133.5,7.8,-0.6,94732.7,281.38,1.17286
2026-02-14 17:56,KNID,102133.5,10.0,0.0,94732.7,283.58,1.16376
2026-02-14 18:56,KNID,102065.8,12.8,-0.6,94669.9,286.38,1.15162
2026-02-14 19:56,KNID,101964.2,15.0,-0.6,94575.7,288.58,1.14170
2026-02-14 20:56,KNID,101828.7,17.2,-0.6,94450.0,290.78,1.13156
2026-02-14 21:56,KNID,101761.0,17.8,-3.3,94387.2,291.38,1.12848
2026-02-14 22:56,KNID,101693.3,17.8,-3.9,94324.4,291.38,1.12773
2026-02-14 23:56,KNID,101625.5,17.8,-1.7,94261.6,291.38,1.12697
2026-02-15 00:56,KNID,101625.5,16.1,-1.1,94261.6,289.68,1.13359
2026-02-15 01:56,KNID,101625.5,15.0,-3.9,94261.6,288.58,1.13791
2026-02-15 02:56,KNID,101693.3,13.3,-3.9,94324.4,286.88,1.14542
2026-02-15 03:56,KNID,101727.1,12.2,-3.3,94355.8,285.78,1.15021
2026-02-15 04:56,KNID,101727.1,11.7,-2.8,94355.8,285.28,1.15222
2026-02-15 05:56,KNID,101727.1,11.7,-1.7,94355.8,285.28,1.15222
2026-02-15 06:56,KNID,101693.3,9.4,-2.2,94324.4,282.98,1.16120
2026-02-15 07:56,KNID,101693.3,10.6,-2.8,94324.4,284.18,1.15630
2026-02-15 08:56,KNID,101693.3,10.6,-1.7,94324.4,284.18,1.15630
2026-02-15 09:56,KNID,101659.4,8.9,-0.6,94293.0,282.48,1.16287
2026-02-15 10:56,KNID,101625.5,9.4,0.6,94261.6,282.98,1.16043
2026-02-15 11:56,KNID,101625.5,6.1,-1.1,94261.6,279.68,1.17412
2026-02-15 12:56,KNID,101591.7,5.0,-1.7,94230.1,278.58,1.17836
2026-02-15 13:56,KNID,101625.5,5.6,-1.7,94261.6,279.18,1.17622
2026-02-15 14:56,KNID,101693.3,4.4,-1.1,94324.4,277.98,1.18209
2026-02-15 15:56,KNID,101693.3,5.0,-1.1,94324.4,278.58,1.17954
2026-02-15 16:56,KNID,101693.3,6.1,0.0,94324.4,279.68,1.17490
2026-02-15 17:56,KNID,101727.1,9.4,1.1,94355.8,282.98,1.16159
2026-02-15 18:56,KNID,101693.3,11.7,-1.7,94324.4,285.28,1.15184
2026-02-15 19:56,KNID,101591.7,13.3,-1.1,94230.1,286.88,1.14427
2026-02-15 20:56,KNID,101490.1,14.4,-1.1,94135.9,287.98,1.13876
2026-02-15 21:56,KNID,101388.5,15.6,0.6,94041.7,289.18,1.13290
2026-02-15 22:56,KNID,101320.8,16.1,-0.6,93978.9,289.68,1.13019
2026-02-15 23:56,KNID,101286.9,15.6,-4.4,93947.5,289.18,1.13176
2026-02-16 00:56,KNID,101286.9,14.4,-2.8,93947.5,287.98,1.13648
2026-02-16 01:56,KNID,101286.9,12.2,0.0,93947.5,285.78,1.14523
2026-02-16 02:56,KNID,101286.9,11.7,1.1,93947.5,285.28,1.14724
2026-02-16 03:56,KNID,101286.9,10.6,1.7,93947.5,284.18,1.15168
2026-02-16 04:56,KNID,101286.9,9.4,1.1,93947.5,282.98,1.15656
2026-02-16 05:56,KNID,101253.0,8.3,0.6,93916.0,281.88,1.16069
2026-02-16 06:56,KNID,101219.2,8.9,0.0,93884.6,282.48,1.15783
2026-02-16 07:56,KNID,101151.4,8.9,-1.1,93821.8,282.48,1.15706
2026-02-16 08:56,KNID,101117.6,8.9,-0.6,93790.4,282.48,1.15667
2026-02-16 09:56,KNID,101117.6,6.1,0.0,93790.4,279.68,1.16825
2026-02-16 10:56,KNID,101083.7,8.9,0.6,93759.0,282.48,1.15628
2026-02-16 11:56,KNID,101016.0,8.3,1.1,93696.2,281.88,1.15797
2026-02-16 12:56,KNID,100948.3,7.8,1.7,93633.4,281.38,1.15925
2026-02-16 13:56,KNID,100982.1,5.6,0.6,93664.8,279.18,1.16878
2026-02-16 14:56,KNID,100982.1,5.0,0.0,93664.8,278.58,1.17129
2026-02-16 15:56,KNID,100982.1,7.8,1.1,93664.8,281.38,1.15964
2026-02-16 16:56,KNID,100880.5,10.0,2.2,93570.5,283.58,1.14948
2026-02-16 17:56,KNID,100846.7,10.6,2.8,93539.1,284.18,1.14667
2026-02-16 18:56,KNID,100745.1,10.0,5.6,93444.9,283.58,1.14794
2026-02-16 19:56,KNID,100609.6,9.4,6.1,93319.3,282.98,1.14883
2026-02-16 20:56,KNID,100474.2,8.9,7.2,93193.6,282.48,1.14931
2026-02-16 21:56,KNID,100406.4,9.4,7.2,93130.8,282.98,1.14651
2026-02-16 22:56,KNID,100440.3,8.3,6.1,93162.2,281.88,1.15137
2026-02-16 23:56,KNID,100338.7,6.7,4.4,93068.0,280.28,1.15677
2026-02-17 00:56,KNID,100406.4,7.2,3.9,93130.8,280.78,1.15549
2026-02-17 01:56,KNID,100474.2,6.7,3.3,93193.6,280.28,1.15833
2026-02-17 02:56,KNID,100508.0,6.7,3.3,93225.0,280.28,1.15872
2026-02-17 03:56,KNID,100541.9,6.7,3.3,93256.4,280.28,1.15911
2026-02-17 04:56,KNID,100575.8,6.7,3.3,93287.8,280.28,1.15950
2026-02-17 05:56,KNID,100643.5,6.7,2.2,93350.7,280.28,1.16029
2026-02-17 06:56,KNID,100643.5,6.7,1.1,93350.7,280.28,1.16029
2026-02-17 07:56,KNID,100846.7,7.2,0.6,93539.1,280.78,1.16056
2026-02-17 08:56,KNID,100880.5,7.2,-0.6,93570.5,280.78,1.16095
2026-02-17 09:56,KNID,100880.5,6.7,-0.6,93570.5,280.28,1.16302
2026-02-17 10:56,KNID,100948.3,6.1,0.0,93633.4,279.68,1.16630
2026-02-17 11:56,KNID,100880.5,6.1,0.0,93570.5,279.68,1.16551
2026-02-17 12:56,KNID,101016.0,6.7,0.0,93696.2,280.28,1.16458
2026-02-17 13:56,KNID,101117.6,7.2,-0.6,93790.4,280.78,1.16367
2026-02-17 14:56,KNID,101185.3,7.8,-1.1,93853.2,281.38,1.16197
2026-02-17 15:56,KNID,101286.9,7.8,0.0,93947.5,281.38,1.16314
2026-02-17 16:56,KNID,101388.5,9.4,0.6,94041.7,282.98,1.15772
2026-02-17 17:56,KNID,101456.2,10.0,0.6,94104.5,283.58,1.15604
2026-02-17 18:56,KNID,101456.2,10.6,-1.7,94104.5,284.18,1.15360
2026-02-17 19:56,KNID,101422.4,12.8,0.0,94073.1,286.38,1.14436
2026-02-17 20:56,KNID,101253.0,13.3,-1.7,93916.0,286.88,1.14046
2026-02-17 21:56,KNID,101117.6,12.8,0.6,93790.4,286.38,1.14092
2026-02-17 22:56,KNID,101049.8,11.1,2.2,93727.6,284.68,1.14696
2026-02-17 23:56,KNID,101016.0,11.1,1.7,93696.2,284.68,1.14658
2026-02-18 00:56,KNID,100914.4,9.4,1.7,93601.9,282.98,1.15231
2026-02-18 01:56,KNID,100914.4,8.3,2.2,93601.9,281.88,1.15680
2026-02-18 02:56,KNID,100914.4,7.8,2.8,93601.9,281.38,1.15886
2026-02-18 03:56,KNID,100778.9,7.2,2.8,93476.3,280.78,1.15978
2026-02-18 04:56,KNID,100711.2,7.8,3.3,93413.5,281.38,1.15653
2026-02-18 05:56,KNID,100643.5,7.8,3.9,93350.7,281.38,1.15575
2026-02-18 06:56,KNID,100609.6,6.7,3.9,93319.3,280.28,1.15989
2026-02-18 07:56,KNID,100609.6,6.1,3.9,93319.3,279.68,1.16238
2026-02-18 08:56,KNID,100609.6,5.6,2.8,93319.3,279.18,1.16446
2026-02-18 09:56,KNID,100575.8,5.6,2.2,93287.8,279.18,1.16407
2026-02-18 10:56,KNID,100474.2,4.4,0.6,93193.6,277.98,1.16792
2026-02-18 11:56,KNID,100541.9,3.9,0.6,93256.4,277.48,1.17081
2026-02-18 12:56,KNID,100609.6,3.9,-0.6,93319.3,277.48,1.17160
2026-02-18 13:56,KNID,100711.2,3.3,-1.7,93413.5,276.88,1.17532
2026-02-18 14:56,KNID,100846.7,2.8,-1.7,93539.1,276.38,1.17903
2026-02-18 15:56,KNID,101049.8,5.6,-5.6,93727.6,279.18,1.16956
2026-02-18 16:56,KNID,101151.4,6.7,-5.0,93821.8,280.28,1.16614
2026-02-18 17:56,KNID,101253.0,7.8,-5.6,93916.0,281.38,1.16275
2026-02-18 18:56,KNID,101286.9,7.8,-5.0,93947.5,281.38,1.16314
2026-02-18 19:56,KNID,101286.9,8.9,-5.6,93947.5,282.48,1.15861
2026-02-18 20:56,KNID,101253.0,8.9,-6.1,93916.0,282.48,1.15822
2026-02-18 21:56,KNID,101219.2,8.9,-6.7,93884.6,282.48,1.15783
2026-02-18 22:56,KNID,101151.4,8.9,-6.7,93821.8,282.48,1.15706
2026-02-18 23:56,KNID,101151.4,8.9,-7.2,93821.8,282.48,1.15706
2026-02-19 00:56,KNID,101151.4,7.2,-6.7,93821.8,280.78,1.16406
2026-02-19 01:56,KNID,101219.2,6.1,-6.1,93884.6,279.68,1.16943
2026-02-19 02:56,KNID,101219.2,5.6,-6.1,93884.6,279.18,1.17152
2026-02-19 03:56,KNID,101286.9,4.4,-5.6,93947.5,277.98,1.17736
2026-02-19 04:56,KNID,101286.9,5.6,-6.1,93947.5,279.18,1.17230
2026-02-19 05:56,KNID,101219.2,5.6,-6.1,93884.6,279.18,1.17152
2026-02-19 06:56,KNID,101253.0,4.4,-5.6,93916.0,277.98,1.17697
2026-02-19 07:56,KNID,101253.0,3.9,-5.0,93916.0,277.48,1.17909
2026-02-19 08:56,KNID,101185.3,3.9,-5.6,93853.2,277.48,1.17830
2026-02-19 09:56,KNID,101151.4,5.0,-5.6,93821.8,278.58,1.17326
2026-02-19 10:56,KNID,101117.6,4.4,-5.0,93790.4,277.98,1.17540
2026-02-19 11:56,KNID,101049.8,4.4,-3.9,93727.6,277.98,1.17461
2026-02-19 12:56,KNID,101049.8,3.9,-3.9,93727.6,277.48,1.17673
2026-02-19 13:56,KNID,101049.8,3.9,-3.9,93727.6,277.48,1.17673
2026-02-19 14:56,KNID,101016.0,3.3,-2.8,93696.2,276.88,1.17888
2026-02-19 15:56,KNID,101016.0,5.0,-2.8,93696.2,278.58,1.17169
2026-02-19 16:56,KNID,101016.0,5.0,-1.1,93696.2,278.58,1.17169
2026-02-19 17:56,KNID,100982.1,3.9,1.7,93664.8,277.48,1.17594
2026-02-19 18:56,KNID,101016.0,3.3,1.7,93696.2,276.88,1.17888
2026-02-19 19:56,KNID,100812.8,7.2,4.4,93507.7,280.78,1.16017
2026-02-19 20:56,KNID,100677.3,8.9,3.3,93382.1,282.48,1.15164
2026-02-19 21:56,KNID,100575.8,10.0,3.9,93287.8,283.58,1.14601
2026-02-19 22:56,KNID,100474.2,10.0,0.6,93193.6,283.58,1.14485
2026-02-19 23:56,KNID,100474.2,9.4,-0.6,93193.6,282.98,1.14728
2026-02-20 00:56,KNID,100474.2,7.8,-1.1,93193.6,281.38,1.15380
2026-02-20 01:56,KNID,100474.2,6.1,-1.7,93193.6,279.68,1.16082
2026-02-20 02:56,KNID,100508.0,6.1,-3.9,93225.0,279.68,1.16121
2026-02-20 03:56,KNID,100609.6,6.1,-6.7,93319.3,279.68,1.16238
2026-02-20 04:56,KNID,100745.1,5.0,-4.4,93444.9,278.58,1.16854
2026-02-20 05:56,KNID,100778.9,5.0,-6.1,93476.3,278.58,1.16894
2026-02-20 06:56,KNID,100880.5,4.4,-6.1,93570.5,277.98,1.17264
2026-02-20 07:56,KNID,100846.7,3.3,-5.0,93539.1,276.88,1.17690
2026-02-20 08:56,KNID,100948.3,3.3,-5.6,93633.4,276.88,1.17809
2026-02-20 09:56,KNID,101016.0,2.8,-5.0,93696.2,276.38,1.18101
2026-02-20 10:56,KNID,101049.8,3.3,-6.1,93727.6,276.88,1.17928
2026-02-20 11:56,KNID,101117.6,2.2,-5.6,93790.4,275.78,1.18477
2026-02-20 12:56,KNID,101219.2,0.6,-5.0,93884.6,274.18,1.19288
2026-02-20 13:56,KNID,101354.6,-1.1,-5.0,94010.3,272.48,1.20193
2026-02-20 14:56,KNID,101456.2,-1.7,-4.4,94104.5,271.88,1.20579
2026-02-20 15:56,KNID,101625.5,0.6,-3.9,94261.6,274.18,1.19767
2026-02-20 16:56,KNID,101693.3,3.9,-5.6,94324.4,277.48,1.18422
2026-02-20 17:56,KNID,101727.1,6.1,-7.8,94355.8,279.68,1.17529
2026-02-20 18:56,KNID,101761.0,7.8,-7.2,94387.2,281.38,1.16858
2026-02-20 19:56,KNID,101727.1,8.9,-8.9,94355.8,282.48,1.16364
2026-02-20 20:56,KNID,101659.4,10.0,-9.4,94293.0,283.58,1.15836
2026-02-20 21:56,KNID,101625.5,10.0,-10.0,94261.6,283.58,1.15797
2026-02-20 22:56,KNID,101625.5,10.6,-8.9,94261.6,284.18,1.15553
2026-02-20 23:56,KNID,101659.4,10.6,-7.8,94293.0,284.18,1.15591
2026-02-21 00:56,KNID,101727.1,10.6,-6.1,94355.8,284.18,1.15668
2026-02-21 01:56,KNID,101761.0,7.8,-3.9,94387.2,281.38,1.16858
2026-02-21 02:56,KNID,101828.7,6.7,-4.4,94450.0,280.28,1.17395
2026-02-21 03:56,KNID,101896.4,3.9,-2.2,94512.8,277.48,1.18658
2026-02-21 04:56,KNID,101998.0,2.2,-2.2,94607.1,275.78,1.19509
2026-02-21 05:56,KNID,102031.9,1.7,-2.8,94638.5,275.28,1.19766
2026-02-21 06:56,KNID,102065.8,0.0,-2.8,94669.9,273.58,1.20550
2026-02-21 07:56,KNID,102099.6,-0.6,-2.8,94701.3,272.98,1.20855
2026-02-21 08:56,KNID,102167.4,-1.1,-3.3,94764.1,272.48,1.21157
2026-02-21 09:56,KNID,102167.4,-0.6,-3.9,94764.1,272.98,1.20935
2026-02-21 10:56,KNID,102201.2,-1.1,-3.9,94795.5,272.48,1.21197
2026-02-21 12:56,KNID,102302.8,-2.2,-4.4,94889.8,271.38,1.21809
2026-02-21 13:56,KNID,102370.5,-2.8,-4.4,94952.6,270.78,1.22160
2026-02-21 14:56,KNID,102404.4,-2.2,-4.4,94984.0,271.38,1.21930
2026-02-21 15:56,KNID,102506.0,1.1,-3.3,95078.2,274.68,1.20585
2026-02-21 16:56,KNID,102573.7,4.4,-3.3,95141.0,277.98,1.19232
2026-02-21 17:56,KNID,102607.6,6.7,-2.2,95172.4,280.28,1.18293
2026-02-21 18:56,KNID,102607.6,9.4,-2.8,95172.4,282.98,1.17164
2026-02-21 19:56,KNID,102539.9,11.1,-5.6,95109.6,284.68,1.16388
2026-02-21 20:56,KNID,102472.1,12.2,-5.0,95046.8,285.78,1.15863
2026-02-21 21:56,KNID,102404.4,12.8,-5.6,94984.0,286.38,1.15544
2026-02-21 22:56,KNID,102404.4,12.8,-5.6,94984.0,286.38,1.15544
2026-02-21 23:56,KNID,102404.4,13.3,-5.0,94984.0,286.88,1.15343
2026-02-22 00:56,KNID,102370.5,13.3,-5.0,94952.6,286.88,1.15304
2026-02-22 01:56,KNID,102438.3,9.4,-2.8,95015.4,282.98,1.16971
2026-02-22 02:56,KNID,102506.0,6.7,-1.7,95078.2,280.28,1.18176
2026-02-22 03:56,KNID,102573.7,5.6,-1.1,95141.0,279.18,1.18720
2026-02-22 04:56,KNID,102641.5,5.0,-1.1,95203.9,278.58,1.19054
2026-02-22 05:56,KNID,102675.3,2.8,-0.6,95235.3,276.38,1.20041
2026-02-22 06:56,KNID,102709.2,2.8,-1.1,95266.7,276.38,1.20081
2026-02-22 07:56,KNID,102709.2,2.8,-1.1,95266.7,276.38,1.20081
2026-02-22 08:56,KNID,102709.2,1.7,-1.1,95266.7,275.28,1.20561
2026-02-22 09:56,KNID,102709.2,1.1,-1.7,95266.7,274.68,1.20824
2026-02-22 10:56,KNID,102675.3,0.6,-1.7,95235.3,274.18,1.21004
2026-02-22 11:56,KNID,102641.5,-0.6,-2.2,95203.9,272.98,1.21496
2026-02-22 12:56,KNID,102709.2,-1.1,-2.8,95266.7,272.48,1.21800
2026-02-22 13:56,KNID,102709.2,-1.1,-2.8,95266.7,272.48,1.21800
2026-02-22 14:56,KNID,102776.9,-1.1,-2.8,95329.5,272.48,1.21880
2026-02-22 15:56,KNID,102878.5,2.2,-1.7,95423.7,275.78,1.20541
2026-02-22 16:56,KNID,102912.4,7.2,-1.1,95455.1,280.78,1.18433
2026-02-22 17:56,KNID,102912.4,10.0,-1.7,95455.1,283.58,1.17264
2026-02-22 18:56,KNID,102878.5,12.8,-3.3,95423.7,286.38,1.16079
2026-02-22 19:56,KNID,102844.6,13.9,-4.4,95392.3,287.48,1.15597
2026-02-22 20:56,KNID,102743.0,15.0,-3.9,95298.1,288.58,1.15042
2026-02-22 21:56,KNID,102675.3,15.6,-5.0,95235.3,289.18,1.14728
2026-02-22 22:56,KNID,102641.5,16.1,-6.1,95203.9,289.68,1.14492
2026-02-22 23:56,KNID,102607.6,16.7,-5.0,95172.4,290.28,1.14218
2026-02-23 00:56,KNID,102573.7,16.1,-4.4,95141.0,289.68,1.14417
2026-02-23 01:56,KNID,102607.6,13.9,-3.3,95172.4,287.48,1.15330
2026-02-23 02:56,KNID,102641.5,10.0,0.0,95203.9,283.58,1.16955
2026-02-23 03:56,KNID,102675.3,8.3,0.6,95235.3,281.88,1.17699
2026-02-23 04:56,KNID,102709.2,6.1,1.1,95266.7,279.68,1.18664
2026-02-23 05:56,KNID,102709.2,6.7,0.0,95266.7,280.28,1.18410
2026-02-23 06:56,KNID,102743.0,5.6,0.0,95298.1,279.18,1.18916
2026-02-23 07:56,KNID,102743.0,4.4,0.0,95298.1,277.98,1.19429
2026-02-23 08:56,KNID,102776.9,3.3,-0.6,95329.5,276.88,1.19943
2026-02-23 09:56,KNID,102743.0,2.2,-0.6,95298.1,275.78,1.20382
2026-02-23 10:56,KNID,102709.2,2.2,0.0,95266.7,275.78,1.20342
2026-02-23 11:56,KNID,102675.3,1.7,-0.6,95235.3,275.28,1.20521
2026-02-23 12:56,KNID,102675.3,1.7,-1.1,95235.3,275.28,1.20521
2026-02-23 13:56,KNID,102709.2,1.1,-1.1,95266.7,274.68,1.20824
2026-02-23 14:56,KNID,102743.0,0.6,-0.6,95298.1,274.18,1.21084
2026-02-23 15:56,KNID,102810.8,3.9,0.6,95360.9,277.48,1.19723
2026-02-23 16:56,KNID,102810.8,7.8,0.6,95360.9,281.38,1.18064
2026-02-23 17:56,KNID,102776.9,11.1,-0.6,95329.5,284.68,1.16657
2026-02-23 18:56,KNID,102743.0,13.3,-0.6,95298.1,286.88,1.15724
2026-02-23 19:56,KNID,102675.3,15.6,-2.2,95235.3,289.18,1.14728
2026-02-23 20:56,KNID,102506.0,17.8,-1.7,95078.2,291.38,1.13674
2026-02-23 21:56,KNID,102404.4,18.9,-2.8,94984.0,292.48,1.13134
2026-02-23 22:56,KNID,102336.7,18.9,-2.8,94921.2,292.48,1.13059
2026-02-23 23:56,KNID,102268.9,18.9,-2.2,94858.3,292.48,1.12984
2026-02-24 00:56,KNID,102201.2,18.3,-1.7,94795.5,291.88,1.13142
2026-02-24 01:56,KNID,102201.2,13.9,1.7,94795.5,287.48,1.14873
2026-02-24 02:56,KNID,102235.1,11.7,2.2,94826.9,285.28,1.15798
2026-02-24 03:56,KNID,102268.9,9.4,3.3,94858.3,282.98,1.16778
2026-02-24 04:56,KNID,102268.9,10.6,2.2,94858.3,284.18,1.16284
2026-02-24 05:56,KNID,102268.9,9.4,2.2,94858.3,282.98,1.16778
2026-02-24 06:56,KNID,102235.1,7.8,2.2,94826.9,281.38,1.17403
2026-02-24 07:56,KNID,102167.4,7.2,2.2,94764.1,280.78,1.17576
2026-02-24 08:56,KNID,102133.5,6.7,2.2,94732.7,280.28,1.17746
2026-02-24 09:56,KNID,102031.9,6.1,2.2,94638.5,279.68,1.17882
2026-02-24 10:56,KNID,101998.0,5.0,2.2,94607.1,278.58,1.18308
2026-02-24 11:56,KNID,101964.2,5.0,2.2,94575.7,278.58,1.18268
2026-02-24 12:56,KNID,101930.3,5.0,2.2,94544.2,278.58,1.18229
2026-02-24 13:56,KNID,101896.4,3.9,1.7,94512.8,277.48,1.18658
2026-02-24 14:56,KNID,101896.4,4.4,2.2,94512.8,277.98,1.18445
2026-02-24 15:56,KNID,101930.3,8.3,2.8,94544.2,281.88,1.16845
2026-02-24 16:56,KNID,101930.3,10.6,2.8,94544.2,284.18,1.15899
2026-02-24 17:56,KNID,101930.3,13.9,2.2,94544.2,287.48,1.14569
2026-02-24 18:56,KNID,101896.4,16.7,1.7,94512.8,290.28,1.13426
2026-02-24 19:56,KNID,101794.9,17.8,1.1,94418.6,291.38,1.12885
2026-02-24 20:56,KNID,101693.3,18.9,1.7,94324.4,292.48,1.12348
2026-02-24 21:56,KNID,101557.8,21.1,2.2,94198.7,294.68,1.11361
2026-02-24 22:56,KNID,101490.1,22.8,3.3,94135.9,296.38,1.10649
2026-02-24 23:56,KNID,101388.5,26.7,3.9,94041.7,300.28,1.09102
2026-02-25 00:56,KNID,101388.5,25.6,3.9,94041.7,299.18,1.09503
2026-02-25 01:56,KNID,101354.6,23.3,3.3,94010.3,296.88,1.10315
2026-02-25 02:56,KNID,101388.5,22.8,3.3,94041.7,296.38,1.10538
2026-02-25 03:56,KNID,101422.4,22.2,3.9,94073.1,295.78,1.10799
2026-02-25 04:56,KNID,101456.2,21.1,3.3,94104.5,294.68,1.11250
2026-02-25 05:56,KNID,101422.4,20.6,2.2,94073.1,294.18,1.11402
2026-02-25 06:56,KNID,101456.2,20.0,2.8,94104.5,293.58,1.11667
2026-02-25 07:56,KNID,101422.4,20.6,3.3,94073.1,294.18,1.11402
2026-02-25 08:56,KNID,101388.5,21.1,3.3,94041.7,294.68,1.11176
2026-02-25 09:56,KNID,101422.4,20.6,3.3,94073.1,294.18,1.11402
2026-02-25 10:56,KNID,101388.5,20.6,3.3,94041.7,294.18,1.11364
2026-02-25 11:56,KNID,101354.6,18.3,4.4,94010.3,291.88,1.12205
2026-02-25 12:56,KNID,101354.6,19.4,4.4,94010.3,292.98,1.11783
2026-02-25 13:56,KNID,101388.5,19.4,4.4,94041.7,292.98,1.11821
2026-02-25 14:56,KNID,101422.4,18.9,4.4,94073.1,292.48,1.12049
2026-02-25 15:56,KNID,101490.1,20.6,4.4,94135.9,294.18,1.11476
2026-02-25 16:56,KNID,101557.8,19.4,5.0,94198.7,292.98,1.12007
2026-02-25 17:56,KNID,101625.5,20.0,5.6,94261.6,293.58,1.11853
2026-02-25 18:56,KNID,101693.3,22.2,6.1,94324.4,295.78,1.11095
2026-02-25 19:56,KNID,101659.4,23.9,5.6,94293.0,297.48,1.10423
2026-02-25 20:56,KNID,101591.7,24.4,5.0,94230.1,297.98,1.10165
2026-02-25 21:56,KNID,101523.9,26.1,6.1,94167.3,299.68,1.09467
2026-02-25 22:56,KNID,101456.2,26.1,6.1,94104.5,299.68,1.09394
2026-02-25 23:56,KNID,101456.2,25.6,6.7,94104.5,299.18,1.09576
2026-02-26 00:56,KNID,101456.2,25.0,7.2,94104.5,298.58,1.09797
2026-02-26 01:56,KNID,101490.1,22.2,7.2,94135.9,295.78,1.10873
2026-02-26 02:56,KNID,101591.7,19.4,7.8,94230.1,292.98,1.12045
2026-02-26 03:56,KNID,101659.4,18.9,7.2,94293.0,292.48,1.12311
2026-02-26 04:56,KNID,101761.0,17.2,7.8,94387.2,290.78,1.13081
2026-02-26 05:56,KNID,101794.9,16.7,7.8,94418.6,290.28,1.13313
2026-02-26 06:56,KNID,101862.6,14.4,8.3,94481.4,287.98,1.14294
2026-02-26 07:56,KNID,101896.4,13.3,8.3,94512.8,286.88,1.14770
2026-02-26 08:56,KNID,101896.4,12.8,8.3,94512.8,286.38,1.14971
2026-02-26 09:56,KNID,101930.3,11.7,8.3,94544.2,285.28,1.15452
2026-02-26 10:56,KNID,101896.4,11.7,8.3,94512.8,285.28,1.15414
2026-02-26 11:56,KNID,101930.3,11.1,7.8,94544.2,284.68,1.15696
2026-02-26 12:56,KNID,101964.2,10.0,7.8,94575.7,283.58,1.16183
2026-02-26 13:56,KNID,102031.9,9.4,7.8,94638.5,282.98,1.16507
2026-02-26 14:56,KNID,102099.6,10.6,7.8,94701.3,284.18,1.16092
2026-02-26 15:56,KNID,102201.2,13.3,8.3,94795.5,286.88,1.15114
2026-02-26 16:56,KNID,102268.9,15.6,8.9,94858.3,289.18,1.14274
2026-02-26 17:56,KNID,102268.9,18.3,8.3,94858.3,291.88,1.13217
2026-02-26 18:56,KNID,102268.9,21.1,7.8,94858.3,294.68,1.12141
2026-02-26 19:56,KNID,102201.2,22.2,7.2,94795.5,295.78,1.11650
2026-02-26 20:56,KNID,102133.5,24.4,6.7,94732.7,297.98,1.10752
2026-02-26 21:56,KNID,102031.9,26.1,6.1,94638.5,299.68,1.10014
2026-02-26 22:56,KNID,101964.2,26.1,6.1,94575.7,299.68,1.09941
2026-02-26 23:56,KNID,101930.3,26.1,6.1,94544.2,299.68,1.09905
2026-02-27 00:56,KNID,101930.3,25.6,7.2,94544.2,299.18,1.10088
2026-02-27 01:56,KNID,101930.3,21.7,7.2,94544.2,295.28,1.11543
2026-02-27 02:56,KNID,101998.0,18.9,7.8,94607.1,292.48,1.12685
2026-02-27 03:56,KNID,102031.9,16.7,10.6,94638.5,290.28,1.13577
2026-02-27 04:56,KNID,102099.6,15.0,10.6,94701.3,288.58,1.14322
2026-02-27 05:56,KNID,102167.4,14.4,10.6,94764.1,287.98,1.14636
2026-02-27 06:56,KNID,102167.4,13.3,10.0,94764.1,286.88,1.15076
2026-02-27 07:56,KNID,102167.4,12.2,9.4,94764.1,285.78,1.15518
2026-02-27 08:56,KNID,102167.4,12.8,9.4,94764.1,286.38,1.15276
2026-02-27 09:56,KNID,102133.5,12.2,8.9,94732.7,285.78,1.15480
2026-02-27 10:56,KNID,102065.8,11.1,8.9,94669.9,284.68,1.15850
2026-02-27 11:56,KNID,102065.8,9.4,7.8,94669.9,282.98,1.16546
2026-02-27 12:56,KNID,102133.5,8.9,7.2,94732.7,282.48,1.16829
2026-02-27 13:56,KNID,102133.5,8.9,7.2,94732.7,282.48,1.16829
2026-02-27 14:56,KNID,102167.4,9.4,7.2,94764.1,282.98,1.16662
2026-02-27 15:56,KNID,102235.1,12.8,8.3,94826.9,286.38,1.15353
2026-02-27 16:56,KNID,102235.1,15.6,8.3,94826.9,289.18,1.14236
2026-02-27 17:56,KNID,102235.1,20.0,7.8,94826.9,293.58,1.12524
2026-02-27 18:56,KNID,102167.4,22.8,6.7,94764.1,296.38,1.11387
2026-02-27 19:56,KNID,102099.6,24.4,7.8,94701.3,297.98,1.10715
2026-02-27 20:56,KNID,101964.2,26.1,6.1,94575.7,299.68,1.09941
2026-02-27 21:56,KNID,101862.6,27.2,6.1,94481.4,300.78,1.09430
2026-02-27 22:56,KNID,101761.0,27.2,6.7,94387.2,300.78,1.09321
2026-02-27 23:56,KNID,101727.1,26.7,7.2,94355.8,300.28,1.09467
2026-02-28 00:56,KNID,101693.3,26.7,6.7,94324.4,300.28,1.09430
2026-02-28 01:56,KNID,101693.3,23.3,6.1,94324.4,296.88,1.10683
2026-02-28 03:56,KNID,101761.0,18.3,10.0,94387.2,291.88,1.12654
2026-02-28 04:56,KNID,101761.0,17.2,10.6,94387.2,290.78,1.13081
2026-02-28 05:56,KNID,101794.9,15.6,10.6,94418.6,289.18,1.13744
2026-02-28 06:56,KNID,101794.9,15.0,10.0,94418.6,288.58,1.13981
2026-02-28 07:56,KNID,101761.0,15.0,10.0,94387.2,288.58,1.13943
2026-02-28 08:56,KNID,101761.0,13.3,10.0,94387.2,286.88,1.14618
2026-02-28 09:56,KNID,101693.3,12.8,8.9,94324.4,286.38,1.14742
2026-02-28 10:56,KNID,101659.4,12.2,8.3,94293.0,285.78,1.14944
2026-02-28 11:56,KNID,101625.5,12.8,8.3,94261.6,286.38,1.14665
2026-02-28 12:56,KNID,101625.5,11.1,7.8,94261.6,284.68,1.15350
2026-02-28 13:56,KNID,101625.5,10.6,7.8,94261.6,284.18,1.15553
2026-02-28 14:56,KNID,101693.3,10.6,8.3,94324.4,284.18,1.15630
2026-02-28 15:56,KNID,101727.1,13.3,9.4,94355.8,286.88,1.14580
2026-02-28 16:56,KNID,101693.3,17.8,10.0,94324.4,291.38,1.12773
2026-02-28 17:56,KNID,101659.4,20.0,10.6,94293.0,293.58,1.11890
2026-02-28 18:56,KNID,101625.5,22.2,7.8,94261.6,295.78,1.11021
2026-02-28 19:56,KNID,101523.9,24.4,8.9,94167.3,297.98,1.10091
2026-02-28 20:56,KNID,101422.4,27.2,9.4,94073.1,300.78,1.08957
2026-02-28 21:56,KNID,101286.9,29.4,5.0,93947.5,302.98,1.08022
2026-02-28 22:56,KNID,101219.2,30.0,-1.7,93884.6,303.58,1.07736
2026-02-28 23:56,KNID,101219.2,28.9,-0.6,93884.6,302.48,1.08128
2026-03-01 00:56,KNID,101286.9,27.2,0.6,93947.5,300.78,1.08812
2026-03-01 01:56,KNID,101286.9,23.9,0.6,93947.5,297.48,1.10019
2026-03-01 02:56,KNID,101354.6,21.1,1.7,94010.3,294.68,1.11138
2026-03-01 03:56,KNID,101388.5,21.7,1.7,94041.7,295.28,1.10950
2026-03-01 04:56,KNID,101456.2,18.9,2.2,94104.5,292.48,1.12087
2026-03-01 05:56,KNID,101490.1,18.3,2.2,94135.9,291.88,1.12354
2026-03-01 06:56,KNID,101490.1,18.9,2.2,94135.9,292.48,1.12124
2026-03-01 07:56,KNID,101490.1,20.0,2.2,94135.9,293.58,1.11704
2026-03-01 08:56,KNID,101490.1,18.9,2.8,94135.9,292.48,1.12124
2026-03-01 09:56,KNID,101490.1,17.2,3.9,94135.9,290.78,1.12780
2026-03-01 10:56,KNID,101456.2,19.4,3.9,94104.5,292.98,1.11895
2026-03-01 11:56,KNID,101456.2,18.3,4.4,94104.5,291.88,1.12317
2026-03-01 12:56,KNID,101523.9,16.7,6.7,94167.3,290.28,1.13011
2026-03-01 13:56,KNID,101523.9,15.0,7.2,94167.3,288.58,1.13677
2026-03-01 14:56,KNID,101557.8,16.7,8.3,94198.7,290.28,1.13049
2026-03-01 15:56,KNID,101625.5,19.4,8.3,94261.6,292.98,1.12082
2026-03-01 16:56,KNID,101625.5,22.2,7.2,94261.6,295.78,1.11021
2026-03-01 17:56,KNID,101625.5,23.9,2.2,94261.6,297.48,1.10387
2026-03-01 18:56,KNID,101557.8,26.1,-2.8,94198.7,299.68,1.09503
2026-03-01 19:56,KNID,101490.1,27.2,-5.0,94135.9,300.78,1.09030
2026-03-01 20:56,KNID,101456.2,27.8,-2.2,94104.5,301.38,1.08777
2026-03-01 21:56,KNID,101388.5,27.8,-1.1,94041.7,301.38,1.08704
2026-03-01 22:56,KNID,101388.5,26.1,0.0,94041.7,299.68,1.09321
2026-03-01 23:56,KNID,101388.5,25.6,-0.6,94041.7,299.18,1.09503
2026-03-02 00:56,KNID,101388.5,25.0,0.6,94041.7,298.58,1.09723
2026-03-02 01:56,KNID,101490.1,22.8,2.2,94135.9,296.38,1.10649
2026-03-02 02:56,KNID,101490.1,21.1,3.3,94135.9,294.68,1.11287
2026-03-02 03:56,KNID,101490.1,19.4,3.3,94135.9,292.98,1.11933
2026-03-02 04:56,KNID,101523.9,17.2,2.2,94167.3,290.78,1.12817
2026-03-02 05:56,KNID,101523.9,17.2,1.1,94167.3,290.78,1.12817
2026-03-02 06:56,KNID,101490.1,16.1,2.2,94135.9,289.68,1.13208
2026-03-02 07:56,KNID,101456.2,15.0,5.0,94104.5,288.58,1.13601
2026-03-02 08:56,KNID,101422.4,16.1,6.1,94073.1,289.68,1.13132
2026-03-02 09:56,KNID,101354.6,15.6,7.2,94010.3,289.18,1.13252
2026-03-02 10:56,KNID,101320.8,16.1,7.2,93978.9,289.68,1.13019
2026-03-02 11:56,KNID,101286.9,17.2,6.1,93947.5,290.78,1.12554
2026-03-02 12:56,KNID,101286.9,17.2,5.0,93947.5,290.78,1.12554
2026-03-02 13:56,KNID,101320.8,16.1,4.4,93978.9,289.68,1.13019
2026-03-02 14:56,KNID,101354.6,17.2,3.9,94010.3,290.78,1.12629
2026-03-02 15:56,KNID,101388.5,18.3,3.3,94041.7,291.88,1.12242
2026-03-02 16:56,KNID,101422.4,20.0,2.8,94073.1,293.58,1.11629
2026-03-02 17:56,KNID,101388.5,20.6,1.7,94041.7,294.18,1.11364
2026-03-02 18:56,KNID,101354.6,21.7,0.0,94010.3,295.28,1.10913
2026-03-02 19:56,KNID,101286.9,22.8,0.0,93947.5,296.38,1.10427
2026-03-02 20:56,KNID,101185.3,23.9,-1.7,93853.2,297.48,1.09908
2026-03-02 21:56,KNID,101151.4,23.9,-2.8,93821.8,297.48,1.09872
2026-03-02 22:56,KNID,101117.6,24.4,-2.2,93790.4,297.98,1.09651
2026-03-02 23:56,KNID,101083.7,24.4,-0.6,93759.0,297.98,1.09614
2026-03-03 00:56,KNID,101117.6,22.8,0.6,93790.4,296.38,1.10242
2026-03-03 01:56,KNID,101219.2,18.3,0.0,93884.6,291.88,1.12055
2026-03-03 02:56,KNID,101286.9,15.6,1.1,93947.5,289.18,1.13176
2026-03-03 03:56,KNID,101388.5,13.9,1.7,94041.7,287.48,1.13960
2026-03-03 04:56,KNID,101490.1,11.7,2.2,94135.9,285.28,1.14954
2026-03-03 05:56,KNID,101557.8,11.1,2.2,94198.7,284.68,1.15273
2026-03-03 06:56,KNID,101625.5,8.9,1.7,94261.6,282.48,1.16248
2026-03-03 07:56,KNID,101625.5,8.9,1.7,94261.6,282.48,1.16248
2026-03-03 08:56,KNID,101693.3,7.8,2.2,94324.4,281.38,1.16780
2026-03-03 09:56,KNID,101727.1,7.2,1.7,94355.8,280.78,1.17069
2026-03-03 10:56,KNID,101693.3,6.1,1.7,94324.4,279.68,1.17490
2026-03-03 11:56,KNID,101727.1,6.1,2.2,94355.8,279.68,1.17529
2026-03-03 12:56,KNID,101794.9,5.6,1.7,94418.6,279.18,1.17818
2026-03-03 13:56,KNID,101862.6,5.0,1.1,94481.4,278.58,1.18151
2026-03-03 14:56,KNID,101930.3,5.0,1.7,94544.2,278.58,1.18229
2026-03-03 15:56,KNID,102031.9,9.4,1.7,94638.5,282.98,1.16507
2026-03-03 16:56,KNID,102065.8,13.9,2.2,94669.9,287.48,1.14721
2026-03-03 17:56,KNID,102065.8,17.8,0.0,94669.9,291.38,1.13186
2026-03-03 18:56,KNID,102065.8,20.0,-1.1,94669.9,293.58,1.12338
2026-03-03 19:56,KNID,101998.0,20.6,-1.7,94607.1,294.18,1.12034
2026-03-03 20:56,KNID,101896.4,22.2,-2.2,94512.8,295.78,1.11317
2026-03-03 21:56,KNID,101828.7,22.2,-1.7,94450.0,295.78,1.11243
2026-03-03 22:56,KNID,101794.9,22.8,-2.2,94418.6,296.38,1.10981
2026-03-03 23:56,KNID,101761.0,22.2,-2.8,94387.2,295.78,1.11169
2026-03-04 00:56,KNID,101727.1,21.1,-2.2,94355.8,294.68,1.11547
2026-03-04 01:56,KNID,101761.0,18.9,-1.1,94387.2,292.48,1.12423
2026-03-04 02:56,KNID,101794.9,15.6,0.0,94418.6,289.18,1.13744
2026-03-04 03:56,KNID,101828.7,13.3,1.1,94450.0,286.88,1.14694
2026-03-04 04:56,KNID,101828.7,12.2,1.7,94450.0,285.78,1.15136
2026-03-04 05:56,KNID,101862.6,9.4,1.7,94481.4,282.98,1.16314
2026-03-04 06:56,KNID,101862.6,8.3,1.7,94481.4,281.88,1.16767
2026-03-04 07:56,KNID,101828.7,7.8,1.1,94450.0,281.38,1.16936
2026-03-04 08:56,KNID,101828.7,7.2,1.1,94450.0,280.78,1.17186
2026-03-04 09:56,KNID,101794.9,6.7,1.7,94418.6,280.28,1.17356
2026-03-04 10:56,KNID,101727.1,6.1,1.7,94355.8,279.68,1.17529
2026-03-04 11:56,KNID,101727.1,5.0,1.7,94355.8,278.58,1.17993
2026-03-04 12:56,KNID,101727.1,4.4,1.7,94355.8,277.98,1.18248
2026-03-04 13:56,KNID,101727.1,4.4,1.7,94355.8,277.98,1.18248
2026-03-04 14:56,KNID,101727.1,5.0,1.1,94355.8,278.58,1.17993
2026-03-04 15:56,KNID,101794.9,8.9,2.2,94418.6,282.48,1.16442
2026-03-04 16:56,KNID,101761.0,12.8,2.2,94387.2,286.38,1.14818
2026-03-04 17:56,KNID,101727.1,15.0,2.2,94355.8,288.58,1.13905
2026-03-04 18:56,KNID,101659.4,17.2,1.7,94293.0,290.78,1.12968
2026-03-04 19:56,KNID,101557.8,19.4,1.7,94198.7,292.98,1.12007
2026-03-04 20:56,KNID,101388.5,21.1,2.2,94041.7,294.68,1.11176
2026-03-04 21:56,KNID,101219.2,22.8,2.8,93884.6,296.38,1.10353
2026-03-04 22:56,KNID,101151.4,22.8,2.8,93821.8,296.38,1.10279
2026-03-04 23:56,KNID,101083.7,22.8,3.3,93759.0,296.38,1.10206
2026-03-05 00:56,KNID,101049.8,20.6,2.2,93727.6,294.18,1.10993
2026-03-05 01:56,KNID,101083.7,18.9,0.6,93759.0,292.48,1.11675
2026-03-05 02:56,KNID,101151.4,16.7,1.7,93821.8,290.28,1.12597
2026-03-05 03:56,KNID,101151.4,15.6,1.1,93821.8,289.18,1.13025
2026-03-05 04:56,KNID,101151.4,16.1,0.6,93821.8,289.68,1.12830
2026-03-05 05:56,KNID,101151.4,15.0,0.0,93821.8,288.58,1.13260
2026-03-05 06:56,KNID,101185.3,14.4,0.0,93853.2,287.98,1.13534
2026-03-05 07:56,KNID,101219.2,13.9,0.0,93884.6,287.48,1.13770
2026-03-05 08:56,KNID,101286.9,11.7,0.0,93947.5,285.28,1.14724
2026-03-05 09:56,KNID,101320.8,12.2,-0.6,93978.9,285.78,1.14561
2026-03-05 10:56,KNID,101286.9,11.7,-3.9,93947.5,285.28,1.14724
2026-03-05 11:56,KNID,101320.8,8.3,-0.6,93978.9,281.88,1.16146
2026-03-05 12:56,KNID,101388.5,5.0,-2.8,94041.7,278.58,1.17601
2026-03-05 13:56,KNID,101490.1,7.8,-4.4,94135.9,281.38,1.16547
2026-03-05 14:56,KNID,101591.7,10.0,-7.2,94230.1,283.58,1.15759
2026-03-05 15:56,KNID,101693.3,12.8,-5.6,94324.4,286.38,1.14742
2026-03-05 16:56,KNID,101761.0,14.4,-6.1,94387.2,287.98,1.14180
2026-03-05 17:56,KNID,101794.9,15.6,-7.2,94418.6,289.18,1.13744
2026-03-05 18:56,KNID,101828.7,16.1,-7.2,94450.0,289.68,1.13586
2026-03-05 19:56,KNID,101693.3,17.2,-10.6,94324.4,290.78,1.13005
2026-03-05 20:56,KNID,101591.7,18.3,-11.7,94230.1,291.88,1.12467
2026-03-05 21:56,KNID,101490.1,18.9,-11.7,94135.9,292.48,1.12124
2026-03-05 22:56,KNID,101456.2,18.9,-12.2,94104.5,292.48,1.12087
2026-03-05 23:56,KNID,101422.4,19.4,-15.0,94073.1,292.98,1.11858
2026-03-06 00:56,KNID,101456.2,18.3,-12.8,94104.5,291.88,1.12317
2026-03-06 01:56,KNID,101523.9,15.0,-10.6,94167.3,288.58,1.13677
2026-03-06 02:56,KNID,101557.8,11.7,-8.3,94198.7,285.28,1.15031
2026-03-06 03:56,KNID,101625.5,9.4,-1.1,94261.6,282.98,1.16043
2026-03-06 04:56,KNID,101693.3,8.3,-0.6,94324.4,281.88,1.16573
2026-03-06 05:56,KNID,101794.9,7.2,-3.9,94418.6,280.78,1.17147
2026-03-06 06:56,KNID,101828.7,8.3,-6.1,94450.0,281.88,1.16729
2026-03-06 07:56,KNID,101828.7,10.0,-7.2,94450.0,283.58,1.16029
2026-03-06 08:56,KNID,101862.6,8.9,-7.2,94481.4,282.48,1.16519
2026-03-06 09:56,KNID,101896.4,7.2,-7.2,94512.8,280.78,1.17264
2026-03-06 10:56,KNID,101896.4,9.4,-7.8,94512.8,282.98,1.16352
2026-03-06 11:56,KNID,101930.3,8.9,-7.8,94544.2,282.48,1.16597
2026-03-06 12:56,KNID,101964.2,8.9,-7.8,94575.7,282.48,1.16636
2026-03-06 13:56,KNID,102031.9,7.2,-7.8,94638.5,280.78,1.17420
2026-03-06 14:56,KNID,102031.9,6.7,-6.7,94638.5,280.28,1.17629
2026-03-06 15:56,KNID,102031.9,9.4,-6.1,94638.5,282.98,1.16507
2026-03-06 16:56,KNID,102065.8,12.2,-6.7,94669.9,285.78,1.15404
2026-03-06 17:56,KNID,102065.8,14.4,-8.3,94669.9,287.98,1.14522
2026-03-06 18:56,KNID,102031.9,16.1,-8.3,94638.5,289.68,1.13812
2026-03-06 19:56,KNID,101998.0,16.7,-7.8,94607.1,290.28,1.13539
2026-03-06 20:56,KNID,101930.3,17.2,-9.4,94544.2,290.78,1.13269
2026-03-06 21:56,KNID,101794.9,20.0,-14.4,94418.6,293.58,1.12039
2026-03-06 22:56,KNID,101761.0,20.0,-13.9,94387.2,293.58,1.12002
2026-03-06 23:56,KNID,101693.3,19.4,-14.4,94324.4,292.98,1.12157
2026-03-07 00:56,KNID,101761.0,18.3,-10.6,94387.2,291.88,1.12654
2026-03-07 01:56,KNID,101828.7,15.6,-8.9,94450.0,289.18,1.13782
2026-03-07 02:56,KNID,101862.6,14.4,-9.4,94481.4,287.98,1.14294
2026-03-07 03:56,KNID,101964.2,10.6,-8.3,94575.7,284.18,1.15938
2026-03-07 04:56,KNID,102031.9,9.4,-8.3,94638.5,282.98,1.16507
2026-03-07 05:56,KNID,102031.9,10.6,-8.3,94638.5,284.18,1.16015
2026-03-07 06:56,KNID,102065.8,12.8,-8.9,94669.9,286.38,1.15162
2026-03-07 07:56,KNID,102099.6,12.2,-8.9,94701.3,285.78,1.15442
2026-03-07 08:56,KNID,102133.5,12.2,-8.9,94732.7,285.78,1.15480
2026-03-07 09:56,KNID,102167.4,10.6,-8.9,94764.1,284.18,1.16169
2026-03-07 10:56,KNID,102099.6,10.6,-8.9,94701.3,284.18,1.16092
2026-03-07 11:56,KNID,102133.5,9.4,-8.9,94732.7,282.98,1.16623
2026-03-07 12:56,KNID,102167.4,9.4,-8.9,94764.1,282.98,1.16662
2026-03-07 13:56,KNID,102167.4,9.4,-8.9,94764.1,282.98,1.16662
2026-03-07 14:56,KNID,102201.2,11.1,-8.9,94795.5,284.68,1.16003
2026-03-07 15:56,KNID,102235.1,13.9,-9.4,94826.9,287.48,1.14911
2026-03-07 16:56,KNID,102201.2,15.6,-9.4,94795.5,289.18,1.14198
2026-03-07 17:56,KNID,102201.2,17.2,-10.6,94795.5,290.78,1.13570
2026-03-07 18:56,KNID,102201.2,18.3,-12.8,94795.5,291.88,1.13142
2026-03-07 19:56,KNID,102201.2,19.4,-13.3,94795.5,292.98,1.12717
2026-03-07 20:56,KNID,102099.6,20.6,-13.3,94701.3,294.18,1.12146
2026-03-07 21:56,KNID,102031.9,21.1,-13.3,94638.5,294.68,1.11881
2026-03-07 22:56,KNID,101998.0,21.1,-16.1,94607.1,294.68,1.11844
2026-03-07 23:56,KNID,101964.2,21.1,-15.0,94575.7,294.68,1.11807
2026-03-08 00:56,KNID,101930.3,20.6,-15.0,94544.2,294.18,1.11960
2026-03-08 01:56,KNID,101930.3,17.8,-12.2,94544.2,291.38,1.13035
2026-03-08 02:56,KNID,101964.2,16.7,-11.7,94575.7,290.28,1.13502
2026-03-08 03:56,KNID,102031.9,15.6,-11.1,94638.5,289.18,1.14009
2026-03-08 04:56,KNID,102099.6,15.6,-10.6,94701.3,289.18,1.14085
2026-03-08 05:56,KNID,102133.5,11.7,-10.0,94732.7,285.28,1.15683
2026-03-08 06:56,KNID,102133.5,7.2,-7.8,94732.7,280.78,1.17537
2026-03-08 07:56,KNID,102133.5,7.8,-8.3,94732.7,281.38,1.17286
2026-03-08 08:56,KNID,102167.4,6.1,-7.2,94764.1,279.68,1.18038
2026-03-08 09:56,KNID,102133.5,6.7,-6.1,94732.7,280.28,1.17746
2026-03-08 10:56,KNID,102065.8,6.1,-6.1,94669.9,279.68,1.17921
2026-03-08 11:56,KNID,102065.8,7.8,-6.1,94669.9,281.38,1.17208
2026-03-08 12:56,KNID,102031.9,5.0,-5.0,94638.5,278.58,1.18347
2026-03-08 13:56,KNID,102031.9,5.0,-4.4,94638.5,278.58,1.18347
2026-03-08 14:56,KNID,102031.9,7.2,-3.3,94638.5,280.78,1.17420
2026-03-08 15:56,KNID,102065.8,14.4,-2.8,94669.9,287.98,1.14522
2026-03-08 16:56,KNID,102065.8,17.2,-5.6,94669.9,290.78,1.13419
2026-03-08 17:56,KNID,101998.0,18.9,-5.6,94607.1,292.48,1.12685
2026-03-08 18:56,KNID,101930.3,20.6,-5.6,94544.2,294.18,1.11960
2026-03-08 19:56,KNID,101828.7,21.1,-5.6,94450.0,294.68,1.11658
2026-03-08 20:56,KNID,101693.3,22.8,-5.6,94324.4,296.38,1.10870
2026-03-08 21:56,KNID,101557.8,22.8,-6.1,94198.7,296.38,1.10722
2026-03-08 22:56,KNID,101456.2,23.9,-7.8,94104.5,297.48,1.10203
2026-03-08 23:56,KNID,101388.5,23.3,-7.2,94041.7,296.88,1.10352
2026-03-09 00:56,KNID,101354.6,23.3,-8.3,94010.3,296.88,1.10315
2026-03-09 01:56,KNID,101354.6,20.6,-6.7,94010.3,294.18,1.11327
2026-03-09 02:56,KNID,101388.5,14.4,-2.8,94041.7,287.98,1.13762
2026-03-09 03:56,KNID,101456.2,12.2,-2.2,94104.5,285.78,1.14714
2026-03-09 04:56,KNID,101456.2,11.1,-1.7,94104.5,284.68,1.15158
2026-03-09 05:56,KNID,101490.1,10.0,-1.7,94135.9,283.58,1.15643
2026-03-09 06:56,KNID,101456.2,8.9,-2.2,94104.5,282.48,1.16055
2026-03-09 07:56,KNID,101456.2,8.3,-2.2,94104.5,281.88,1.16302
2026-03-09 08:56,KNID,101422.4,7.8,-3.3,94073.1,281.38,1.16469
2026-03-09 09:56,KNID,101354.6,6.1,-2.2,94010.3,279.68,1.17099
2026-03-09 10:56,KNID,101286.9,5.6,-2.2,93947.5,279.18,1.17230
2026-03-09 11:56,KNID,101253.0,5.0,-2.2,93916.0,278.58,1.17444
2026-03-09 12:56,KNID,101286.9,2.8,-2.2,93947.5,276.38,1.18418
2026-03-09 13:56,KNID,101253.0,2.8,-2.2,93916.0,276.38,1.18378
2026-03-09 14:56,KNID,101320.8,5.0,-1.1,93978.9,278.58,1.17522
2026-03-09 15:56,KNID,101320.8,10.0,-1.1,93978.9,283.58,1.15450
2026-03-09 16:56,KNID,101354.6,13.9,-0.6,94010.3,287.48,1.13922
2026-03-09 17:56,KNID,101320.8,17.8,-0.6,93978.9,291.38,1.12360
2026-03-09 18:56,KNID,101286.9,20.6,-2.8,93947.5,294.18,1.11253
2026-03-09 19:56,KNID,101219.2,22.8,-3.3,93884.6,296.38,1.10353
2026-03-09 20:56,KNID,101117.6,25.0,-4.4,93790.4,298.58,1.09430
2026-03-09 21:56,KNID,101016.0,25.6,-5.0,93696.2,299.18,1.09101
2026-03-09 22:56,KNID,100982.1,26.1,-5.0,93664.8,299.68,1.08882
2026-03-09 23:56,KNID,100948.3,25.6,-5.0,93633.4,299.18,1.09028
2026-03-10 00:56,KNID,100982.1,24.4,-6.1,93664.8,297.98,1.09504
2026-03-10 01:56,KNID,101049.8,20.6,-5.6,93727.6,294.18,1.10993
2026-03-10 02:56,KNID,101117.6,18.9,0.0,93790.4,292.48,1.11712
2026-03-10 03:56,KNID,101151.4,16.7,1.7,93821.8,290.28,1.12597
2026-03-10 04:56,KNID,101185.3,14.4,2.2,93853.2,287.98,1.13534
2026-03-10 05:56,KNID,101219.2,13.9,-0.6,93884.6,287.48,1.13770
2026-03-10 06:56,KNID,101253.0,12.2,1.1,93916.0,285.78,1.14485
2026-03-10 07:56,KNID,101286.9,11.1,0.0,93947.5,284.68,1.14965
2026-03-10 08:56,KNID,101320.8,9.4,0.0,93978.9,282.98,1.15695
2026-03-10 09:56,KNID,101320.8,6.7,1.1,93978.9,280.28,1.16809
2026-03-10 10:56,KNID,101286.9,7.8,1.7,93947.5,281.38,1.16314
2026-03-10 11:56,KNID,101320.8,6.7,1.7,93978.9,280.28,1.16809
2026-03-10 12:56,KNID,101354.6,7.8,2.2,94010.3,281.38,1.16392
2026-03-10 14:56,KNID,101523.9,7.2,1.7,94167.3,280.78,1.16835
2026-03-10 15:56,KNID,101625.5,11.7,2.8,94261.6,285.28,1.15107
2026-03-10 16:56,KNID,101659.4,14.4,3.9,94293.0,287.98,1.14066
2026-03-10 17:56,KNID,101693.3,17.2,3.9,94324.4,290.78,1.13005
2026-03-10 18:56,KNID,101659.4,19.4,2.8,94293.0,292.98,1.12119
2026-03-10 19:56,KNID,101659.4,21.1,2.8,94293.0,294.68,1.11473
2026-03-10 20:56,KNID,101557.8,22.8,2.2,94198.7,296.38,1.10722
2026-03-10 21:56,KNID,101523.9,23.9,3.3,94167.3,297.48,1.10276
2026-03-10 22:56,KNID,101456.2,25.0,3.9,94104.5,298.58,1.09797
2026-03-10 23:56,KNID,101456.2,25.6,3.3,94104.5,299.18,1.09576
2026-03-11 00:56,KNID,101490.1,24.4,5.0,94135.9,297.98,1.10054
2026-03-11 01:56,KNID,101591.7,21.1,4.4,94230.1,294.68,1.11398
2026-03-11 02:56,KNID,101693.3,17.8,5.0,94324.4,291.38,1.12773
2026-03-11 03:56,KNID,101828.7,16.7,4.4,94450.0,290.28,1.13351
2026-03-11 04:56,KNID,101930.3,14.4,5.0,94544.2,287.98,1.14370
2026-03-11 05:56,KNID,102031.9,13.9,5.0,94638.5,287.48,1.14683
2026-03-11 06:56,KNID,102065.8,12.2,5.0,94669.9,285.78,1.15404
2026-03-11 07:56,KNID,102167.4,10.0,4.4,94764.1,283.58,1.16415
2026-03-11 08:56,KNID,102235.1,10.0,4.4,94826.9,283.58,1.16492
2026-03-11 09:56,KNID,102268.9,10.0,4.4,94858.3,283.58,1.16530
2026-03-11 10:56,KNID,102302.8,8.3,4.4,94889.8,281.88,1.17272
2026-03-11 11:56,KNID,102336.7,7.2,3.9,94921.2,280.78,1.17770
2026-03-11 12:56,KNID,102370.5,6.1,3.3,94952.6,279.68,1.18273
2026-03-11 13:56,KNID,102472.1,6.1,3.3,95046.8,279.68,1.18390
2026-03-11 14:56,KNID,102539.9,8.3,3.9,95109.6,281.88,1.17544
2026-03-11 15:56,KNID,102641.5,13.3,4.4,95203.9,286.88,1.15610
2026-03-11 16:56,KNID,102709.2,16.1,5.0,95266.7,289.68,1.14568
2026-03-11 17:56,KNID,102743.0,18.9,3.9,95298.1,292.48,1.13508
2026-03-11 18:56,KNID,102709.2,21.7,4.4,95266.7,295.28,1.12395
2026-03-11 19:56,KNID,102675.3,23.3,3.3,95235.3,296.88,1.11752
2026-03-11 20:56,KNID,102607.6,25.0,3.3,95172.4,298.58,1.11043
2026-03-11 21:56,KNID,102573.7,26.1,2.8,95141.0,299.68,1.10599
2026-03-11 22:56,KNID,102506.0,26.1,1.7,95078.2,299.68,1.10526
2026-03-11 23:56,KNID,102472.1,26.7,1.7,95046.8,300.28,1.10268
2026-03-12 00:56,KNID,102472.1,26.1,1.7,95046.8,299.68,1.10489
2026-03-12 01:56,KNID,102506.0,23.3,2.2,95078.2,296.88,1.11568
2026-03-12 02:56,KNID,102539.9,20.0,3.3,95109.6,293.58,1.12859
2026-03-12 03:56,KNID,102607.6,15.0,5.0,95172.4,288.58,1.14891
2026-03-12 04:56,KNID,102675.3,15.0,6.7,95235.3,288.58,1.14966
2026-03-12 05:56,KNID,102743.0,13.9,6.1,95298.1,287.48,1.15482
2026-03-12 06:56,KNID,102743.0,12.2,5.6,95298.1,285.78,1.16169
2026-03-12 07:56,KNID,102743.0,12.2,5.6,95298.1,285.78,1.16169
2026-03-12 08:56,KNID,102743.0,10.6,4.4,95298.1,284.18,1.16823
2026-03-12 09:56,KNID,102743.0,9.4,4.4,95298.1,282.98,1.17319
2026-03-12 10:56,KNID,102709.2,8.3,4.4,95266.7,281.88,1.17738
2026-03-12 11:56,KNID,102743.0,9.4,3.3,95298.1,282.98,1.17319
2026-03-12 12:56,KNID,102776.9,7.2,3.3,95329.5,280.78,1.18277
2026-03-12 13:56,KNID,102776.9,8.3,2.8,95329.5,281.88,1.17816
2026-03-12 14:56,KNID,102844.6,7.8,2.2,95392.3,281.38,1.18103
2026-03-12 15:56,KNID,102878.5,11.7,3.3,95423.7,285.28,1.16526
2026-03-12 16:56,KNID,102878.5,17.8,2.2,95423.7,291.38,1.14087
2026-03-12 17:56,KNID,102844.6,21.7,-1.1,95392.3,295.28,1.12543
2026-03-12 18:56,KNID,102776.9,24.4,-0.6,95329.5,297.98,1.11450
2026-03-12 19:56,KNID,102641.5,26.1,-1.1,95203.9,299.68,1.10672
2026-03-12 20:56,KNID,102506.0,27.8,-2.8,95078.2,301.38,1.09902
2026-03-12 21:56,KNID,102370.5,27.2,-3.3,94952.6,300.78,1.09976
2026-03-12 22:56,KNID,102302.8,27.8,-2.8,94889.8,301.38,1.09684
2026-03-12 23:56,KNID,102235.1,27.2,-3.3,94826.9,300.78,1.09830
2026-03-13 00:56,KNID,102167.4,27.2,-2.8,94764.1,300.78,1.09758
2026-03-13 01:56,KNID,102133.5,23.3,-0.6,94732.7,296.88,1.11163
2026-03-13 02:56,KNID,102167.4,18.3,1.1,94764.1,291.88,1.13104
2026-03-13 03:56,KNID,102201.2,18.3,0.6,94795.5,291.88,1.13142
2026-03-13 04:56,KNID,102201.2,16.1,2.8,94795.5,289.68,1.14001
2026-03-13 05:56,KNID,102235.1,13.9,3.9,94826.9,287.48,1.14911
2026-03-13 06:56,KNID,102201.2,13.3,3.9,94795.5,286.88,1.15114
2026-03-13 07:56,KNID,102167.4,11.7,2.8,94764.1,285.28,1.15721
2026-03-13 08:56,KNID,102167.4,10.6,3.3,94764.1,284.18,1.16169
2026-03-13 09:56,KNID,102099.6,10.0,2.8,94701.3,283.58,1.16338
2026-03-13 10:56,KNID,102065.8,7.8,1.7,94669.9,281.38,1.17208
2026-03-13 11:56,KNID,102031.9,8.3,2.8,94638.5,281.88,1.16961
2026-03-13 12:56,KNID,102065.8,7.2,1.7,94669.9,280.78,1.17459
2026-03-13 13:56,KNID,102099.6,6.1,1.1,94701.3,279.68,1.17960
2026-03-13 14:56,KNID,102133.5,8.9,2.2,94732.7,282.48,1.16829
2026-03-13 15:56,KNID,102167.4,13.9,3.3,94764.1,287.48,1.14835
2026-03-13 16:56,KNID,102133.5,17.2,2.2,94732.7,290.78,1.13494
2026-03-13 17:56,KNID,102133.5,21.1,1.1,94732.7,294.68,1.11992
2026-03-13 18:56,KNID,102065.8,24.4,-1.1,94669.9,297.98,1.10679
2026-03-13 19:56,KNID,101964.2,26.1,-1.1,94575.7,299.68,1.09941
2026-03-13 20:56,KNID,101828.7,27.8,-1.7,94450.0,301.38,1.09176
2026-03-13 21:56,KNID,101727.1,28.9,-1.7,94355.8,302.48,1.08670
2026-03-13 22:56,KNID,101625.5,28.9,-1.7,94261.6,302.48,1.08562
2026-03-13 23:56,KNID,101557.8,28.3,-1.7,94198.7,301.88,1.08705
2026-03-14 00:56,KNID,101523.9,27.8,-3.9,94167.3,301.38,1.08849
2026-03-14 01:56,KNID,101490.1,22.8,0.6,94135.9,296.38,1.10649
2026-03-14 02:56,KNID,101490.1,22.2,-0.6,94135.9,295.78,1.10873
2026-03-14 03:56,KNID,101523.9,21.1,2.2,94167.3,294.68,1.11324
2026-03-14 04:56,KNID,101523.9,18.9,2.8,94167.3,292.48,1.12161
2026-03-14 05:56,KNID,101523.9,18.3,1.1,94167.3,291.88,1.12392
2026-03-14 06:56,KNID,101490.1,14.4,1.1,94135.9,287.98,1.13876
2026-03-14 07:56,KNID,101456.2,15.6,1.1,94104.5,289.18,1.13366
2026-03-14 08:56,KNID,101422.4,11.1,1.7,94073.1,284.68,1.15119
2026-03-14 09:56,KNID,101354.6,11.1,1.1,94010.3,284.68,1.15042
2026-03-14 10:56,KNID,101320.8,10.0,1.7,93978.9,283.58,1.15450
2026-03-14 11:56,KNID,101320.8,9.4,1.1,93978.9,282.98,1.15695
2026-03-14 12:56,KNID,101320.8,10.0,1.7,93978.9,283.58,1.15450
2026-03-14 13:56,KNID,101388.5,10.0,2.2,94041.7,283.58,1.15527
2026-03-14 14:56,KNID,101422.4,10.0,3.3,94073.1,283.58,1.15566
2026-03-14 15:56,KNID,101490.1,14.4,3.9,94135.9,287.98,1.13876
2026-03-14 16:56,KNID,101490.1,17.8,3.3,94135.9,291.38,1.12547
2026-03-14 17:56,KNID,101557.8,21.1,2.8,94198.7,294.68,1.11361
2026-03-14 18:56,KNID,101490.1,23.3,1.1,94135.9,296.88,1.10462
2026-03-14 19:56,KNID,101422.4,25.6,0.6,94073.1,299.18,1.09540
2026-03-14 20:56,KNID,101286.9,27.8,-1.1,93947.5,301.38,1.08595
2026-03-14 21:56,KNID,101219.2,28.3,0.0,93884.6,301.88,1.08343
2026-03-14 22:56,KNID,101185.3,29.4,0.0,93853.2,302.98,1.07913
2026-03-14 23:56,KNID,101185.3,28.9,0.0,93853.2,302.48,1.08092
2026-03-15 00:56,KNID,101151.4,28.3,0.0,93821.8,301.88,1.08270
2026-03-15 01:56,KNID,101185.3,23.3,6.1,93853.2,296.88,1.10131
2026-03-15 02:56,KNID,101219.2,20.0,5.6,93884.6,293.58,1.11406
2026-03-15 03:56,KNID,101320.8,19.4,5.0,93978.9,292.98,1.11746
2026-03-15 04:56,KNID,101422.4,17.8,5.0,94073.1,291.38,1.12472
2026-03-15 05:56,KNID,101456.2,17.2,5.0,94104.5,290.78,1.12742
2026-03-15 06:56,KNID,101523.9,13.3,5.0,94167.3,286.88,1.14351
2026-03-15 07:56,KNID,101557.8,12.8,5.0,94198.7,286.38,1.14589
2026-03-15 08:56,KNID,101591.7,13.3,4.4,94230.1,286.88,1.14427
2026-03-15 09:56,KNID,101591.7,11.7,3.9,94230.1,285.28,1.15069
2026-03-15 10:56,KNID,101625.5,11.7,3.9,94261.6,285.28,1.15107
2026-03-15 11:56,KNID,101693.3,8.9,3.3,94324.4,282.48,1.16326
2026-03-15 12:56,KNID,101794.9,8.3,3.9,94418.6,281.88,1.16690
2026-03-15 13:56,KNID,101862.6,8.3,3.9,94481.4,281.88,1.16767
2026-03-15 14:56,KNID,101930.3,11.7,3.9,94544.2,285.28,1.15452
2026-03-15 15:56,KNID,102031.9,15.0,4.4,94638.5,288.58,1.14246
2026-03-15 16:56,KNID,102099.6,18.9,4.4,94701.3,292.48,1.12797
2026-03-15 17:56,KNID,102099.6,22.8,0.6,94701.3,296.38,1.11313
2026-03-15 18:56,KNID,102065.8,25.0,0.6,94669.9,298.58,1.10456
2026-03-15 19:56,KNID,101998.0,26.7,-0.6,94607.1,300.28,1.09758
2026-03-15 20:56,KNID,101930.3,27.2,-1.1,94544.2,300.78,1.09503
2026-03-15 21:56,KNID,101862.6,28.3,-1.1,94481.4,301.88,1.09031
2026-03-15 22:56,KNID,101794.9,28.3,-1.7,94418.6,301.88,1.08959
2026-03-15 23:56,KNID,101761.0,28.3,-2.2,94387.2,301.88,1.08923
2026-03-16 00:56,KNID,101761.0,27.8,-3.9,94387.2,301.38,1.09103
2026-03-16 01:56,KNID,101761.0,23.9,-1.1,94387.2,297.48,1.10534
2026-03-16 02:56,KNID,101828.7,20.0,0.0,94450.0,293.58,1.12077
2026-03-16 03:56,KNID,101862.6,17.8,1.1,94481.4,291.38,1.12960
2026-03-16 04:56,KNID,101930.3,16.7,2.2,94544.2,290.28,1.13464
2026-03-16 05:56,KNID,102031.9,13.9,2.8,94638.5,287.48,1.14683
2026-03-16 06:56,KNID,102031.9,12.8,2.2,94638.5,286.38,1.15124
2026-03-16 07:56,KNID,102031.9,12.8,2.2,94638.5,286.38,1.15124
2026-03-16 08:56,KNID,102031.9,11.7,2.8,94638.5,285.28,1.15568
2026-03-16 09:56,KNID,102031.9,10.0,2.8,94638.5,283.58,1.16260
2026-03-16 10:56,KNID,101998.0,10.6,2.2,94607.1,284.18,1.15976
2026-03-16 11:56,KNID,101998.0,12.2,1.7,94607.1,285.78,1.15327
2026-03-16 12:56,KNID,102031.9,8.9,2.2,94638.5,282.48,1.16713
2026-03-16 13:56,KNID,102065.8,8.9,2.2,94669.9,282.48,1.16752
2026-03-16 14:56,KNID,102133.5,11.7,2.2,94732.7,285.28,1.15683
2026-03-16 15:56,KNID,102201.2,16.7,2.2,94795.5,290.28,1.13765
2026-03-16 16:56,KNID,102201.2,21.7,0.6,94795.5,295.28,1.11839
2026-03-16 17:56,KNID,102201.2,25.0,-0.6,94795.5,298.58,1.10603
2026-03-16 18:56,KNID,102133.5,26.1,-1.1,94732.7,299.68,1.10124
2026-03-16 19:56,KNID,102031.9,27.2,-1.7,94638.5,300.78,1.09612
2026-03-16 20:56,KNID,101930.3,28.9,-0.6,94544.2,302.48,1.08887
2026-03-16 21:56,KNID,101862.6,28.9,0.0,94481.4,302.48,1.08815
2026-03-16 22:56,KNID,101794.9,29.4,0.0,94418.6,302.98,1.08563
2026-03-16 23:56,KNID,101761.0,28.9,0.0,94387.2,302.48,1.08707
2026-03-17 00:56,KNID,101761.0,28.9,0.0,94387.2,302.48,1.08707
2026-03-17 01:56,KNID,101794.9,26.7,0.6,94418.6,300.28,1.09539
2026-03-17 02:56,KNID,101828.7,23.9,0.0,94450.0,297.48,1.10607
2026-03-17 03:56,KNID,101862.6,19.4,3.3,94481.4,292.98,1.12343
2026-03-17 04:56,KNID,101964.2,17.8,3.9,94575.7,291.38,1.13073
2026-03-17 05:56,KNID,101964.2,16.7,3.9,94575.7,290.28,1.13502
2026-03-17 06:56,KNID,101998.0,16.1,3.3,94607.1,289.68,1.13774
2026-03-17 07:56,KNID,101998.0,15.0,3.3,94607.1,288.58,1.14208
2026-03-17 08:56,KNID,101998.0,12.8,3.9,94607.1,286.38,1.15085
2026-03-17 09:56,KNID,101964.2,12.2,3.9,94575.7,285.78,1.15289
2026-03-17 10:56,KNID,101896.4,12.2,3.3,94512.8,285.78,1.15212
2026-03-17 11:56,KNID,101930.3,11.7,3.3,94544.2,285.28,1.15452
2026-03-17 12:56,KNID,101964.2,10.6,3.3,94575.7,284.18,1.15938
2026-03-17 13:56,KNID,102031.9,8.9,3.3,94638.5,282.48,1.16713
2026-03-17 14:56,KNID,102065.8,12.8,4.4,94669.9,286.38,1.15162
2026-03-17 15:56,KNID,102099.6,16.1,4.4,94701.3,289.68,1.13888
2026-03-17 16:56,KNID,102099.6,21.1,3.9,94701.3,294.68,1.11955
2026-03-17 17:56,KNID,102099.6,25.0,3.9,94701.3,298.58,1.10493
2026-03-17 18:56,KNID,102065.8,27.8,1.7,94669.9,301.38,1.09430
2026-03-17 19:56,KNID,101998.0,29.4,1.1,94607.1,302.98,1.08780
2026-03-17 20:56,KNID,101896.4,30.6,1.1,94512.8,304.18,1.08243
2026-03-17 21:56,KNID,101794.9,31.1,1.1,94418.6,304.68,1.07958
2026-03-17 22:56,KNID,101761.0,31.7,1.1,94387.2,305.28,1.07710
2026-03-17 23:56,KNID,101693.3,31.7,1.1,94324.4,305.28,1.07638
2026-03-18 00:56,KNID,101659.4,31.1,1.7,94293.0,304.68,1.07814
2026-03-18 01:56,KNID,101693.3,28.3,1.7,94324.4,301.88,1.08850
2026-03-18 02:56,KNID,101727.1,25.6,2.2,94355.8,299.18,1.09869
2026-03-18 03:56,KNID,101794.9,19.4,5.6,94418.6,292.98,1.12269
2026-03-18 04:56,KNID,101862.6,17.8,6.1,94481.4,291.38,1.12960
2026-03-18 05:56,KNID,101930.3,16.7,5.0,94544.2,290.28,1.13464
2026-03-18 06:56,KNID,101930.3,17.8,5.0,94544.2,291.38,1.13035
2026-03-18 07:56,KNID,101930.3,18.3,5.0,94544.2,291.88,1.12842
2026-03-18 08:56,KNID,101930.3,15.0,5.0,94544.2,288.58,1.14132
2026-03-18 09:56,KNID,101964.2,13.3,5.6,94575.7,286.88,1.14847
2026-03-18 10:56,KNID,101930.3,12.8,5.6,94544.2,286.38,1.15009
2026-03-18 11:56,KNID,101964.2,11.7,5.6,94575.7,285.28,1.15491
2026-03-18 12:56,KNID,101998.0,11.1,5.6,94607.1,284.68,1.15773
2026-03-18 13:56,KNID,102031.9,11.1,6.1,94638.5,284.68,1.15811
2026-03-18 14:56,KNID,102099.6,13.3,6.7,94701.3,286.88,1.14999
2026-03-18 15:56,KNID,102167.4,17.2,6.1,94764.1,290.78,1.13532
2026-03-18 16:56,KNID,102201.2,21.1,6.1,94795.5,294.68,1.12067
2026-03-18 17:56,KNID,102201.2,25.0,5.6,94795.5,298.58,1.10603
2026-03-18 18:56,KNID,102201.2,28.3,4.4,94795.5,301.88,1.09394
2026-03-18 19:56,KNID,102133.5,30.6,3.9,94732.7,304.18,1.08495
2026-03-18 20:56,KNID,102031.9,32.2,4.4,94638.5,305.78,1.07820
2026-03-18 21:56,KNID,101930.3,33.3,3.3,94544.2,306.88,1.07326
2026-03-18 22:56,KNID,101862.6,33.9,-0.6,94481.4,307.48,1.07046
2026-03-18 23:56,KNID,101794.9,33.9,1.7,94418.6,307.48,1.06974
2026-03-19 00:56,KNID,101761.0,33.3,2.8,94387.2,306.88,1.07148
2026-03-19 01:56,KNID,101794.9,28.9,5.0,94418.6,302.48,1.08743
2026-03-19 02:56,KNID,101862.6,25.0,5.0,94481.4,298.58,1.10236
2026-03-19 03:56,KNID,101930.3,25.6,5.6,94544.2,299.18,1.10088
2026-03-19 04:56,KNID,101964.2,23.3,2.8,94575.7,296.88,1.10978
2026-03-19 05:56,KNID,101998.0,22.2,1.7,94607.1,295.78,1.11428
2026-03-19 06:56,KNID,102031.9,18.3,3.3,94638.5,291.88,1.12954
2026-03-19 07:56,KNID,102031.9,17.2,2.8,94638.5,290.78,1.13382
2026-03-19 08:56,KNID,102065.8,15.6,2.8,94669.9,289.18,1.14047
2026-03-19 09:56,KNID,102065.8,14.4,3.9,94669.9,287.98,1.14522
2026-03-19 10:56,KNID,102065.8,13.9,3.3,94669.9,287.48,1.14721
2026-03-19 11:56,KNID,102065.8,13.9,2.8,94669.9,287.48,1.14721
2026-03-19 12:56,KNID,102099.6,12.2,3.3,94701.3,285.78,1.15442
2026-03-19 13:56,KNID,102201.2,10.6,3.3,94795.5,284.18,1.16207
2026-03-19 14:56,KNID,102268.9,13.9,5.0,94858.3,287.48,1.14950
2026-03-19 15:56,KNID,102302.8,20.6,5.6,94889.8,294.18,1.12369
2026-03-19 16:56,KNID,102302.8,24.4,5.6,94889.8,297.98,1.10936
2026-03-19 17:56,KNID,102302.8,28.3,4.4,94889.8,301.88,1.09503
2026-03-19 18:56,KNID,102268.9,30.0,5.0,94858.3,303.58,1.08853
2026-03-19 19:56,KNID,102167.4,31.7,2.8,94764.1,305.28,1.08140
2026-03-19 20:56,KNID,102099.6,32.8,2.8,94701.3,306.38,1.07680
2026-03-19 21:56,KNID,101998.0,34.4,1.7,94607.1,307.98,1.07014
2026-03-19 22:56,KNID,101930.3,34.4,0.6,94544.2,307.98,1.06943
2026-03-19 23:56,KNID,101862.6,33.9,-1.1,94481.4,307.48,1.07046
2026-03-20 00:56,KNID,101828.7,33.9,1.1,94450.0,307.48,1.07010
2026-03-20 01:56,KNID,101828.7,30.0,4.4,94450.0,303.58,1.08385
2026-03-20 02:56,KNID,101862.6,23.9,5.6,94481.4,297.48,1.10644
2026-03-20 03:56,KNID,101930.3,21.1,5.0,94544.2,294.68,1.11770
2026-03-20 04:56,KNID,101964.2,21.1,3.3,94575.7,294.68,1.11807
2026-03-20 05:56,KNID,101998.0,18.3,4.4,94607.1,291.88,1.12917
2026-03-20 06:56,KNID,101964.2,16.7,4.4,94575.7,290.28,1.13502
2026-03-20 07:56,KNID,101998.0,16.1,5.0,94607.1,289.68,1.13774
2026-03-20 08:56,KNID,101998.0,17.2,5.0,94607.1,290.78,1.13344
2026-03-20 09:56,KNID,101964.2,13.3,5.6,94575.7,286.88,1.14847
2026-03-20 10:56,KNID,101930.3,14.4,5.6,94544.2,287.98,1.14370
2026-03-20 11:56,KNID,101930.3,12.8,5.6,94544.2,286.38,1.15009
2026-03-20 12:56,KNID,101964.2,12.2,5.6,94575.7,285.78,1.15289
2026-03-20 13:56,KNID,101998.0,12.8,5.6,94607.1,286.38,1.15085
2026-03-20 14:56,KNID,102031.9,13.9,6.1,94638.5,287.48,1.14683
2026-03-20 15:56,KNID,102031.9,17.8,6.1,94638.5,291.38,1.13148
2026-03-20 16:56,KNID,102065.8,22.8,6.7,94669.9,296.38,1.11276
2026-03-20 17:56,KNID,102031.9,27.2,5.6,94638.5,300.78,1.09612
2026-03-20 18:56,KNID,101964.2,30.0,3.3,94575.7,303.58,1.08529
2026-03-20 19:56,KNID,101896.4,32.2,2.2,94512.8,305.78,1.07677
2026-03-20 20:56,KNID,101761.0,33.9,2.8,94387.2,307.48,1.06939
2026-03-20 21:56,KNID,101659.4,34.4,-0.6,94293.0,307.98,1.06659
2026-03-20 22:56,KNID,101557.8,34.4,0.0,94198.7,307.98,1.06552
2026-03-20 23:56,KNID,101490.1,35.0,0.6,94135.9,308.58,1.06274
2026-03-21 00:56,KNID,101456.2,34.4,-0.6,94104.5,307.98,1.06445
2026-03-21 01:56,KNID,101456.2,31.1,0.6,94104.5,304.68,1.07598
2026-03-21 02:56,KNID,101456.2,27.2,1.7,94104.5,300.78,1.08994
2026-03-21 03:56,KNID,101523.9,27.2,0.0,94167.3,300.78,1.09066
2026-03-21 04:56,KNID,101523.9,23.9,2.2,94167.3,297.48,1.10276
2026-03-21 05:56,KNID,101557.8,22.8,0.6,94198.7,296.38,1.10722
2026-03-21 06:56,KNID,101523.9,20.6,1.7,94167.3,294.18,1.11513
2026-03-21 07:56,KNID,101523.9,19.4,2.2,94167.3,292.98,1.11970
2026-03-21 08:56,KNID,101523.9,18.3,3.3,94167.3,291.88,1.12392
2026-03-21 09:56,KNID,101490.1,16.7,5.0,94135.9,290.28,1.12974
2026-03-21 10:56,KNID,101490.1,14.4,4.4,94135.9,287.98,1.13876
2026-03-21 11:56,KNID,101456.2,15.6,6.1,94104.5,289.18,1.13366
2026-03-21 12:56,KNID,101490.1,12.2,5.6,94135.9,285.78,1.14753
2026-03-21 13:56,KNID,101523.9,11.7,5.0,94167.3,285.28,1.14992
2026-03-21 14:56,KNID,101557.8,16.1,5.0,94198.7,289.68,1.13283
2026-03-21 15:56,KNID,101591.7,18.9,5.6,94230.1,292.48,1.12236
2026-03-21 16:56,KNID,101557.8,22.2,5.0,94198.7,295.78,1.10947
2026-03-21 17:56,KNID,101557.8,25.6,5.6,94198.7,299.18,1.09686
2026-03-21 18:56,KNID,101490.1,27.8,5.0,94135.9,301.38,1.08813
2026-03-21 19:56,KNID,101388.5,30.0,4.4,94041.7,303.58,1.07916
2026-03-21 20:56,KNID,101286.9,32.2,0.6,93947.5,305.78,1.07032
2026-03-21 21:56,KNID,101219.2,34.4,0.0,93884.6,307.98,1.06197
2026-03-21 22:56,KNID,101151.4,32.8,0.0,93821.8,306.38,1.06680
2026-03-21 23:56,KNID,101117.6,32.8,0.0,93790.4,306.38,1.06644
2026-03-22 00:56,KNID,101117.6,31.1,1.7,93790.4,304.68,1.07239
2026-03-22 01:56,KNID,101151.4,28.9,2.8,93821.8,302.48,1.08055
2026-03-22 02:56,KNID,101185.3,26.1,3.9,93853.2,299.68,1.09102
2026-03-22 03:56,KNID,101253.0,25.0,4.4,93916.0,298.58,1.09577
2026-03-22 04:56,KNID,101253.0,23.9,4.4,93916.0,297.48,1.09982
2026-03-22 05:56,KNID,101286.9,22.2,4.4,93947.5,295.78,1.10651
2026-03-22 06:56,KNID,101320.8,17.8,5.6,93978.9,291.38,1.12360
2026-03-22 07:56,KNID,101320.8,16.7,5.6,93978.9,290.28,1.12785
2026-03-22 08:56,KNID,101320.8,16.1,5.6,93978.9,289.68,1.13019
2026-03-22 09:56,KNID,101320.8,14.4,5.0,93978.9,287.98,1.13686
2026-03-22 10:56,KNID,101286.9,13.3,5.0,93947.5,286.88,1.14084
2026-03-22 11:56,KNID,101286.9,13.9,4.4,93947.5,287.48,1.13846
2026-03-22 12:56,KNID,101320.8,12.8,4.4,93978.9,286.38,1.14321
2026-03-22 13:56,KNID,101388.5,11.7,5.0,94041.7,285.28,1.14839
2026-03-22 14:56,KNID,101490.1,13.3,5.6,94135.9,286.88,1.14313
2026-03-22 15:56,KNID,101523.9,16.7,5.6,94167.3,290.28,1.13011
2026-03-22 16:56,KNID,101490.1,21.7,5.6,94135.9,295.28,1.11061
2026-03-22 17:56,KNID,101490.1,26.1,4.4,94135.9,299.68,1.09430
2026-03-22 18:56,KNID,101456.2,29.4,1.1,94104.5,302.98,1.08202
2026-03-22 19:56,KNID,101388.5,31.1,0.0,94041.7,304.68,1.07527
2026-03-22 20:56,KNID,101286.9,32.2,0.0,93947.5,305.78,1.07032
2026-03-22 21:56,KNID,101185.3,32.8,-1.1,93853.2,306.38,1.06716
2026-03-22 22:56,KNID,101151.4,33.9,-1.7,93821.8,307.48,1.06298
2026-03-22 23:56,KNID,101117.6,33.3,-2.2,93790.4,306.88,1.06470
2026-03-23 00:56,KNID,101083.7,32.8,-1.7,93759.0,306.38,1.06609
2026-03-23 01:56,KNID,101083.7,29.4,-0.6,93759.0,302.98,1.07805
2026-03-23 02:56,KNID,101117.6,25.0,6.7,93790.4,298.58,1.09430
2026-03-23 03:56,KNID,101219.2,23.9,6.7,93884.6,297.48,1.09945
2026-03-23 04:56,KNID,101253.0,22.8,6.7,93916.0,296.38,1.10390
2026-03-23 05:56,KNID,101286.9,22.8,6.7,93947.5,296.38,1.10427
2026-03-23 06:56,KNID,101286.9,21.7,6.7,93947.5,295.28,1.10838
2026-03-23 07:56,KNID,101286.9,20.6,7.2,93947.5,294.18,1.11253
2026-03-23 08:56,KNID,101286.9,16.1,6.7,93947.5,289.68,1.12981
2026-03-23 09:56,KNID,101286.9,15.0,5.6,93947.5,288.58,1.13412
2026-03-23 10:56,KNID,101253.0,13.9,5.0,93916.0,287.48,1.13808
2026-03-23 11:56,KNID,101286.9,12.2,5.0,93947.5,285.78,1.14523
2026-03-23 12:56,KNID,101320.8,12.2,5.0,93978.9,285.78,1.14561
2026-03-23 13:56,KNID,101422.4,11.1,5.0,94073.1,284.68,1.15119
2026-03-23 14:56,KNID,101523.9,14.4,5.0,94167.3,287.98,1.13914
2026-03-23 15:56,KNID,101557.8,18.9,6.1,94198.7,292.48,1.12199
2026-03-23 16:56,KNID,101591.7,21.7,6.1,94230.1,295.28,1.11172
2026-03-23 17:56,KNID,101557.8,25.0,6.1,94198.7,298.58,1.09907
2026-03-23 18:56,KNID,101557.8,27.8,5.0,94198.7,301.38,1.08885
2026-03-23 19:56,KNID,101456.2,30.0,4.4,94104.5,303.58,1.07988
2026-03-23 20:56,KNID,101388.5,31.7,3.3,94041.7,305.28,1.07315
2026-03-23 21:56,KNID,101286.9,32.8,0.6,93947.5,306.38,1.06823
2026-03-23 22:56,KNID,101253.0,33.9,1.1,93916.0,307.48,1.06405
2026-03-23 23:56,KNID,101185.3,33.3,3.3,93853.2,306.88,1.06542
2026-03-24 00:56,KNID,101219.2,32.2,5.6,93884.6,305.78,1.06961
2026-03-24 01:56,KNID,101219.2,29.4,8.9,93884.6,302.98,1.07949
2026-03-24 02:56,KNID,101286.9,25.0,8.9,93947.5,298.58,1.09613
2026-03-24 03:56,KNID,101354.6,23.9,8.3,94010.3,297.48,1.10092
2026-03-24 04:56,KNID,101388.5,23.3,7.8,94041.7,296.88,1.10352
2026-03-24 05:56,KNID,101422.4,21.7,7.2,94073.1,295.28,1.10987
2026-03-24 06:56,KNID,101456.2,20.6,7.2,94104.5,294.18,1.11439
2026-03-24 07:56,KNID,101490.1,18.3,7.2,94135.9,291.88,1.12354
2026-03-24 08:56,KNID,101523.9,15.6,7.2,94167.3,289.18,1.13441
2026-03-24 09:56,KNID,101523.9,15.0,8.3,94167.3,288.58,1.13677
2026-03-24 10:56,KNID,101557.8,14.4,7.8,94198.7,287.98,1.13952
2026-03-24 11:56,KNID,101557.8,14.4,7.2,94198.7,287.98,1.13952
2026-03-24 12:56,KNID,101591.7,14.4,6.7,94230.1,287.98,1.13990
2026-03-24 13:56,KNID,101659.4,12.2,6.7,94293.0,285.78,1.14944
2026-03-24 14:56,KNID,101727.1,15.0,7.8,94355.8,288.58,1.13905
2026-03-24 15:56,KNID,101727.1,18.9,8.9,94355.8,292.48,1.12386
2026-03-24 16:56,KNID,101761.0,21.7,8.9,94387.2,295.28,1.11357
2026-03-24 17:56,KNID,101761.0,25.6,8.3,94387.2,299.18,1.09906
2026-03-24 18:56,KNID,101727.1,28.3,7.8,94355.8,301.88,1.08886
2026-03-24 19:56,KNID,101659.4,31.1,5.6,94293.0,304.68,1.07814
2026-03-24 20:56,KNID,101557.8,31.1,5.0,94198.7,304.68,1.07706
2026-03-24 21:56,KNID,101490.1,33.3,3.9,94135.9,306.88,1.06863
2026-03-24 22:56,KNID,101422.4,33.3,3.9,94073.1,306.88,1.06791
2026-03-24 23:56,KNID,101354.6,33.9,5.6,94010.3,307.48,1.06512
2026-03-25 00:56,KNID,101354.6,33.3,5.0,94010.3,306.88,1.06720
2026-03-25 01:56,KNID,101354.6,31.1,6.1,94010.3,304.68,1.07491
2026-03-25 02:56,KNID,101388.5,27.2,6.1,94041.7,300.78,1.08921
2026-03-25 03:56,KNID,101456.2,26.1,6.1,94104.5,299.68,1.09394
2026-03-25 04:56,KNID,101490.1,25.0,5.6,94135.9,298.58,1.09833
2026-03-25 05:56,KNID,101523.9,23.3,6.1,94167.3,296.88,1.10499
2026-03-25 06:56,KNID,101557.8,21.1,6.1,94198.7,294.68,1.11361
2026-03-25 07:56,KNID,101557.8,19.4,6.1,94198.7,292.98,1.12007
2026-03-25 09:56,KNID,101557.8,16.1,7.2,94198.7,289.68,1.13283
2026-03-25 10:56,KNID,101523.9,16.1,7.2,94167.3,289.68,1.13246
2026-03-25 11:56,KNID,101557.8,15.0,7.2,94198.7,288.58,1.13715
2026-03-25 13:56,KNID,101591.7,13.9,6.7,94230.1,287.48,1.14188
2026-03-25 14:56,KNID,101625.5,16.1,7.2,94261.6,289.68,1.13359
2026-03-25 15:56,KNID,101659.4,18.3,7.8,94293.0,291.88,1.12542
2026-03-25 16:56,KNID,101659.4,21.7,7.8,94293.0,295.28,1.11246
2026-03-25 17:56,KNID,101659.4,24.4,7.8,94293.0,297.98,1.10238
2026-03-25 18:56,KNID,101557.8,27.8,6.7,94198.7,301.38,1.08885
2026-03-25 19:56,KNID,101456.2,29.4,6.7,94104.5,302.98,1.08202
2026-03-25 20:56,KNID,101354.6,31.1,4.4,94010.3,304.68,1.07491
2026-03-25 21:56,KNID,101253.0,32.8,1.7,93916.0,306.38,1.06787
2026-03-25 22:56,KNID,101151.4,33.9,3.3,93821.8,307.48,1.06298
2026-03-25 23:56,KNID,101049.8,33.3,3.9,93727.6,306.88,1.06399
2026-03-26 00:56,KNID,101049.8,31.7,1.7,93727.6,305.28,1.06957
2026-03-26 01:56,KNID,101083.7,27.8,6.1,93759.0,301.38,1.08377
2026-03-26 02:56,KNID,101049.8,25.6,5.6,93727.6,299.18,1.09138
2026-03-26 03:56,KNID,101117.6,23.3,5.6,93790.4,296.88,1.10057
2026-03-26 04:56,KNID,101185.3,22.8,3.3,93853.2,296.38,1.10316
2026-03-26 05:56,KNID,101185.3,21.1,3.3,93853.2,294.68,1.10953
2026-03-26 06:56,KNID,101185.3,20.6,3.9,93853.2,294.18,1.11141
2026-03-26 07:56,KNID,101253.0,17.8,4.4,93916.0,291.38,1.12284
2026-03-26 08:56,KNID,101286.9,15.6,4.4,93947.5,289.18,1.13176
2026-03-26 09:56,KNID,101286.9,13.3,4.4,93947.5,286.88,1.14084
2026-03-26 10:56,KNID,101286.9,13.9,4.4,93947.5,287.48,1.13846
2026-03-26 11:56,KNID,101354.6,12.8,3.9,94010.3,286.38,1.14359
2026-03-26 12:56,KNID,101422.4,12.2,3.9,94073.1,285.78,1.14676
2026-03-26 13:56,KNID,101456.2,11.1,4.4,94104.5,284.68,1.15158
2026-03-26 14:56,KNID,101523.9,15.0,5.0,94167.3,288.58,1.13677
2026-03-26 15:56,KNID,101557.8,18.3,5.0,94198.7,291.88,1.12429
2026-03-26 16:56,KNID,101591.7,21.7,5.0,94230.1,295.28,1.11172
2026-03-26 17:56,KNID,101659.4,25.0,4.4,94293.0,298.58,1.10017
2026-03-26 18:56,KNID,101625.5,27.2,2.8,94261.6,300.78,1.09175
2026-03-26 19:56,KNID,101557.8,28.9,2.8,94198.7,302.48,1.08490
2026-03-26 20:56,KNID,101490.1,30.0,2.8,94135.9,303.58,1.08024
2026-03-26 21:56,KNID,101422.4,31.1,1.7,94073.1,304.68,1.07562
2026-03-26 22:56,KNID,101354.6,32.2,1.7,94010.3,305.78,1.07104
2026-03-26 23:56,KNID,101320.8,31.1,0.0,93978.9,304.68,1.07455
2026-03-27 00:56,KNID,101320.8,31.1,-1.1,93978.9,304.68,1.07455
2026-03-27 01:56,KNID,101354.6,28.3,0.6,94010.3,301.88,1.08488
2026-03-27 02:56,KNID,101388.5,25.0,1.1,94041.7,298.58,1.09723
2026-03-27 03:56,KNID,101490.1,20.0,3.9,94135.9,293.58,1.11704
2026-03-27 04:56,KNID,101523.9,18.9,3.9,94167.3,292.48,1.12161
2026-03-27 05:56,KNID,101557.8,17.8,3.9,94198.7,291.38,1.12622
2026-03-27 06:56,KNID,101557.8,17.8,3.9,94198.7,291.38,1.12622
2026-03-27 07:56,KNID,101557.8,18.3,3.3,94198.7,291.88,1.12429
2026-03-27 08:56,KNID,101557.8,17.8,0.6,94198.7,291.38,1.12622
2026-03-27 09:56,KNID,101591.7,16.7,0.0,94230.1,290.28,1.13087
2026-03-27 10:56,KNID,101557.8,17.8,-1.7,94198.7,291.38,1.12622
2026-03-27 11:56,KNID,101625.5,16.7,-1.7,94261.6,290.28,1.13125
2026-03-27 12:56,KNID,101659.4,16.1,-1.7,94293.0,289.68,1.13397
2026-03-27 13:56,KNID,101727.1,12.8,-0.6,94355.8,286.38,1.14780
2026-03-27 14:56,KNID,101761.0,17.2,1.1,94387.2,290.78,1.13081
2026-03-27 15:56,KNID,101828.7,20.0,2.2,94450.0,293.58,1.12077
2026-03-27 16:56,KNID,101828.7,23.9,0.0,94450.0,297.48,1.10607
2026-03-27 18:56,KNID,101761.0,27.8,-2.8,94387.2,301.38,1.09103
2026-03-27 20:56,KNID,101591.7,30.0,-3.3,94230.1,303.58,1.08132
2026-03-27 21:56,KNID,101456.2,31.1,-3.3,94104.5,304.68,1.07598
2026-03-27 22:56,KNID,101388.5,31.7,-3.9,94041.7,305.28,1.07315
2026-03-27 23:56,KNID,101320.8,31.1,-3.3,93978.9,304.68,1.07455
2026-03-28 02:56,KNID,101320.8,26.1,0.6,93978.9,299.68,1.09248
2026-03-28 03:56,KNID,101354.6,26.7,0.0,94010.3,300.28,1.09066
2026-03-28 05:56,KNID,101422.4,21.7,0.6,94073.1,295.28,1.10987
2026-03-28 06:56,KNID,101456.2,21.7,-2.8,94104.5,295.28,1.11024
2026-03-28 07:56,KNID,101456.2,18.3,2.2,94104.5,291.88,1.12317
2026-03-28 09:56,KNID,101490.1,16.1,4.4,94135.9,289.68,1.13208
2026-03-28 10:56,KNID,101490.1,13.9,4.4,94135.9,287.48,1.14074
2026-03-28 11:56,KNID,101490.1,12.8,4.4,94135.9,286.38,1.14512
2026-03-28 12:56,KNID,101523.9,12.2,4.4,94167.3,285.78,1.14791
2026-03-28 13:56,KNID,101557.8,11.1,3.9,94198.7,284.68,1.15273
2026-03-28 14:56,KNID,101625.5,15.6,2.8,94261.6,289.18,1.13555
2026-03-28 15:56,KNID,101659.4,16.7,3.3,94293.0,290.28,1.13162
2026-03-28 16:56,KNID,101693.3,19.4,3.3,94324.4,292.98,1.12157
2026-03-28 17:56,KNID,101693.3,22.2,2.8,94324.4,295.78,1.11095
2026-03-28 18:56,KNID,101659.4,25.0,1.7,94293.0,298.58,1.10017
2026-03-28 19:56,KNID,101591.7,27.2,3.3,94230.1,300.78,1.09139
2026-03-28 21:56,KNID,101320.8,31.1,3.3,93978.9,304.68,1.07455
2026-03-28 22:56,KNID,101253.0,32.2,2.2,93916.0,305.78,1.06997
2026-03-29 00:56,KNID,101185.3,31.7,1.7,93853.2,305.28,1.07100
2026-03-29 01:56,KNID,101185.3,28.3,1.7,93853.2,301.88,1.08306
2026-03-29 02:56,KNID,101253.0,24.4,1.7,93916.0,297.98,1.09797
2026-03-29 03:56,KNID,101354.6,23.3,2.8,94010.3,296.88,1.10315
2026-03-29 04:56,KNID,101388.5,22.8,2.2,94041.7,296.38,1.10538
2026-03-29 05:56,KNID,101422.4,22.2,2.2,94073.1,295.78,1.10799
2026-03-29 06:56,KNID,101422.4,21.1,3.9,94073.1,294.68,1.11213
2026-03-29 07:56,KNID,101422.4,20.6,3.3,94073.1,294.18,1.11402
2026-03-29 08:56,KNID,101422.4,13.9,3.3,94073.1,287.48,1.13998
2026-03-29 09:56,KNID,101422.4,13.9,2.8,94073.1,287.48,1.13998
2026-03-29 10:56,KNID,101388.5,14.4,2.8,94041.7,287.98,1.13762
2026-03-29 11:56,KNID,101422.4,12.8,3.3,94073.1,286.38,1.14436
2026-03-29 12:56,KNID,101456.2,11.1,2.8,94104.5,284.68,1.15158
2026-03-29 13:56,KNID,101490.1,12.2,2.8,94135.9,285.78,1.14753
2026-03-29 15:56,KNID,101625.5,16.7,3.3,94261.6,290.28,1.13125
2026-03-29 16:56,KNID,101625.5,19.4,3.9,94261.6,292.98,1.12082
2026-03-29 17:56,KNID,101659.4,22.8,3.9,94293.0,296.38,1.10833
2026-03-29 19:56,KNID,101523.9,27.2,0.0,94167.3,300.78,1.09066
2026-03-29 20:56,KNID,101422.4,28.9,1.1,94073.1,302.48,1.08345
2026-03-29 21:56,KNID,101286.9,31.1,1.1,93947.5,304.68,1.07419
2026-03-29 22:56,KNID,101219.2,32.2,-2.2,93884.6,305.78,1.06961
2026-03-29 23:56,KNID,101151.4,31.7,-5.6,93821.8,305.28,1.07064
2026-03-30 00:56,KNID,101151.4,30.6,-9.4,93821.8,304.18,1.07452
2026-03-30 01:56,KNID,101185.3,27.8,-7.8,93853.2,301.38,1.08486
2026-03-30 02:56,KNID,101219.2,23.9,-6.1,93884.6,297.48,1.09945
2026-03-30 03:56,KNID,101286.9,22.8,-0.6,93947.5,296.38,1.10427
2026-03-30 04:56,KNID,101320.8,21.7,-2.8,93978.9,295.28,1.10875
2026-03-30 05:56,KNID,101354.6,19.4,-4.4,94010.3,292.98,1.11783
2026-03-30 06:56,KNID,101320.8,17.8,-5.6,93978.9,291.38,1.12360
2026-03-30 07:56,KNID,101320.8,18.9,-6.1,93978.9,292.48,1.11937
2026-03-30 09:56,KNID,101286.9,15.0,-3.9,93947.5,288.58,1.13412
2026-03-30 11:56,KNID,101320.8,11.7,-3.9,93978.9,285.28,1.14762
2026-03-30 12:56,KNID,101354.6,10.6,-3.3,94010.3,284.18,1.15245
2026-03-30 13:56,KNID,101354.6,10.6,-3.3,94010.3,284.18,1.15245
2026-03-30 14:56,KNID,101422.4,12.8,-1.7,94073.1,286.38,1.14436
2026-03-30 15:56,KNID,101490.1,16.1,-3.3,94135.9,289.68,1.13208
2026-03-30 16:56,KNID,101523.9,18.9,-2.8,94167.3,292.48,1.12161
2026-03-30 17:56,KNID,101557.8,21.7,-2.8,94198.7,295.28,1.11135
2026-03-30 18:56,KNID,101490.1,25.0,-2.8,94135.9,298.58,1.09833
2026-03-30 19:56,KNID,101422.4,29.4,-4.4,94073.1,302.98,1.08166
2026-03-30 20:56,KNID,101354.6,29.4,-7.2,94010.3,302.98,1.08094
2026-03-30 21:56,KNID,101286.9,30.0,-4.4,93947.5,303.58,1.07808
2026-03-30 22:56,KNID,101219.2,28.9,-5.0,93884.6,302.48,1.08128
2026-03-30 23:56,KNID,101185.3,28.3,-5.0,93853.2,301.88,1.08306
2026-03-31 00:56,KNID,101219.2,26.7,-2.8,93884.6,300.28,1.08920
2026-03-31 01:56,KNID,101253.0,25.6,-3.9,93916.0,299.18,1.09357
2026-03-31 02:56,KNID,101286.9,23.9,-3.9,93947.5,297.48,1.10019
2026-03-31 03:56,KNID,101354.6,22.2,-2.2,94010.3,295.78,1.10725
2026-03-31 04:56,KNID,101354.6,21.1,-1.7,94010.3,294.68,1.11138
2026-03-31 05:56,KNID,101354.6,21.1,-1.1,94010.3,294.68,1.11138
2026-03-31 06:56,KNID,101354.6,20.0,-0.6,94010.3,293.58,1.11555
2026-03-31 07:56,KNID,101388.5,18.9,0.0,94041.7,292.48,1.12012
2026-03-31 08:56,KNID,101320.8,17.8,2.2,93978.9,291.38,1.12360
2026-03-31 09:56,KNID,101286.9,18.9,1.7,93947.5,292.48,1.11900
2026-03-31 10:56,KNID,101185.3,17.8,2.2,93853.2,291.38,1.12209
2026-03-31 11:56,KNID,101185.3,18.3,3.9,93853.2,291.88,1.12017
2026-03-31 12:56,KNID,101185.3,18.9,2.2,93853.2,292.48,1.11787
2026-03-31 13:56,KNID,101219.2,18.9,2.2,93884.6,292.48,1.11825
2026-03-31 14:56,KNID,101253.0,19.4,1.7,93916.0,292.98,1.11671
2026-03-31 15:56,KNID,101286.9,20.0,0.0,93947.5,293.58,1.11480
2026-03-31 16:56,KNID,101320.8,21.7,-0.6,93978.9,295.28,1.10875
2026-03-31 17:56,KNID,101354.6,23.3,-1.7,94010.3,296.88,1.10315
2026-03-31 18:56,KNID,101253.0,23.9,0.6,93916.0,297.48,1.09982
2026-03-31 19:56,KNID,101219.2,25.0,0.0,93884.6,298.58,1.09540
2026-03-31 20:56,KNID,101117.6,25.0,0.0,93790.4,298.58,1.09430
2026-03-31 21:56,KNID,101083.7,24.4,-1.1,93759.0,297.98,1.09614
2026-03-31 22:56,KNID,101049.8,23.9,-1.7,93727.6,297.48,1.09761
2026-03-31 23:56,KNID,101083.7,22.8,-3.3,93759.0,296.38,1.10206
2026-04-01 00:56,KNID,101083.7,20.0,0.6,93759.0,293.58,1.11257
2026-04-01 01:56,KNID,101117.6,18.9,0.6,93790.4,292.48,1.11712
2026-04-01 02:56,KNID,101151.4,17.2,2.2,93821.8,290.78,1.12403
2026-04-01 03:56,KNID,101151.4,15.0,3.3,93821.8,288.58,1.13260
2026-04-01 04:56,KNID,101117.6,14.4,3.3,93790.4,287.98,1.13458
2026-04-01 05:56,KNID,101083.7,13.9,3.3,93759.0,287.48,1.13617
2026-04-01 06:56,KNID,101117.6,14.4,2.8,93790.4,287.98,1.13458
2026-04-01 07:56,KNID,101083.7,15.6,1.7,93759.0,289.18,1.12949
2026-04-01 08:56,KNID,100948.3,15.6,1.1,93633.4,289.18,1.12798
2026-04-01 09:56,KNID,101016.0,14.4,2.2,93696.2,287.98,1.13344
2026-04-01 10:56,KNID,101049.8,14.4,2.8,93727.6,287.98,1.13382
2026-04-01 12:56,KNID,101083.7,13.9,1.7,93759.0,287.48,1.13617
2026-04-01 13:56,KNID,101117.6,13.3,2.2,93790.4,286.88,1.13893
2026-04-01 14:56,KNID,101219.2,15.0,2.8,93884.6,288.58,1.13336
2026-04-01 15:56,KNID,101185.3,17.2,1.1,93853.2,290.78,1.12441
2026-04-01 16:56,KNID,101253.0,18.3,0.6,93916.0,291.88,1.12092
2026-04-01 17:56,KNID,101253.0,20.0,0.6,93916.0,293.58,1.11443
2026-04-01 18:56,KNID,101219.2,21.7,0.6,93884.6,295.28,1.10764
2026-04-01 19:56,KNID,101117.6,22.8,0.6,93790.4,296.38,1.10242
2026-04-01 20:56,KNID,101016.0,23.9,0.6,93696.2,297.48,1.09724
2026-04-01 21:56,KNID,100982.1,23.9,0.6,93664.8,297.48,1.09688
2026-04-01 22:56,KNID,100914.4,23.3,0.0,93601.9,296.88,1.09836
2026-04-01 23:56,KNID,100880.5,22.2,0.6,93570.5,295.78,1.10207
2026-04-02 01:56,KNID,100982.1,18.3,1.7,93664.8,291.88,1.11792
2026-04-02 02:56,KNID,101016.0,17.2,1.7,93696.2,290.78,1.12253
2026-04-02 03:56,KNID,101083.7,16.7,1.7,93759.0,290.28,1.12521
2026-04-02 04:56,KNID,101117.6,16.7,2.8,93790.4,290.28,1.12559
2026-04-02 05:56,KNID,101049.8,16.1,3.3,93727.6,289.68,1.12717
2026-04-02 08:56,KNID,100982.1,15.0,3.3,93664.8,288.58,1.13071
2026-04-02 09:56,KNID,100914.4,15.6,3.9,93601.9,289.18,1.12760
2026-04-02 10:56,KNID,100812.8,16.1,3.3,93507.7,289.68,1.12452
2026-04-02 11:56,KNID,100745.1,15.6,3.3,93444.9,289.18,1.12571
2026-04-02 12:56,KNID,100745.1,15.6,2.8,93444.9,289.18,1.12571
2026-04-02 13:56,KNID,100812.8,15.6,2.2,93507.7,289.18,1.12647
2026-04-02 14:56,KNID,100914.4,15.6,2.2,93601.9,289.18,1.12760
2026-04-02 15:56,KNID,100982.1,17.2,1.7,93664.8,290.78,1.12215
2026-04-02 16:56,KNID,101049.8,18.3,2.2,93727.6,291.88,1.11867
2026-04-02 17:56,KNID,101049.8,18.9,2.2,93727.6,292.48,1.11638
2026-04-02 18:56,KNID,101016.0,20.0,1.7,93696.2,293.58,1.11182
2026-04-02 19:56,KNID,100948.3,21.7,1.7,93633.4,295.28,1.10468
2026-04-02 20:56,KNID,100880.5,22.2,1.1,93570.5,295.78,1.10207
2026-04-02 21:56,KNID,100812.8,23.3,1.7,93507.7,296.88,1.09725
2026-04-02 22:56,KNID,100778.9,23.9,2.2,93476.3,297.48,1.09467
2026-04-02 23:56,KNID,100812.8,23.3,1.7,93507.7,296.88,1.09725
2026-04-03 00:56,KNID,100880.5,22.2,2.2,93570.5,295.78,1.10207
2026-04-03 01:56,KNID,100948.3,19.4,2.8,93633.4,292.98,1.11335
2026-04-03 02:56,KNID,101049.8,17.2,2.8,93727.6,290.78,1.12290
2026-04-03 03:56,KNID,101219.2,15.6,3.3,93884.6,289.18,1.13101
2026-04-03 04:56,KNID,101320.8,15.6,3.9,93978.9,289.18,1.13214
2026-04-03 05:56,KNID,101422.4,13.9,3.9,94073.1,287.48,1.13998
2026-04-03 06:56,KNID,101523.9,10.6,2.8,94167.3,284.18,1.15437
2026-04-03 08:56,KNID,101693.3,8.3,2.8,94324.4,281.88,1.16573
2026-04-03 10:56,KNID,101794.9,12.2,-9.4,94418.6,285.78,1.15097
2026-04-03 11:56,KNID,101862.6,11.7,-10.0,94481.4,285.28,1.15376
2026-04-03 12:56,KNID,101964.2,11.7,-10.0,94575.7,285.28,1.15491
2026-04-03 13:56,KNID,102065.8,11.7,-10.0,94669.9,285.28,1.15606
2026-04-03 14:56,KNID,102201.2,12.8,-9.4,94795.5,286.38,1.15315
2026-04-03 15:56,KNID,102268.9,15.6,-10.6,94858.3,289.18,1.14274
2026-04-03 16:56,KNID,102370.5,16.7,-10.6,94952.6,290.28,1.13954
2026-04-03 17:56,KNID,102370.5,18.9,-13.3,94952.6,292.48,1.13097
2026-04-03 18:56,KNID,102336.7,19.4,-11.7,94921.2,292.98,1.12866
2026-04-03 19:56,KNID,102268.9,20.6,-13.9,94858.3,294.18,1.12332
2026-04-03 20:56,KNID,102167.4,21.7,-14.4,94764.1,295.28,1.11802
2026-04-03 21:56,KNID,102133.5,22.2,-17.2,94732.7,295.78,1.11576
2026-04-03 22:56,KNID,102099.6,22.2,-16.7,94701.3,295.78,1.11539
2026-04-03 23:56,KNID,102065.8,22.8,-16.1,94669.9,296.38,1.11276
2026-04-04 00:56,KNID,102065.8,21.7,-16.1,94669.9,295.28,1.11691
2026-04-04 01:56,KNID,102133.5,20.0,-15.6,94732.7,293.58,1.12412
2026-04-04 02:56,KNID,102167.4,15.6,-12.8,94764.1,289.18,1.14160
2026-04-04 04:56,KNID,102336.7,12.2,-12.8,94921.2,285.78,1.15710
2026-04-04 05:56,KNID,102370.5,8.9,-11.7,94952.6,282.48,1.17100
2026-04-04 06:56,KNID,102336.7,6.7,-11.1,94921.2,280.28,1.17981
2026-04-04 07:56,KNID,102336.7,6.7,-11.7,94921.2,280.28,1.17981
2026-04-04 08:56,KNID,102302.8,6.1,-11.7,94889.8,279.68,1.18195
2026-04-04 09:56,KNID,102302.8,6.1,-12.2,94889.8,279.68,1.18195
2026-04-04 10:56,KNID,102268.9,3.3,-11.1,94858.3,276.88,1.19350
2026-04-04 12:56,KNID,102268.9,4.4,-11.7,94858.3,277.98,1.18878
2026-04-04 13:56,KNID,102302.8,5.0,-11.1,94889.8,278.58,1.18661
2026-04-04 14:56,KNID,102336.7,10.6,-8.9,94921.2,284.18,1.16361
2026-04-04 15:56,KNID,102336.7,13.9,-7.8,94921.2,287.48,1.15026
2026-04-04 17:56,KNID,102336.7,21.1,-11.1,94921.2,294.68,1.12215
2026-04-04 18:56,KNID,102268.9,21.7,-11.7,94858.3,295.28,1.11913
2026-04-04 19:56,KNID,102201.2,23.9,-10.6,94795.5,297.48,1.11012
2026-04-04 21:56,KNID,101998.0,26.1,-11.7,94607.1,299.68,1.09978
2026-04-04 22:56,KNID,101930.3,26.1,-12.2,94544.2,299.68,1.09905
2026-04-04 23:56,KNID,101862.6,26.1,-13.3,94481.4,299.68,1.09832
2026-04-05 01:56,KNID,101862.6,23.3,-12.2,94481.4,296.88,1.10868
2026-04-05 05:56,KNID,102031.9,12.2,-10.0,94638.5,285.78,1.15365
2026-04-05 07:56,KNID,102065.8,10.6,-10.6,94669.9,284.18,1.16053
2026-04-05 08:56,KNID,102065.8,8.9,-10.6,94669.9,282.48,1.16752
2026-04-05 09:56,KNID,101998.0,5.6,-9.4,94607.1,279.18,1.18053
2026-04-05 10:56,KNID,101964.2,6.7,-9.4,94575.7,280.28,1.17551
2026-04-05 11:56,KNID,101930.3,6.1,-10.0,94544.2,279.68,1.17764
2026-04-05 13:56,KNID,101998.0,4.4,-8.9,94607.1,277.98,1.18563
2026-04-05 14:56,KNID,102031.9,7.8,-8.3,94638.5,281.38,1.17169
2026-04-05 15:56,KNID,102031.9,13.9,-7.8,94638.5,287.48,1.14683
2026-04-05 16:56,KNID,102031.9,18.9,-7.8,94638.5,292.48,1.12723
2026-04-05 17:56,KNID,101998.0,23.3,-9.4,94607.1,296.88,1.11015
2026-04-05 18:56,KNID,101964.2,25.0,-10.6,94575.7,298.58,1.10346
2026-04-05 19:56,KNID,101862.6,26.1,-11.7,94481.4,299.68,1.09832
2026-04-05 20:56,KNID,101828.7,27.2,-11.7,94450.0,300.78,1.09394
2026-04-05 21:56,KNID,101727.1,27.2,-11.7,94355.8,300.78,1.09285
2026-04-05 22:56,KNID,101659.4,28.3,-11.1,94293.0,301.88,1.08814
2026-04-05 23:56,KNID,101591.7,27.8,-11.7,94230.1,301.38,1.08922
2026-04-06 00:56,KNID,101557.8,27.8,-11.1,94198.7,301.38,1.08885
2026-04-06 01:56,KNID,101523.9,25.0,-8.3,94167.3,298.58,1.09870
2026-04-06 02:56,KNID,101557.8,22.2,-9.4,94198.7,295.78,1.10947
2026-04-06 03:56,KNID,101591.7,17.2,-7.2,94230.1,290.78,1.12892
2026-04-06 04:56,KNID,101625.5,16.7,-7.8,94261.6,290.28,1.13125
2026-04-06 05:56,KNID,101625.5,17.2,-8.9,94261.6,290.78,1.12930
2026-04-06 07:56,KNID,101625.5,12.2,-6.7,94261.6,285.78,1.14906
2026-04-06 08:56,KNID,101591.7,11.7,-5.6,94230.1,285.28,1.15069
2026-04-06 09:56,KNID,101557.8,11.1,-5.0,94198.7,284.68,1.15273
2026-04-06 10:56,KNID,101523.9,11.7,-4.4,94167.3,285.28,1.14992
2026-04-06 12:56,KNID,101557.8,10.6,-4.4,94198.7,284.18,1.15476
2026-04-06 13:56,KNID,101625.5,10.6,-3.9,94261.6,284.18,1.15553
2026-04-06 14:56,KNID,101659.4,12.8,-4.4,94293.0,286.38,1.14703
2026-04-06 15:56,KNID,101693.3,14.4,-4.4,94324.4,287.98,1.14104
2026-04-06 16:56,KNID,101693.3,20.0,-5.6,94324.4,293.58,1.11928
2026-04-06 17:56,KNID,101659.4,22.8,-7.8,94293.0,296.38,1.10833
2026-04-06 18:56,KNID,101625.5,25.6,-7.2,94261.6,299.18,1.09759
2026-04-06 19:56,KNID,101557.8,26.7,-7.8,94198.7,300.28,1.09284
2026-04-06 20:56,KNID,101456.2,28.3,-7.2,94104.5,301.88,1.08596
2026-04-06 21:56,KNID,101388.5,28.9,-8.3,94041.7,302.48,1.08309
2026-04-06 22:56,KNID,101286.9,29.4,-7.8,93947.5,302.98,1.08022
2026-04-06 23:56,KNID,101219.2,29.4,-6.7,93884.6,302.98,1.07949
2026-04-07 00:56,KNID,101219.2,28.9,-2.2,93884.6,302.48,1.08128
2026-04-07 01:56,KNID,101219.2,26.7,-1.1,93884.6,300.28,1.08920
2026-04-07 03:56,KNID,101354.6,20.0,-1.1,94010.3,293.58,1.11555
2026-04-07 05:56,KNID,101456.2,17.8,0.0,94104.5,291.38,1.12510
2026-04-07 07:56,KNID,101490.1,15.0,0.6,94135.9,288.58,1.13639
2026-04-07 08:56,KNID,101456.2,13.3,1.1,94104.5,286.88,1.14275
2026-04-07 09:56,KNID,101456.2,12.2,1.1,94104.5,285.78,1.14714
2026-04-07 10:56,KNID,101490.1,11.7,1.1,94135.9,285.28,1.14954
2026-04-07 11:56,KNID,101490.1,10.6,0.6,94135.9,284.18,1.15399
2026-04-07 12:56,KNID,101523.9,10.0,0.6,94167.3,283.58,1.15682
2026-04-07 13:56,KNID,101557.8,9.4,1.1,94198.7,282.98,1.15965
2026-04-07 14:56,KNID,101591.7,15.0,1.1,94230.1,288.58,1.13753
2026-04-07 15:56,KNID,101625.5,18.3,1.1,94261.6,291.88,1.12504
2026-04-07 16:56,KNID,101625.5,21.7,1.7,94261.6,295.28,1.11209
2026-04-07 17:56,KNID,101625.5,25.0,-0.6,94261.6,298.58,1.09980
2026-04-07 18:56,KNID,101557.8,26.7,-1.7,94198.7,300.28,1.09284
2026-04-07 19:56,KNID,101456.2,28.9,-2.8,94104.5,302.48,1.08381
2026-04-07 20:56,KNID,101388.5,30.0,-4.4,94041.7,303.58,1.07916
2026-04-07 21:56,KNID,101286.9,30.0,-4.4,93947.5,303.58,1.07808
2026-04-07 22:56,KNID,101185.3,31.7,-3.3,93853.2,305.28,1.07100
2026-04-07 23:56,KNID,101151.4,31.1,-6.1,93821.8,304.68,1.07275
2026-04-08 00:56,KNID,101117.6,30.6,-1.1,93790.4,304.18,1.07416
2026-04-08 01:56,KNID,101151.4,27.8,-1.7,93821.8,301.38,1.08450
2026-04-08 02:56,KNID,101185.3,24.4,-0.6,93853.2,297.98,1.09724
2026-04-08 03:56,KNID,101253.0,21.7,0.6,93916.0,295.28,1.10801
2026-04-08 05:56,KNID,101286.9,20.0,0.6,93947.5,293.58,1.11480
2026-04-08 06:56,KNID,101286.9,18.9,1.1,93947.5,292.48,1.11900
2026-04-08 07:56,KNID,101320.8,18.3,1.7,93978.9,291.88,1.12167
2026-04-08 08:56,KNID,101286.9,13.9,1.1,93947.5,287.48,1.13846
2026-04-08 09:56,KNID,101320.8,11.1,0.6,93978.9,284.68,1.15004
2026-04-08 11:56,KNID,101320.8,10.6,0.6,93978.9,284.18,1.15206
2026-04-08 12:56,KNID,101320.8,8.9,0.6,93978.9,282.48,1.15900
2026-04-08 13:56,KNID,101388.5,8.9,0.6,94041.7,282.48,1.15977
2026-04-08 14:56,KNID,101456.2,12.8,1.1,94104.5,286.38,1.14474
2026-04-08 15:56,KNID,101490.1,17.2,1.7,94135.9,290.78,1.12780
2026-04-08 16:56,KNID,101490.1,20.6,1.7,94135.9,294.18,1.11476
2026-04-08 17:56,KNID,101490.1,22.8,1.7,94135.9,296.38,1.10649
2026-04-08 18:56,KNID,101388.5,26.1,0.0,94041.7,299.68,1.09321
2026-04-08 20:56,KNID,101253.0,28.3,-2.8,93916.0,301.88,1.08379
2026-04-08 21:56,KNID,101151.4,29.4,-3.3,93821.8,302.98,1.07877
2026-04-08 22:56,KNID,101049.8,30.0,-5.0,93727.6,303.58,1.07556
2026-04-08 23:56,KNID,101016.0,30.6,-1.1,93696.2,304.18,1.07308
2026-04-09 00:56,KNID,100982.1,29.4,1.1,93664.8,302.98,1.07697
2026-04-09 02:56,KNID,101016.0,23.3,0.0,93696.2,296.88,1.09946
2026-04-09 03:56,KNID,101083.7,21.7,-1.1,93759.0,295.28,1.10616
2026-04-09 04:56,KNID,101117.6,19.4,-1.7,93790.4,292.98,1.11522
2026-04-09 05:56,KNID,101117.6,18.3,-1.7,93790.4,291.88,1.11942
2026-04-09 06:56,KNID,101117.6,16.7,-1.7,93790.4,290.28,1.12559
2026-04-09 07:56,KNID,101117.6,16.7,-1.1,93790.4,290.28,1.12559
2026-04-09 08:56,KNID,101117.6,16.1,-0.6,93790.4,289.68,1.12792
2026-04-09 10:56,KNID,101117.6,11.7,-0.6,93790.4,285.28,1.14532
2026-04-09 11:56,KNID,101117.6,11.7,-0.6,93790.4,285.28,1.14532
2026-04-09 12:56,KNID,101151.4,11.7,0.0,93821.8,285.28,1.14570
2026-04-09 13:56,KNID,101219.2,11.1,0.0,93884.6,284.68,1.14889
2026-04-09 14:56,KNID,101253.0,12.8,0.6,93916.0,286.38,1.14245
2026-04-09 15:56,KNID,101286.9,16.1,1.1,93947.5,289.68,1.12981
2026-04-09 16:56,KNID,101286.9,21.1,2.2,93947.5,294.68,1.11064
2026-04-09 17:56,KNID,101286.9,24.4,1.1,93947.5,297.98,1.09834
2026-04-09 18:56,KNID,101253.0,25.6,0.0,93916.0,299.18,1.09357
2026-04-09 19:56,KNID,101151.4,27.8,0.0,93821.8,301.38,1.08450
2026-04-09 20:56,KNID,101117.6,27.8,0.0,93790.4,301.38,1.08413
2026-04-09 21:56,KNID,101049.8,28.9,0.6,93727.6,302.48,1.07947
2026-04-09 22:56,KNID,101049.8,27.8,-1.1,93727.6,301.38,1.08341
2026-04-09 23:56,KNID,101016.0,27.2,1.1,93696.2,300.78,1.08521
2026-04-10 00:56,KNID,101016.0,25.6,2.8,93696.2,299.18,1.09101
2026-04-10 01:56,KNID,101049.8,23.9,3.3,93727.6,297.48,1.09761
2026-04-10 02:56,KNID,101049.8,22.2,1.1,93727.6,295.78,1.10392
2026-04-10 03:56,KNID,101083.7,21.7,2.8,93759.0,295.28,1.10616
2026-04-10 04:56,KNID,101117.6,20.6,3.3,93790.4,294.18,1.11067
2026-04-10 05:56,KNID,101117.6,20.0,3.9,93790.4,293.58,1.11294
2026-04-10 06:56,KNID,101151.4,20.0,5.0,93821.8,293.58,1.11331
2026-04-10 07:56,KNID,101151.4,19.4,5.0,93821.8,292.98,1.11559
2026-04-10 08:56,KNID,101151.4,18.9,6.1,93821.8,292.48,1.11750
2026-04-10 09:56,KNID,101151.4,18.9,6.7,93821.8,292.48,1.11750
2026-04-10 10:56,KNID,101117.6,17.2,6.1,93790.4,290.78,1.12366
2026-04-10 11:56,KNID,101117.6,17.2,6.1,93790.4,290.78,1.12366
2026-04-10 13:56,KNID,101219.2,16.1,5.6,93884.6,289.68,1.12906
2026-04-10 14:56,KNID,101253.0,18.3,6.1,93916.0,291.88,1.12092
2026-04-10 15:56,KNID,101286.9,20.6,6.1,93947.5,294.18,1.11253
2026-04-10 17:56,KNID,101320.8,22.8,6.1,93978.9,296.38,1.10464
2026-04-10 18:56,KNID,101253.0,23.9,3.9,93916.0,297.48,1.09982
2026-04-10 19:56,KNID,101219.2,23.9,3.3,93884.6,297.48,1.09945
2026-04-10 20:56,KNID,101151.4,24.4,2.8,93821.8,297.98,1.09687
2026-04-10 21:56,KNID,101117.6,24.4,2.2,93790.4,297.98,1.09651
2026-04-10 22:56,KNID,101083.7,24.4,2.2,93759.0,297.98,1.09614
2026-04-11 01:56,KNID,101049.8,20.0,3.9,93727.6,293.58,1.11219
2026-04-11 02:56,KNID,101083.7,18.3,5.6,93759.0,291.88,1.11905
2026-04-11 03:56,KNID,101151.4,17.2,5.6,93821.8,290.78,1.12403
2026-04-11 04:56,KNID,101253.0,15.6,5.6,93916.0,289.18,1.13139
2026-04-11 05:56,KNID,101253.0,15.6,5.0,93916.0,289.18,1.13139
2026-04-11 06:56,KNID,101219.2,15.0,4.4,93884.6,288.58,1.13336
2026-04-11 07:56,KNID,101185.3,14.4,4.4,93853.2,287.98,1.13534
2026-04-11 08:56,KNID,101185.3,13.3,6.1,93853.2,286.88,1.13969
2026-04-11 09:56,KNID,101151.4,12.2,6.1,93821.8,285.78,1.14370
2026-04-11 12:56,KNID,101219.2,12.2,2.8,93884.6,285.78,1.14446
2026-04-11 13:56,KNID,101286.9,12.2,2.8,93947.5,285.78,1.14523
2026-04-11 14:56,KNID,101354.6,15.0,2.2,94010.3,288.58,1.13488
2026-04-11 16:56,KNID,101354.6,18.3,1.1,94010.3,291.88,1.12205
2026-04-11 17:56,KNID,101388.5,19.4,1.1,94041.7,292.98,1.11821
2026-04-11 18:56,KNID,101320.8,20.0,2.8,93978.9,293.58,1.11518
2026-04-11 19:56,KNID,101219.2,21.1,2.8,93884.6,294.68,1.10990
2026-04-11 20:56,KNID,101151.4,22.2,2.2,93821.8,295.78,1.10503
2026-04-11 21:56,KNID,101049.8,22.8,2.2,93727.6,296.38,1.10169
2026-04-11 22:56,KNID,100948.3,23.3,2.8,93633.4,296.88,1.09872
2026-04-11 23:56,KNID,100914.4,23.3,2.2,93601.9,296.88,1.09836
2026-04-12 00:56,KNID,100948.3,21.7,-1.1,93633.4,295.28,1.10468
2026-04-12 01:56,KNID,100948.3,20.0,0.6,93633.4,293.58,1.11108
2026-04-12 03:56,KNID,101083.7,15.6,3.9,93759.0,289.18,1.12949
2026-04-12 04:56,KNID,101083.7,13.9,5.6,93759.0,287.48,1.13617
2026-04-12 06:56,KNID,101016.0,12.2,3.9,93696.2,285.78,1.14217
2026-04-12 07:56,KNID,101083.7,12.2,3.3,93759.0,285.78,1.14293
2026-04-12 09:56,KNID,100982.1,11.1,5.0,93664.8,284.68,1.14620
2026-04-12 10:56,KNID,100948.3,11.1,5.0,93633.4,284.68,1.14581
2026-04-12 12:56,KNID,101049.8,11.1,5.0,93727.6,284.68,1.14696
2026-04-12 13:56,KNID,101151.4,10.6,5.6,93821.8,284.18,1.15014
2026-04-12 14:56,KNID,101185.3,12.2,3.9,93853.2,285.78,1.14408
2026-04-12 15:56,KNID,101219.2,15.0,2.8,93884.6,288.58,1.13336
2026-04-12 16:56,KNID,101219.2,16.7,1.7,93884.6,290.28,1.12672
2026-04-12 17:56,KNID,101253.0,17.8,0.6,93916.0,291.38,1.12284
2026-04-12 18:56,KNID,101253.0,18.3,-1.1,93916.0,291.88,1.12092
2026-04-12 19:56,KNID,101219.2,18.3,-2.8,93884.6,291.88,1.12055
2026-04-12 20:56,KNID,101185.3,19.4,-5.0,93853.2,292.98,1.11597
2026-04-12 21:56,KNID,101151.4,20.6,-5.6,93821.8,294.18,1.11104
2026-04-12 22:56,KNID,101117.6,20.0,-3.9,93790.4,293.58,1.11294
2026-04-12 23:56,KNID,101185.3,18.9,-2.8,93853.2,292.48,1.11787
2026-04-13 01:56,KNID,101219.2,15.6,-1.1,93884.6,289.18,1.13101
2026-04-13 04:56,KNID,101320.8,12.2,-0.6,93978.9,285.78,1.14561
2026-04-13 05:56,KNID,101320.8,11.7,0.0,93978.9,285.28,1.14762
2026-04-13 06:56,KNID,101354.6,11.7,0.0,94010.3,285.28,1.14800
2026-04-13 07:56,KNID,101388.5,11.1,0.6,94041.7,284.68,1.15081
2026-04-13 08:56,KNID,101354.6,10.0,0.0,94010.3,283.58,1.15489
2026-04-13 09:56,KNID,101354.6,8.9,-0.6,94010.3,282.48,1.15938
2026-04-13 10:56,KNID,101354.6,9.4,0.6,94010.3,282.98,1.15733
2026-04-13 12:56,KNID,101388.5,4.4,-1.1,94041.7,277.98,1.17855
2026-04-13 13:56,KNID,101456.2,6.1,-0.6,94104.5,279.68,1.17216
2026-04-13 14:56,KNID,101523.9,8.3,0.0,94167.3,281.88,1.16379
2026-04-13 15:56,KNID,101557.8,10.6,0.6,94198.7,284.18,1.15476
2026-04-13 16:56,KNID,101557.8,13.3,1.1,94198.7,286.88,1.14389
2026-04-13 17:56,KNID,101557.8,15.0,-0.6,94198.7,288.58,1.13715
2026-04-13 18:56,KNID,101523.9,16.1,-1.7,94167.3,289.68,1.13246
2026-04-13 19:56,KNID,101456.2,17.2,-2.2,94104.5,290.78,1.12742
2026-04-13 20:56,KNID,101422.4,15.6,1.1,94073.1,289.18,1.13328
2026-04-13 21:56,KNID,101490.1,15.0,0.6,94135.9,288.58,1.13639
2026-04-13 23:56,KNID,101354.6,14.4,2.2,94010.3,287.98,1.13724
2026-04-14 02:56,KNID,101422.4,13.3,1.7,94073.1,286.88,1.14236
2026-04-14 03:56,KNID,101490.1,11.1,2.2,94135.9,284.68,1.15196
2026-04-14 04:56,KNID,101557.8,10.0,2.2,94198.7,283.58,1.15720
2026-04-14 05:56,KNID,101625.5,8.9,1.7,94261.6,282.48,1.16248
2026-04-14 06:56,KNID,101625.5,8.9,1.7,94261.6,282.48,1.16248
2026-04-14 07:56,KNID,101693.3,7.8,1.1,94324.4,281.38,1.16780
2026-04-14 09:56,KNID,101693.3,5.0,0.6,94324.4,278.58,1.17954
2026-04-14 11:56,KNID,101761.0,3.9,0.0,94387.2,277.48,1.18501
2026-04-14 12:56,KNID,101794.9,3.3,-1.1,94418.6,276.88,1.18797
2026-04-14 13:56,KNID,101828.7,4.4,0.0,94450.0,277.98,1.18366
2026-04-14 14:56,KNID,101896.4,8.3,1.1,94512.8,281.88,1.16806
2026-04-14 15:56,KNID,101930.3,11.7,1.7,94544.2,285.28,1.15452
2026-04-14 16:56,KNID,101930.3,15.0,0.0,94544.2,288.58,1.14132
2026-04-14 17:56,KNID,101930.3,17.8,-1.1,94544.2,291.38,1.13035
2026-04-14 18:56,KNID,101896.4,19.4,-4.4,94512.8,292.98,1.12381
2026-04-14 19:56,KNID,101794.9,21.1,-4.4,94418.6,294.68,1.11621
2026-04-14 20:56,KNID,101693.3,22.2,-4.4,94324.4,295.78,1.11095
2026-04-14 21:56,KNID,101591.7,22.2,-3.9,94230.1,295.78,1.10984
2026-04-14 22:56,KNID,101523.9,23.9,-4.4,94167.3,297.48,1.10276
2026-04-14 23:56,KNID,101490.1,23.3,-0.6,94135.9,296.88,1.10462
2026-04-15 00:56,KNID,101456.2,23.3,-1.1,94104.5,296.88,1.10425
2026-04-15 01:56,KNID,101456.2,21.1,-1.7,94104.5,294.68,1.11250
2026-04-15 02:56,KNID,101490.1,18.3,0.6,94135.9,291.88,1.12354
2026-04-15 03:56,KNID,101557.8,16.1,1.1,94198.7,289.68,1.13283
2026-04-15 04:56,KNID,101591.7,15.6,1.7,94230.1,289.18,1.13517
2026-04-15 07:56,KNID,101659.4,10.6,2.8,94293.0,284.18,1.15591
2026-04-15 08:56,KNID,101659.4,8.9,2.2,94293.0,282.48,1.16287
2026-04-15 09:56,KNID,101625.5,9.4,2.2,94261.6,282.98,1.16043
2026-04-15 10:56,KNID,101625.5,7.8,1.7,94261.6,281.38,1.16703
2026-04-15 11:56,KNID,101659.4,5.6,0.6,94293.0,279.18,1.17662
2026-04-15 12:56,KNID,101659.4,6.1,1.1,94293.0,279.68,1.17451
2026-04-15 13:56,KNID,101727.1,6.7,1.1,94355.8,280.28,1.17278
2026-04-15 14:56,KNID,101761.0,10.0,2.8,94387.2,283.58,1.15952
2026-04-15 15:56,KNID,101761.0,13.3,2.8,94387.2,286.88,1.14618
2026-04-15 16:56,KNID,101794.9,16.1,2.8,94418.6,289.68,1.13548
2026-04-15 17:56,KNID,101761.0,18.3,2.2,94387.2,291.88,1.12654
2026-04-15 18:56,KNID,101693.3,20.6,0.6,94324.4,294.18,1.11699
2026-04-15 19:56,KNID,101557.8,22.8,-1.1,94198.7,296.38,1.10722
2026-04-15 20:56,KNID,101456.2,24.4,-0.6,94104.5,297.98,1.10018
2026-04-15 21:56,KNID,101354.6,25.6,0.0,94010.3,299.18,1.09467
2026-04-15 22:56,KNID,101219.2,27.2,-2.2,93884.6,300.78,1.08739
2026-04-15 23:56,KNID,101185.3,26.7,-6.1,93853.2,300.28,1.08884
2026-04-16 00:56,KNID,101185.3,24.4,-7.2,93853.2,297.98,1.09724
2026-04-16 01:56,KNID,101151.4,22.2,-2.8,93821.8,295.78,1.10503
2026-04-16 02:56,KNID,101185.3,20.6,-0.6,93853.2,294.18,1.11141
2026-04-16 03:56,KNID,101219.2,18.9,0.6,93884.6,292.48,1.11825
2026-04-16 05:56,KNID,101219.2,17.8,0.0,93884.6,291.38,1.12247
2026-04-16 06:56,KNID,101219.2,16.7,0.6,93884.6,290.28,1.12672
2026-04-16 07:56,KNID,101185.3,16.7,1.1,93853.2,290.28,1.12635
2026-04-16 08:56,KNID,101151.4,16.1,1.7,93821.8,289.68,1.12830
2026-04-16 10:56,KNID,101049.8,15.6,1.1,93727.6,289.18,1.12912
2026-04-16 11:56,KNID,101049.8,10.6,0.0,93727.6,284.18,1.14898
2026-04-16 12:56,KNID,101049.8,11.1,0.6,93727.6,284.68,1.14696
2026-04-16 13:56,KNID,101117.6,10.6,1.1,93790.4,284.18,1.14975
2026-04-16 14:56,KNID,101151.4,11.1,1.1,93821.8,284.68,1.14812
2026-04-16 15:56,KNID,101185.3,14.4,1.1,93853.2,287.98,1.13534
2026-04-16 16:56,KNID,101185.3,17.2,2.2,93853.2,290.78,1.12441
2026-04-16 17:56,KNID,101151.4,20.6,2.8,93821.8,294.18,1.11104
2026-04-16 18:56,KNID,101083.7,22.8,2.2,93759.0,296.38,1.10206
2026-04-16 19:56,KNID,100982.1,24.4,1.1,93664.8,297.98,1.09504
2026-04-16 20:56,KNID,100880.5,26.7,1.1,93570.5,300.28,1.08556
2026-04-16 21:56,KNID,100745.1,27.2,0.6,93444.9,300.78,1.08230
2026-04-16 22:56,KNID,100677.3,27.2,1.1,93382.1,300.78,1.08157
2026-04-17 00:56,KNID,100609.6,24.4,-1.7,93319.3,297.98,1.09100
2026-04-17 01:56,KNID,100609.6,22.2,-1.1,93319.3,295.78,1.09911
2026-04-17 02:56,KNID,100643.5,21.1,-2.8,93350.7,294.68,1.10359
2026-04-17 03:56,KNID,100745.1,18.3,0.0,93444.9,291.88,1.11530
2026-04-17 04:56,KNID,100846.7,17.8,0.6,93539.1,291.38,1.11834
2026-04-17 05:56,KNID,100948.3,16.7,-1.7,93633.4,290.28,1.12371
2026-04-17 07:56,KNID,101219.2,16.1,-13.3,93884.6,289.68,1.12906
2026-04-17 08:56,KNID,101354.6,15.0,-13.3,94010.3,288.58,1.13488
2026-04-17 09:56,KNID,101422.4,13.9,-13.3,94073.1,287.48,1.13998
2026-04-17 10:56,KNID,101490.1,12.2,-13.3,94135.9,285.78,1.14753
2026-04-17 11:56,KNID,101557.8,11.7,-13.3,94198.7,285.28,1.15031
2026-04-17 12:56,KNID,101693.3,10.6,-12.8,94324.4,284.18,1.15630
2026-04-17 14:56,KNID,101964.2,12.8,-12.8,94575.7,286.38,1.15047
2026-04-17 15:56,KNID,102031.9,15.0,-13.9,94638.5,288.58,1.14246
2026-04-17 16:56,KNID,102099.6,16.1,-12.2,94701.3,289.68,1.13888
2026-04-17 17:56,KNID,102099.6,16.1,-12.8,94701.3,289.68,1.13888
2026-04-17 18:56,KNID,102031.9,18.3,-13.9,94638.5,291.88,1.12954
2026-04-17 20:56,KNID,101862.6,20.0,-18.9,94481.4,293.58,1.12114
2026-04-17 21:56,KNID,101828.7,20.6,-20.0,94450.0,294.18,1.11848
2026-04-17 22:56,KNID,101794.9,20.6,-20.6,94418.6,294.18,1.11811
2026-04-17 23:56,KNID,101761.0,20.6,-20.6,94387.2,294.18,1.11774
2026-04-18 00:56,KNID,101727.1,20.0,-21.1,94355.8,293.58,1.11965
2026-04-18 01:56,KNID,101693.3,18.9,-21.7,94324.4,292.48,1.12348
2026-04-18 03:56,KNID,101794.9,10.6,-15.6,94418.6,284.18,1.15745
2026-04-18 04:56,KNID,101896.4,7.2,-13.9,94512.8,280.78,1.17264
2026-04-18 05:56,KNID,101896.4,7.8,-14.4,94512.8,281.38,1.17014
2026-04-18 06:56,KNID,101896.4,7.2,-14.4,94512.8,280.78,1.17264
2026-04-18 07:56,KNID,101896.4,6.1,-14.4,94512.8,279.68,1.17725
2026-04-18 08:56,KNID,101896.4,5.0,-14.4,94512.8,278.58,1.18190
2026-04-18 09:56,KNID,101828.7,4.4,-14.4,94450.0,277.98,1.18366
2026-04-18 11:56,KNID,101794.9,4.4,-15.6,94418.6,277.98,1.18327
2026-04-18 12:56,KNID,101761.0,3.3,-15.0,94387.2,276.88,1.18757
2026-04-18 13:56,KNID,101828.7,2.2,-12.8,94450.0,275.78,1.19311
2026-04-18 14:56,KNID,101896.4,6.7,-12.8,94512.8,280.28,1.17473
2026-04-18 15:56,KNID,101930.3,11.1,-12.8,94544.2,284.68,1.15696
2026-04-18 16:56,KNID,101930.3,15.0,-14.4,94544.2,288.58,1.14132
2026-04-18 17:56,KNID,101930.3,18.9,-16.1,94544.2,292.48,1.12610
2026-04-18 18:56,KNID,101862.6,21.1,-18.3,94481.4,294.68,1.11695
2026-04-18 19:56,KNID,101794.9,23.3,-17.8,94418.6,296.88,1.10794
2026-04-18 21:56,KNID,101625.5,25.0,-19.4,94261.6,298.58,1.09980
2026-04-18 22:56,KNID,101523.9,23.9,-20.0,94167.3,297.48,1.10276
2026-04-18 23:56,KNID,101456.2,24.4,-19.4,94104.5,297.98,1.10018
2026-04-19 00:56,KNID,101422.4,23.9,-19.4,94073.1,297.48,1.10166
2026-04-19 03:56,KNID,101490.1,14.4,-12.8,94135.9,287.98,1.13876
2026-04-19 04:56,KNID,101523.9,13.3,-13.3,94167.3,286.88,1.14351
2026-04-19 06:56,KNID,101523.9,10.6,-12.8,94167.3,284.18,1.15437
2026-04-19 07:56,KNID,101523.9,9.4,-12.8,94167.3,282.98,1.15927
2026-04-19 08:56,KNID,101490.1,8.9,-11.7,94135.9,282.48,1.16093
2026-04-19 09:56,KNID,101456.2,8.3,-12.2,94104.5,281.88,1.16302
2026-04-19 12:56,KNID,101354.6,6.7,-11.1,94010.3,280.28,1.16848
2026-04-19 13:56,KNID,101388.5,7.8,-10.0,94041.7,281.38,1.16430
2026-04-19 14:56,KNID,101456.2,11.7,-9.4,94104.5,285.28,1.14915
2026-04-19 15:56,KNID,101456.2,15.6,-10.0,94104.5,289.18,1.13366
2026-04-19 16:56,KNID,101456.2,18.3,-10.0,94104.5,291.88,1.12317
2026-04-19 18:56,KNID,101388.5,25.0,-14.4,94041.7,298.58,1.09723
2026-04-19 19:56,KNID,101320.8,25.6,-13.3,93978.9,299.18,1.09430
2026-04-19 20:56,KNID,101253.0,27.2,-11.7,93916.0,300.78,1.08775
2026-04-19 21:56,KNID,101185.3,27.8,-9.4,93853.2,301.38,1.08486
2026-04-19 22:56,KNID,101117.6,28.3,-9.4,93790.4,301.88,1.08234
2026-04-19 23:56,KNID,101083.7,28.3,-6.7,93759.0,301.88,1.08198
2026-04-20 00:56,KNID,101049.8,27.8,-5.6,93727.6,301.38,1.08341
2026-04-20 01:56,KNID,101049.8,26.1,-5.0,93727.6,299.68,1.08955
2026-04-20 02:56,KNID,101083.7,21.7,-2.8,93759.0,295.28,1.10616
2026-04-20 03:56,KNID,101185.3,21.7,-6.7,93853.2,295.28,1.10727
2026-04-20 05:56,KNID,101286.9,17.8,-5.6,93947.5,291.38,1.12322
2026-04-20 06:56,KNID,101320.8,16.1,-5.6,93978.9,289.68,1.13019
2026-04-20 07:56,KNID,101354.6,15.0,-8.3,94010.3,288.58,1.13488
2026-04-20 08:56,KNID,101354.6,14.4,-8.3,94010.3,287.98,1.13724
2026-04-20 09:56,KNID,101354.6,13.3,-8.3,94010.3,286.88,1.14160
2026-04-20 10:56,KNID,101354.6,13.3,-8.3,94010.3,286.88,1.14160
2026-04-20 11:56,KNID,101388.5,11.1,-8.3,94041.7,284.68,1.15081
2026-04-20 12:56,KNID,101388.5,8.3,-6.7,94041.7,281.88,1.16224
2026-04-20 13:56,KNID,101422.4,8.9,-8.3,94073.1,282.48,1.16016
2026-04-20 14:56,KNID,101523.9,14.4,-7.8,94167.3,287.98,1.13914
2026-04-20 15:56,KNID,101557.8,16.1,-6.7,94198.7,289.68,1.13283
2026-04-20 16:56,KNID,101557.8,20.0,-7.8,94198.7,293.58,1.11778
2026-04-20 17:56,KNID,101557.8,22.2,-9.4,94198.7,295.78,1.10947
2026-04-20 18:56,KNID,101490.1,23.9,-10.0,94135.9,297.48,1.10239
2026-04-20 19:56,KNID,101388.5,25.6,-12.2,94041.7,299.18,1.09503
2026-04-20 20:56,KNID,101354.6,27.8,-15.6,94010.3,301.38,1.08668
2026-04-20 21:56,KNID,101286.9,28.3,-15.0,93947.5,301.88,1.08415
2026-04-21 00:56,KNID,101117.6,27.2,-8.3,93790.4,300.78,1.08630
2026-04-21 01:56,KNID,101083.7,25.6,-7.2,93759.0,299.18,1.09174
2026-04-21 02:56,KNID,101083.7,23.3,-7.8,93759.0,296.88,1.10020
2026-04-21 03:56,KNID,101185.3,21.7,-2.8,93853.2,295.28,1.10727
2026-04-21 04:56,KNID,101253.0,21.1,-6.1,93916.0,294.68,1.11027
2026-04-21 05:56,KNID,101286.9,19.4,-8.3,93947.5,292.98,1.11709
2026-04-21 06:56,KNID,101286.9,18.3,-10.6,93947.5,291.88,1.12130
2026-04-21 07:56,KNID,101286.9,17.8,-13.3,93947.5,291.38,1.12322
2026-04-21 08:56,KNID,101286.9,16.7,-13.3,93947.5,290.28,1.12748
2026-04-21 09:56,KNID,101253.0,16.1,-12.2,93916.0,289.68,1.12943
2026-04-21 10:56,KNID,101286.9,14.4,-11.1,93947.5,287.98,1.13648
2026-04-21 11:56,KNID,101253.0,13.9,-8.9,93916.0,287.48,1.13808
2026-04-21 12:56,KNID,101253.0,13.9,-9.4,93916.0,287.48,1.13808
2026-04-21 13:56,KNID,101253.0,14.4,-11.1,93916.0,287.98,1.13610
2026-04-21 14:56,KNID,101320.8,16.7,-11.7,93978.9,290.28,1.12785
2026-04-21 15:56,KNID,101320.8,18.3,-12.8,93978.9,291.88,1.12167
2026-04-21 16:56,KNID,101253.0,20.6,-12.2,93916.0,294.18,1.11216
2026-04-21 17:56,KNID,101219.2,21.7,-6.1,93884.6,295.28,1.10764
2026-04-21 18:56,KNID,101219.2,21.7,2.8,93884.6,295.28,1.10764
2026-04-21 19:56,KNID,101185.3,22.2,3.9,93853.2,295.78,1.10540
2026-04-21 20:56,KNID,101185.3,22.2,5.0,93853.2,295.78,1.10540
2026-04-21 21:56,KNID,101185.3,22.2,5.0,93853.2,295.78,1.10540
2026-04-21 22:56,KNID,101185.3,21.1,5.6,93853.2,294.68,1.10953
2026-04-21 23:56,KNID,101286.9,19.4,3.9,93947.5,292.98,1.11709
2026-04-22 00:56,KNID,101354.6,18.3,2.2,94010.3,291.88,1.12205
2026-04-22 01:56,KNID,101354.6,17.2,1.1,94010.3,290.78,1.12629
2026-04-22 02:56,KNID,101388.5,15.6,2.2,94041.7,289.18,1.13290
2026-04-22 04:56,KNID,101557.8,14.4,2.8,94198.7,287.98,1.13952
2026-04-22 05:56,KNID,101557.8,13.9,2.8,94198.7,287.48,1.14150
2026-04-22 06:56,KNID,101557.8,13.9,0.0,94198.7,287.48,1.14150
2026-04-22 07:56,KNID,101625.5,13.3,-1.1,94261.6,286.88,1.14465
2026-04-22 08:56,KNID,101591.7,12.2,-1.1,94230.1,285.78,1.14868
2026-04-22 09:56,KNID,101591.7,12.2,-1.7,94230.1,285.78,1.14868
2026-04-22 11:56,KNID,101591.7,10.6,-2.8,94230.1,284.18,1.15514
2026-04-22 12:56,KNID,101625.5,9.4,-2.8,94261.6,282.98,1.16043
2026-04-22 13:56,KNID,101625.5,8.9,-1.7,94261.6,282.48,1.16248
2026-04-22 14:56,KNID,101727.1,13.3,-2.8,94355.8,286.88,1.14580
2026-04-22 15:56,KNID,101761.0,15.0,-4.4,94387.2,288.58,1.13943
2026-04-22 16:56,KNID,101761.0,15.6,-5.6,94387.2,289.18,1.13706
2026-04-22 17:56,KNID,101761.0,17.2,-5.0,94387.2,290.78,1.13081
2026-04-22 18:56,KNID,101693.3,18.9,-5.0,94324.4,292.48,1.12348
2026-04-22 19:56,KNID,101591.7,20.0,-6.1,94230.1,293.58,1.11816
2026-04-22 20:56,KNID,101523.9,20.6,-5.6,94167.3,294.18,1.11513
2026-04-22 21:56,KNID,101422.4,22.2,-4.4,94073.1,295.78,1.10799
2026-04-22 22:56,KNID,101320.8,23.3,-1.7,93978.9,296.88,1.10278
2026-04-22 23:56,KNID,101286.9,22.2,-1.1,93947.5,295.78,1.10651
2026-04-23 00:56,KNID,101219.2,21.1,-1.1,93884.6,294.68,1.10990
2026-04-23 01:56,KNID,101219.2,19.4,-1.1,93884.6,292.98,1.11634
2026-04-23 04:56,KNID,101422.4,15.0,-1.7,94073.1,288.58,1.13563
2026-04-23 05:56,KNID,101456.2,13.3,-1.1,94104.5,286.88,1.14275
2026-04-23 06:56,KNID,101523.9,11.7,-1.1,94167.3,285.28,1.14992
2026-04-23 07:56,KNID,101591.7,13.9,-5.0,94230.1,287.48,1.14188
2026-04-23 08:56,KNID,101591.7,11.7,-1.7,94230.1,285.28,1.15069
2026-04-23 09:56,KNID,101591.7,13.3,-5.6,94230.1,286.88,1.14427
2026-04-23 10:56,KNID,101625.5,10.6,-5.6,94261.6,284.18,1.15553
2026-04-23 11:56,KNID,101659.4,10.0,-6.1,94293.0,283.58,1.15836
2026-04-23 12:56,KNID,101693.3,10.6,-6.7,94324.4,284.18,1.15630
2026-04-23 14:56,KNID,101794.9,14.4,-5.6,94418.6,287.98,1.14218
2026-04-23 15:56,KNID,101828.7,17.2,-6.1,94450.0,290.78,1.13156
2026-04-23 16:56,KNID,101761.0,18.3,-6.7,94387.2,291.88,1.12654
2026-04-23 17:56,KNID,101761.0,18.9,-6.1,94387.2,292.48,1.12423
2026-04-23 18:56,KNID,101693.3,20.0,-7.2,94324.4,293.58,1.11928
2026-04-23 19:56,KNID,101625.5,20.0,-8.3,94261.6,293.58,1.11853
2026-04-23 20:56,KNID,101523.9,22.2,-7.8,94167.3,295.78,1.10910
2026-04-23 21:56,KNID,101422.4,23.3,-8.3,94073.1,296.88,1.10389
2026-04-23 22:56,KNID,101320.8,23.3,-8.9,93978.9,296.88,1.10278
2026-04-23 23:56,KNID,101286.9,22.8,-8.9,93947.5,296.38,1.10427
2026-04-24 01:56,KNID,101219.2,22.8,-9.4,93884.6,296.38,1.10353
2026-04-24 02:56,KNID,101253.0,18.9,-8.9,93916.0,292.48,1.11862
2026-04-24 03:56,KNID,101286.9,18.3,-0.6,93947.5,291.88,1.12130
2026-04-24 04:56,KNID,101354.6,16.7,-0.6,94010.3,290.28,1.12823
2026-04-24 05:56,KNID,101354.6,15.0,0.0,94010.3,288.58,1.13488
2026-04-24 06:56,KNID,101320.8,15.6,0.0,93978.9,289.18,1.13214
2026-04-24 07:56,KNID,101320.8,12.8,0.0,93978.9,286.38,1.14321
2026-04-24 08:56,KNID,101253.0,11.7,-0.6,93916.0,285.28,1.14685
2026-04-24 12:56,KNID,101185.3,10.0,-1.1,93853.2,283.58,1.15296
2026-04-24 13:56,KNID,101185.3,11.1,-0.6,93853.2,284.68,1.14850
2026-04-24 14:56,KNID,101219.2,12.2,-0.6,93884.6,285.78,1.14446
2026-04-24 15:56,KNID,101185.3,16.1,-0.6,93853.2,289.68,1.12868
2026-04-24 16:56,KNID,101185.3,18.9,-1.1,93853.2,292.48,1.11787
2026-04-24 17:56,KNID,101151.4,21.1,0.0,93821.8,294.68,1.10916
2026-04-24 18:56,KNID,101049.8,22.2,-1.7,93727.6,295.78,1.10392
2026-04-24 19:56,KNID,100880.5,24.4,-5.0,93570.5,297.98,1.09393
2026-04-24 20:56,KNID,100778.9,27.2,-6.1,93476.3,300.78,1.08266
2026-04-24 21:56,KNID,100745.1,27.8,-5.6,93444.9,301.38,1.08014
2026-04-24 22:56,KNID,100643.5,27.2,-4.4,93350.7,300.78,1.08120
2026-04-25 01:56,KNID,100609.6,22.2,-1.1,93319.3,295.78,1.09911
2026-04-25 02:56,KNID,100711.2,20.0,-0.6,93413.5,293.58,1.10847
2026-04-25 03:56,KNID,100711.2,18.9,-2.8,93413.5,292.48,1.11264
2026-04-25 04:56,KNID,100711.2,17.8,-1.7,93413.5,291.38,1.11684
2026-04-25 05:56,KNID,100711.2,17.2,-1.7,93413.5,290.78,1.11914
2026-04-25 09:56,KNID,100677.3,13.3,-3.3,93382.1,286.88,1.13397
2026-04-25 10:56,KNID,100643.5,13.9,-2.2,93350.7,287.48,1.13123
2026-04-25 11:56,KNID,100609.6,12.2,-2.2,93319.3,285.78,1.13757
2026-04-25 12:56,KNID,100643.5,10.6,-1.7,93350.7,284.18,1.14436
2026-04-25 13:56,KNID,100643.5,12.8,-1.1,93350.7,286.38,1.13557
2026-04-25 14:56,KNID,100711.2,16.7,-0.6,93413.5,290.28,1.12107
2026-04-25 15:56,KNID,100745.1,15.6,-1.1,93444.9,289.18,1.12571
2026-04-25 17:56,KNID,100778.9,19.4,-1.1,93476.3,292.98,1.11148
2026-04-25 18:56,KNID,100711.2,21.1,-1.1,93413.5,294.68,1.10433
2026-04-25 19:56,KNID,100575.8,23.9,-2.2,93287.8,297.48,1.09246
2026-04-25 20:56,KNID,100541.9,23.3,-1.7,93256.4,296.88,1.09430
2026-04-25 21:56,KNID,100541.9,21.7,-0.6,93256.4,295.28,1.10023
2026-04-25 22:56,KNID,100508.0,21.7,1.1,93225.0,295.28,1.09986
2026-04-26 00:56,KNID,100508.0,18.9,0.6,93225.0,292.48,1.11039
2026-04-26 01:56,KNID,100474.2,16.7,1.1,93193.6,290.28,1.11843
2026-04-26 03:56,KNID,100575.8,12.8,4.4,93287.8,286.38,1.13481
2026-04-26 04:56,KNID,100677.3,12.2,2.8,93382.1,285.78,1.13834
2026-04-26 05:56,KNID,100677.3,11.7,3.3,93382.1,285.28,1.14033
2026-04-26 07:56,KNID,100677.3,11.1,1.1,93382.1,284.68,1.14274
2026-04-26 08:56,KNID,100643.5,10.6,1.7,93350.7,284.18,1.14436
2026-04-26 09:56,KNID,100609.6,11.1,1.7,93319.3,284.68,1.14197
2026-04-26 10:56,KNID,100609.6,10.6,1.1,93319.3,284.18,1.14398
2026-04-26 12:56,KNID,100575.8,10.6,0.6,93287.8,284.18,1.14359
2026-04-26 13:56,KNID,100643.5,11.7,0.6,93350.7,285.28,1.13995
2026-04-26 14:56,KNID,100745.1,12.8,0.0,93444.9,286.38,1.13672
2026-04-26 15:56,KNID,100745.1,15.0,0.0,93444.9,288.58,1.12805
2026-04-26 19:56,KNID,100778.9,20.6,0.6,93476.3,294.18,1.10695
2026-04-26 21:56,KNID,100812.8,20.6,-0.6,93507.7,294.18,1.10732
2026-04-26 22:56,KNID,100745.1,20.6,0.0,93444.9,294.18,1.10658
2026-04-26 23:56,KNID,100711.2,20.0,0.6,93413.5,293.58,1.10847
2026-04-27 00:56,KNID,100745.1,18.9,0.0,93444.9,292.48,1.11301
2026-04-27 01:56,KNID,100778.9,16.1,0.6,93476.3,289.68,1.12415
2026-04-27 02:56,KNID,100846.7,13.9,0.6,93539.1,287.48,1.13351
2026-04-27 03:56,KNID,100914.4,13.3,0.0,93601.9,286.88,1.13664
2026-04-27 04:56,KNID,100948.3,12.8,0.0,93633.4,286.38,1.13901
2026-04-27 06:56,KNID,101016.0,11.1,-0.6,93696.2,284.68,1.14658
2026-04-27 07:56,KNID,101049.8,11.1,-0.6,93727.6,284.68,1.14696
2026-04-27 08:56,KNID,101083.7,9.4,-0.6,93759.0,282.98,1.15424
2026-04-27 09:56,KNID,101049.8,9.4,-0.6,93727.6,282.98,1.15385
2026-04-27 11:56,KNID,101117.6,6.7,-0.6,93790.4,280.28,1.16575
2026-04-27 13:56,KNID,101219.2,6.7,-0.6,93884.6,280.28,1.16692
2026-04-27 14:56,KNID,101286.9,9.4,0.0,93947.5,282.98,1.15656
2026-04-27 15:56,KNID,101320.8,12.2,0.6,93978.9,285.78,1.14561
2026-04-27 16:56,KNID,101320.8,14.4,0.0,93978.9,287.98,1.13686
2026-04-27 17:56,KNID,101320.8,16.1,-0.6,93978.9,289.68,1.13019
2026-04-27 18:56,KNID,101286.9,17.8,-0.6,93947.5,291.38,1.12322
2026-04-27 19:56,KNID,101219.2,19.4,-0.6,93884.6,292.98,1.11634
2026-04-27 20:56,KNID,101185.3,20.0,-1.1,93853.2,293.58,1.11368
2026-04-27 21:56,KNID,101151.4,20.6,-0.6,93821.8,294.18,1.11104
2026-04-27 22:56,KNID,101083.7,21.1,0.6,93759.0,294.68,1.10841
2026-04-27 23:56,KNID,101083.7,21.1,-1.1,93759.0,294.68,1.10841
2026-04-28 00:56,KNID,101151.4,20.0,-2.2,93821.8,293.58,1.11331
2026-04-28 01:56,KNID,101185.3,18.3,-2.8,93853.2,291.88,1.12017
2026-04-28 02:56,KNID,101286.9,16.7,0.0,93947.5,290.28,1.12748
2026-04-28 03:56,KNID,101422.4,14.4,0.6,94073.1,287.98,1.13800
2026-04-28 04:56,KNID,101523.9,13.3,1.1,94167.3,286.88,1.14351
2026-04-28 05:56,KNID,101557.8,12.8,1.7,94198.7,286.38,1.14589
2026-04-28 06:56,KNID,101625.5,10.0,1.7,94261.6,283.58,1.15797
2026-04-28 07:56,KNID,101693.3,10.0,1.7,94324.4,283.58,1.15874
2026-04-28 08:56,KNID,101693.3,8.9,1.1,94324.4,282.48,1.16326
2026-04-28 09:56,KNID,101727.1,8.9,1.7,94355.8,282.48,1.16364
2026-04-28 10:56,KNID,101693.3,7.2,1.1,94324.4,280.78,1.17030
2026-04-28 11:56,KNID,101727.1,5.0,0.0,94355.8,278.58,1.17993
2026-04-28 12:56,KNID,101727.1,5.6,0.6,94355.8,279.18,1.17740
2026-04-28 14:56,KNID,101896.4,10.0,1.7,94512.8,283.58,1.16106
2026-04-28 15:56,KNID,101930.3,13.3,1.7,94544.2,286.88,1.14809
2026-04-28 16:56,KNID,101930.3,16.1,1.1,94544.2,289.68,1.13699
2026-04-28 17:56,KNID,101896.4,18.3,1.1,94512.8,291.88,1.12804
2026-04-28 18:56,KNID,101828.7,20.6,0.6,94450.0,294.18,1.11848
2026-04-28 19:56,KNID,101761.0,21.7,-1.7,94387.2,295.28,1.11357
2026-04-28 20:56,KNID,101659.4,21.7,-1.7,94293.0,295.28,1.11246
2026-04-28 21:56,KNID,101557.8,22.8,-2.2,94198.7,296.38,1.10722
2026-04-28 22:56,KNID,101490.1,23.9,-2.2,94135.9,297.48,1.10239
2026-04-28 23:56,KNID,101388.5,24.4,-2.8,94041.7,297.98,1.09944
2026-04-29 00:56,KNID,101388.5,24.4,-4.4,94041.7,297.98,1.09944
2026-04-29 01:56,KNID,101388.5,23.3,-7.8,94041.7,296.88,1.10352
2026-04-29 03:56,KNID,101557.8,18.3,1.7,94198.7,291.88,1.12429
2026-04-29 04:56,KNID,101625.5,16.1,1.7,94261.6,289.68,1.13359
2026-04-29 05:56,KNID,101693.3,14.4,2.2,94324.4,287.98,1.14104
2026-04-29 07:56,KNID,101693.3,13.9,1.1,94324.4,287.48,1.14302
2026-04-29 08:56,KNID,101727.1,13.3,0.6,94355.8,286.88,1.14580
2026-04-29 10:56,KNID,101727.1,10.0,2.2,94355.8,283.58,1.15913
2026-04-29 11:56,KNID,101727.1,10.0,2.2,94355.8,283.58,1.15913
2026-04-29 12:56,KNID,101761.0,8.3,1.7,94387.2,281.88,1.16651
2026-04-29 13:56,KNID,101794.9,9.4,1.1,94418.6,282.98,1.16236
2026-04-29 14:56,KNID,101862.6,13.9,1.1,94481.4,287.48,1.14493
2026-04-29 15:56,KNID,101828.7,16.7,1.7,94450.0,290.28,1.13351
2026-04-29 16:56,KNID,101794.9,19.4,1.1,94418.6,292.98,1.12269
2026-04-29 17:56,KNID,101761.0,21.7,0.0,94387.2,295.28,1.11357
2026-04-29 18:56,KNID,101727.1,23.3,-1.1,94355.8,296.88,1.10720
2026-04-29 19:56,KNID,101591.7,24.4,-2.2,94230.1,297.98,1.10165
2026-04-29 20:56,KNID,101557.8,25.0,-4.4,94198.7,298.58,1.09907
2026-04-29 21:56,KNID,101490.1,25.6,-5.0,94135.9,299.18,1.09613
2026-04-29 22:56,KNID,101388.5,25.6,-5.6,94041.7,299.18,1.09503
2026-04-29 23:56,KNID,101320.8,26.7,-5.6,93978.9,300.28,1.09029
2026-04-30 00:56,KNID,101253.0,26.1,-6.1,93916.0,299.68,1.09175
2026-04-30 01:56,KNID,101253.0,25.0,-5.6,93916.0,298.58,1.09577
2026-04-30 02:56,KNID,101286.9,22.2,-5.6,93947.5,295.78,1.10651
2026-04-30 03:56,KNID,101354.6,18.9,-4.4,94010.3,292.48,1.11974
2026-04-30 04:56,KNID,101422.4,16.7,1.7,94073.1,290.28,1.12898
2026-04-30 05:56,KNID,101388.5,16.7,2.8,94041.7,290.28,1.12861
2026-04-30 07:56,KNID,101388.5,14.4,3.9,94041.7,287.98,1.13762
2026-04-30 08:56,KNID,101354.6,12.8,2.2,94010.3,286.38,1.14359
2026-04-30 09:56,KNID,101354.6,12.8,3.3,94010.3,286.38,1.14359
2026-04-30 10:56,KNID,101320.8,11.1,3.3,93978.9,284.68,1.15004
2026-04-30 11:56,KNID,101286.9,10.6,2.2,93947.5,284.18,1.15168
2026-04-30 12:56,KNID,101320.8,8.3,1.1,93978.9,281.88,1.16146
2026-04-30 13:56,KNID,101320.8,11.7,2.8,93978.9,285.28,1.14762
2026-04-30 14:56,KNID,101388.5,15.6,1.1,94041.7,289.18,1.13290
2026-04-30 15:56,KNID,101388.5,18.9,1.7,94041.7,292.48,1.12012
2026-04-30 16:56,KNID,101388.5,22.8,-2.2,94041.7,296.38,1.10538
2026-04-30 17:56,KNID,101354.6,25.0,-1.7,94010.3,298.58,1.09687
2026-04-30 18:56,KNID,101286.9,26.7,-3.3,93947.5,300.28,1.08993
2026-04-30 19:56,KNID,101219.2,27.8,-5.6,93884.6,301.38,1.08522
2026-04-30 20:56,KNID,101151.4,28.3,-4.4,93821.8,301.88,1.08270
2026-04-30 21:56,KNID,101083.7,27.8,-4.4,93759.0,301.38,1.08377
2026-05-01 00:56,KNID,100914.4,28.3,-5.0,93601.9,301.88,1.08016
2026-05-01 01:56,KNID,100914.4,27.8,-4.4,93601.9,301.38,1.08196
2026-05-01 02:56,KNID,100982.1,24.4,1.7,93664.8,297.98,1.09504
2026-05-01 03:56,KNID,101049.8,22.2,1.1,93727.6,295.78,1.10392
2026-05-01 06:56,KNID,101219.2,17.8,1.7,93884.6,291.38,1.12247
2026-05-01 07:56,KNID,101219.2,16.1,1.7,93884.6,289.68,1.12906
2026-05-01 08:56,KNID,101219.2,15.0,1.7,93884.6,288.58,1.13336
2026-05-01 09:56,KNID,101219.2,13.3,1.1,93884.6,286.88,1.14008
2026-05-01 10:56,KNID,101253.0,12.2,1.1,93916.0,285.78,1.14485
2026-05-01 11:56,KNID,101286.9,13.9,-1.1,93947.5,287.48,1.13846
2026-05-01 12:56,KNID,101320.8,14.4,-2.8,93978.9,287.98,1.13686
2026-05-01 13:56,KNID,101388.5,16.7,-2.2,94041.7,290.28,1.12861
2026-05-01 14:56,KNID,101456.2,20.6,-2.2,94104.5,294.18,1.11439
2026-05-01 15:56,KNID,101490.1,23.3,-3.9,94135.9,296.88,1.10462
2026-05-01 16:56,KNID,101490.1,26.1,-4.4,94135.9,299.68,1.09430
2026-05-01 17:56,KNID,101490.1,27.2,-4.4,94135.9,300.78,1.09030
2026-05-01 18:56,KNID,101456.2,28.3,-4.4,94104.5,301.88,1.08596
2026-05-01 19:56,KNID,101354.6,28.3,-4.4,94010.3,301.88,1.08488
2026-05-01 20:56,KNID,101320.8,29.4,-4.4,93978.9,302.98,1.08058
2026-05-01 21:56,KNID,101253.0,30.0,-4.4,93916.0,303.58,1.07772
2026-05-01 22:56,KNID,101151.4,30.0,-3.9,93821.8,303.58,1.07664
2026-05-01 23:56,KNID,101117.6,30.0,-4.4,93790.4,303.58,1.07628
2026-05-02 00:56,KNID,101083.7,30.0,-4.4,93759.0,303.58,1.07592
2026-05-02 02:56,KNID,101151.4,25.0,-4.4,93821.8,298.58,1.09467
2026-05-02 03:56,KNID,101219.2,25.6,-5.6,93884.6,299.18,1.09320
2026-05-02 04:56,KNID,101286.9,22.2,-6.1,93947.5,295.78,1.10651
2026-05-02 05:56,KNID,101320.8,21.1,-4.4,93978.9,294.68,1.11101
2026-05-02 06:56,KNID,101354.6,18.3,-2.8,94010.3,291.88,1.12205
2026-05-02 07:56,KNID,101388.5,18.9,1.1,94041.7,292.48,1.12012
2026-05-02 08:56,KNID,101354.6,17.2,2.8,94010.3,290.78,1.12629
2026-05-02 09:56,KNID,101354.6,15.0,2.2,94010.3,288.58,1.13488
2026-05-02 10:56,KNID,101388.5,15.0,2.8,94041.7,288.58,1.13526
2026-05-02 12:56,KNID,101456.2,13.3,3.9,94104.5,286.88,1.14275
2026-05-02 13:56,KNID,101490.1,13.9,2.2,94135.9,287.48,1.14074
2026-05-02 16:56,KNID,101591.7,25.0,-1.1,94230.1,298.58,1.09943
2026-05-02 17:56,KNID,101523.9,26.7,-3.3,94167.3,300.28,1.09248
2026-05-02 18:56,KNID,101456.2,28.9,-5.6,94104.5,302.48,1.08381
2026-05-02 21:56,KNID,101151.4,31.7,-6.7,93821.8,305.28,1.07064
2026-05-02 22:56,KNID,101016.0,32.2,-7.2,93696.2,305.78,1.06746
2026-05-02 23:56,KNID,100948.3,31.1,-7.8,93633.4,304.68,1.07060
2026-05-03 00:56,KNID,100914.4,30.0,-6.7,93601.9,303.58,1.07412
2026-05-03 01:56,KNID,100880.5,30.0,-5.6,93570.5,303.58,1.07376
2026-05-03 02:56,KNID,100914.4,27.2,-1.1,93601.9,300.78,1.08411
2026-05-03 03:56,KNID,101016.0,25.6,-1.7,93696.2,299.18,1.09101
2026-05-03 04:56,KNID,101117.6,23.3,-3.3,93790.4,296.88,1.10057
2026-05-03 05:56,KNID,101117.6,20.0,-2.8,93790.4,293.58,1.11294
2026-05-03 06:56,KNID,101117.6,21.7,-4.4,93790.4,295.28,1.10653
2026-05-03 07:56,KNID,101151.4,20.6,-4.4,93821.8,294.18,1.11104
2026-05-03 08:56,KNID,101151.4,19.4,-4.4,93821.8,292.98,1.11559
2026-05-03 10:56,KNID,101117.6,16.1,-2.8,93790.4,289.68,1.12792
2026-05-03 11:56,KNID,101117.6,15.6,-3.3,93790.4,289.18,1.12987
2026-05-03 13:56,KNID,101083.7,15.6,-2.2,93759.0,289.18,1.12949
2026-05-03 14:56,KNID,101117.6,19.4,-1.1,93790.4,292.98,1.11522
2026-05-03 15:56,KNID,101117.6,21.1,-1.1,93790.4,294.68,1.10878
2026-05-03 16:56,KNID,101083.7,23.3,-2.2,93759.0,296.88,1.10020
2026-05-03 17:56,KNID,101083.7,26.1,-1.7,93759.0,299.68,1.08992
2026-05-03 18:56,KNID,101049.8,27.2,-1.7,93727.6,300.78,1.08557
2026-05-03 19:56,KNID,100948.3,27.8,-1.7,93633.4,301.38,1.08232
2026-05-03 20:56,KNID,100880.5,28.3,-0.6,93570.5,301.88,1.07980
2026-05-03 22:56,KNID,100745.1,27.8,-1.1,93444.9,301.38,1.08014
2026-05-04 00:56,KNID,100677.3,25.6,-7.2,93382.1,299.18,1.08735
2026-05-04 01:56,KNID,100643.5,22.8,4.4,93350.7,296.38,1.09726
2026-05-04 03:56,KNID,100778.9,17.8,5.6,93476.3,291.38,1.11759
2026-05-04 05:56,KNID,100846.7,16.1,5.6,93539.1,289.68,1.12490
2026-05-04 06:56,KNID,100880.5,15.0,5.6,93570.5,288.58,1.12957
2026-05-04 07:56,KNID,100914.4,15.0,3.9,93601.9,288.58,1.12995
2026-05-04 08:56,KNID,100914.4,14.4,3.9,93601.9,287.98,1.13230
2026-05-04 10:56,KNID,100982.1,12.8,3.3,93664.8,286.38,1.13939
2026-05-04 12:56,KNID,100948.3,10.6,2.8,93633.4,284.18,1.14783
2026-05-04 13:56,KNID,101016.0,12.2,3.3,93696.2,285.78,1.14217
2026-05-04 14:56,KNID,101083.7,13.9,3.3,93759.0,287.48,1.13617
2026-05-04 15:56,KNID,101083.7,15.6,3.9,93759.0,289.18,1.12949
2026-05-04 16:56,KNID,101083.7,17.2,3.3,93759.0,290.78,1.12328
2026-05-04 17:56,KNID,101049.8,20.0,3.3,93727.6,293.58,1.11219
2026-05-04 18:56,KNID,100982.1,21.7,2.8,93664.8,295.28,1.10505
2026-05-04 19:56,KNID,100914.4,22.2,2.8,93601.9,295.78,1.10244
2026-05-04 20:56,KNID,100880.5,22.8,2.8,93570.5,296.38,1.09984
2026-05-04 21:56,KNID,100812.8,22.2,2.2,93507.7,295.78,1.10133
2026-05-04 22:56,KNID,100745.1,22.8,0.6,93444.9,296.38,1.09836
2026-05-04 23:56,KNID,100778.9,21.1,0.0,93476.3,294.68,1.10507
2026-05-05 00:56,KNID,100778.9,20.0,0.0,93476.3,293.58,1.10921
2026-05-05 01:56,KNID,100778.9,18.9,-0.6,93476.3,292.48,1.11338
2026-05-05 02:56,KNID,100846.7,16.7,0.6,93539.1,290.28,1.12258
2026-05-05 03:56,KNID,100914.4,15.6,0.6,93601.9,289.18,1.12760
2026-05-05 04:56,KNID,100948.3,14.4,1.1,93633.4,287.98,1.13268
2026-05-05 05:56,KNID,100982.1,13.9,1.1,93664.8,287.48,1.13503
2026-05-05 06:56,KNID,100982.1,13.3,1.1,93664.8,286.88,1.13741
2026-05-05 07:56,KNID,101016.0,12.2,1.1,93696.2,285.78,1.14217
2026-05-05 08:56,KNID,101016.0,11.1,1.1,93696.2,284.68,1.14658
2026-05-05 09:56,KNID,101016.0,10.0,0.6,93696.2,283.58,1.15103
2026-05-05 10:56,KNID,100982.1,10.0,1.7,93664.8,283.58,1.15064
2026-05-05 12:56,KNID,101049.8,8.3,1.1,93727.6,281.88,1.15836
2026-05-05 13:56,KNID,101083.7,8.3,1.1,93759.0,281.88,1.15875
2026-05-05 14:56,KNID,101117.6,11.1,1.1,93790.4,284.68,1.14773
2026-05-05 15:56,KNID,101117.6,14.4,2.2,93790.4,287.98,1.13458
2026-05-05 16:56,KNID,101151.4,16.1,2.8,93821.8,289.68,1.12830
2026-05-05 17:56,KNID,101185.3,17.2,2.2,93853.2,290.78,1.12441
2026-05-05 18:56,KNID,101185.3,20.0,2.2,93853.2,293.58,1.11368
2026-05-05 19:56,KNID,101117.6,21.7,2.2,93790.4,295.28,1.10653
2026-05-05 20:56,KNID,101083.7,21.7,1.7,93759.0,295.28,1.10616
2026-05-05 21:56,KNID,101049.8,21.1,1.7,93727.6,294.68,1.10804
2026-05-05 23:56,KNID,100982.1,22.8,1.7,93664.8,296.38,1.10095
2026-05-06 01:56,KNID,101016.0,21.7,1.1,93696.2,295.28,1.10542
2026-05-06 02:56,KNID,101083.7,18.9,2.8,93759.0,292.48,1.11675
2026-05-06 03:56,KNID,101219.2,17.2,2.8,93884.6,290.78,1.12478
2026-05-06 04:56,KNID,101286.9,16.1,3.3,93947.5,289.68,1.12981
2026-05-06 05:56,KNID,101320.8,15.0,3.3,93978.9,288.58,1.13450
2026-05-06 06:56,KNID,101422.4,14.4,3.3,94073.1,287.98,1.13800
2026-05-06 09:56,KNID,101523.9,11.7,3.3,94167.3,285.28,1.14992
2026-05-06 12:56,KNID,101625.5,7.2,2.2,94261.6,280.78,1.16952
2026-05-06 13:56,KNID,101693.3,7.8,2.2,94324.4,281.38,1.16780
2026-05-06 14:56,KNID,101794.9,11.1,2.8,94418.6,284.68,1.15542
2026-05-06 15:56,KNID,101794.9,15.0,3.3,94418.6,288.58,1.13981
2026-05-06 16:56,KNID,101794.9,18.3,3.3,94418.6,291.88,1.12692
2026-05-06 17:56,KNID,101794.9,21.1,2.8,94418.6,294.68,1.11621
2026-05-06 18:56,KNID,101727.1,23.9,3.3,94355.8,297.48,1.10497
2026-05-06 19:56,KNID,101625.5,26.7,3.3,94261.6,300.28,1.09357
2026-05-06 20:56,KNID,101557.8,28.3,1.7,94198.7,301.88,1.08705
2026-05-06 21:56,KNID,101523.9,28.3,0.6,94167.3,301.88,1.08669
2026-05-06 23:56,KNID,101388.5,29.4,0.6,94041.7,302.98,1.08130
2026-05-07 00:56,KNID,101388.5,30.0,0.0,94041.7,303.58,1.07916
2026-05-07 01:56,KNID,101388.5,29.4,0.0,94041.7,302.98,1.08130
2026-05-07 02:56,KNID,101422.4,26.1,2.8,94073.1,299.68,1.09357
2026-05-07 03:56,KNID,101490.1,22.8,3.3,94135.9,296.38,1.10649
2026-05-07 04:56,KNID,101523.9,21.1,3.3,94167.3,294.68,1.11324
2026-05-07 05:56,KNID,101523.9,21.7,3.9,94167.3,295.28,1.11098
2026-05-07 06:56,KNID,101557.8,21.7,2.2,94198.7,295.28,1.11135
2026-05-07 07:56,KNID,101591.7,17.8,3.3,94230.1,291.38,1.12660
2026-05-07 08:56,KNID,101625.5,15.6,3.3,94261.6,289.18,1.13555
2026-05-07 09:56,KNID,101625.5,15.6,3.3,94261.6,289.18,1.13555
2026-05-07 10:56,KNID,101625.5,15.0,3.3,94261.6,288.58,1.13791
2026-05-07 11:56,KNID,101625.5,15.0,2.8,94261.6,288.58,1.13791
2026-05-07 12:56,KNID,101659.4,12.8,2.8,94293.0,286.38,1.14703
2026-05-07 13:56,KNID,101693.3,15.6,3.9,94324.4,289.18,1.13631
2026-05-07 14:56,KNID,101761.0,18.3,4.4,94387.2,291.88,1.12654
2026-05-07 15:56,KNID,101761.0,22.2,4.4,94387.2,295.78,1.11169
2026-05-07 16:56,KNID,101693.3,25.6,3.3,94324.4,299.18,1.09832
2026-05-07 17:56,KNID,101659.4,28.3,1.7,94293.0,301.88,1.08814
2026-05-07 18:56,KNID,101591.7,30.0,1.7,94230.1,303.58,1.08132
2026-05-07 19:56,KNID,101456.2,31.7,0.6,94104.5,305.28,1.07387
2026-05-07 20:56,KNID,101354.6,33.3,-0.6,94010.3,306.88,1.06720
2026-05-07 21:56,KNID,101253.0,34.4,0.0,93916.0,307.98,1.06232
2026-05-07 22:56,KNID,101151.4,35.0,0.0,93821.8,308.58,1.05919
2026-05-07 23:56,KNID,101117.6,34.4,-0.6,93790.4,307.98,1.06090
2026-05-08 00:56,KNID,101083.7,33.3,1.1,93759.0,306.88,1.06435
2026-05-08 01:56,KNID,101083.7,31.7,3.3,93759.0,305.28,1.06993
2026-05-08 02:56,KNID,101151.4,28.3,3.9,93821.8,301.88,1.08270
2026-05-08 03:56,KNID,101219.2,25.0,3.9,93884.6,298.58,1.09540
2026-05-08 04:56,KNID,101286.9,24.4,5.0,93947.5,297.98,1.09834
2026-05-08 05:56,KNID,101320.8,22.2,4.4,93978.9,295.78,1.10688
2026-05-08 06:56,KNID,101320.8,21.1,3.9,93978.9,294.68,1.11101
2026-05-08 07:56,KNID,101320.8,20.6,3.3,93978.9,294.18,1.11290
2026-05-08 08:56,KNID,101320.8,18.3,3.9,93978.9,291.88,1.12167
2026-05-08 09:56,KNID,101354.6,17.2,3.3,94010.3,290.78,1.12629
2026-05-08 10:56,KNID,101320.8,16.1,3.3,93978.9,289.68,1.13019
2026-05-08 11:56,KNID,101354.6,13.9,3.3,94010.3,287.48,1.13922
2026-05-08 12:56,KNID,101388.5,13.9,3.9,94041.7,287.48,1.13960
2026-05-08 13:56,KNID,101422.4,15.6,4.4,94073.1,289.18,1.13328
2026-05-08 14:56,KNID,101490.1,19.4,5.0,94135.9,292.98,1.11933
2026-05-08 15:56,KNID,101523.9,23.3,5.0,94167.3,296.88,1.10499
2026-05-08 17:56,KNID,101490.1,29.4,3.9,94135.9,302.98,1.08238
2026-05-08 18:56,KNID,101422.4,31.1,2.8,94073.1,304.68,1.07562
2026-05-08 20:56,KNID,101219.2,35.0,2.8,93884.6,308.58,1.05990
2026-05-08 21:56,KNID,101117.6,36.7,0.6,93790.4,310.28,1.05304
2026-05-08 22:56,KNID,101049.8,36.1,1.1,93727.6,309.68,1.05437
2026-05-09 00:56,KNID,100982.1,33.9,-1.7,93664.8,307.48,1.06120
2026-05-09 01:56,KNID,100982.1,31.7,5.0,93664.8,305.28,1.06885
2026-05-09 03:56,KNID,101083.7,26.7,5.6,93759.0,300.28,1.08774
2026-05-09 04:56,KNID,101151.4,25.0,7.8,93821.8,298.58,1.09467
2026-05-09 05:56,KNID,101185.3,23.9,7.8,93853.2,297.48,1.09908
2026-05-09 07:56,KNID,101219.2,20.6,5.6,93884.6,294.18,1.11178
2026-05-09 08:56,KNID,101219.2,18.9,6.7,93884.6,292.48,1.11825
2026-05-09 09:56,KNID,101253.0,15.6,6.1,93916.0,289.18,1.13139
2026-05-09 10:56,KNID,101253.0,15.0,5.6,93916.0,288.58,1.13374
2026-05-09 11:56,KNID,101253.0,15.0,5.6,93916.0,288.58,1.13374
2026-05-09 12:56,KNID,101320.8,13.9,5.6,93978.9,287.48,1.13884
2026-05-09 13:56,KNID,101354.6,16.1,6.1,94010.3,289.68,1.13057
2026-05-09 14:56,KNID,101388.5,19.4,6.1,94041.7,292.98,1.11821
2026-05-09 15:56,KNID,101388.5,22.8,6.7,94041.7,296.38,1.10538
2026-05-09 16:56,KNID,101388.5,26.7,4.4,94041.7,300.28,1.09102
2026-05-09 18:56,KNID,101286.9,32.8,-2.2,93947.5,306.38,1.06823
2026-05-09 19:56,KNID,101219.2,34.4,-1.7,93884.6,307.98,1.06197
2026-05-09 20:56,KNID,101185.3,35.0,-2.8,93853.2,308.58,1.05955
2026-05-09 21:56,KNID,101083.7,35.0,-5.6,93759.0,308.58,1.05848
2026-05-09 22:56,KNID,100982.1,35.6,-6.7,93664.8,309.18,1.05537
2026-05-09 23:56,KNID,100948.3,35.6,-7.8,93633.4,309.18,1.05501
2026-05-10 01:56,KNID,100914.4,35.0,-7.8,93601.9,308.58,1.05671
2026-05-10 02:56,KNID,100948.3,31.7,1.7,93633.4,305.28,1.06849
2026-05-10 03:56,KNID,101049.8,27.8,4.4,93727.6,301.38,1.08341
2026-05-10 04:56,KNID,101117.6,27.2,6.7,93790.4,300.78,1.08630
2026-05-10 05:56,KNID,101117.6,26.1,6.7,93790.4,299.68,1.09028
2026-05-10 07:56,KNID,101185.3,22.8,6.1,93853.2,296.38,1.10316
2026-05-10 08:56,KNID,101185.3,18.9,6.1,93853.2,292.48,1.11787
2026-05-10 10:56,KNID,101253.0,17.8,5.6,93916.0,291.38,1.12284
2026-05-10 11:56,KNID,101286.9,17.8,6.1,93947.5,291.38,1.12322
2026-05-10 12:56,KNID,101320.8,13.9,3.9,93978.9,287.48,1.13884
2026-05-10 13:56,KNID,101354.6,18.3,6.1,94010.3,291.88,1.12205
2026-05-10 14:56,KNID,101456.2,21.7,6.1,94104.5,295.28,1.11024
2026-05-10 16:56,KNID,101490.1,29.4,3.3,94135.9,302.98,1.08238
2026-05-10 17:56,KNID,101490.1,32.8,1.1,94135.9,306.38,1.07037
2026-05-10 18:56,KNID,101456.2,33.9,0.0,94104.5,307.48,1.06619
2026-05-10 19:56,KNID,101422.4,36.1,-3.3,94073.1,309.68,1.05826
2026-05-10 20:56,KNID,101354.6,37.2,-3.3,94010.3,310.78,1.05381
2026-05-10 21:56,KNID,101253.0,37.2,-2.8,93916.0,310.78,1.05275
2026-05-10 22:56,KNID,101185.3,37.2,-3.3,93853.2,310.78,1.05205
2026-05-10 23:56,KNID,101117.6,37.8,-3.3,93790.4,311.38,1.04932
2026-05-11 00:56,KNID,101117.6,37.2,-3.3,93790.4,310.78,1.05134
2026-05-11 01:56,KNID,101083.7,36.1,-5.0,93759.0,309.68,1.05472
2026-05-11 02:56,KNID,101151.4,31.7,-5.0,93821.8,305.28,1.07064
2026-05-11 03:56,KNID,101219.2,30.0,-2.2,93884.6,303.58,1.07736
2026-05-11 04:56,KNID,101286.9,27.8,0.6,93947.5,301.38,1.08595
2026-05-11 05:56,KNID,101320.8,27.8,5.6,93978.9,301.38,1.08631
2026-05-11 06:56,KNID,101354.6,26.7,5.6,94010.3,300.28,1.09066
2026-05-11 07:56,KNID,101388.5,26.1,4.4,94041.7,299.68,1.09321
2026-05-11 08:56,KNID,101388.5,23.9,5.0,94041.7,297.48,1.10129
2026-05-11 09:56,KNID,101388.5,20.6,2.2,94041.7,294.18,1.11364
2026-05-11 10:56,KNID,101422.4,18.9,2.8,94073.1,292.48,1.12049
2026-05-11 11:56,KNID,101422.4,18.9,3.3,94073.1,292.48,1.12049
2026-05-11 12:56,KNID,101490.1,18.3,3.3,94135.9,291.88,1.12354
2026-05-11 13:56,KNID,101523.9,20.6,6.1,94167.3,294.18,1.11513
2026-05-11 14:56,KNID,101591.7,23.3,3.9,94230.1,296.88,1.10573
2026-05-11 15:56,KNID,101625.5,25.6,4.4,94261.6,299.18,1.09759
2026-05-11 16:56,KNID,101625.5,29.4,3.3,94261.6,302.98,1.08383
2026-05-11 17:56,KNID,101625.5,32.2,2.8,94261.6,305.78,1.07390
2026-05-11 18:56,KNID,101591.7,33.3,3.3,94230.1,306.88,1.06970
2026-05-11 19:56,KNID,101523.9,36.7,-2.8,94167.3,310.28,1.05727
2026-05-11 20:56,KNID,101490.1,36.1,-6.7,94135.9,309.68,1.05896
2026-05-11 21:56,KNID,101422.4,36.7,-6.7,94073.1,310.28,1.05621
2026-05-11 22:56,KNID,101354.6,37.2,-6.7,94010.3,310.78,1.05381
2026-05-11 23:56,KNID,101320.8,37.2,-7.2,93978.9,310.78,1.05346
2026-05-12 00:56,KNID,101320.8,36.1,-5.6,93978.9,309.68,1.05720
2026-05-12 02:56,KNID,101354.6,31.7,-7.2,94010.3,305.28,1.07279
2026-05-12 04:56,KNID,101490.1,26.7,-6.1,94135.9,300.28,1.09211
2026-05-12 05:56,KNID,101523.9,26.1,-1.1,94167.3,299.68,1.09467
2026-05-12 06:56,KNID,101523.9,23.3,-0.6,94167.3,296.88,1.10499
2026-05-12 09:56,KNID,101422.4,19.4,-1.1,94073.1,292.98,1.11858
2026-05-12 10:56,KNID,101422.4,19.4,-2.2,94073.1,292.98,1.11858
2026-05-12 11:56,KNID,101388.5,15.6,-1.1,94041.7,289.18,1.13290
2026-05-12 12:56,KNID,101456.2,16.1,-1.1,94104.5,289.68,1.13170
2026-05-12 13:56,KNID,101490.1,18.9,-0.6,94135.9,292.48,1.12124
2026-05-12 14:56,KNID,101591.7,20.0,-1.1,94230.1,293.58,1.11816
2026-05-12 15:56,KNID,101591.7,25.0,-1.7,94230.1,298.58,1.09943
2026-05-12 16:56,KNID,101557.8,29.4,-1.7,94198.7,302.98,1.08310
2026-05-12 17:56,KNID,101523.9,32.2,-2.2,94167.3,305.78,1.07283
2026-05-12 18:56,KNID,101456.2,34.4,-3.3,94104.5,307.98,1.06445
2026-05-12 19:56,KNID,101354.6,36.7,-3.9,94010.3,310.28,1.05551
2026-05-12 20:56,KNID,101253.0,38.3,-4.4,93916.0,311.88,1.04904
2026-05-12 21:56,KNID,101151.4,38.3,-4.4,93821.8,311.88,1.04799
2026-05-12 23:56,KNID,100982.1,37.2,-2.8,93664.8,310.78,1.04994
2026-05-13 00:56,KNID,100948.3,36.1,0.6,93633.4,309.68,1.05331
2026-05-13 01:56,KNID,100982.1,33.3,1.1,93664.8,306.88,1.06328
2026-05-13 02:56,KNID,101016.0,31.1,2.8,93696.2,304.68,1.07132
2026-05-13 04:56,KNID,101219.2,26.1,7.2,93884.6,299.68,1.09138
2026-05-13 05:56,KNID,101286.9,26.1,7.2,93947.5,299.68,1.09211
2026-05-13 06:56,KNID,101286.9,23.3,6.7,93947.5,296.88,1.10241
2026-05-13 07:56,KNID,101286.9,22.2,6.1,93947.5,295.78,1.10651
2026-05-13 09:56,KNID,101219.2,20.0,4.4,93884.6,293.58,1.11406
2026-05-13 10:56,KNID,101286.9,18.3,3.3,93947.5,291.88,1.12130
2026-05-13 11:56,KNID,101286.9,18.9,3.3,93947.5,292.48,1.11900
2026-05-13 13:56,KNID,101320.8,18.9,5.0,93978.9,292.48,1.11937
2026-05-13 14:56,KNID,101388.5,21.1,5.0,94041.7,294.68,1.11176
2026-05-13 15:56,KNID,101422.4,23.9,5.0,94073.1,297.48,1.10166
2026-05-13 16:56,KNID,101388.5,27.2,5.0,94041.7,300.78,1.08921
2026-05-13 17:56,KNID,101422.4,28.9,4.4,94073.1,302.48,1.08345
2026-05-13 18:56,KNID,101354.6,30.6,3.9,94010.3,304.18,1.07667
2026-05-13 19:56,KNID,101286.9,31.1,3.3,93947.5,304.68,1.07419
2026-05-13 20:56,KNID,101185.3,32.2,2.2,93853.2,305.78,1.06925
2026-05-13 21:56,KNID,101083.7,33.9,2.8,93759.0,307.48,1.06227
2026-05-13 22:56,KNID,101016.0,33.3,2.8,93696.2,306.88,1.06363
2026-05-13 23:56,KNID,100982.1,32.8,1.7,93664.8,306.38,1.06501
2026-05-14 00:56,KNID,100982.1,31.7,1.1,93664.8,305.28,1.06885
2026-05-14 01:56,KNID,100982.1,29.4,1.1,93664.8,302.98,1.07697
2026-05-14 02:56,KNID,101049.8,27.2,0.6,93727.6,300.78,1.08557
2026-05-14 04:56,KNID,101151.4,22.8,1.1,93821.8,296.38,1.10279
2026-05-14 05:56,KNID,101185.3,21.7,1.7,93853.2,295.28,1.10727
2026-05-14 07:56,KNID,101253.0,17.8,1.7,93916.0,291.38,1.12284
2026-05-14 08:56,KNID,101253.0,16.7,1.7,93916.0,290.28,1.12710
2026-05-14 09:56,KNID,101253.0,16.1,2.2,93916.0,289.68,1.12943
2026-05-14 10:56,KNID,101286.9,15.6,1.7,93947.5,289.18,1.13176
2026-05-14 12:56,KNID,101354.6,12.8,1.7,94010.3,286.38,1.14359
2026-05-14 13:56,KNID,101422.4,16.1,2.2,94073.1,289.68,1.13132
2026-05-14 14:56,KNID,101490.1,19.4,2.2,94135.9,292.98,1.11933
2026-05-14 15:56,KNID,101523.9,21.7,2.8,94167.3,295.28,1.11098
2026-05-14 16:56,KNID,101490.1,25.6,2.8,94135.9,299.18,1.09613
2026-05-14 17:56,KNID,101456.2,28.3,0.0,94104.5,301.88,1.08596
2026-05-14 18:56,KNID,101422.4,30.6,-1.7,94073.1,304.18,1.07739
2026-05-14 19:56,KNID,101320.8,32.2,-3.3,93978.9,305.78,1.07068
2026-05-14 20:56,KNID,101286.9,32.2,-3.9,93947.5,305.78,1.07032
2026-05-14 21:56,KNID,101185.3,33.3,-4.4,93853.2,306.88,1.06542
2026-05-14 22:56,KNID,101083.7,33.9,-3.9,93759.0,307.48,1.06227
2026-05-14 23:56,KNID,101016.0,35.0,-1.7,93696.2,308.58,1.05778
2026-05-15 00:56,KNID,100982.1,33.9,1.1,93664.8,307.48,1.06120
2026-05-15 01:56,KNID,100982.1,31.7,4.4,93664.8,305.28,1.06885
2026-05-15 02:56,KNID,101016.0,28.3,5.6,93696.2,301.88,1.08125
2026-05-15 03:56,KNID,101049.8,27.2,5.0,93727.6,300.78,1.08557
2026-05-15 04:56,KNID,101117.6,25.0,3.9,93790.4,298.58,1.09430
2026-05-15 05:56,KNID,101117.6,23.9,3.9,93790.4,297.48,1.09835
2026-05-15 06:56,KNID,101117.6,22.8,4.4,93790.4,296.38,1.10242
2026-05-15 07:56,KNID,101117.6,21.7,4.4,93790.4,295.28,1.10653
2026-05-15 08:56,KNID,101083.7,20.6,5.0,93759.0,294.18,1.11030
2026-05-15 09:56,KNID,101083.7,19.4,5.6,93759.0,292.98,1.11484
2026-05-15 10:56,KNID,101049.8,19.4,5.0,93727.6,292.98,1.11447
2026-05-15 11:56,KNID,101083.7,15.6,3.9,93759.0,289.18,1.12949
2026-05-15 12:56,KNID,101117.6,15.0,4.4,93790.4,288.58,1.13222
2026-05-15 13:56,KNID,101151.4,16.7,4.4,93821.8,290.28,1.12597
2026-05-15 14:56,KNID,101219.2,20.0,5.0,93884.6,293.58,1.11406
2026-05-15 15:56,KNID,101219.2,22.8,5.0,93884.6,296.38,1.10353
2026-05-15 16:56,KNID,101151.4,26.1,4.4,93821.8,299.68,1.09065
2026-05-15 17:56,KNID,101151.4,28.9,4.4,93821.8,302.48,1.08055
2026-05-15 18:56,KNID,101083.7,31.1,2.8,93759.0,304.68,1.07203
2026-05-15 19:56,KNID,100982.1,32.8,3.3,93664.8,306.38,1.06501
2026-05-15 20:56,KNID,100914.4,35.0,2.2,93601.9,308.58,1.05671
2026-05-15 21:56,KNID,100812.8,35.6,-1.1,93507.7,309.18,1.05360
2026-05-15 22:56,KNID,100711.2,35.0,-3.3,93413.5,308.58,1.05458
2026-05-15 23:56,KNID,100643.5,33.9,1.7,93350.7,307.48,1.05764
2026-05-16 00:56,KNID,100643.5,32.2,0.6,93350.7,305.78,1.06352
2026-05-16 01:56,KNID,100609.6,31.1,-0.6,93319.3,304.68,1.06701
2026-05-16 02:56,KNID,100609.6,27.8,0.6,93319.3,301.38,1.07869
2026-05-16 03:56,KNID,100643.5,26.1,0.6,93350.7,299.68,1.08517
2026-05-16 04:56,KNID,100711.2,25.0,1.7,93413.5,298.58,1.08990
2026-05-16 05:56,KNID,100745.1,22.8,2.8,93444.9,296.38,1.09836
2026-05-16 06:56,KNID,100711.2,24.4,3.9,93413.5,297.98,1.09210
2026-05-16 08:56,KNID,100711.2,23.3,0.0,93413.5,296.88,1.09614
2026-05-16 09:56,KNID,100677.3,21.7,0.6,93382.1,295.28,1.10171
2026-05-16 10:56,KNID,100677.3,22.2,0.6,93382.1,295.78,1.09985
2026-05-16 11:56,KNID,100677.3,21.7,1.1,93382.1,295.28,1.10171
2026-05-16 12:56,KNID,100711.2,20.6,1.7,93413.5,294.18,1.10621
2026-05-16 14:56,KNID,100778.9,25.6,0.0,93476.3,299.18,1.08845
2026-05-16 16:56,KNID,100745.1,30.0,-5.6,93444.9,303.58,1.07231
2026-05-16 17:56,KNID,100677.3,31.1,-7.2,93382.1,304.68,1.06772
2026-05-16 19:56,KNID,100575.8,31.7,-6.7,93287.8,305.28,1.06455
2026-05-16 20:56,KNID,100508.0,31.7,-5.6,93225.0,305.28,1.06383
2026-05-16 21:56,KNID,100406.4,32.2,-5.0,93130.8,305.78,1.06102
2026-05-16 22:56,KNID,100338.7,32.8,-5.0,93068.0,306.38,1.05823
2026-05-16 23:56,KNID,100304.8,31.7,-2.8,93036.6,305.28,1.06168
2026-05-17 00:56,KNID,100304.8,29.4,-1.1,93036.6,302.98,1.06974
2026-05-17 01:56,KNID,100372.6,27.2,1.1,93099.4,300.78,1.07829
2026-05-17 04:56,KNID,100575.8,21.1,2.2,93287.8,294.68,1.10284
2026-05-17 05:56,KNID,100643.5,21.1,1.7,93350.7,294.68,1.10359
2026-05-17 06:56,KNID,100643.5,21.1,1.1,93350.7,294.68,1.10359
2026-05-17 07:56,KNID,100609.6,17.8,1.7,93319.3,291.38,1.11571
2026-05-17 08:56,KNID,100609.6,15.6,1.7,93319.3,289.18,1.12420
2026-05-17 09:56,KNID,100609.6,15.6,1.7,93319.3,289.18,1.12420
2026-05-17 12:56,KNID,100609.6,13.9,1.7,93319.3,287.48,1.13084
2026-05-17 13:56,KNID,100575.8,18.3,2.2,93287.8,291.88,1.11342
2026-05-17 14:56,KNID,100575.8,21.7,0.0,93287.8,295.28,1.10060
2026-05-17 15:56,KNID,100508.0,24.4,-1.1,93225.0,297.98,1.08990
2026-05-17 16:56,KNID,100440.3,25.6,-2.2,93162.2,299.18,1.08479
2026-05-17 17:56,KNID,100338.7,27.8,-1.1,93068.0,301.38,1.07578
2026-05-17 18:56,KNID,100237.1,28.3,-2.2,92973.7,301.88,1.07291
2026-05-17 19:56,KNID,100067.8,29.4,-2.2,92816.7,302.98,1.06721
2026-05-17 20:56,KNID,100033.9,29.4,-4.4,92785.3,302.98,1.06685
2026-05-17 21:56,KNID,99898.5,27.8,-4.4,92659.6,301.38,1.07106
2026-05-17 22:56,KNID,99898.5,26.7,-2.8,92659.6,300.28,1.07499
2026-05-17 23:56,KNID,99763.0,26.1,-1.1,92534.0,299.68,1.07568
2026-05-18 00:56,KNID,99830.7,25.0,-1.7,92596.8,298.58,1.08038
2026-05-18 01:56,KNID,100067.8,23.9,-1.1,92816.7,297.48,1.08695
2026-05-18 02:56,KNID,100338.7,18.9,-5.0,93068.0,292.48,1.10852
2026-05-18 03:56,KNID,100609.6,17.2,-6.1,93319.3,290.78,1.11801
2026-05-18 04:56,KNID,100778.9,16.1,-6.7,93476.3,289.68,1.12415
2026-05-18 05:56,KNID,100880.5,15.6,-6.7,93570.5,289.18,1.12722
2026-05-18 06:56,KNID,100982.1,15.0,-6.1,93664.8,288.58,1.13071
2026-05-18 07:56,KNID,101151.4,14.4,-6.7,93821.8,287.98,1.13496
2026-05-18 08:56,KNID,101151.4,13.9,-7.2,93821.8,287.48,1.13693
2026-05-18 09:56,KNID,101185.3,12.8,-7.8,93853.2,286.38,1.14168
2026-05-18 10:56,KNID,101219.2,11.7,-7.8,93884.6,285.28,1.14647
2026-05-18 11:56,KNID,101253.0,12.8,-7.8,93916.0,286.38,1.14245
2026-05-18 13:56,KNID,101422.4,14.4,-7.2,94073.1,287.98,1.13800
2026-05-18 15:56,KNID,101523.9,18.3,-9.4,94167.3,291.88,1.12392
2026-05-18 16:56,KNID,101523.9,20.0,-9.4,94167.3,293.58,1.11741
2026-05-18 17:56,KNID,101490.1,20.6,-11.1,94135.9,294.18,1.11476
2026-05-18 18:56,KNID,101523.9,22.2,-11.1,94167.3,295.78,1.10910
2026-05-18 19:56,KNID,101490.1,22.2,-11.7,94135.9,295.78,1.10873
2026-05-18 20:56,KNID,101456.2,23.3,-11.1,94104.5,296.88,1.10425
2026-05-18 21:56,KNID,101388.5,23.9,-11.7,94041.7,297.48,1.10129
2026-05-18 22:56,KNID,101320.8,23.9,-11.7,93978.9,297.48,1.10056
2026-05-18 23:56,KNID,101286.9,25.0,-12.8,93947.5,298.58,1.09613
2026-05-19 01:56,KNID,101320.8,23.9,-13.3,93978.9,297.48,1.10056
2026-05-19 02:56,KNID,101388.5,21.1,-12.8,94041.7,294.68,1.11176
2026-05-19 03:56,KNID,101456.2,18.3,-12.2,94104.5,291.88,1.12317
2026-05-19 04:56,KNID,101557.8,15.6,-11.7,94198.7,289.18,1.13479
2026-05-19 05:56,KNID,101591.7,15.0,-11.1,94230.1,288.58,1.13753
2026-05-19 07:56,KNID,101659.4,12.2,-11.7,94293.0,285.78,1.14944
2026-05-19 08:56,KNID,101659.4,11.1,-11.1,94293.0,284.68,1.15388
2026-05-19 09:56,KNID,101659.4,13.3,-11.1,94293.0,286.88,1.14503
2026-05-19 10:56,KNID,101693.3,13.9,-10.0,94324.4,287.48,1.14302
2026-05-19 11:56,KNID,101761.0,13.3,-10.0,94387.2,286.88,1.14618
2026-05-19 12:56,KNID,101794.9,12.2,-10.0,94418.6,285.78,1.15097
2026-05-19 13:56,KNID,101862.6,16.1,-8.9,94481.4,289.68,1.13623
2026-05-19 14:56,KNID,101930.3,18.9,-9.4,94544.2,292.48,1.12610
2026-05-19 15:56,KNID,101964.2,20.0,-10.0,94575.7,293.58,1.12226
2026-05-19 16:56,KNID,101930.3,22.2,-10.0,94544.2,295.78,1.11354
2026-05-19 17:56,KNID,101930.3,22.8,-10.6,94544.2,296.38,1.11129
2026-05-19 18:56,KNID,101828.7,25.0,-10.0,94450.0,298.58,1.10200
2026-05-19 19:56,KNID,101761.0,26.1,-10.0,94387.2,299.68,1.09722
2026-05-19 20:56,KNID,101693.3,26.1,-10.0,94324.4,299.68,1.09649
2026-05-19 23:56,KNID,101456.2,27.2,-10.0,94104.5,300.78,1.08994
2026-05-20 00:56,KNID,101422.4,27.2,-10.6,94073.1,300.78,1.08957
2026-05-20 01:56,KNID,101422.4,26.1,-11.1,94073.1,299.68,1.09357
2026-05-20 02:56,KNID,101456.2,23.9,-10.6,94104.5,297.48,1.10203
2026-05-20 03:56,KNID,101490.1,21.1,-11.1,94135.9,294.68,1.11287
2026-05-20 04:56,KNID,101557.8,17.8,-10.0,94198.7,291.38,1.12622
2026-05-20 05:56,KNID,101625.5,17.2,-9.4,94261.6,290.78,1.12930
2026-05-20 06:56,KNID,101625.5,15.0,-7.2,94261.6,288.58,1.13791
2026-05-20 08:56,KNID,101625.5,13.3,-5.0,94261.6,286.88,1.14465
2026-05-20 09:56,KNID,101591.7,12.2,-5.0,94230.1,285.78,1.14868
2026-05-20 11:56,KNID,101591.7,9.4,-6.1,94230.1,282.98,1.16004
2026-05-20 13:56,KNID,101625.5,12.2,-5.0,94261.6,285.78,1.14906
2026-05-20 14:56,KNID,101659.4,18.9,-6.1,94293.0,292.48,1.12311
2026-05-20 15:56,KNID,101659.4,22.2,-8.3,94293.0,295.78,1.11058
2026-05-20 16:56,KNID,101625.5,25.0,-7.8,94261.6,298.58,1.09980
2026-05-20 17:56,KNID,101591.7,25.6,-9.4,94230.1,299.18,1.09723
2026-05-20 18:56,KNID,101523.9,28.3,-11.1,94167.3,301.88,1.08669
2026-05-20 19:56,KNID,101456.2,27.8,-11.7,94104.5,301.38,1.08777
2026-05-20 20:56,KNID,101388.5,29.4,-11.7,94041.7,302.98,1.08130
2026-05-20 21:56,KNID,101286.9,29.4,-11.1,93947.5,302.98,1.08022
2026-05-20 22:56,KNID,101185.3,30.6,-10.6,93853.2,304.18,1.07487
2026-05-20 23:56,KNID,101117.6,29.4,-11.1,93790.4,302.98,1.07841
2026-05-21 00:56,KNID,101083.7,30.6,-10.6,93759.0,304.18,1.07380
2026-05-21 01:56,KNID,101083.7,28.9,-11.1,93759.0,302.48,1.07983
2026-05-21 02:56,KNID,101083.7,25.6,-8.3,93759.0,299.18,1.09174
2026-05-21 03:56,KNID,101117.6,24.4,-5.6,93790.4,297.98,1.09651
2026-05-21 04:56,KNID,101185.3,21.7,-3.3,93853.2,295.28,1.10727
2026-05-21 05:56,KNID,101219.2,20.6,-2.8,93884.6,294.18,1.11178
2026-05-21 06:56,KNID,101219.2,18.3,-2.8,93884.6,291.88,1.12055
2026-05-21 07:56,KNID,101219.2,18.3,-2.8,93884.6,291.88,1.12055
2026-05-21 10:56,KNID,101185.3,15.0,-5.0,93853.2,288.58,1.13298
2026-05-21 11:56,KNID,101185.3,13.9,-3.9,93853.2,287.48,1.13732
2026-05-21 12:56,KNID,101219.2,12.8,-3.9,93884.6,286.38,1.14207
2026-05-21 13:56,KNID,101253.0,16.7,-3.3,93916.0,290.28,1.12710
2026-05-21 14:56,KNID,101320.8,19.4,-3.3,93978.9,292.98,1.11746
2026-05-21 15:56,KNID,101320.8,22.8,-2.8,93978.9,296.38,1.10464
2026-05-21 16:56,KNID,101286.9,26.1,-3.3,93947.5,299.68,1.09211
2026-05-21 17:56,KNID,101253.0,28.9,-3.9,93916.0,302.48,1.08164
2026-05-21 18:56,KNID,101219.2,30.6,-5.6,93884.6,304.18,1.07523
2026-05-21 19:56,KNID,101117.6,32.2,-7.8,93790.4,305.78,1.06853
2026-05-21 20:56,KNID,101049.8,32.2,-6.7,93727.6,305.78,1.06782
2026-05-21 21:56,KNID,100948.3,33.3,-7.8,93633.4,306.88,1.06292
2026-05-21 23:56,KNID,100812.8,32.8,-7.2,93507.7,306.38,1.06323
2026-05-22 00:56,KNID,100745.1,32.8,-7.8,93444.9,306.38,1.06251
2026-05-22 01:56,KNID,100745.1,32.2,-5.6,93444.9,305.78,1.06460
2026-05-22 02:56,KNID,100745.1,28.9,-0.6,93444.9,302.48,1.07621
2026-05-22 04:56,KNID,100812.8,25.6,-2.2,93507.7,299.18,1.08882
2026-05-22 07:56,KNID,100812.8,21.1,-2.2,93507.7,294.68,1.10544
2026-05-22 08:56,KNID,100812.8,18.3,-1.7,93507.7,291.88,1.11605
2026-05-22 09:56,KNID,100812.8,17.2,-1.7,93507.7,290.78,1.12027
2026-05-22 10:56,KNID,100812.8,17.2,0.0,93507.7,290.78,1.12027
2026-05-22 11:56,KNID,100812.8,17.8,1.1,93507.7,291.38,1.11796
2026-05-22 12:56,KNID,100846.7,13.3,-0.6,93539.1,286.88,1.13588
2026-05-22 13:56,KNID,100880.5,17.8,0.0,93570.5,291.38,1.11871
2026-05-22 14:56,KNID,100914.4,22.2,0.6,93601.9,295.78,1.10244
2026-05-22 15:56,KNID,100948.3,25.6,2.8,93633.4,299.18,1.09028
2026-05-22 16:56,KNID,100914.4,28.9,2.2,93601.9,302.48,1.07802
2026-05-22 17:56,KNID,100914.4,31.1,1.7,93601.9,304.68,1.07024
2026-05-22 18:56,KNID,100880.5,32.2,-0.6,93570.5,305.78,1.06603
2026-05-22 19:56,KNID,100812.8,32.8,-2.2,93507.7,306.38,1.06323
2026-05-22 20:56,KNID,100778.9,32.2,-3.3,93476.3,305.78,1.06496
2026-05-22 21:56,KNID,100677.3,33.3,-3.3,93382.1,306.88,1.06007
2026-05-22 23:56,KNID,100609.6,34.4,-3.3,93319.3,307.98,1.05557
2026-05-23 00:56,KNID,100609.6,33.3,-3.9,93319.3,306.88,1.05936
2026-05-23 01:56,KNID,100609.6,31.7,2.8,93319.3,305.28,1.06491
2026-05-23 02:56,KNID,100711.2,30.0,2.2,93413.5,303.58,1.07195
2026-05-23 03:56,KNID,100778.9,27.8,1.7,93476.3,301.38,1.08050
2026-05-23 05:56,KNID,100846.7,23.9,1.7,93539.1,297.48,1.09541
2026-05-23 06:56,KNID,100880.5,23.3,1.7,93570.5,296.88,1.09799
2026-05-23 07:56,KNID,100880.5,22.2,1.7,93570.5,295.78,1.10207
2026-05-23 08:56,KNID,100914.4,22.8,1.1,93601.9,296.38,1.10021
2026-05-23 09:56,KNID,100948.3,23.3,1.1,93633.4,296.88,1.09872
2026-05-23 10:56,KNID,100982.1,21.7,2.2,93664.8,295.28,1.10505
2026-05-23 11:56,KNID,101016.0,17.8,2.2,93696.2,291.38,1.12022
2026-05-23 12:56,KNID,101049.8,16.7,2.2,93727.6,290.28,1.12484
2026-05-23 14:56,KNID,101219.2,21.7,3.3,93884.6,295.28,1.10764
2026-05-23 15:56,KNID,101219.2,25.0,3.9,93884.6,298.58,1.09540
2026-05-23 16:56,KNID,101253.0,27.2,2.8,93916.0,300.78,1.08775
2026-05-23 18:56,KNID,101219.2,31.1,2.8,93884.6,304.68,1.07347
2026-05-23 19:56,KNID,101151.4,33.9,1.7,93821.8,307.48,1.06298
2026-05-23 21:56,KNID,101049.8,33.3,-1.1,93727.6,306.88,1.06399
2026-05-23 23:56,KNID,100948.3,33.9,-3.3,93633.4,307.48,1.06085
2026-05-24 01:56,KNID,100948.3,31.7,2.2,93633.4,305.28,1.06849
2026-05-24 02:56,KNID,101016.0,29.4,2.2,93696.2,302.98,1.07733
2026-05-24 03:56,KNID,101083.7,27.8,2.2,93759.0,301.38,1.08377
2026-05-24 04:56,KNID,101185.3,25.6,1.7,93853.2,299.18,1.09284
2026-05-24 05:56,KNID,101185.3,24.4,3.3,93853.2,297.98,1.09724
2026-05-24 06:56,KNID,101185.3,23.9,2.8,93853.2,297.48,1.09908
2026-05-24 07:56,KNID,101219.2,23.3,2.2,93884.6,296.88,1.10167
2026-05-24 08:56,KNID,101219.2,22.2,2.8,93884.6,295.78,1.10577
2026-05-24 09:56,KNID,101253.0,19.4,2.8,93916.0,292.98,1.11671
2026-05-24 10:56,KNID,101286.9,18.3,2.2,93947.5,291.88,1.12130
2026-05-24 11:56,KNID,101286.9,17.2,2.2,93947.5,290.78,1.12554
2026-05-24 12:56,KNID,101320.8,16.7,2.2,93978.9,290.28,1.12785
2026-05-24 13:56,KNID,101388.5,20.0,3.3,94041.7,293.58,1.11592
2026-05-24 14:56,KNID,101456.2,22.8,3.9,94104.5,296.38,1.10612
2026-05-24 15:56,KNID,101490.1,23.9,3.9,94135.9,297.48,1.10239
2026-05-24 16:56,KNID,101490.1,26.7,3.9,94135.9,300.28,1.09211
2026-05-24 19:56,KNID,101354.6,31.7,0.6,94010.3,305.28,1.07279
2026-05-24 20:56,KNID,101286.9,32.2,1.1,93947.5,305.78,1.07032
2026-05-24 21:56,KNID,101219.2,32.8,0.6,93884.6,306.38,1.06751
2026-05-24 22:56,KNID,101151.4,33.3,0.0,93821.8,306.88,1.06506
2026-05-24 23:56,KNID,101049.8,33.3,-0.6,93727.6,306.88,1.06399
2026-05-25 01:56,KNID,100982.1,31.7,-1.1,93664.8,305.28,1.06885
2026-05-25 04:56,KNID,101151.4,25.0,3.3,93821.8,298.58,1.09467
2026-05-25 05:56,KNID,101151.4,23.9,3.3,93821.8,297.48,1.09872
2026-05-25 06:56,KNID,101117.6,23.3,3.9,93790.4,296.88,1.10057
2026-05-25 07:56,KNID,101117.6,23.3,4.4,93790.4,296.88,1.10057
2026-05-25 08:56,KNID,101117.6,22.2,4.4,93790.4,295.78,1.10466
2026-05-25 09:56,KNID,101117.6,19.4,3.9,93790.4,292.98,1.11522
2026-05-25 10:56,KNID,101117.6,18.3,3.9,93790.4,291.88,1.11942
2026-05-25 13:56,KNID,101151.4,18.9,4.4,93821.8,292.48,1.11750
2026-05-25 14:56,KNID,101219.2,20.6,4.4,93884.6,294.18,1.11178
2026-05-25 15:56,KNID,101219.2,22.8,4.4,93884.6,296.38,1.10353
2026-05-25 16:56,KNID,101185.3,25.6,4.4,93853.2,299.18,1.09284
2026-05-25 17:56,KNID,101151.4,27.8,3.9,93821.8,301.38,1.08450
2026-05-25 18:56,KNID,101083.7,30.0,3.3,93759.0,303.58,1.07592
2026-05-25 19:56,KNID,101016.0,31.1,1.7,93696.2,304.68,1.07132
2026-05-25 21:56,KNID,100812.8,32.8,-0.6,93507.7,306.38,1.06323
2026-05-25 22:56,KNID,100677.3,33.3,1.1,93382.1,306.88,1.06007
2026-05-25 23:56,KNID,100609.6,33.3,2.8,93319.3,306.88,1.05936
2026-05-26 00:56,KNID,100575.8,31.7,4.4,93287.8,305.28,1.06455
2026-05-26 01:56,KNID,100575.8,30.0,2.8,93287.8,303.58,1.07051
2026-05-26 05:56,KNID,100643.5,22.8,3.9,93350.7,296.38,1.09726
2026-05-26 06:56,KNID,100609.6,22.8,5.0,93319.3,296.38,1.09689
2026-05-26 07:56,KNID,100575.8,22.2,5.0,93287.8,295.78,1.09874
2026-05-26 08:56,KNID,100541.9,21.1,5.0,93256.4,294.68,1.10247
2026-05-26 09:56,KNID,100508.0,20.0,3.9,93225.0,293.58,1.10623
2026-05-26 10:56,KNID,100474.2,19.4,2.8,93193.6,292.98,1.10812
2026-05-26 11:56,KNID,100440.3,20.0,3.3,93162.2,293.58,1.10548
2026-05-26 12:56,KNID,100406.4,19.4,5.0,93130.8,292.98,1.10737
2026-05-26 13:56,KNID,100372.6,20.0,5.6,93099.4,293.58,1.10474
2026-05-26 14:56,KNID,100372.6,21.1,6.1,93099.4,294.68,1.10062
2026-05-26 15:56,KNID,100338.7,22.8,6.7,93068.0,296.38,1.09393
2026-05-26 16:56,KNID,100406.4,23.9,6.1,93130.8,297.48,1.09062
2026-05-26 17:56,KNID,100406.4,25.6,3.3,93130.8,299.18,1.08443
2026-05-26 18:56,KNID,100338.7,26.1,-1.1,93068.0,299.68,1.08189
2026-05-26 19:56,KNID,100304.8,26.1,-1.1,93036.6,299.68,1.08152
2026-05-26 20:56,KNID,100271.0,26.1,1.7,93005.2,299.68,1.08116
2026-05-26 21:56,KNID,100203.3,25.0,0.6,92942.3,298.58,1.08441
2026-05-26 22:56,KNID,100101.7,23.9,0.6,92848.1,297.48,1.08731
2026-05-26 23:56,KNID,100000.1,21.1,1.7,92753.9,294.68,1.09653
2026-05-27 00:56,KNID,100101.7,18.9,2.2,92848.1,292.48,1.10590
2026-05-27 01:56,KNID,100135.5,17.8,1.1,92879.5,291.38,1.11045
2026-05-27 02:56,KNID,100067.8,16.7,-1.1,92816.7,290.28,1.11391
2026-05-27 03:56,KNID,100033.9,15.6,-0.6,92785.3,289.18,1.11776
2026-05-27 04:56,KNID,100135.5,16.1,-0.6,92879.5,289.68,1.11697
2026-05-27 05:56,KNID,100203.3,15.6,-1.1,92942.3,289.18,1.11966
2026-05-27 07:56,KNID,100338.7,15.0,0.6,93068.0,288.58,1.12350
2026-05-27 08:56,KNID,100406.4,14.4,2.8,93130.8,287.98,1.12660
2026-05-27 09:56,KNID,100372.6,14.4,1.1,93099.4,287.98,1.12622
2026-05-27 10:56,KNID,100372.6,13.3,0.6,93099.4,286.88,1.13054
2026-05-27 11:56,KNID,100440.3,12.2,1.7,93162.2,285.78,1.13566
2026-05-27 12:56,KNID,100541.9,12.2,1.1,93256.4,285.78,1.13681
2026-05-27 13:56,KNID,100575.8,13.3,0.6,93287.8,286.88,1.13283
2026-05-27 14:56,KNID,100643.5,15.6,0.0,93350.7,289.18,1.12458
2026-05-27 15:56,KNID,100711.2,16.7,0.6,93413.5,290.28,1.12107
2026-05-27 16:56,KNID,100711.2,17.8,0.0,93413.5,291.38,1.11684
2026-05-27 17:56,KNID,100745.1,18.3,-0.6,93444.9,291.88,1.11530
2026-05-27 18:56,KNID,100745.1,18.9,-2.2,93444.9,292.48,1.11301
2026-05-27 19:56,KNID,100711.2,20.6,-2.2,93413.5,294.18,1.10621
2026-05-27 20:56,KNID,100677.3,21.1,-2.2,93382.1,294.68,1.10396
2026-05-27 21:56,KNID,100643.5,22.2,-1.1,93350.7,295.78,1.09948
2026-05-27 22:56,KNID,100609.6,21.7,-1.7,93319.3,295.28,1.10097
2026-05-27 23:56,KNID,100575.8,21.1,-1.1,93287.8,294.68,1.10284
2026-05-28 00:56,KNID,100609.6,20.0,0.6,93319.3,293.58,1.10735
2026-05-28 02:56,KNID,100643.5,16.7,1.1,93350.7,290.28,1.12031
2026-05-28 03:56,KNID,100711.2,15.0,2.8,93413.5,288.58,1.12767
2026-05-28 04:56,KNID,100778.9,13.9,3.9,93476.3,287.48,1.13275
2026-05-28 05:56,KNID,100812.8,13.9,1.7,93507.7,287.48,1.13313
2026-05-28 07:56,KNID,100914.4,12.8,2.2,93601.9,286.38,1.13863
2026-05-28 08:56,KNID,100880.5,12.2,1.1,93570.5,285.78,1.14064
2026-05-28 10:56,KNID,100948.3,11.7,1.7,93633.4,285.28,1.14340
2026-05-28 11:56,KNID,100982.1,10.6,2.2,93664.8,284.18,1.14821
2026-05-28 12:56,KNID,101049.8,10.6,3.3,93727.6,284.18,1.14898
2026-05-28 13:56,KNID,101117.6,11.1,3.3,93790.4,284.68,1.14773
2026-05-28 14:56,KNID,101151.4,13.3,3.3,93821.8,286.88,1.13931
2026-05-28 15:56,KNID,101219.2,15.6,3.3,93884.6,289.18,1.13101
2026-05-28 16:56,KNID,101219.2,15.6,2.8,93884.6,289.18,1.13101
2026-05-28 17:56,KNID,101219.2,18.3,2.8,93884.6,291.88,1.12055
2026-05-28 18:56,KNID,101219.2,18.3,1.1,93884.6,291.88,1.12055
2026-05-28 19:56,KNID,101185.3,18.9,1.1,93853.2,292.48,1.11787
2026-05-28 20:56,KNID,101117.6,20.0,0.6,93790.4,293.58,1.11294
2026-05-28 21:56,KNID,101083.7,20.0,-1.7,93759.0,293.58,1.11257
2026-05-28 22:56,KNID,101016.0,20.0,-1.7,93696.2,293.58,1.11182
2026-05-28 23:56,KNID,100982.1,20.0,-1.7,93664.8,293.58,1.11145
2026-05-29 00:56,KNID,100982.1,19.4,-3.3,93664.8,292.98,1.11372
2026-05-29 01:56,KNID,101016.0,18.3,0.0,93696.2,291.88,1.11830
2026-05-29 02:56,KNID,101151.4,17.2,1.7,93821.8,290.78,1.12403
2026-05-29 03:56,KNID,101219.2,13.9,7.2,93884.6,287.48,1.13770
2026-05-29 04:56,KNID,101253.0,12.8,7.2,93916.0,286.38,1.14245
2026-05-29 05:56,KNID,101253.0,11.1,6.7,93916.0,284.68,1.14927
2026-05-29 06:56,KNID,101253.0,11.1,6.1,93916.0,284.68,1.14927
2026-05-29 07:56,KNID,101219.2,10.0,5.6,93884.6,283.58,1.15334
2026-05-29 09:56,KNID,101151.4,9.4,5.0,93821.8,282.98,1.15501
2026-05-29 10:56,KNID,101219.2,9.4,5.0,93884.6,282.98,1.15579
2026-05-29 12:56,KNID,101286.9,7.8,4.4,93947.5,281.38,1.16314
2026-05-29 13:56,KNID,101354.6,12.2,4.4,94010.3,285.78,1.14600
2026-05-29 14:56,KNID,101422.4,13.9,5.0,94073.1,287.48,1.13998
2026-05-29 15:56,KNID,101422.4,16.1,5.6,94073.1,289.68,1.13132
2026-05-29 16:56,KNID,101422.4,16.7,3.9,94073.1,290.28,1.12898
2026-05-29 17:56,KNID,101388.5,18.9,3.3,94041.7,292.48,1.12012
2026-05-29 18:56,KNID,101388.5,20.6,2.8,94041.7,294.18,1.11364
2026-05-29 19:56,KNID,101354.6,21.7,2.2,94010.3,295.28,1.10913
2026-05-29 20:56,KNID,101286.9,23.3,1.7,93947.5,296.88,1.10241
2026-05-29 21:56,KNID,101219.2,24.4,0.6,93884.6,297.98,1.09761
2026-05-29 22:56,KNID,101185.3,23.9,1.7,93853.2,297.48,1.09908
2026-05-29 23:56,KNID,101151.4,25.0,3.3,93821.8,298.58,1.09467
2026-05-30 00:56,KNID,101151.4,24.4,3.9,93821.8,297.98,1.09687
2026-05-30 01:56,KNID,101185.3,23.9,4.4,93853.2,297.48,1.09908
2026-05-30 02:56,KNID,101253.0,21.7,4.4,93916.0,295.28,1.10801
2026-05-30 03:56,KNID,101320.8,19.4,4.4,93978.9,292.98,1.11746
2026-05-30 04:56,KNID,101388.5,18.3,4.4,94041.7,291.88,1.12242
2026-05-30 05:56,KNID,101456.2,17.2,4.4,94104.5,290.78,1.12742
2026-05-30 06:56,KNID,101456.2,16.7,4.4,94104.5,290.28,1.12936
2026-05-30 07:56,KNID,101490.1,13.3,3.9,94135.9,286.88,1.14313
2026-05-30 08:56,KNID,101523.9,13.3,3.9,94167.3,286.88,1.14351
2026-05-30 09:56,KNID,101523.9,12.2,3.3,94167.3,285.78,1.14791
2026-05-30 10:56,KNID,101523.9,12.2,4.4,94167.3,285.78,1.14791
2026-05-30 11:56,KNID,101591.7,12.2,4.4,94230.1,285.78,1.14868
2026-05-30 13:56,KNID,101659.4,12.8,4.4,94293.0,286.38,1.14703
2026-05-30 14:56,KNID,101693.3,15.6,5.0,94324.4,289.18,1.13631
2026-05-30 15:56,KNID,101727.1,19.4,5.0,94355.8,292.98,1.12194
2026-05-30 16:56,KNID,101693.3,21.1,5.0,94324.4,294.68,1.11510
2026-05-30 17:56,KNID,101659.4,23.9,4.4,94293.0,297.48,1.10423
2026-05-30 18:56,KNID,101591.7,25.0,3.9,94230.1,298.58,1.09943
2026-05-30 19:56,KNID,101490.1,27.8,3.9,94135.9,301.38,1.08813
2026-05-30 20:56,KNID,101422.4,29.4,3.3,94073.1,302.98,1.08166
2026-05-30 21:56,KNID,101320.8,30.0,2.2,93978.9,303.58,1.07844
2026-05-30 22:56,KNID,101219.2,30.6,-0.6,93884.6,304.18,1.07523
2026-05-30 23:56,KNID,101185.3,30.6,2.8,93853.2,304.18,1.07487
2026-05-31 00:56,KNID,101117.6,30.0,2.8,93790.4,303.58,1.07628
2026-05-31 01:56,KNID,101185.3,28.3,3.9,93853.2,301.88,1.08306
2026-05-31 02:56,KNID,101219.2,25.6,3.9,93884.6,299.18,1.09320
2026-05-31 03:56,KNID,101286.9,23.9,3.9,93947.5,297.48,1.10019
2026-05-31 04:56,KNID,101354.6,21.7,4.4,94010.3,295.28,1.10913
2026-05-31 05:56,KNID,101354.6,21.1,5.0,94010.3,294.68,1.11138
2026-05-31 06:56,KNID,101388.5,20.6,5.6,94041.7,294.18,1.11364
2026-05-31 07:56,KNID,101354.6,20.0,6.1,94010.3,293.58,1.11555
2026-05-31 09:56,KNID,101354.6,15.6,4.4,94010.3,289.18,1.13252
2026-05-31 10:56,KNID,101388.5,13.9,4.4,94041.7,287.48,1.13960
2026-05-31 11:56,KNID,101422.4,12.8,4.4,94073.1,286.38,1.14436
2026-05-31 12:56,KNID,101422.4,13.3,4.4,94073.1,286.88,1.14236
2026-05-31 13:56,KNID,101456.2,16.1,5.0,94104.5,289.68,1.13170
2026-05-31 14:56,KNID,101523.9,18.3,5.0,94167.3,291.88,1.12392
2026-05-31 15:56,KNID,101557.8,22.2,5.6,94198.7,295.78,1.10947
2026-05-31 16:56,KNID,101523.9,25.6,3.3,94167.3,299.18,1.09650
2026-05-31 17:56,KNID,101490.1,27.8,2.8,94135.9,301.38,1.08813
2026-05-31 18:56,KNID,101456.2,30.0,2.2,94104.5,303.58,1.07988
2026-05-31 19:56,KNID,101388.5,30.6,1.1,94041.7,304.18,1.07703
2026-05-31 20:56,KNID,101320.8,31.1,-1.1,93978.9,304.68,1.07455
2026-05-31 21:56,KNID,101253.0,32.2,-2.2,93916.0,305.78,1.06997
2026-05-31 22:56,KNID,101185.3,33.3,-2.8,93853.2,306.88,1.06542
2026-06-01 00:56,KNID,101049.8,32.8,-1.1,93727.6,306.38,1.06573
2026-06-01 01:56,KNID,101016.0,32.2,-1.1,93696.2,305.78,1.06746
2026-06-01 02:56,KNID,101049.8,29.4,-1.1,93727.6,302.98,1.07769
2026-06-01 03:56,KNID,101117.6,26.7,6.1,93790.4,300.28,1.08811
2026-06-01 04:56,KNID,101151.4,23.9,5.6,93821.8,297.48,1.09872
2026-06-01 05:56,KNID,101185.3,22.8,5.6,93853.2,296.38,1.10316
2026-06-01 07:56,KNID,101219.2,22.2,6.1,93884.6,295.78,1.10577
2026-06-01 08:56,KNID,101219.2,22.2,5.0,93884.6,295.78,1.10577
2026-06-01 09:56,KNID,101219.2,18.3,5.0,93884.6,291.88,1.12055
2026-06-01 10:56,KNID,101253.0,20.0,5.0,93916.0,293.58,1.11443
2026-06-01 12:56,KNID,101320.8,16.7,5.6,93978.9,290.28,1.12785
2026-06-01 14:56,KNID,101388.5,20.6,5.6,94041.7,294.18,1.11364
2026-06-01 15:56,KNID,101388.5,24.4,6.1,94041.7,297.98,1.09944
2026-06-01 16:56,KNID,101354.6,27.2,5.0,94010.3,300.78,1.08884
2026-06-01 17:56,KNID,101354.6,29.4,3.9,94010.3,302.98,1.08094
2026-06-01 18:56,KNID,101320.8,31.7,1.1,93978.9,305.28,1.07244
2026-06-01 19:56,KNID,101286.9,33.3,0.6,93947.5,306.88,1.06649
2026-06-01 20:56,KNID,101219.2,34.4,-0.6,93884.6,307.98,1.06197
2026-06-01 21:56,KNID,101151.4,34.4,-1.1,93821.8,307.98,1.06126
2026-06-01 22:56,KNID,101117.6,35.0,-2.2,93790.4,308.58,1.05884
2026-06-01 23:56,KNID,101049.8,35.0,-3.3,93727.6,308.58,1.05813
2026-06-02 00:56,KNID,101049.8,35.0,-4.4,93727.6,308.58,1.05813
2026-06-02 01:56,KNID,101016.0,33.9,-5.0,93696.2,307.48,1.06156
2026-06-02 02:56,KNID,101083.7,31.7,-1.7,93759.0,305.28,1.06993
2026-06-02 03:21,KNID,101117.6,30.0,3.3,93790.4,303.58,1.07628
2026-06-02 04:56,KNID,101253.0,27.2,2.8,93916.0,300.78,1.08775
2026-06-02 05:56,KNID,101320.8,24.4,2.8,93978.9,297.98,1.09871
2026-06-02 06:56,KNID,101320.8,24.4,2.2,93978.9,297.98,1.09871
2026-06-02 07:56,KNID,101286.9,23.3,2.2,93947.5,296.88,1.10241
2026-06-02 08:56,KNID,101286.9,21.1,2.2,93947.5,294.68,1.11064
2026-06-02 10:56,KNID,101320.8,17.8,1.7,93978.9,291.38,1.12360
2026-06-02 11:56,KNID,101354.6,16.7,1.7,94010.3,290.28,1.12823
2026-06-02 12:56,KNID,101422.4,16.7,2.2,94073.1,290.28,1.12898
2026-06-02 13:56,KNID,101456.2,18.3,3.3,94104.5,291.88,1.12317
2026-06-02 14:56,KNID,101490.1,21.7,3.3,94135.9,295.28,1.11061
2026-06-02 15:56,KNID,101490.1,26.1,3.3,94135.9,299.68,1.09430
2026-06-02 16:56,KNID,101490.1,28.3,2.8,94135.9,301.88,1.08633
2026-06-02 17:56,KNID,101490.1,31.7,2.2,94135.9,305.28,1.07423
2026-06-02 18:56,KNID,101456.2,33.3,0.0,94104.5,306.88,1.06827
2026-06-02 19:56,KNID,101422.4,34.4,0.0,94073.1,307.98,1.06410
2026-06-02 20:56,KNID,101388.5,34.4,0.0,94041.7,307.98,1.06374
2026-06-02 21:56,KNID,101354.6,36.1,-0.6,94010.3,309.68,1.05755
2026-06-02 22:56,KNID,101286.9,35.6,0.0,93947.5,309.18,1.05855
2026-06-02 23:56,KNID,101219.2,35.6,-1.7,93884.6,309.18,1.05785
2026-06-03 00:56,KNID,101185.3,36.1,-3.3,93853.2,309.68,1.05578
2026-06-03 01:56,KNID,101219.2,34.4,0.0,93884.6,307.98,1.06197
2026-06-03 02:56,KNID,101253.0,31.1,3.9,93916.0,304.68,1.07383
2026-06-03 03:56,KNID,101286.9,28.9,3.3,93947.5,302.48,1.08200
2026-06-03 04:56,KNID,101388.5,26.7,3.3,94041.7,300.28,1.09102
2026-06-03 05:56,KNID,101422.4,24.4,3.3,94073.1,297.98,1.09981
2026-06-03 07:56,KNID,101388.5,23.9,3.9,94041.7,297.48,1.10129
2026-06-03 08:56,KNID,101388.5,23.3,3.9,94041.7,296.88,1.10352
2026-06-03 09:56,KNID,101388.5,18.9,3.3,94041.7,292.48,1.12012
2026-06-03 10:56,KNID,101388.5,18.9,3.3,94041.7,292.48,1.12012
2026-06-03 11:56,KNID,101388.5,17.8,2.8,94041.7,291.38,1.12435
2026-06-03 12:56,KNID,101490.1,16.1,2.8,94135.9,289.68,1.13208
2026-06-03 13:56,KNID,101490.1,20.0,3.9,94135.9,293.58,1.11704
2026-06-03 14:56,KNID,101557.8,23.3,4.4,94198.7,296.88,1.10536
2026-06-03 15:56,KNID,101557.8,26.7,4.4,94198.7,300.28,1.09284
2026-06-03 16:56,KNID,101523.9,30.0,3.3,94167.3,303.58,1.08060
2026-06-03 17:56,KNID,101490.1,32.2,2.2,94135.9,305.78,1.07247
2026-06-03 18:56,KNID,101456.2,33.9,1.7,94104.5,307.48,1.06619
2026-06-03 19:56,KNID,101422.4,35.6,-5.6,94073.1,309.18,1.05997
2026-06-03 20:56,KNID,101320.8,36.1,-2.8,93978.9,309.68,1.05720
2026-06-03 21:56,KNID,101219.2,37.2,-2.2,93884.6,310.78,1.05240
2026-06-03 22:56,KNID,101117.6,37.8,-3.9,93790.4,311.38,1.04932
2026-06-04 00:56,KNID,101016.0,36.7,1.7,93696.2,310.28,1.05198
2026-06-04 01:56,KNID,101016.0,35.6,1.7,93696.2,309.18,1.05572
2026-06-04 02:56,KNID,101049.8,32.2,3.9,93727.6,305.78,1.06782
2026-06-04 03:56,KNID,101117.6,29.4,3.9,93790.4,302.98,1.07841
2026-06-04 04:56,KNID,101151.4,27.8,3.9,93821.8,301.38,1.08450
2026-06-04 07:56,KNID,101151.4,23.9,5.0,93821.8,297.48,1.09872
2026-06-04 08:56,KNID,101151.4,21.1,5.0,93821.8,294.68,1.10916
2026-06-04 09:56,KNID,101151.4,21.1,5.0,93821.8,294.68,1.10916
2026-06-04 10:56,KNID,101151.4,19.4,4.4,93821.8,292.98,1.11559
2026-06-04 11:56,KNID,101151.4,17.2,4.4,93821.8,290.78,1.12403
2026-06-04 12:56,KNID,101185.3,18.3,4.4,93853.2,291.88,1.12017
2026-06-04 13:56,KNID,101185.3,20.6,5.0,93853.2,294.18,1.11141
2026-06-04 14:56,KNID,101253.0,24.4,5.6,93916.0,297.98,1.09797
2026-06-04 15:56,KNID,101286.9,27.2,5.6,93947.5,300.78,1.08812
2026-06-04 16:56,KNID,101253.0,29.4,5.6,93916.0,302.98,1.07985
2026-06-04 17:56,KNID,101219.2,32.2,4.4,93884.6,305.78,1.06961
2026-06-04 18:56,KNID,101185.3,34.4,3.9,93853.2,307.98,1.06161
2026-06-04 19:56,KNID,101083.7,36.7,3.3,93759.0,310.28,1.05269
2026-06-04 20:56,KNID,101016.0,37.2,-0.6,93696.2,310.78,1.05029
2026-06-04 21:56,KNID,100948.3,37.8,0.0,93633.4,311.38,1.04756
2026-06-04 22:56,KNID,100880.5,39.4,-3.3,93570.5,312.98,1.04151
2026-06-04 23:56,KNID,100812.8,38.9,-0.6,93507.7,312.48,1.04247
2026-06-05 00:56,KNID,100745.1,37.8,2.2,93444.9,311.38,1.04545
2026-06-05 01:56,KNID,100745.1,36.1,4.4,93444.9,309.68,1.05119
2026-06-05 02:56,KNID,100812.8,33.9,4.4,93507.7,307.48,1.05942
2026-06-05 04:56,KNID,100914.4,30.0,5.6,93601.9,303.58,1.07412
2026-06-05 05:56,KNID,100948.3,28.9,6.1,93633.4,302.48,1.07838
2026-06-05 06:56,KNID,100914.4,27.8,5.6,93601.9,301.38,1.08196
2026-06-05 07:56,KNID,100948.3,25.0,5.6,93633.4,298.58,1.09247
2026-06-05 08:56,KNID,100948.3,23.3,5.6,93633.4,296.88,1.09872
2026-06-05 09:56,KNID,100948.3,21.7,5.6,93633.4,295.28,1.10468
2026-06-05 10:56,KNID,100982.1,20.6,5.0,93664.8,294.18,1.10918
2026-06-05 15:56,KNID,101117.6,26.1,5.6,93790.4,299.68,1.09028
2026-06-05 16:56,KNID,101117.6,28.3,5.6,93790.4,301.88,1.08234
2026-06-05 17:56,KNID,101083.7,31.7,5.0,93759.0,305.28,1.06993
2026-06-05 18:56,KNID,101016.0,34.4,3.9,93696.2,307.98,1.05984
2026-06-05 19:56,KNID,100914.4,36.7,0.0,93601.9,310.28,1.05092
2026-06-05 20:56,KNID,100846.7,36.7,-1.7,93539.1,310.28,1.05022
2026-06-05 21:56,KNID,100745.1,38.3,-0.6,93444.9,311.88,1.04378
2026-06-05 22:56,KNID,100677.3,38.9,0.6,93382.1,312.48,1.04107
2026-06-05 23:56,KNID,100575.8,37.8,3.3,93287.8,311.38,1.04370
2026-06-06 00:56,KNID,100508.0,37.8,-1.1,93225.0,311.38,1.04299
2026-06-06 01:56,KNID,100575.8,36.1,0.6,93287.8,309.68,1.04942
2026-06-06 02:56,KNID,100575.8,33.3,-3.9,93287.8,306.88,1.05900
2026-06-06 04:56,KNID,100677.3,29.4,-1.1,93382.1,302.98,1.07371
2026-06-06 05:56,KNID,100677.3,28.3,-0.6,93382.1,301.88,1.07763
2026-06-06 06:56,KNID,100677.3,27.2,-0.6,93382.1,300.78,1.08157
2026-06-06 08:56,KNID,100643.5,26.7,6.1,93350.7,300.28,1.08300
2026-06-06 09:56,KNID,100609.6,25.6,6.1,93319.3,299.18,1.08662
2026-06-06 11:56,KNID,100609.6,25.0,5.6,93319.3,298.58,1.08880
2026-06-06 12:56,KNID,100677.3,25.0,5.6,93382.1,298.58,1.08954
2026-06-06 13:56,KNID,100643.5,26.7,5.6,93350.7,300.28,1.08300
2026-06-06 15:56,KNID,100745.1,30.0,3.9,93444.9,303.58,1.07231
2026-06-06 16:56,KNID,100711.2,31.7,2.8,93413.5,305.28,1.06598
2026-06-06 17:56,KNID,100677.3,33.3,2.2,93382.1,306.88,1.06007
2026-06-06 18:56,KNID,100643.5,34.4,1.1,93350.7,307.98,1.05593
2026-06-06 19:56,KNID,100575.8,36.7,3.3,93287.8,310.28,1.04740
2026-06-06 20:56,KNID,100508.0,36.7,2.8,93225.0,310.28,1.04669
2026-06-06 23:56,KNID,100372.6,35.0,2.2,93099.4,308.58,1.05104
2026-06-07 00:56,KNID,100338.7,33.9,1.7,93068.0,307.48,1.05444
2026-06-07 01:56,KNID,100338.7,31.7,1.1,93068.0,305.28,1.06204
2026-06-07 02:56,KNID,100372.6,30.6,1.1,93099.4,304.18,1.06624
2026-06-07 04:56,KNID,100474.2,27.2,2.8,93193.6,300.78,1.07939
2026-06-07 05:56,KNID,100440.3,26.7,1.7,93162.2,300.28,1.08082
2026-06-07 06:56,KNID,100541.9,26.1,2.2,93256.4,299.68,1.08408
2026-06-07 07:56,KNID,100508.0,25.0,1.7,93225.0,298.58,1.08771
2026-06-07 08:56,KNID,100474.2,25.0,1.1,93193.6,298.58,1.08734
2026-06-07 09:56,KNID,100508.0,24.4,1.1,93225.0,297.98,1.08990
2026-06-07 10:56,KNID,100508.0,23.3,1.1,93225.0,296.88,1.09393
2026-06-07 11:56,KNID,100541.9,22.8,0.0,93256.4,296.38,1.09615
2026-06-07 13:56,KNID,100575.8,24.4,-1.1,93287.8,297.98,1.09063
2026-06-07 14:56,KNID,100643.5,25.0,-0.6,93350.7,298.58,1.08917
2026-06-07 15:56,KNID,100711.2,26.1,-0.6,93413.5,299.68,1.08590
2026-06-07 16:56,KNID,100711.2,28.9,0.0,93413.5,302.48,1.07585
2026-06-07 17:56,KNID,100745.1,30.0,-1.7,93444.9,303.58,1.07231
2026-06-07 19:56,KNID,100643.5,32.8,-3.3,93350.7,306.38,1.06144
2026-06-07 21:56,KNID,100508.0,35.0,-3.9,93225.0,308.58,1.05246
2026-06-07 22:56,KNID,100440.3,35.0,-5.0,93162.2,308.58,1.05175
2026-06-07 23:56,KNID,100406.4,34.4,-2.8,93130.8,307.98,1.05344
2026-06-08 00:56,KNID,100406.4,33.3,-2.2,93130.8,306.88,1.05722
2026-06-08 01:56,KNID,100440.3,31.7,-2.8,93162.2,305.28,1.06312
2026-06-08 02:56,KNID,100508.0,28.9,-1.7,93225.0,302.48,1.07368
2026-06-08 03:56,KNID,100575.8,26.7,-1.1,93287.8,300.28,1.08228
2026-06-08 04:56,KNID,100643.5,25.0,0.0,93350.7,298.58,1.08917
2026-06-08 05:56,KNID,100677.3,23.9,0.0,93382.1,297.48,1.09357
2026-06-08 07:56,KNID,100677.3,21.7,1.1,93382.1,295.28,1.10171
2026-06-08 08:56,KNID,100677.3,20.0,0.6,93382.1,293.58,1.10809
2026-06-08 09:56,KNID,100711.2,17.8,0.0,93413.5,291.38,1.11684
2026-06-08 11:56,KNID,100778.9,15.0,0.0,93476.3,288.58,1.12843
2026-06-08 12:56,KNID,100846.7,15.6,0.6,93539.1,289.18,1.12685
2026-06-08 14:56,KNID,100948.3,21.1,1.1,93633.4,294.68,1.10693
2026-06-08 15:56,KNID,101016.0,21.7,1.7,93696.2,295.28,1.10542
2026-06-08 16:56,KNID,100982.1,23.9,1.1,93664.8,297.48,1.09688
2026-06-08 17:56,KNID,100982.1,27.2,0.6,93664.8,300.78,1.08484
2026-06-08 19:56,KNID,100948.3,31.1,-1.7,93633.4,304.68,1.07060
2026-06-08 20:56,KNID,100846.7,32.2,-3.3,93539.1,305.78,1.06567
2026-06-08 21:56,KNID,100778.9,33.9,-2.2,93476.3,307.48,1.05907
2026-06-08 22:56,KNID,100778.9,32.2,-5.0,93476.3,305.78,1.06496
2026-06-08 23:56,KNID,100745.1,30.0,-0.6,93444.9,303.58,1.07231
2026-06-09 00:56,KNID,100745.1,30.6,-1.1,93444.9,304.18,1.07020
2026-06-09 01:56,KNID,100778.9,29.4,-1.1,93476.3,302.98,1.07480
2026-06-09 02:56,KNID,100778.9,27.2,-1.1,93476.3,300.78,1.08266
2026-06-09 03:56,KNID,100812.8,26.1,0.0,93507.7,299.68,1.08700
2026-06-09 05:56,KNID,100880.5,23.9,0.6,93570.5,297.48,1.09577
2026-06-09 06:56,KNID,100880.5,23.3,1.1,93570.5,296.88,1.09799
2026-06-09 07:56,KNID,100880.5,23.3,1.1,93570.5,296.88,1.09799
2026-06-09 08:56,KNID,100846.7,23.9,-0.6,93539.1,297.48,1.09541
2026-06-09 09:56,KNID,100846.7,23.3,-0.6,93539.1,296.88,1.09762
2026-06-09 11:56,KNID,100880.5,20.6,0.6,93570.5,294.18,1.10807
2026-06-09 12:56,KNID,100914.4,17.2,0.6,93601.9,290.78,1.12140
2026-06-09 13:56,KNID,100948.3,22.8,1.7,93633.4,296.38,1.10058
2026-06-09 14:56,KNID,101049.8,22.8,1.1,93727.6,296.38,1.10169
2026-06-09 15:56,KNID,101117.6,25.6,1.7,93790.4,299.18,1.09211
2026-06-09 16:56,KNID,101117.6,27.8,2.8,93790.4,301.38,1.08413
2026-06-09 17:56,KNID,101117.6,29.4,2.8,93790.4,302.98,1.07841
2026-06-09 18:56,KNID,101083.7,31.7,3.9,93759.0,305.28,1.06993
2026-06-09 19:56,KNID,101049.8,31.7,3.3,93727.6,305.28,1.06957
2026-06-09 20:56,KNID,100982.1,33.3,3.3,93664.8,306.88,1.06328
2026-06-09 21:56,KNID,100880.5,35.0,4.4,93570.5,308.58,1.05636
2026-06-09 22:56,KNID,100812.8,34.4,5.6,93507.7,307.98,1.05770
2026-06-10 00:56,KNID,100677.3,35.0,7.8,93382.1,308.58,1.05423
2026-06-10 02:56,KNID,100778.9,30.6,7.8,93476.3,304.18,1.07056
2026-06-10 03:56,KNID,100880.5,28.3,8.3,93570.5,301.88,1.07980
2026-06-10 04:56,KNID,100948.3,27.2,8.9,93633.4,300.78,1.08448
2026-06-10 06:56,KNID,101016.0,23.3,8.9,93696.2,296.88,1.09946
2026-06-10 07:56,KNID,101049.8,20.6,7.8,93727.6,294.18,1.10993
2026-06-10 08:56,KNID,101083.7,20.0,7.8,93759.0,293.58,1.11257
2026-06-10 09:56,KNID,101083.7,18.3,7.2,93759.0,291.88,1.11905
2026-06-10 10:56,KNID,101117.6,17.8,7.2,93790.4,291.38,1.12134
2026-06-10 11:56,KNID,101151.4,16.7,7.2,93821.8,290.28,1.12597
2026-06-10 13:56,KNID,101219.2,19.4,8.3,93884.6,292.98,1.11634
2026-06-10 14:56,KNID,101320.8,21.7,8.3,93978.9,295.28,1.10875
2026-06-10 15:56,KNID,101320.8,25.6,8.9,93978.9,299.18,1.09430
2026-06-10 16:56,KNID,101286.9,28.9,8.9,93947.5,302.48,1.08200
2026-06-10 17:56,KNID,101253.0,31.1,7.8,93916.0,304.68,1.07383
2026-06-10 18:56,KNID,101185.3,33.9,7.2,93853.2,307.48,1.06334
2026-06-10 19:56,KNID,101117.6,35.0,5.6,93790.4,308.58,1.05884
2026-06-10 20:56,KNID,101016.0,36.7,5.6,93696.2,310.28,1.05198
2026-06-10 21:56,KNID,100914.4,37.8,5.0,93601.9,311.38,1.04721
2026-06-10 22:56,KNID,100846.7,39.4,4.4,93539.1,312.98,1.04116
2026-06-10 23:56,KNID,100778.9,38.3,2.8,93476.3,311.88,1.04413
2026-06-11 00:56,KNID,100711.2,38.3,1.1,93413.5,311.88,1.04343
2026-06-11 01:56,KNID,100711.2,37.8,2.8,93413.5,311.38,1.04510
2026-06-11 02:56,KNID,100711.2,35.0,7.8,93413.5,308.58,1.05458
2026-06-11 03:56,KNID,100745.1,31.7,7.2,93444.9,305.28,1.06634
2026-06-11 05:56,KNID,100812.8,29.4,7.8,93507.7,302.98,1.07516
2026-06-11 06:56,KNID,100846.7,28.3,8.3,93539.1,301.88,1.07944
2026-06-11 08:56,KNID,100880.5,24.4,7.2,93570.5,297.98,1.09393
2026-06-11 09:56,KNID,100880.5,21.7,7.2,93570.5,295.28,1.10394
2026-06-11 10:56,KNID,100914.4,20.6,7.2,93601.9,294.18,1.10844
2026-06-11 11:56,KNID,100982.1,20.0,6.7,93664.8,293.58,1.11145
2026-06-11 13:56,KNID,101083.7,23.3,6.1,93759.0,296.88,1.10020
2026-06-11 14:56,KNID,101151.4,27.2,6.7,93821.8,300.78,1.08666
2026-06-11 15:56,KNID,101185.3,29.4,7.2,93853.2,302.98,1.07913
2026-06-11 16:56,KNID,101219.2,32.8,4.4,93884.6,306.38,1.06751
2026-06-11 17:56,KNID,101185.3,34.4,5.0,93853.2,307.98,1.06161
2026-06-11 18:56,KNID,101151.4,36.1,4.4,93821.8,309.68,1.05543
2026-06-11 19:56,KNID,101117.6,37.2,0.0,93790.4,310.78,1.05134
2026-06-11 20:56,KNID,101016.0,37.8,1.1,93696.2,311.38,1.04826
2026-06-11 21:56,KNID,100948.3,39.4,1.7,93633.4,312.98,1.04221
2026-06-11 22:56,KNID,100846.7,38.9,1.7,93539.1,312.48,1.04282
2026-06-11 23:56,KNID,100812.8,40.0,1.7,93507.7,313.58,1.03882
2026-06-12 01:56,KNID,100778.9,38.3,0.6,93476.3,311.88,1.04413
2026-06-12 02:56,KNID,100846.7,35.6,6.1,93539.1,309.18,1.05395
2026-06-12 03:56,KNID,100880.5,33.3,7.8,93570.5,306.88,1.06221
2026-06-12 04:56,KNID,100982.1,30.6,8.3,93664.8,304.18,1.07272
2026-06-12 05:56,KNID,101016.0,29.4,7.8,93696.2,302.98,1.07733
2026-06-12 06:56,KNID,101049.8,28.3,7.2,93727.6,301.88,1.08161
2026-06-12 07:56,KNID,101049.8,28.9,7.8,93727.6,302.48,1.07947
2026-06-12 09:56,KNID,101049.8,26.1,7.8,93727.6,299.68,1.08955
2026-06-12 10:56,KNID,101049.8,21.7,7.2,93727.6,295.28,1.10579
2026-06-12 11:56,KNID,101083.7,24.4,7.2,93759.0,297.98,1.09614
2026-06-12 12:56,KNID,101151.4,22.2,7.2,93821.8,295.78,1.10503
2026-06-12 13:56,KNID,101185.3,23.3,7.8,93853.2,296.88,1.10131
2026-06-12 14:56,KNID,101253.0,25.6,7.8,93916.0,299.18,1.09357
2026-06-12 15:56,KNID,101253.0,29.4,8.3,93916.0,302.98,1.07985
2026-06-12 16:56,KNID,101219.2,32.8,7.2,93884.6,306.38,1.06751
2026-06-12 17:56,KNID,101185.3,35.0,7.2,93853.2,308.58,1.05955
2026-06-12 18:56,KNID,101151.4,36.7,5.6,93821.8,310.28,1.05339
2026-06-12 19:56,KNID,101083.7,37.8,4.4,93759.0,311.38,1.04897
2026-06-12 20:56,KNID,100982.1,40.0,1.1,93664.8,313.58,1.04056
2026-06-12 21:56,KNID,100880.5,40.0,-3.9,93570.5,313.58,1.03951
2026-06-12 22:56,KNID,100846.7,40.6,-0.6,93539.1,314.18,1.03718
2026-06-13 00:56,KNID,100745.1,40.0,3.3,93444.9,313.58,1.03812
2026-06-13 01:56,KNID,100745.1,38.3,2.2,93444.9,311.88,1.04378
2026-06-13 02:56,KNID,100812.8,35.6,2.2,93507.7,309.18,1.05360
2026-06-13 03:56,KNID,100846.7,33.3,2.8,93539.1,306.88,1.06185
2026-06-13 05:56,KNID,100982.1,30.0,4.4,93664.8,303.58,1.07484
2026-06-13 07:56,KNID,100982.1,25.6,3.9,93664.8,299.18,1.09064
2026-06-13 08:56,KNID,100948.3,25.0,3.3,93633.4,298.58,1.09247
2026-06-13 09:56,KNID,100982.1,26.7,2.8,93664.8,300.28,1.08665
2026-06-13 10:56,KNID,100982.1,22.2,3.3,93664.8,295.78,1.10318
2026-06-13 11:56,KNID,101016.0,21.7,3.3,93696.2,295.28,1.10542
2026-06-13 12:56,KNID,101083.7,21.1,3.3,93759.0,294.68,1.10841
2026-06-13 13:56,KNID,101083.7,24.4,3.9,93759.0,297.98,1.09614
2026-06-13 14:56,KNID,101151.4,26.1,3.9,93821.8,299.68,1.09065
2026-06-13 16:56,KNID,101185.3,32.2,3.9,93853.2,305.78,1.06925
2026-06-13 17:56,KNID,101151.4,35.0,4.4,93821.8,308.58,1.05919
2026-06-13 18:56,KNID,101117.6,36.7,4.4,93790.4,310.28,1.05304
2026-06-13 19:56,KNID,101049.8,38.3,3.9,93727.6,311.88,1.04693
2026-06-13 20:56,KNID,100948.3,39.4,3.3,93633.4,312.98,1.04221
2026-06-13 22:56,KNID,100812.8,40.6,3.3,93507.7,314.18,1.03683
2026-06-13 23:56,KNID,100812.8,40.0,2.2,93507.7,313.58,1.03882
2026-06-14 00:56,KNID,100778.9,38.9,5.6,93476.3,312.48,1.04212
2026-06-14 02:56,KNID,100880.5,35.0,3.9,93570.5,308.58,1.05636
2026-06-14 03:56,KNID,100948.3,32.8,2.8,93633.4,306.38,1.06466
2026-06-14 05:56,KNID,101049.8,28.3,3.3,93727.6,301.88,1.08161
2026-06-14 06:56,KNID,101016.0,28.3,5.0,93696.2,301.88,1.08125
2026-06-14 08:56,KNID,101049.8,27.2,5.6,93727.6,300.78,1.08557
2026-06-14 09:56,KNID,101049.8,25.6,5.6,93727.6,299.18,1.09138
2026-06-14 10:56,KNID,101083.7,23.3,5.6,93759.0,296.88,1.10020
2026-06-14 11:56,KNID,101151.4,21.1,5.0,93821.8,294.68,1.10916
2026-06-14 12:56,KNID,101219.2,22.2,5.0,93884.6,295.78,1.10577
2026-06-14 13:56,KNID,101253.0,23.9,6.1,93916.0,297.48,1.09982
2026-06-14 14:56,KNID,101354.6,26.1,5.6,94010.3,299.68,1.09284
2026-06-14 15:56,KNID,101388.5,29.4,6.1,94041.7,302.98,1.08130
2026-06-14 16:56,KNID,101354.6,31.7,6.1,94010.3,305.28,1.07279
2026-06-14 17:56,KNID,101354.6,33.9,6.1,94010.3,307.48,1.06512
2026-06-14 18:56,KNID,101354.6,35.6,6.7,94010.3,309.18,1.05926
2026-06-14 19:56,KNID,101253.0,37.8,6.1,93916.0,311.38,1.05072
2026-06-14 20:56,KNID,101185.3,38.9,2.8,93853.2,312.48,1.04632
2026-06-14 21:56,KNID,101117.6,40.0,1.7,93790.4,313.58,1.04196
2026-06-14 22:56,KNID,101083.7,40.0,1.7,93759.0,313.58,1.04161
2026-06-14 23:56,KNID,101049.8,38.9,0.0,93727.6,312.48,1.04492
2026-06-15 00:56,KNID,101016.0,37.8,-0.6,93696.2,311.38,1.04826
2026-06-15 01:56,KNID,101083.7,36.7,-1.1,93759.0,310.28,1.05269
2026-06-15 02:56,KNID,101151.4,33.9,0.0,93821.8,307.48,1.06298
2026-06-15 03:56,KNID,101219.2,30.0,0.6,93884.6,303.58,1.07736
2026-06-15 04:56,KNID,101286.9,29.4,2.2,93947.5,302.98,1.08022
2026-06-15 06:56,KNID,101286.9,27.8,1.7,93947.5,301.38,1.08595
2026-06-15 07:56,KNID,101286.9,27.8,1.7,93947.5,301.38,1.08595
2026-06-15 11:56,KNID,101388.5,21.7,2.2,94041.7,295.28,1.10950
2026-06-15 14:56,KNID,101625.5,26.7,2.8,94261.6,300.28,1.09357
2026-06-15 15:56,KNID,101625.5,28.3,2.8,94261.6,301.88,1.08778
2026-06-15 16:56,KNID,101625.5,30.6,3.3,94261.6,304.18,1.07955
2026-06-15 17:56,KNID,101625.5,33.3,3.3,94261.6,306.88,1.07005
2026-06-15 18:56,KNID,101591.7,35.0,2.2,94230.1,308.58,1.06380
2026-06-15 19:56,KNID,101557.8,36.7,0.6,94198.7,310.28,1.05762
2026-06-15 20:56,KNID,101490.1,37.8,0.6,94135.9,311.38,1.05318
2026-06-15 21:56,KNID,101388.5,37.8,-0.6,94041.7,311.38,1.05213
2026-06-15 22:56,KNID,101354.6,38.9,-1.1,94010.3,312.48,1.04808
2026-06-15 23:56,KNID,101286.9,40.0,-5.0,93947.5,313.58,1.04370
2026-06-16 00:56,KNID,101253.0,38.9,-4.4,93916.0,312.48,1.04702
2026-06-16 01:56,KNID,101253.0,38.3,-0.6,93916.0,311.88,1.04904
2026-06-16 02:56,KNID,101286.9,35.6,5.0,93947.5,309.18,1.05855
2026-06-16 03:56,KNID,101354.6,32.2,6.1,94010.3,305.78,1.07104
2026-06-16 04:56,KNID,101422.4,30.0,5.0,94073.1,303.58,1.07952
2026-06-16 05:56,KNID,101422.4,29.4,5.0,94073.1,302.98,1.08166
2026-06-16 06:56,KNID,101422.4,29.4,3.3,94073.1,302.98,1.08166
2026-06-16 07:56,KNID,101422.4,28.3,3.9,94073.1,301.88,1.08560
2026-06-16 08:56,KNID,101422.4,24.4,3.9,94073.1,297.98,1.09981
2026-06-16 09:56,KNID,101422.4,23.3,4.4,94073.1,296.88,1.10389
2026-06-16 10:56,KNID,101422.4,21.7,4.4,94073.1,295.28,1.10987
2026-06-16 11:56,KNID,101388.5,21.7,4.4,94041.7,295.28,1.10950
2026-06-16 12:56,KNID,101456.2,20.6,3.9,94104.5,294.18,1.11439
2026-06-16 13:56,KNID,101456.2,22.2,4.4,94104.5,295.78,1.10836
2026-06-16 14:56,KNID,101523.9,27.2,5.0,94167.3,300.78,1.09066
2026-06-16 15:56,KNID,101557.8,30.0,6.1,94198.7,303.58,1.08096
2026-06-16 16:56,KNID,101490.1,33.3,5.6,94135.9,306.88,1.06863
2026-06-16 17:56,KNID,101456.2,35.6,5.6,94104.5,309.18,1.06032
2026-06-16 18:56,KNID,101422.4,37.2,5.0,94073.1,310.78,1.05451
2026-06-16 19:56,KNID,101320.8,37.2,5.0,93978.9,310.78,1.05346
2026-06-16 20:56,KNID,101253.0,39.4,3.9,93916.0,312.98,1.04535
2026-06-16 21:56,KNID,101185.3,40.6,1.1,93853.2,314.18,1.04066
2026-06-16 22:56,KNID,101083.7,39.4,-2.2,93759.0,312.98,1.04360
2026-06-16 23:56,KNID,101016.0,40.6,0.6,93696.2,314.18,1.03892
2026-06-17 00:56,KNID,100948.3,39.4,2.8,93633.4,312.98,1.04221
2026-06-17 01:56,KNID,100948.3,38.3,5.0,93633.4,311.88,1.04588
2026-06-17 02:56,KNID,101016.0,36.1,5.0,93696.2,309.68,1.05402
2026-06-17 03:56,KNID,101049.8,33.3,7.2,93727.6,306.88,1.06399
2026-06-17 04:56,KNID,101083.7,32.2,6.7,93759.0,305.78,1.06818
2026-06-17 05:56,KNID,101049.8,31.1,6.7,93727.6,304.68,1.07167
2026-06-17 06:56,KNID,101049.8,30.0,7.2,93727.6,303.58,1.07556
2026-06-17 07:56,KNID,101049.8,29.4,6.1,93727.6,302.98,1.07769
2026-06-17 08:56,KNID,100982.1,28.3,6.1,93664.8,301.88,1.08089
2026-06-17 09:56,KNID,100982.1,24.4,6.7,93664.8,297.98,1.09504
2026-06-17 11:56,KNID,101016.0,22.2,6.7,93696.2,295.78,1.10355
2026-06-17 12:56,KNID,101083.7,21.1,6.7,93759.0,294.68,1.10841
2026-06-17 13:56,KNID,101083.7,24.4,7.2,93759.0,297.98,1.09614
2026-06-17 14:56,KNID,101151.4,26.1,7.2,93821.8,299.68,1.09065
2026-06-17 15:56,KNID,101151.4,28.3,7.2,93821.8,301.88,1.08270
2026-06-17 16:56,KNID,101117.6,31.7,7.2,93790.4,305.28,1.07028
2026-06-17 17:56,KNID,101083.7,34.4,7.2,93759.0,307.98,1.06055
2026-06-17 18:56,KNID,101049.8,36.7,7.2,93727.6,310.28,1.05233
2026-06-17 19:56,KNID,101016.0,38.3,1.7,93696.2,311.88,1.04658
2026-06-17 20:56,KNID,100914.4,38.9,2.8,93601.9,312.48,1.04352
2026-06-17 21:56,KNID,100846.7,39.4,-2.8,93539.1,312.98,1.04116
2026-06-17 22:56,KNID,100778.9,40.6,-1.7,93476.3,314.18,1.03648
2026-06-17 23:56,KNID,100711.2,39.4,-3.9,93413.5,312.98,1.03976
2026-06-18 02:56,KNID,100711.2,35.0,4.4,93413.5,308.58,1.05458
2026-06-18 03:56,KNID,100778.9,31.7,5.0,93476.3,305.28,1.06670
2026-06-18 05:56,KNID,100846.7,28.9,6.1,93539.1,302.48,1.07730
2026-06-18 07:56,KNID,100846.7,25.0,5.6,93539.1,298.58,1.09137
2026-06-18 08:56,KNID,100880.5,23.3,5.0,93570.5,296.88,1.09799
2026-06-18 09:56,KNID,100880.5,23.3,5.6,93570.5,296.88,1.09799
2026-06-18 10:56,KNID,100914.4,22.2,5.6,93601.9,295.78,1.10244
2026-06-18 11:56,KNID,100948.3,21.7,6.1,93633.4,295.28,1.10468
2026-06-18 12:56,KNID,101049.8,21.1,6.1,93727.6,294.68,1.10804
2026-06-18 13:56,KNID,101083.7,23.9,6.7,93759.0,297.48,1.09798
2026-06-18 14:56,KNID,101117.6,25.0,6.7,93790.4,298.58,1.09430
2026-06-18 15:56,KNID,101151.4,28.3,6.1,93821.8,301.88,1.08270
2026-06-18 16:56,KNID,101151.4,30.0,6.7,93821.8,303.58,1.07664
2026-06-18 17:56,KNID,101151.4,32.8,6.7,93821.8,306.38,1.06680
2026-06-18 18:56,KNID,101117.6,35.6,6.1,93790.4,309.18,1.05678
2026-06-18 19:56,KNID,101049.8,36.7,4.4,93727.6,310.28,1.05233
2026-06-18 23:56,KNID,100846.7,39.4,1.1,93539.1,312.98,1.04116
2026-06-19 00:56,KNID,100778.9,38.9,0.0,93476.3,312.48,1.04212
2026-06-19 01:56,KNID,100778.9,36.7,5.6,93476.3,310.28,1.04951
2026-06-19 02:56,KNID,100846.7,34.4,5.6,93539.1,307.98,1.05806
2026-06-19 03:56,KNID,100880.5,31.7,7.2,93570.5,305.28,1.06778
2026-06-19 04:56,KNID,100982.1,30.6,5.6,93664.8,304.18,1.07272
2026-06-19 05:56,KNID,100982.1,29.4,5.0,93664.8,302.98,1.07697
2026-06-19 06:56,KNID,101016.0,27.8,2.8,93696.2,301.38,1.08305
2026-06-19 07:56,KNID,101016.0,26.7,3.3,93696.2,300.28,1.08701
2026-06-19 08:56,KNID,101049.8,25.6,3.9,93727.6,299.18,1.09138
2026-06-19 09:56,KNID,101049.8,24.4,3.9,93727.6,297.98,1.09577
2026-06-19 11:56,KNID,101117.6,21.7,4.4,93790.4,295.28,1.10653
2026-06-19 12:56,KNID,101151.4,21.1,3.9,93821.8,294.68,1.10916
2026-06-19 13:56,KNID,101185.3,23.3,2.8,93853.2,296.88,1.10131
2026-06-19 14:56,KNID,101253.0,25.6,3.3,93916.0,299.18,1.09357
2026-06-19 15:56,KNID,101253.0,27.2,3.9,93916.0,300.78,1.08775
2026-06-19 16:56,KNID,101219.2,28.9,3.9,93884.6,302.48,1.08128
2026-06-19 17:56,KNID,101219.2,30.6,4.4,93884.6,304.18,1.07523
2026-06-19 18:56,KNID,101185.3,33.9,2.2,93853.2,307.48,1.06334
2026-06-19 19:56,KNID,101117.6,34.4,1.7,93790.4,307.98,1.06090
2026-06-19 21:56,KNID,100948.3,36.1,0.0,93633.4,309.68,1.05331
2026-06-19 22:56,KNID,100914.4,36.1,2.2,93601.9,309.68,1.05296
2026-06-19 23:56,KNID,100846.7,36.7,5.6,93539.1,310.28,1.05022
2026-06-20 00:56,KNID,100846.7,35.0,5.0,93539.1,308.58,1.05600
2026-06-20 01:56,KNID,100880.5,33.3,3.3,93570.5,306.88,1.06221
2026-06-20 02:56,KNID,100914.4,30.6,5.6,93601.9,304.18,1.07200
2026-06-20 03:56,KNID,100914.4,28.9,5.6,93601.9,302.48,1.07802
2026-06-20 04:56,KNID,100982.1,27.8,5.0,93664.8,301.38,1.08268
2026-06-20 06:56,KNID,101016.0,25.0,5.0,93696.2,298.58,1.09320
2026-06-20 07:56,KNID,101049.8,23.3,4.4,93727.6,296.88,1.09983
2026-06-20 08:56,KNID,101049.8,23.3,5.6,93727.6,296.88,1.09983
2026-06-20 09:56,KNID,101083.7,20.6,5.0,93759.0,294.18,1.11030
2026-06-20 10:56,KNID,101117.6,18.9,5.0,93790.4,292.48,1.11712
2026-06-20 11:56,KNID,101151.4,18.3,5.0,93821.8,291.88,1.11980
2026-06-20 12:56,KNID,101185.3,17.2,5.0,93853.2,290.78,1.12441
2026-06-20 13:56,KNID,101219.2,18.3,5.6,93884.6,291.88,1.12055
2026-06-20 14:56,KNID,101286.9,21.1,5.0,93947.5,294.68,1.11064
2026-06-20 15:56,KNID,101320.8,23.9,5.6,93978.9,297.48,1.10056
2026-06-20 16:56,KNID,101286.9,26.1,5.0,93947.5,299.68,1.09211
2026-06-20 17:56,KNID,101253.0,28.9,4.4,93916.0,302.48,1.08164
2026-06-20 19:56,KNID,101083.7,33.3,4.4,93759.0,306.88,1.06435
2026-06-20 21:56,KNID,100914.4,37.2,0.0,93601.9,310.78,1.04923
2026-06-20 22:56,KNID,100846.7,37.2,0.0,93539.1,310.78,1.04853
2026-06-21 00:56,KNID,100778.9,36.7,-5.0,93476.3,310.28,1.04951
2026-06-21 01:56,KNID,100778.9,35.0,-4.4,93476.3,308.58,1.05529
2026-06-21 02:56,KNID,100778.9,31.1,1.7,93476.3,304.68,1.06880
2026-06-21 03:56,KNID,100846.7,28.3,3.3,93539.1,301.88,1.07944
2026-06-21 04:56,KNID,100880.5,27.2,2.8,93570.5,300.78,1.08375
2026-06-21 05:56,KNID,100880.5,25.0,6.7,93570.5,298.58,1.09174
2026-06-21 06:56,KNID,100914.4,25.0,5.6,93601.9,298.58,1.09210
2026-06-21 08:56,KNID,100948.3,21.7,5.0,93633.4,295.28,1.10468
2026-06-21 09:56,KNID,100948.3,18.3,5.6,93633.4,291.88,1.11755
2026-06-21 10:56,KNID,100982.1,18.3,4.4,93664.8,291.88,1.11792
2026-06-21 12:56,KNID,101049.8,15.6,5.0,93727.6,289.18,1.12912
2026-06-21 13:56,KNID,101083.7,18.3,5.6,93759.0,291.88,1.11905
2026-06-21 16:56,KNID,101117.6,26.7,5.6,93790.4,300.28,1.08811
2026-06-21 17:56,KNID,101117.6,29.4,4.4,93790.4,302.98,1.07841
2026-06-21 18:56,KNID,101049.8,32.2,3.3,93727.6,305.78,1.06782
2026-06-21 19:56,KNID,100982.1,34.4,2.2,93664.8,307.98,1.05948
2026-06-21 20:56,KNID,100914.4,34.4,0.6,93601.9,307.98,1.05877
2026-06-21 22:56,KNID,100778.9,36.7,0.6,93476.3,310.28,1.04951
2026-06-21 23:56,KNID,100745.1,36.1,-3.3,93444.9,309.68,1.05119
2026-06-22 00:56,KNID,100711.2,36.1,-3.9,93413.5,309.68,1.05084
2026-06-22 01:56,KNID,100711.2,35.0,6.1,93413.5,308.58,1.05458
2026-06-22 02:56,KNID,100778.9,32.2,7.8,93476.3,305.78,1.06496
2026-06-22 03:56,KNID,100846.7,30.0,7.2,93539.1,303.58,1.07339
2026-06-22 04:56,KNID,100948.3,28.3,8.9,93633.4,301.88,1.08053
2026-06-22 05:56,KNID,100982.1,26.7,8.9,93664.8,300.28,1.08665
2026-06-22 06:56,KNID,100948.3,25.0,8.9,93633.4,298.58,1.09247
2026-06-22 07:56,KNID,100982.1,23.9,8.3,93664.8,297.48,1.09688
2026-06-22 08:56,KNID,101016.0,21.7,8.3,93696.2,295.28,1.10542
2026-06-22 09:56,KNID,101016.0,20.6,8.3,93696.2,294.18,1.10955
2026-06-22 10:56,KNID,101049.8,18.9,8.3,93727.6,292.48,1.11638
2026-06-22 14:56,KNID,101286.9,22.2,8.3,93947.5,295.78,1.10651
2026-06-22 15:56,KNID,101354.6,25.6,8.3,94010.3,299.18,1.09467
2026-06-22 16:56,KNID,101320.8,28.9,8.3,93978.9,302.48,1.08236
2026-06-22 18:56,KNID,101320.8,32.2,3.9,93978.9,305.78,1.07068
2026-06-22 19:56,KNID,101286.9,35.0,-2.8,93947.5,308.58,1.06061
2026-06-22 20:56,KNID,101219.2,36.1,-2.2,93884.6,309.68,1.05614
2026-06-22 21:56,KNID,101185.3,37.2,-4.4,93853.2,310.78,1.05205
2026-06-23 00:56,KNID,101117.6,36.7,-4.4,93790.4,310.28,1.05304
2026-06-23 01:56,KNID,101151.4,36.1,-1.7,93821.8,309.68,1.05543
2026-06-23 02:56,KNID,101185.3,33.9,0.0,93853.2,307.48,1.06334
2026-06-23 04:56,KNID,101354.6,29.4,5.6,94010.3,302.98,1.08094
2026-06-23 05:56,KNID,101388.5,27.8,6.1,94041.7,301.38,1.08704
2026-06-23 06:56,KNID,101422.4,26.7,5.6,94073.1,300.28,1.09139
2026-06-23 07:56,KNID,101422.4,25.6,5.6,94073.1,299.18,1.09540
2026-06-23 08:56,KNID,101456.2,23.9,6.1,94104.5,297.48,1.10203
2026-06-23 09:56,KNID,101490.1,22.2,5.6,94135.9,295.78,1.10873
2026-06-23 10:56,KNID,101557.8,21.7,6.7,94198.7,295.28,1.11135
2026-06-23 11:56,KNID,101591.7,20.6,6.7,94230.1,294.18,1.11588
2026-06-23 13:56,KNID,101625.5,22.2,7.2,94261.6,295.78,1.11021
2026-06-23 14:56,KNID,101693.3,26.1,6.1,94324.4,299.68,1.09649
2026-06-23 15:56,KNID,101727.1,28.3,6.7,94355.8,301.88,1.08886
2026-06-23 16:56,KNID,101727.1,30.0,6.1,94355.8,303.58,1.08277
2026-06-23 17:56,KNID,101693.3,32.2,5.0,94324.4,305.78,1.07462
2026-06-23 18:56,KNID,101659.4,35.6,2.2,94293.0,309.18,1.06245
2026-06-23 19:56,KNID,101591.7,37.8,-6.7,94230.1,311.38,1.05424
2026-06-23 20:56,KNID,101523.9,38.3,-9.4,94167.3,311.88,1.05185
2026-06-23 21:56,KNID,101456.2,38.9,-5.0,94104.5,312.48,1.04913
2026-06-23 23:56,KNID,101320.8,40.0,-1.7,93978.9,313.58,1.04405
2026-06-24 00:56,KNID,101286.9,38.9,-0.6,93947.5,312.48,1.04737
2026-06-24 02:56,KNID,101320.8,36.7,-1.7,93978.9,310.28,1.05515
2026-06-24 03:56,KNID,101354.6,34.4,-3.9,94010.3,307.98,1.06339
2026-06-24 04:56,KNID,101456.2,33.3,-0.6,94104.5,306.88,1.06827
2026-06-24 05:56,KNID,101456.2,32.2,2.2,94104.5,305.78,1.07211
2026-06-24 06:56,KNID,101456.2,30.6,1.7,94104.5,304.18,1.07775
2026-06-24 07:56,KNID,101456.2,28.9,4.4,94104.5,302.48,1.08381
2026-06-24 08:56,KNID,101422.4,28.3,5.6,94073.1,301.88,1.08560
2026-06-24 09:56,KNID,101422.4,27.8,5.0,94073.1,301.38,1.08740
2026-06-24 10:56,KNID,101422.4,26.1,6.7,94073.1,299.68,1.09357
2026-06-24 11:56,KNID,101456.2,25.6,7.2,94104.5,299.18,1.09576
2026-06-24 12:56,KNID,101456.2,26.1,3.9,94104.5,299.68,1.09394
2026-06-24 13:56,KNID,101456.2,26.7,5.0,94104.5,300.28,1.09175
2026-06-24 14:56,KNID,101490.1,28.9,6.7,94135.9,302.48,1.08417
2026-06-24 15:56,KNID,101490.1,31.1,6.1,94135.9,304.68,1.07634
2026-06-24 16:56,KNID,101490.1,33.9,2.8,94135.9,307.48,1.06654
2026-06-24 17:56,KNID,101456.2,35.0,1.7,94104.5,308.58,1.06239
2026-06-24 18:56,KNID,101388.5,37.2,-5.0,94041.7,310.78,1.05416
2026-06-24 19:56,KNID,101286.9,37.8,-11.7,93947.5,311.38,1.05107
2026-06-24 20:56,KNID,101219.2,38.9,-11.7,93884.6,312.48,1.04667
2026-06-24 21:56,KNID,101117.6,38.9,-9.4,93790.4,312.48,1.04562
2026-06-24 22:56,KNID,101049.8,39.4,-4.4,93727.6,312.98,1.04325
2026-06-24 23:56,KNID,100982.1,38.9,-2.8,93664.8,312.48,1.04422
2026-06-25 00:56,KNID,100948.3,38.3,-2.8,93633.4,311.88,1.04588
2026-06-25 01:56,KNID,100982.1,36.7,-4.4,93664.8,310.28,1.05163
2026-06-25 02:56,KNID,101016.0,33.9,-2.8,93696.2,307.48,1.06156
2026-06-25 03:56,KNID,101083.7,31.1,-1.7,93759.0,304.68,1.07203
2026-06-25 04:56,KNID,101117.6,30.0,1.1,93790.4,303.58,1.07628
2026-06-25 05:56,KNID,101083.7,30.0,2.2,93759.0,303.58,1.07592
2026-06-25 06:56,KNID,101083.7,28.9,2.8,93759.0,302.48,1.07983
2026-06-25 08:56,KNID,101016.0,27.2,3.3,93696.2,300.78,1.08521
2026-06-25 09:56,KNID,101016.0,26.7,3.3,93696.2,300.28,1.08701
2026-06-25 10:56,KNID,101049.8,23.3,2.2,93727.6,296.88,1.09983
2026-06-25 11:56,KNID,101049.8,21.7,1.7,93727.6,295.28,1.10579
2026-06-25 12:56,KNID,101083.7,20.0,1.7,93759.0,293.58,1.11257
2026-06-25 13:56,KNID,101117.6,23.3,2.8,93790.4,296.88,1.10057
2026-06-25 14:56,KNID,101151.4,25.6,2.8,93821.8,299.18,1.09247
2026-06-25 15:56,KNID,101185.3,28.3,3.3,93853.2,301.88,1.08306
2026-06-25 16:56,KNID,101151.4,30.0,2.2,93821.8,303.58,1.07664
2026-06-25 17:56,KNID,101151.4,32.2,1.7,93821.8,305.78,1.06889
2026-06-25 18:56,KNID,101083.7,33.9,-0.6,93759.0,307.48,1.06227
2026-06-25 19:56,KNID,101016.0,35.6,-0.6,93696.2,309.18,1.05572
2026-06-25 20:56,KNID,100914.4,37.8,1.1,93601.9,311.38,1.04721
2026-06-25 21:56,KNID,100778.9,38.9,-1.1,93476.3,312.48,1.04212
2026-06-25 22:56,KNID,100711.2,39.4,-1.1,93413.5,312.98,1.03976
2026-06-25 23:56,KNID,100643.5,39.4,-6.1,93350.7,312.98,1.03906
2026-06-26 00:56,KNID,100643.5,38.3,-6.7,93350.7,311.88,1.04272
2026-06-26 01:56,KNID,100643.5,36.1,-3.9,93350.7,309.68,1.05013
2026-06-26 04:56,KNID,100812.8,29.4,1.7,93507.7,302.98,1.07516
2026-06-26 05:56,KNID,100812.8,28.9,1.7,93507.7,302.48,1.07694
2026-06-26 06:56,KNID,100778.9,27.2,4.4,93476.3,300.78,1.08266
2026-06-26 07:56,KNID,100778.9,27.2,4.4,93476.3,300.78,1.08266
2026-06-26 09:56,KNID,100711.2,25.6,2.2,93413.5,299.18,1.08772
2026-06-26 10:56,KNID,100711.2,25.0,3.9,93413.5,298.58,1.08990
2026-06-26 11:56,KNID,100711.2,25.0,4.4,93413.5,298.58,1.08990
2026-06-26 12:56,KNID,100745.1,22.8,3.3,93444.9,296.38,1.09836
2026-06-26 13:56,KNID,100812.8,24.4,2.2,93507.7,297.98,1.09320
2026-06-26 14:56,KNID,100846.7,28.9,2.2,93539.1,302.48,1.07730
2026-06-26 15:56,KNID,100880.5,29.4,1.7,93570.5,302.98,1.07588
2026-06-26 16:56,KNID,100880.5,32.2,0.6,93570.5,305.78,1.06603
2026-06-26 17:56,KNID,100812.8,35.0,0.0,93507.7,308.58,1.05565
2026-06-26 18:56,KNID,100812.8,36.1,0.6,93507.7,309.68,1.05190
2026-06-26 19:56,KNID,100812.8,36.1,-3.3,93507.7,309.68,1.05190
2026-06-26 20:56,KNID,100778.9,36.1,-1.1,93476.3,309.68,1.05154
2026-06-26 21:56,KNID,100745.1,36.1,1.7,93444.9,309.68,1.05119
2026-06-26 22:56,KNID,100711.2,35.0,2.8,93413.5,308.58,1.05458
2026-06-26 23:56,KNID,100745.1,33.3,3.3,93444.9,306.88,1.06078
2026-06-27 00:56,KNID,100745.1,31.7,3.3,93444.9,305.28,1.06634
2026-06-27 01:56,KNID,100745.1,31.7,3.3,93444.9,305.28,1.06634
2026-06-27 02:56,KNID,100778.9,29.4,1.7,93476.3,302.98,1.07480
2026-06-27 03:56,KNID,100812.8,28.3,1.7,93507.7,301.88,1.07908
2026-06-27 04:56,KNID,100812.8,26.1,0.6,93507.7,299.68,1.08700
2026-06-27 06:56,KNID,100880.5,26.1,4.4,93570.5,299.68,1.08773
2026-06-27 08:56,KNID,100812.8,25.6,4.4,93507.7,299.18,1.08882
2026-06-27 10:56,KNID,100812.8,25.6,3.9,93507.7,299.18,1.08882
2026-06-27 11:56,KNID,100812.8,23.9,6.1,93507.7,297.48,1.09504
2026-06-27 12:56,KNID,100846.7,23.9,6.1,93539.1,297.48,1.09541
2026-06-27 13:56,KNID,100880.5,24.4,6.1,93570.5,297.98,1.09393
2026-06-27 14:56,KNID,100914.4,26.7,5.6,93601.9,300.28,1.08592
2026-06-27 15:56,KNID,100948.3,27.8,5.6,93633.4,301.38,1.08232
2026-06-27 16:56,KNID,100948.3,29.4,3.9,93633.4,302.98,1.07660
2026-06-27 17:56,KNID,100880.5,31.7,2.2,93570.5,305.28,1.06778
2026-06-27 18:56,KNID,100812.8,31.7,2.2,93507.7,305.28,1.06706
2026-06-27 19:56,KNID,100745.1,32.8,0.0,93444.9,306.38,1.06251
2026-06-27 20:56,KNID,100677.3,33.3,1.1,93382.1,306.88,1.06007
2026-06-27 21:56,KNID,100643.5,33.3,0.6,93350.7,306.88,1.05971
2026-06-27 22:56,KNID,100541.9,32.8,0.6,93256.4,306.38,1.06037
2026-06-27 23:56,KNID,100474.2,32.2,0.0,93193.6,305.78,1.06174
2026-06-28 00:56,KNID,100508.0,30.6,1.1,93225.0,304.18,1.06768
2026-06-28 01:56,KNID,100508.0,28.9,2.8,93225.0,302.48,1.07368
2026-06-28 02:56,KNID,100541.9,26.7,3.9,93256.4,300.28,1.08191
2026-06-28 03:56,KNID,100541.9,26.7,2.2,93256.4,300.28,1.08191
2026-06-28 04:56,KNID,100609.6,26.7,1.1,93319.3,300.28,1.08264
2026-06-28 05:56,KNID,100677.3,25.0,2.8,93382.1,298.58,1.08954
2026-06-28 06:56,KNID,100643.5,24.4,2.8,93350.7,297.98,1.09136
2026-06-28 07:56,KNID,100643.5,22.8,3.9,93350.7,296.38,1.09726
2026-06-28 08:56,KNID,100609.6,21.7,3.3,93319.3,295.28,1.10097
2026-06-28 09:56,KNID,100609.6,21.7,0.6,93319.3,295.28,1.10097
2026-06-28 10:56,KNID,100643.5,21.7,0.0,93350.7,295.28,1.10134
2026-06-28 11:56,KNID,100711.2,18.3,2.8,93413.5,291.88,1.11492
2026-06-28 12:56,KNID,100778.9,17.2,2.2,93476.3,290.78,1.11989
2026-06-28 13:56,KNID,100812.8,19.4,1.7,93507.7,292.98,1.11186
2026-06-28 14:56,KNID,100880.5,23.3,1.7,93570.5,296.88,1.09799
2026-06-28 15:56,KNID,100948.3,25.0,1.1,93633.4,298.58,1.09247
2026-06-28 16:56,KNID,100914.4,27.2,0.6,93601.9,300.78,1.08411
2026-06-28 17:56,KNID,100880.5,28.3,0.0,93570.5,301.88,1.07980
2026-06-28 18:56,KNID,100846.7,29.4,-1.1,93539.1,302.98,1.07552
2026-06-28 20:56,KNID,100677.3,31.1,-1.1,93382.1,304.68,1.06772
2026-06-29 00:56,KNID,100474.2,31.7,0.6,93193.6,305.28,1.06347
2026-06-29 01:56,KNID,100508.0,30.6,0.6,93225.0,304.18,1.06768
2026-06-29 02:56,KNID,100541.9,27.8,2.8,93256.4,301.38,1.07796
2026-06-29 03:56,KNID,100609.6,26.1,2.2,93319.3,299.68,1.08481
2026-06-29 04:56,KNID,100711.2,23.9,2.8,93413.5,297.48,1.09393
2026-06-29 05:56,KNID,100812.8,22.8,3.3,93507.7,296.38,1.09910
2026-06-29 06:56,KNID,100812.8,22.8,3.9,93507.7,296.38,1.09910
2026-06-29 07:56,KNID,100880.5,20.6,3.9,93570.5,294.18,1.10807
2026-06-29 10:56,KNID,101049.8,15.0,1.7,93727.6,288.58,1.13146
2026-06-29 11:56,KNID,101083.7,16.1,2.2,93759.0,289.68,1.12754
2026-06-29 12:56,KNID,101151.4,15.0,2.2,93821.8,288.58,1.13260
2026-06-29 13:56,KNID,101185.3,18.9,2.2,93853.2,292.48,1.11787
2026-06-29 14:56,KNID,101219.2,21.7,1.7,93884.6,295.28,1.10764
2026-06-29 15:56,KNID,101219.2,24.4,2.2,93884.6,297.98,1.09761
2026-06-29 16:56,KNID,101185.3,26.1,0.0,93853.2,299.68,1.09102
2026-06-29 17:56,KNID,101185.3,27.8,-3.3,93853.2,301.38,1.08486
2026-06-29 18:56,KNID,101117.6,28.9,-3.9,93790.4,302.48,1.08019
2026-06-29 19:56,KNID,101049.8,30.6,-3.9,93727.6,304.18,1.07344
2026-06-29 20:56,KNID,100948.3,31.7,-3.9,93633.4,305.28,1.06849
2026-06-29 21:56,KNID,100880.5,32.8,-2.8,93570.5,306.38,1.06394
2026-06-29 22:56,KNID,100778.9,32.8,-3.9,93476.3,306.38,1.06287
2026-06-29 23:56,KNID,100711.2,32.8,-3.3,93413.5,306.38,1.06216
2026-06-30 01:56,KNID,100677.3,30.6,2.8,93382.1,304.18,1.06948
2026-06-30 02:56,KNID,100711.2,28.9,2.8,93413.5,302.48,1.07585
2026-06-30 03:56,KNID,100778.9,26.1,2.8,93476.3,299.68,1.08663
2026-06-30 05:56,KNID,100880.5,24.4,2.2,93570.5,297.98,1.09393
2026-06-30 06:56,KNID,100880.5,23.9,1.7,93570.5,297.48,1.09577
2026-06-30 07:56,KNID,100880.5,21.1,2.2,93570.5,294.68,1.10619
2026-06-30 08:56,KNID,100914.4,20.0,1.7,93601.9,293.58,1.11070
2026-06-30 09:56,KNID,100880.5,17.8,1.7,93570.5,291.38,1.11871
2026-06-30 10:56,KNID,100948.3,16.7,1.1,93633.4,290.28,1.12371
2026-06-30 11:56,KNID,100948.3,17.8,5.0,93633.4,291.38,1.11946
2026-06-30 12:56,KNID,101016.0,17.2,5.0,93696.2,290.78,1.12253
2026-06-30 14:56,KNID,101117.6,22.2,3.9,93790.4,295.78,1.10466
2026-06-30 15:56,KNID,101117.6,23.9,3.3,93790.4,297.48,1.09835
2026-06-30 16:56,KNID,101117.6,26.1,3.3,93790.4,299.68,1.09028
2026-06-30 17:56,KNID,101083.7,29.4,2.2,93759.0,302.98,1.07805
2026-06-30 18:56,KNID,101049.8,31.7,1.1,93727.6,305.28,1.06957
2026-06-30 19:56,KNID,101016.0,31.7,0.0,93696.2,305.28,1.06921
2026-06-30 20:56,KNID,100948.3,33.3,-1.7,93633.4,306.88,1.06292
2026-06-30 21:56,KNID,100880.5,33.9,-1.1,93570.5,307.48,1.06014
2026-06-30 22:56,KNID,100812.8,34.4,-2.2,93507.7,307.98,1.05770
2026-06-30 23:56,KNID,100778.9,34.4,1.7,93476.3,307.98,1.05735
